{
  "type": "FeatureCollection",
  "metadata": {
    "width": 6048,
    "height": 8064,
    "gsd_meters": 0.08,
    "total_features": 399,
    "counts": {
      "Building": 87,
      "Tree / Forest": 139,
      "Agricultural Land": 61,
      "Playground / Open Turf": 11,
      "Road / Pathway": 57,
      "Vacant / Open Land": 44
    },
    "total_surveyed_sqm": 314111.19,
    "total_builtup_sqm": 190391.79,
    "builtup_pct": 60.6
  },
  "features": [
    {
      "type": "Feature",
      "id": "CAD-0001",
      "geometry": {
        "type": "Polygon",
        "coordinates": [
          [
            [
              2097.0,
              926.0
            ],
            [
              2003.0,
              1020.0
            ],
            [
              1971.0,
              1335.0
            ],
            [
              1845.0,
              1404.0
            ],
            [
              1845.0,
              1656.0
            ],
            [
              1965.0,
              1713.0
            ],
            [
              1971.0,
              2123.0
            ],
            [
              1896.0,
              2154.0
            ],
            [
              1883.0,
              2312.0
            ],
            [
              2570.0,
              2337.0
            ],
            [
              2520.0,
              1738.0
            ],
            [
              2702.0,
              1612.0
            ],
            [
              2658.0,
              1304.0
            ],
            [
              2494.0,
              1272.0
            ],
            [
              2488.0,
              1020.0
            ],
            [
              2412.0,
              926.0
            ],
            [
              2097.0,
              926.0
            ]
          ]
        ]
      },
      "properties": {
        "parcel_id": "CAD-0001",
        "feature_type": "Building",
        "category": "Structure",
        "color_hex": "#FF3232",
        "area_px": 879280.0,
        "area_sqm": 5627.39,
        "area_hectares": 0.5627,
        "area_acres": 1.3906,
        "area_gaj": 6730.36,
        "perimeter_m": 344.31,
        "vertex_count": 17,
        "confidence": 0.88,
        "verification_status": "Verified"
      }
    },
    {
      "type": "Feature",
      "id": "CAD-0002",
      "geometry": {
        "type": "Polygon",
        "coordinates": [
          [
            [
              5096.0,
              1115.0
            ],
            [
              5096.0,
              1537.0
            ],
            [
              5726.0,
              1537.0
            ],
            [
              5726.0,
              1115.0
            ],
            [
              5096.0,
              1115.0
            ]
          ]
        ]
      },
      "properties": {
        "parcel_id": "CAD-0002",
        "feature_type": "Building",
        "category": "Structure",
        "color_hex": "#FF3232",
        "area_px": 266430.5,
        "area_sqm": 1705.16,
        "area_hectares": 0.1705,
        "area_acres": 0.4214,
        "area_gaj": 2039.37,
        "perimeter_m": 168.32,
        "vertex_count": 5,
        "confidence": 0.88,
        "verification_status": "Verified"
      }
    },
    {
      "type": "Feature",
      "id": "CAD-0003",
      "geometry": {
        "type": "Polygon",
        "coordinates": [
          [
            [
              1134.0,
              1953.0
            ],
            [
              1134.0,
              2362.0
            ],
            [
              1386.0,
              2362.0
            ],
            [
              1386.0,
              1953.0
            ],
            [
              1134.0,
              1953.0
            ]
          ]
        ]
      },
      "properties": {
        "parcel_id": "CAD-0003",
        "feature_type": "Building",
        "category": "Structure",
        "color_hex": "#FF3232",
        "area_px": 103068.0,
        "area_sqm": 659.64,
        "area_hectares": 0.066,
        "area_acres": 0.163,
        "area_gaj": 788.93,
        "perimeter_m": 105.76,
        "vertex_count": 5,
        "confidence": 0.88,
        "verification_status": "Verified"
      }
    },
    {
      "type": "Feature",
      "id": "CAD-0004",
      "geometry": {
        "type": "Polygon",
        "coordinates": [
          [
            [
              4737.0,
              5695.0
            ],
            [
              4725.0,
              7049.0
            ],
            [
              6041.0,
              7049.0
            ],
            [
              6041.0,
              5670.0
            ],
            [
              4737.0,
              5695.0
            ]
          ]
        ]
      },
      "properties": {
        "parcel_id": "CAD-0004",
        "feature_type": "Building",
        "category": "Structure",
        "color_hex": "#FF3232",
        "area_px": 1804304.5,
        "area_sqm": 11547.55,
        "area_hectares": 1.1548,
        "area_acres": 2.8535,
        "area_gaj": 13810.87,
        "perimeter_m": 428.26,
        "vertex_count": 5,
        "confidence": 0.88,
        "verification_status": "Verified"
      }
    },
    {
      "type": "Feature",
      "id": "CAD-0005",
      "geometry": {
        "type": "Polygon",
        "coordinates": [
          [
            [
              18.0,
              7295.0
            ],
            [
              18.0,
              8001.0
            ],
            [
              56.0,
              8051.0
            ],
            [
              321.0,
              8051.0
            ],
            [
              352.0,
              8026.0
            ],
            [
              352.0,
              7295.0
            ],
            [
              18.0,
              7295.0
            ]
          ]
        ]
      },
      "properties": {
        "parcel_id": "CAD-0005",
        "feature_type": "Building",
        "category": "Structure",
        "color_hex": "#FF3232",
        "area_px": 250964.0,
        "area_sqm": 1606.17,
        "area_hectares": 0.1606,
        "area_acres": 0.3969,
        "area_gaj": 1920.98,
        "perimeter_m": 171.09,
        "vertex_count": 7,
        "confidence": 0.88,
        "verification_status": "Verified"
      }
    },
    {
      "type": "Feature",
      "id": "CAD-0006",
      "geometry": {
        "type": "Polygon",
        "coordinates": [
          [
            [
              856.0,
              3276.0
            ],
            [
              850.0,
              3414.0
            ],
            [
              1026.0,
              3427.0
            ],
            [
              1026.0,
              3515.0
            ],
            [
              989.0,
              3635.0
            ],
            [
              850.0,
              3609.0
            ],
            [
              850.0,
              3899.0
            ],
            [
              1367.0,
              3899.0
            ],
            [
              1379.0,
              3257.0
            ],
            [
              1115.0,
              3257.0
            ],
            [
              1026.0,
              3427.0
            ],
            [
              919.0,
              3269.0
            ],
            [
              856.0,
              3276.0
            ]
          ]
        ]
      },
      "properties": {
        "parcel_id": "CAD-0006",
        "feature_type": "Building",
        "category": "Structure",
        "color_hex": "#FF3232",
        "area_px": 287049.5,
        "area_sqm": 1837.12,
        "area_hectares": 0.1837,
        "area_acres": 0.454,
        "area_gaj": 2197.2,
        "perimeter_m": 226.3,
        "vertex_count": 13,
        "confidence": 0.88,
        "verification_status": "Verified"
      }
    },
    {
      "type": "Feature",
      "id": "CAD-0007",
      "geometry": {
        "type": "Polygon",
        "coordinates": [
          [
            [
              4725.0,
              12.0
            ],
            [
              4699.0,
              787.0
            ],
            [
              6035.0,
              774.0
            ],
            [
              6035.0,
              12.0
            ],
            [
              5235.0,
              12.0
            ],
            [
              5241.0,
              226.0
            ],
            [
              5052.0,
              264.0
            ],
            [
              5027.0,
              371.0
            ],
            [
              4718.0,
              378.0
            ],
            [
              4737.0,
              81.0
            ],
            [
              4838.0,
              12.0
            ],
            [
              4725.0,
              12.0
            ]
          ]
        ]
      },
      "properties": {
        "parcel_id": "CAD-0007",
        "feature_type": "Building",
        "category": "Structure",
        "color_hex": "#FF3232",
        "area_px": 864292.0,
        "area_sqm": 5531.47,
        "area_hectares": 0.5531,
        "area_acres": 1.3669,
        "area_gaj": 6615.64,
        "perimeter_m": 402.58,
        "vertex_count": 12,
        "confidence": 0.88,
        "verification_status": "Verified"
      }
    },
    {
      "type": "Feature",
      "id": "CAD-0008",
      "geometry": {
        "type": "Polygon",
        "coordinates": [
          [
            [
              6.0,
              989.0
            ],
            [
              6.0,
              1600.0
            ],
            [
              327.0,
              1600.0
            ],
            [
              333.0,
              1386.0
            ],
            [
              245.0,
              1373.0
            ],
            [
              239.0,
              1404.0
            ],
            [
              207.0,
              1398.0
            ],
            [
              283.0,
              1323.0
            ],
            [
              604.0,
              1310.0
            ],
            [
              623.0,
              1014.0
            ],
            [
              604.0,
              989.0
            ],
            [
              485.0,
              989.0
            ],
            [
              466.0,
              1026.0
            ],
            [
              384.0,
              1052.0
            ],
            [
              302.0,
              1026.0
            ],
            [
              315.0,
              989.0
            ],
            [
              6.0,
              989.0
            ]
          ]
        ]
      },
      "properties": {
        "parcel_id": "CAD-0008",
        "feature_type": "Building",
        "category": "Structure",
        "color_hex": "#FF3232",
        "area_px": 283076.0,
        "area_sqm": 1811.69,
        "area_hectares": 0.1812,
        "area_acres": 0.4477,
        "area_gaj": 2166.78,
        "perimeter_m": 218.89,
        "vertex_count": 17,
        "confidence": 0.88,
        "verification_status": "Verified"
      }
    },
    {
      "type": "Feature",
      "id": "CAD-0009",
      "geometry": {
        "type": "Polygon",
        "coordinates": [
          [
            [
              4693.0,
              7339.0
            ],
            [
              4725.0,
              8051.0
            ],
            [
              5115.0,
              8013.0
            ],
            [
              5184.0,
              8051.0
            ],
            [
              6035.0,
              8051.0
            ],
            [
              6035.0,
              7339.0
            ],
            [
              4693.0,
              7339.0
            ]
          ]
        ]
      },
      "properties": {
        "parcel_id": "CAD-0009",
        "feature_type": "Building",
        "category": "Structure",
        "color_hex": "#FF3232",
        "area_px": 941549.0,
        "area_sqm": 6025.91,
        "area_hectares": 0.6026,
        "area_acres": 1.489,
        "area_gaj": 7206.99,
        "perimeter_m": 327.07,
        "vertex_count": 7,
        "confidence": 0.88,
        "verification_status": "Verified"
      }
    },
    {
      "type": "Feature",
      "id": "CAD-0010",
      "geometry": {
        "type": "Polygon",
        "coordinates": [
          [
            [
              1121.0,
              7679.0
            ],
            [
              1121.0,
              8057.0
            ],
            [
              1392.0,
              8057.0
            ],
            [
              1392.0,
              7673.0
            ],
            [
              1121.0,
              7679.0
            ]
          ]
        ]
      },
      "properties": {
        "parcel_id": "CAD-0010",
        "feature_type": "Building",
        "category": "Structure",
        "color_hex": "#FF3232",
        "area_px": 103476.0,
        "area_sqm": 662.25,
        "area_hectares": 0.0662,
        "area_acres": 0.1636,
        "area_gaj": 792.05,
        "perimeter_m": 104.33,
        "vertex_count": 5,
        "confidence": 0.88,
        "verification_status": "Verified"
      }
    },
    {
      "type": "Feature",
      "id": "CAD-0011",
      "geometry": {
        "type": "Polygon",
        "coordinates": [
          [
            [
              4725.0,
              2627.0
            ],
            [
              4725.0,
              3754.0
            ],
            [
              4794.0,
              3893.0
            ],
            [
              6035.0,
              3906.0
            ],
            [
              6035.0,
              2627.0
            ],
            [
              5140.0,
              2627.0
            ],
            [
              5052.0,
              2696.0
            ],
            [
              4983.0,
              2683.0
            ],
            [
              5014.0,
              2627.0
            ],
            [
              4725.0,
              2627.0
            ]
          ]
        ]
      },
      "properties": {
        "parcel_id": "CAD-0011",
        "feature_type": "Building",
        "category": "Structure",
        "color_hex": "#FF3232",
        "area_px": 1656681.5,
        "area_sqm": 10602.76,
        "area_hectares": 1.0603,
        "area_acres": 2.62,
        "area_gaj": 12680.9,
        "perimeter_m": 418.58,
        "vertex_count": 10,
        "confidence": 0.88,
        "verification_status": "Verified"
      }
    },
    {
      "type": "Feature",
      "id": "CAD-0012",
      "geometry": {
        "type": "Polygon",
        "coordinates": [
          [
            [
              3219.0,
              963.0
            ],
            [
              3175.0,
              1001.0
            ],
            [
              3187.0,
              1493.0
            ],
            [
              3509.0,
              1512.0
            ],
            [
              3515.0,
              1064.0
            ],
            [
              3496.0,
              963.0
            ],
            [
              3219.0,
              963.0
            ]
          ]
        ]
      },
      "properties": {
        "parcel_id": "CAD-0012",
        "feature_type": "Building",
        "category": "Structure",
        "color_hex": "#FF3232",
        "area_px": 182099.5,
        "area_sqm": 1165.44,
        "area_hectares": 0.1165,
        "area_acres": 0.288,
        "area_gaj": 1393.87,
        "perimeter_m": 136.05,
        "vertex_count": 7,
        "confidence": 0.88,
        "verification_status": "Verified"
      }
    },
    {
      "type": "Feature",
      "id": "CAD-0013",
      "geometry": {
        "type": "Polygon",
        "coordinates": [
          [
            [
              4460.0,
              31.0
            ],
            [
              4164.0,
              31.0
            ],
            [
              4158.0,
              170.0
            ],
            [
              3950.0,
              220.0
            ],
            [
              3685.0,
              107.0
            ],
            [
              3786.0,
              31.0
            ],
            [
              3918.0,
              88.0
            ],
            [
              3918.0,
              31.0
            ],
            [
              3181.0,
              31.0
            ],
            [
              3181.0,
              756.0
            ],
            [
              4460.0,
              756.0
            ],
            [
              4460.0,
              31.0
            ]
          ]
        ]
      },
      "properties": {
        "parcel_id": "CAD-0013",
        "feature_type": "Building",
        "category": "Structure",
        "color_hex": "#FF3232",
        "area_px": 864970.0,
        "area_sqm": 5535.81,
        "area_hectares": 0.5536,
        "area_acres": 1.3679,
        "area_gaj": 6620.83,
        "perimeter_m": 378.43,
        "vertex_count": 12,
        "confidence": 0.88,
        "verification_status": "Verified"
      }
    },
    {
      "type": "Feature",
      "id": "CAD-0014",
      "geometry": {
        "type": "Polygon",
        "coordinates": [
          [
            [
              2683.0,
              6489.0
            ],
            [
              2683.0,
              7100.0
            ],
            [
              2923.0,
              7100.0
            ],
            [
              2923.0,
              6489.0
            ],
            [
              2683.0,
              6489.0
            ]
          ]
        ]
      },
      "properties": {
        "parcel_id": "CAD-0014",
        "feature_type": "Building",
        "category": "Structure",
        "color_hex": "#FF3232",
        "area_px": 146640.0,
        "area_sqm": 938.5,
        "area_hectares": 0.0939,
        "area_acres": 0.2319,
        "area_gaj": 1122.45,
        "perimeter_m": 136.16,
        "vertex_count": 5,
        "confidence": 0.88,
        "verification_status": "Verified"
      }
    },
    {
      "type": "Feature",
      "id": "CAD-0015",
      "geometry": {
        "type": "Polygon",
        "coordinates": [
          [
            [
              4725.0,
              4176.0
            ],
            [
              4712.0,
              4573.0
            ],
            [
              4794.0,
              4611.0
            ],
            [
              4800.0,
              4863.0
            ],
            [
              4920.0,
              4630.0
            ],
            [
              5040.0,
              4983.0
            ],
            [
              5014.0,
              5071.0
            ],
            [
              4725.0,
              5096.0
            ],
            [
              4725.0,
              5424.0
            ],
            [
              6029.0,
              5424.0
            ],
            [
              6029.0,
              4170.0
            ],
            [
              5940.0,
              4258.0
            ],
            [
              5651.0,
              4258.0
            ],
            [
              5619.0,
              4321.0
            ],
            [
              5594.0,
              4170.0
            ],
            [
              4725.0,
              4176.0
            ]
          ]
        ]
      },
      "properties": {
        "parcel_id": "CAD-0015",
        "feature_type": "Building",
        "category": "Structure",
        "color_hex": "#FF3232",
        "area_px": 1501454.5,
        "area_sqm": 9609.31,
        "area_hectares": 0.9609,
        "area_acres": 2.3745,
        "area_gaj": 11492.73,
        "perimeter_m": 491.95,
        "vertex_count": 16,
        "confidence": 0.88,
        "verification_status": "Verified"
      }
    },
    {
      "type": "Feature",
      "id": "CAD-0016",
      "geometry": {
        "type": "Polygon",
        "coordinates": [
          [
            [
              6.0,
              6.0
            ],
            [
              6.0,
              434.0
            ],
            [
              195.0,
              428.0
            ],
            [
              220.0,
              308.0
            ],
            [
              277.0,
              258.0
            ],
            [
              340.0,
              88.0
            ],
            [
              340.0,
              6.0
            ],
            [
              6.0,
              6.0
            ]
          ]
        ]
      },
      "properties": {
        "parcel_id": "CAD-0016",
        "feature_type": "Building",
        "category": "Structure",
        "color_hex": "#FF3232",
        "area_px": 115397.0,
        "area_sqm": 738.54,
        "area_hectares": 0.0739,
        "area_acres": 0.1825,
        "area_gaj": 883.29,
        "perimeter_m": 113.02,
        "vertex_count": 8,
        "confidence": 0.88,
        "verification_status": "Verified"
      }
    },
    {
      "type": "Feature",
      "id": "CAD-0017",
      "geometry": {
        "type": "Polygon",
        "coordinates": [
          [
            [
              3187.0,
              1008.0
            ],
            [
              3206.0,
              1499.0
            ],
            [
              3603.0,
              1486.0
            ],
            [
              3609.0,
              1228.0
            ],
            [
              3950.0,
              1209.0
            ],
            [
              4025.0,
              1354.0
            ],
            [
              3956.0,
              1467.0
            ],
            [
              3672.0,
              1474.0
            ],
            [
              3635.0,
              1600.0
            ],
            [
              3458.0,
              1619.0
            ],
            [
              3465.0,
              1719.0
            ],
            [
              3206.0,
              1776.0
            ],
            [
              3187.0,
              2381.0
            ],
            [
              4454.0,
              2394.0
            ],
            [
              4454.0,
              957.0
            ],
            [
              4284.0,
              888.0
            ],
            [
              3654.0,
              945.0
            ],
            [
              3452.0,
              888.0
            ],
            [
              3414.0,
              995.0
            ],
            [
              3187.0,
              1008.0
            ]
          ]
        ]
      },
      "properties": {
        "parcel_id": "CAD-0017",
        "feature_type": "Building",
        "category": "Structure",
        "color_hex": "#FF3232",
        "area_px": 1653185.0,
        "area_sqm": 10580.38,
        "area_hectares": 1.058,
        "area_acres": 2.6145,
        "area_gaj": 12654.13,
        "perimeter_m": 593.51,
        "vertex_count": 20,
        "confidence": 0.88,
        "verification_status": "Verified"
      }
    },
    {
      "type": "Feature",
      "id": "CAD-0018",
      "geometry": {
        "type": "Polygon",
        "coordinates": [
          [
            [
              2614.0,
              12.0
            ],
            [
              2620.0,
              636.0
            ],
            [
              2677.0,
              749.0
            ],
            [
              2916.0,
              749.0
            ],
            [
              2916.0,
              12.0
            ],
            [
              2614.0,
              12.0
            ]
          ]
        ]
      },
      "properties": {
        "parcel_id": "CAD-0018",
        "feature_type": "Building",
        "category": "Structure",
        "color_hex": "#FF3232",
        "area_px": 217162.5,
        "area_sqm": 1389.84,
        "area_hectares": 0.139,
        "area_acres": 0.3434,
        "area_gaj": 1662.25,
        "perimeter_m": 162.29,
        "vertex_count": 6,
        "confidence": 0.88,
        "verification_status": "Verified"
      }
    },
    {
      "type": "Feature",
      "id": "CAD-0019",
      "geometry": {
        "type": "Polygon",
        "coordinates": [
          [
            [
              390.0,
              252.0
            ],
            [
              409.0,
              674.0
            ],
            [
              554.0,
              699.0
            ],
            [
              661.0,
              781.0
            ],
            [
              1310.0,
              781.0
            ],
            [
              1367.0,
              743.0
            ],
            [
              1379.0,
              252.0
            ],
            [
              390.0,
              252.0
            ]
          ]
        ]
      },
      "properties": {
        "parcel_id": "CAD-0019",
        "feature_type": "Building",
        "category": "Structure",
        "color_hex": "#FF3232",
        "area_px": 500436.0,
        "area_sqm": 3202.79,
        "area_hectares": 0.3203,
        "area_acres": 0.7914,
        "area_gaj": 3830.54,
        "perimeter_m": 232.16,
        "vertex_count": 8,
        "confidence": 0.88,
        "verification_status": "Verified"
      }
    },
    {
      "type": "Feature",
      "id": "CAD-0020",
      "geometry": {
        "type": "Polygon",
        "coordinates": [
          [
            [
              384.0,
              3263.0
            ],
            [
              384.0,
              3540.0
            ],
            [
              466.0,
              3628.0
            ],
            [
              567.0,
              3628.0
            ],
            [
              630.0,
              3565.0
            ],
            [
              655.0,
              3483.0
            ],
            [
              655.0,
              3263.0
            ],
            [
              384.0,
              3263.0
            ]
          ]
        ]
      },
      "properties": {
        "parcel_id": "CAD-0020",
        "feature_type": "Building",
        "category": "Structure",
        "color_hex": "#FF3232",
        "area_px": 90112.5,
        "area_sqm": 576.72,
        "area_hectares": 0.0577,
        "area_acres": 0.1425,
        "area_gaj": 689.76,
        "perimeter_m": 93.13,
        "vertex_count": 8,
        "confidence": 0.88,
        "verification_status": "Verified"
      }
    },
    {
      "type": "Feature",
      "id": "CAD-0021",
      "geometry": {
        "type": "Polygon",
        "coordinates": [
          [
            [
              4712.0,
              6.0
            ],
            [
              4712.0,
              182.0
            ],
            [
              4945.0,
              182.0
            ],
            [
              4964.0,
              163.0
            ],
            [
              4964.0,
              6.0
            ],
            [
              4712.0,
              6.0
            ]
          ]
        ]
      },
      "properties": {
        "parcel_id": "CAD-0021",
        "feature_type": "Building",
        "category": "Structure",
        "color_hex": "#FF3232",
        "area_px": 44171.5,
        "area_sqm": 282.7,
        "area_hectares": 0.0283,
        "area_acres": 0.0699,
        "area_gaj": 338.11,
        "perimeter_m": 67.59,
        "vertex_count": 6,
        "confidence": 0.88,
        "verification_status": "Verified"
      }
    },
    {
      "type": "Feature",
      "id": "CAD-0022",
      "geometry": {
        "type": "Polygon",
        "coordinates": [
          [
            [
              1379.0,
              2375.0
            ],
            [
              1121.0,
              2375.0
            ],
            [
              1121.0,
              2242.0
            ],
            [
              699.0,
              2375.0
            ],
            [
              1127.0,
              2236.0
            ],
            [
              1234.0,
              1959.0
            ],
            [
              1089.0,
              1480.0
            ],
            [
              1379.0,
              1530.0
            ],
            [
              1379.0,
              970.0
            ],
            [
              655.0,
              894.0
            ],
            [
              1367.0,
              756.0
            ],
            [
              1379.0,
              75.0
            ],
            [
              963.0,
              75.0
            ],
            [
              932.0,
              207.0
            ],
            [
              850.0,
              75.0
            ],
            [
              12.0,
              75.0
            ],
            [
              12.0,
              2375.0
            ],
            [
              655.0,
              2362.0
            ],
            [
              661.0,
              2053.0
            ],
            [
              957.0,
              1997.0
            ],
            [
              648.0,
              1782.0
            ],
            [
              674.0,
              1253.0
            ],
            [
              1121.0,
              1310.0
            ],
            [
              1234.0,
              1959.0
            ],
            [
              1379.0,
              1946.0
            ],
            [
              1379.0,
              2375.0
            ]
          ]
        ]
      },
      "properties": {
        "parcel_id": "CAD-0022",
        "feature_type": "Building",
        "category": "Structure",
        "color_hex": "#FF3232",
        "area_px": 2187165.0,
        "area_sqm": 13997.86,
        "area_hectares": 1.3998,
        "area_acres": 3.4589,
        "area_gaj": 16741.44,
        "perimeter_m": 1020.64,
        "vertex_count": 26,
        "confidence": 0.88,
        "verification_status": "Verified"
      }
    },
    {
      "type": "Feature",
      "id": "CAD-0023",
      "geometry": {
        "type": "Polygon",
        "coordinates": [
          [
            [
              787.0,
              4958.0
            ],
            [
              787.0,
              5411.0
            ],
            [
              1096.0,
              5411.0
            ],
            [
              1096.0,
              5027.0
            ],
            [
              1083.0,
              4989.0
            ],
            [
              1096.0,
              4958.0
            ],
            [
              787.0,
              4958.0
            ]
          ]
        ]
      },
      "properties": {
        "parcel_id": "CAD-0023",
        "feature_type": "Building",
        "category": "Structure",
        "color_hex": "#FF3232",
        "area_px": 139636.0,
        "area_sqm": 893.67,
        "area_hectares": 0.0894,
        "area_acres": 0.2208,
        "area_gaj": 1068.83,
        "perimeter_m": 122.3,
        "vertex_count": 7,
        "confidence": 0.88,
        "verification_status": "Verified"
      }
    },
    {
      "type": "Feature",
      "id": "CAD-0024",
      "geometry": {
        "type": "Polygon",
        "coordinates": [
          [
            [
              1014.0,
              2627.0
            ],
            [
              1014.0,
              2835.0
            ],
            [
              1089.0,
              2847.0
            ],
            [
              1152.0,
              2942.0
            ],
            [
              1026.0,
              2998.0
            ],
            [
              1014.0,
              3225.0
            ],
            [
              1379.0,
              3238.0
            ],
            [
              1379.0,
              2627.0
            ],
            [
              1316.0,
              2627.0
            ],
            [
              1272.0,
              2696.0
            ],
            [
              1089.0,
              2847.0
            ],
            [
              1020.0,
              2809.0
            ],
            [
              1058.0,
              2721.0
            ],
            [
              1045.0,
              2690.0
            ],
            [
              1108.0,
              2627.0
            ],
            [
              1014.0,
              2627.0
            ]
          ]
        ]
      },
      "properties": {
        "parcel_id": "CAD-0024",
        "feature_type": "Building",
        "category": "Structure",
        "color_hex": "#FF3232",
        "area_px": 173121.5,
        "area_sqm": 1107.98,
        "area_hectares": 0.1108,
        "area_acres": 0.2738,
        "area_gaj": 1325.14,
        "perimeter_m": 201.02,
        "vertex_count": 16,
        "confidence": 0.88,
        "verification_status": "Verified"
      }
    },
    {
      "type": "Feature",
      "id": "CAD-0025",
      "geometry": {
        "type": "Polygon",
        "coordinates": [
          [
            [
              3647.0,
              4592.0
            ],
            [
              3647.0,
              4624.0
            ],
            [
              3704.0,
              4624.0
            ],
            [
              3710.0,
              4617.0
            ],
            [
              3723.0,
              4617.0
            ],
            [
              3723.0,
              4592.0
            ],
            [
              3647.0,
              4592.0
            ]
          ]
        ]
      },
      "properties": {
        "parcel_id": "CAD-0025",
        "feature_type": "Building",
        "category": "Structure",
        "color_hex": "#FF3232",
        "area_px": 2320.0,
        "area_sqm": 14.85,
        "area_hectares": 0.0015,
        "area_acres": 0.0037,
        "area_gaj": 17.76,
        "perimeter_m": 16.98,
        "vertex_count": 7,
        "confidence": 0.88,
        "verification_status": "Verified"
      }
    },
    {
      "type": "Feature",
      "id": "CAD-0026",
      "geometry": {
        "type": "Polygon",
        "coordinates": [
          [
            [
              3924.0,
              4334.0
            ],
            [
              3924.0,
              4378.0
            ],
            [
              3994.0,
              4378.0
            ],
            [
              4000.0,
              4372.0
            ],
            [
              4006.0,
              4372.0
            ],
            [
              4006.0,
              4334.0
            ],
            [
              3924.0,
              4334.0
            ]
          ]
        ]
      },
      "properties": {
        "parcel_id": "CAD-0026",
        "feature_type": "Building",
        "category": "Structure",
        "color_hex": "#FF3232",
        "area_px": 3554.0,
        "area_sqm": 22.75,
        "area_hectares": 0.0023,
        "area_acres": 0.0056,
        "area_gaj": 27.21,
        "perimeter_m": 19.88,
        "vertex_count": 7,
        "confidence": 0.88,
        "verification_status": "Verified"
      }
    },
    {
      "type": "Feature",
      "id": "CAD-0027",
      "geometry": {
        "type": "Polygon",
        "coordinates": [
          [
            [
              1052.0,
              6098.0
            ],
            [
              1033.0,
              7056.0
            ],
            [
              1386.0,
              7068.0
            ],
            [
              1386.0,
              6092.0
            ],
            [
              1052.0,
              6098.0
            ]
          ]
        ]
      },
      "properties": {
        "parcel_id": "CAD-0027",
        "feature_type": "Building",
        "category": "Structure",
        "color_hex": "#FF3232",
        "area_px": 343249.5,
        "area_sqm": 2196.8,
        "area_hectares": 0.2197,
        "area_acres": 0.5428,
        "area_gaj": 2627.37,
        "perimeter_m": 209.72,
        "vertex_count": 5,
        "confidence": 0.88,
        "verification_status": "Verified"
      }
    },
    {
      "type": "Feature",
      "id": "CAD-0028",
      "geometry": {
        "type": "Polygon",
        "coordinates": [
          [
            [
              6.0,
              4164.0
            ],
            [
              6.0,
              5430.0
            ],
            [
              680.0,
              5424.0
            ],
            [
              648.0,
              5046.0
            ],
            [
              396.0,
              4958.0
            ],
            [
              705.0,
              4958.0
            ],
            [
              655.0,
              4832.0
            ],
            [
              856.0,
              4737.0
            ],
            [
              541.0,
              4643.0
            ],
            [
              516.0,
              4813.0
            ],
            [
              195.0,
              4806.0
            ],
            [
              119.0,
              4668.0
            ],
            [
              81.0,
              4806.0
            ],
            [
              6.0,
              4447.0
            ],
            [
              289.0,
              4655.0
            ],
            [
              352.0,
              4485.0
            ],
            [
              207.0,
              4454.0
            ],
            [
              359.0,
              4410.0
            ],
            [
              1102.0,
              4630.0
            ],
            [
              1083.0,
              4958.0
            ],
            [
              774.0,
              4995.0
            ],
            [
              730.0,
              5430.0
            ],
            [
              1373.0,
              5430.0
            ],
            [
              1373.0,
              4164.0
            ],
            [
              6.0,
              4164.0
            ]
          ]
        ]
      },
      "properties": {
        "parcel_id": "CAD-0028",
        "feature_type": "Building",
        "category": "Structure",
        "color_hex": "#FF3232",
        "area_px": 1349726.0,
        "area_sqm": 8638.25,
        "area_hectares": 0.8638,
        "area_acres": 2.1346,
        "area_gaj": 10331.35,
        "perimeter_m": 856.73,
        "vertex_count": 25,
        "confidence": 0.88,
        "verification_status": "Verified"
      }
    },
    {
      "type": "Feature",
      "id": "CAD-0029",
      "geometry": {
        "type": "Polygon",
        "coordinates": [
          [
            [
              2274.0,
              7100.0
            ],
            [
              2053.0,
              7037.0
            ],
            [
              2129.0,
              6904.0
            ],
            [
              2274.0,
              6892.0
            ],
            [
              2274.0,
              6306.0
            ],
            [
              2116.0,
              6318.0
            ],
            [
              2142.0,
              6678.0
            ],
            [
              2104.0,
              6722.0
            ],
            [
              1927.0,
              6715.0
            ],
            [
              1902.0,
              6451.0
            ],
            [
              1776.0,
              6419.0
            ],
            [
              1650.0,
              6457.0
            ],
            [
              1650.0,
              7100.0
            ],
            [
              1921.0,
              7100.0
            ],
            [
              2047.0,
              7037.0
            ],
            [
              2274.0,
              7100.0
            ]
          ]
        ]
      },
      "properties": {
        "parcel_id": "CAD-0029",
        "feature_type": "Building",
        "category": "Structure",
        "color_hex": "#FF3232",
        "area_px": 329207.0,
        "area_sqm": 2106.92,
        "area_hectares": 0.2107,
        "area_acres": 0.5206,
        "area_gaj": 2519.88,
        "perimeter_m": 294.91,
        "vertex_count": 16,
        "confidence": 0.88,
        "verification_status": "Verified"
      }
    },
    {
      "type": "Feature",
      "id": "CAD-0030",
      "geometry": {
        "type": "Polygon",
        "coordinates": [
          [
            [
              3364.0,
              5367.0
            ],
            [
              3175.0,
              5525.0
            ],
            [
              3320.0,
              5802.0
            ],
            [
              3175.0,
              5833.0
            ],
            [
              3175.0,
              6495.0
            ],
            [
              3893.0,
              6621.0
            ],
            [
              4063.0,
              7011.0
            ],
            [
              4019.0,
              7219.0
            ],
            [
              3578.0,
              7131.0
            ],
            [
              3843.0,
              7074.0
            ],
            [
              3874.0,
              6659.0
            ],
            [
              3792.0,
              6772.0
            ],
            [
              3446.0,
              6734.0
            ],
            [
              3395.0,
              7251.0
            ],
            [
              3175.0,
              7295.0
            ],
            [
              3175.0,
              8057.0
            ],
            [
              4466.0,
              8057.0
            ],
            [
              4397.0,
              5430.0
            ],
            [
              3364.0,
              5367.0
            ]
          ]
        ]
      },
      "properties": {
        "parcel_id": "CAD-0030",
        "feature_type": "Building",
        "category": "Structure",
        "color_hex": "#FF3232",
        "area_px": 3003633.0,
        "area_sqm": 19223.25,
        "area_hectares": 1.9223,
        "area_acres": 4.7502,
        "area_gaj": 22991.01,
        "perimeter_m": 865.65,
        "vertex_count": 19,
        "confidence": 0.88,
        "verification_status": "Verified"
      }
    },
    {
      "type": "Feature",
      "id": "CAD-0031",
      "geometry": {
        "type": "Polygon",
        "coordinates": [
          [
            [
              12.0,
              2362.0
            ],
            [
              655.0,
              2362.0
            ],
            [
              661.0,
              2047.0
            ],
            [
              982.0,
              2009.0
            ],
            [
              989.0,
              1839.0
            ],
            [
              12.0,
              1827.0
            ],
            [
              12.0,
              2362.0
            ]
          ]
        ]
      },
      "properties": {
        "parcel_id": "CAD-0031",
        "feature_type": "Building",
        "category": "Structure",
        "color_hex": "#FF3232",
        "area_px": 409944.5,
        "area_sqm": 2623.64,
        "area_hectares": 0.2624,
        "area_acres": 0.6483,
        "area_gaj": 3137.87,
        "perimeter_m": 237.08,
        "vertex_count": 7,
        "confidence": 0.88,
        "verification_status": "Verified"
      }
    },
    {
      "type": "Feature",
      "id": "CAD-0032",
      "geometry": {
        "type": "Polygon",
        "coordinates": [
          [
            [
              1669.0,
              327.0
            ],
            [
              1669.0,
              478.0
            ],
            [
              1827.0,
              478.0
            ],
            [
              1839.0,
              422.0
            ],
            [
              1852.0,
              403.0
            ],
            [
              1858.0,
              327.0
            ],
            [
              1669.0,
              327.0
            ]
          ]
        ]
      },
      "properties": {
        "parcel_id": "CAD-0032",
        "feature_type": "Building",
        "category": "Structure",
        "color_hex": "#FF3232",
        "area_px": 26760.0,
        "area_sqm": 171.26,
        "area_hectares": 0.0171,
        "area_acres": 0.0423,
        "area_gaj": 204.83,
        "perimeter_m": 52.36,
        "vertex_count": 7,
        "confidence": 0.88,
        "verification_status": "Verified"
      }
    },
    {
      "type": "Feature",
      "id": "CAD-0033",
      "geometry": {
        "type": "Polygon",
        "coordinates": [
          [
            [
              226.0,
              4466.0
            ],
            [
              226.0,
              4649.0
            ],
            [
              340.0,
              4649.0
            ],
            [
              352.0,
              4630.0
            ],
            [
              352.0,
              4466.0
            ],
            [
              226.0,
              4466.0
            ]
          ]
        ]
      },
      "properties": {
        "parcel_id": "CAD-0033",
        "feature_type": "Building",
        "category": "Structure",
        "color_hex": "#FF3232",
        "area_px": 22944.0,
        "area_sqm": 146.84,
        "area_hectares": 0.0147,
        "area_acres": 0.0363,
        "area_gaj": 175.62,
        "perimeter_m": 48.76,
        "vertex_count": 6,
        "confidence": 0.88,
        "verification_status": "Verified"
      }
    },
    {
      "type": "Feature",
      "id": "CAD-0034",
      "geometry": {
        "type": "Polygon",
        "coordinates": [
          [
            [
              6.0,
              4819.0
            ],
            [
              6.0,
              5430.0
            ],
            [
              680.0,
              5430.0
            ],
            [
              693.0,
              5153.0
            ],
            [
              617.0,
              4958.0
            ],
            [
              674.0,
              4901.0
            ],
            [
              693.0,
              4932.0
            ],
            [
              693.0,
              4819.0
            ],
            [
              6.0,
              4819.0
            ]
          ]
        ]
      },
      "properties": {
        "parcel_id": "CAD-0034",
        "feature_type": "Building",
        "category": "Structure",
        "color_hex": "#FF3232",
        "area_px": 409106.0,
        "area_sqm": 2618.28,
        "area_hectares": 0.2618,
        "area_acres": 0.647,
        "area_gaj": 3131.46,
        "perimeter_m": 215.08,
        "vertex_count": 9,
        "confidence": 0.88,
        "verification_status": "Verified"
      }
    },
    {
      "type": "Feature",
      "id": "CAD-0035",
      "geometry": {
        "type": "Polygon",
        "coordinates": [
          [
            [
              1959.0,
              598.0
            ],
            [
              1959.0,
              762.0
            ],
            [
              2286.0,
              762.0
            ],
            [
              2286.0,
              598.0
            ],
            [
              1959.0,
              598.0
            ]
          ]
        ]
      },
      "properties": {
        "parcel_id": "CAD-0035",
        "feature_type": "Building",
        "category": "Structure",
        "color_hex": "#FF3232",
        "area_px": 53628.0,
        "area_sqm": 343.22,
        "area_hectares": 0.0343,
        "area_acres": 0.0848,
        "area_gaj": 410.49,
        "perimeter_m": 78.56,
        "vertex_count": 5,
        "confidence": 0.88,
        "verification_status": "Verified"
      }
    },
    {
      "type": "Feature",
      "id": "CAD-0036",
      "geometry": {
        "type": "Polygon",
        "coordinates": [
          [
            [
              1833.0,
              5714.0
            ],
            [
              1833.0,
              5978.0
            ],
            [
              2696.0,
              5978.0
            ],
            [
              2734.0,
              5947.0
            ],
            [
              2734.0,
              5714.0
            ],
            [
              1833.0,
              5714.0
            ]
          ]
        ]
      },
      "properties": {
        "parcel_id": "CAD-0036",
        "feature_type": "Building",
        "category": "Structure",
        "color_hex": "#FF3232",
        "area_px": 236234.0,
        "area_sqm": 1511.9,
        "area_hectares": 0.1512,
        "area_acres": 0.3736,
        "area_gaj": 1808.23,
        "perimeter_m": 184.8,
        "vertex_count": 6,
        "confidence": 0.88,
        "verification_status": "Verified"
      }
    },
    {
      "type": "Feature",
      "id": "CAD-0037",
      "geometry": {
        "type": "Polygon",
        "coordinates": [
          [
            [
              3931.0,
              4082.0
            ],
            [
              3931.0,
              4132.0
            ],
            [
              3994.0,
              4132.0
            ],
            [
              4006.0,
              4120.0
            ],
            [
              4006.0,
              4088.0
            ],
            [
              4000.0,
              4082.0
            ],
            [
              3931.0,
              4082.0
            ]
          ]
        ]
      },
      "properties": {
        "parcel_id": "CAD-0037",
        "feature_type": "Building",
        "category": "Structure",
        "color_hex": "#FF3232",
        "area_px": 3660.0,
        "area_sqm": 23.42,
        "area_hectares": 0.0023,
        "area_acres": 0.0058,
        "area_gaj": 28.01,
        "perimeter_m": 19.16,
        "vertex_count": 7,
        "confidence": 0.88,
        "verification_status": "Verified"
      }
    },
    {
      "type": "Feature",
      "id": "CAD-0038",
      "geometry": {
        "type": "Polygon",
        "coordinates": [
          [
            [
              926.0,
              6148.0
            ],
            [
              856.0,
              6136.0
            ],
            [
              856.0,
              6111.0
            ],
            [
              932.0,
              6060.0
            ],
            [
              995.0,
              5909.0
            ],
            [
              995.0,
              5701.0
            ],
            [
              6.0,
              5701.0
            ],
            [
              6.0,
              6148.0
            ],
            [
              182.0,
              6148.0
            ],
            [
              233.0,
              6079.0
            ],
            [
              315.0,
              6066.0
            ],
            [
              453.0,
              6079.0
            ],
            [
              529.0,
              6142.0
            ],
            [
              711.0,
              6104.0
            ],
            [
              856.0,
              6111.0
            ],
            [
              850.0,
              6148.0
            ],
            [
              926.0,
              6148.0
            ]
          ]
        ]
      },
      "properties": {
        "parcel_id": "CAD-0038",
        "feature_type": "Building",
        "category": "Structure",
        "color_hex": "#FF3232",
        "area_px": 396934.5,
        "area_sqm": 2540.38,
        "area_hectares": 0.254,
        "area_acres": 0.6277,
        "area_gaj": 3038.29,
        "perimeter_m": 241.75,
        "vertex_count": 17,
        "confidence": 0.88,
        "verification_status": "Verified"
      }
    },
    {
      "type": "Feature",
      "id": "CAD-0039",
      "geometry": {
        "type": "Polygon",
        "coordinates": [
          [
            [
              3194.0,
              7326.0
            ],
            [
              3194.0,
              7931.0
            ],
            [
              3231.0,
              8045.0
            ],
            [
              3433.0,
              8045.0
            ],
            [
              3439.0,
              7730.0
            ],
            [
              3597.0,
              7711.0
            ],
            [
              3641.0,
              7730.0
            ],
            [
              3660.0,
              8045.0
            ],
            [
              4176.0,
              8045.0
            ],
            [
              4176.0,
              7572.0
            ],
            [
              4113.0,
              7509.0
            ],
            [
              4158.0,
              7446.0
            ],
            [
              4158.0,
              7326.0
            ],
            [
              3194.0,
              7326.0
            ]
          ]
        ]
      },
      "properties": {
        "parcel_id": "CAD-0039",
        "feature_type": "Building",
        "category": "Structure",
        "color_hex": "#FF3232",
        "area_px": 628951.5,
        "area_sqm": 4025.29,
        "area_hectares": 0.4025,
        "area_acres": 0.9947,
        "area_gaj": 4814.25,
        "perimeter_m": 320.33,
        "vertex_count": 14,
        "confidence": 0.88,
        "verification_status": "Verified"
      }
    },
    {
      "type": "Feature",
      "id": "CAD-0040",
      "geometry": {
        "type": "Polygon",
        "coordinates": [
          [
            [
              0.0,
              6489.0
            ],
            [
              0.0,
              7106.0
            ],
            [
              308.0,
              7106.0
            ],
            [
              327.0,
              7087.0
            ],
            [
              327.0,
              6489.0
            ],
            [
              0.0,
              6489.0
            ]
          ]
        ]
      },
      "properties": {
        "parcel_id": "CAD-0040",
        "feature_type": "Building",
        "category": "Structure",
        "color_hex": "#FF3232",
        "area_px": 200858.5,
        "area_sqm": 1285.49,
        "area_hectares": 0.1285,
        "area_acres": 0.3177,
        "area_gaj": 1537.45,
        "perimeter_m": 150.15,
        "vertex_count": 6,
        "confidence": 0.88,
        "verification_status": "Verified"
      }
    },
    {
      "type": "Feature",
      "id": "CAD-0041",
      "geometry": {
        "type": "Polygon",
        "coordinates": [
          [
            [
              3490.0,
              6791.0
            ],
            [
              3490.0,
              7087.0
            ],
            [
              3836.0,
              7081.0
            ],
            [
              3836.0,
              6791.0
            ],
            [
              3490.0,
              6791.0
            ]
          ]
        ]
      },
      "properties": {
        "parcel_id": "CAD-0041",
        "feature_type": "Building",
        "category": "Structure",
        "color_hex": "#FF3232",
        "area_px": 102326.0,
        "area_sqm": 654.89,
        "area_hectares": 0.0655,
        "area_acres": 0.1618,
        "area_gaj": 783.25,
        "perimeter_m": 102.24,
        "vertex_count": 5,
        "confidence": 0.88,
        "verification_status": "Verified"
      }
    },
    {
      "type": "Feature",
      "id": "CAD-0042",
      "geometry": {
        "type": "Polygon",
        "coordinates": [
          [
            [
              661.0,
              1845.0
            ],
            [
              661.0,
              2022.0
            ],
            [
              989.0,
              2016.0
            ],
            [
              995.0,
              1845.0
            ],
            [
              661.0,
              1845.0
            ]
          ]
        ]
      },
      "properties": {
        "parcel_id": "CAD-0042",
        "feature_type": "Building",
        "category": "Structure",
        "color_hex": "#FF3232",
        "area_px": 58926.0,
        "area_sqm": 377.13,
        "area_hectares": 0.0377,
        "area_acres": 0.0932,
        "area_gaj": 451.05,
        "perimeter_m": 80.81,
        "vertex_count": 5,
        "confidence": 0.88,
        "verification_status": "Verified"
      }
    },
    {
      "type": "Feature",
      "id": "CAD-0043",
      "geometry": {
        "type": "Polygon",
        "coordinates": [
          [
            [
              1379.0,
              1505.0
            ],
            [
              1379.0,
              989.0
            ],
            [
              655.0,
              989.0
            ],
            [
              655.0,
              1228.0
            ],
            [
              995.0,
              1253.0
            ],
            [
              1096.0,
              1310.0
            ],
            [
              1115.0,
              1392.0
            ],
            [
              1071.0,
              1430.0
            ],
            [
              1089.0,
              1467.0
            ],
            [
              655.0,
              1386.0
            ],
            [
              655.0,
              1512.0
            ],
            [
              1108.0,
              1512.0
            ],
            [
              1102.0,
              1442.0
            ],
            [
              1152.0,
              1455.0
            ],
            [
              1165.0,
              1512.0
            ],
            [
              1379.0,
              1505.0
            ]
          ]
        ]
      },
      "properties": {
        "parcel_id": "CAD-0043",
        "feature_type": "Building",
        "category": "Structure",
        "color_hex": "#FF3232",
        "area_px": 299535.5,
        "area_sqm": 1917.03,
        "area_hectares": 0.1917,
        "area_acres": 0.4737,
        "area_gaj": 2292.77,
        "perimeter_m": 282.75,
        "vertex_count": 16,
        "confidence": 0.88,
        "verification_status": "Verified"
      }
    },
    {
      "type": "Feature",
      "id": "CAD-0044",
      "geometry": {
        "type": "Polygon",
        "coordinates": [
          [
            [
              535.0,
              2664.0
            ],
            [
              535.0,
              2979.0
            ],
            [
              768.0,
              2979.0
            ],
            [
              812.0,
              2929.0
            ],
            [
              812.0,
              2664.0
            ],
            [
              535.0,
              2664.0
            ]
          ]
        ]
      },
      "properties": {
        "parcel_id": "CAD-0044",
        "feature_type": "Building",
        "category": "Structure",
        "color_hex": "#FF3232",
        "area_px": 86270.0,
        "area_sqm": 552.13,
        "area_hectares": 0.0552,
        "area_acres": 0.1364,
        "area_gaj": 660.35,
        "perimeter_m": 92.53,
        "vertex_count": 6,
        "confidence": 0.88,
        "verification_status": "Verified"
      }
    },
    {
      "type": "Feature",
      "id": "CAD-0045",
      "geometry": {
        "type": "Polygon",
        "coordinates": [
          [
            [
              2104.0,
              170.0
            ],
            [
              2104.0,
              226.0
            ],
            [
              2356.0,
              226.0
            ],
            [
              2356.0,
              126.0
            ],
            [
              2142.0,
              126.0
            ],
            [
              2142.0,
              138.0
            ],
            [
              2104.0,
              170.0
            ]
          ]
        ]
      },
      "properties": {
        "parcel_id": "CAD-0045",
        "feature_type": "Building",
        "category": "Structure",
        "color_hex": "#FF3232",
        "area_px": 24098.0,
        "area_sqm": 154.23,
        "area_hectares": 0.0154,
        "area_acres": 0.0381,
        "area_gaj": 184.46,
        "perimeter_m": 54.69,
        "vertex_count": 7,
        "confidence": 0.88,
        "verification_status": "Verified"
      }
    },
    {
      "type": "Feature",
      "id": "CAD-0046",
      "geometry": {
        "type": "Polygon",
        "coordinates": [
          [
            [
              1707.0,
              7308.0
            ],
            [
              1707.0,
              8057.0
            ],
            [
              2891.0,
              8057.0
            ],
            [
              2891.0,
              7308.0
            ],
            [
              1707.0,
              7308.0
            ]
          ]
        ]
      },
      "properties": {
        "parcel_id": "CAD-0046",
        "feature_type": "Building",
        "category": "Structure",
        "color_hex": "#FF3232",
        "area_px": 885435.0,
        "area_sqm": 5666.78,
        "area_hectares": 0.5667,
        "area_acres": 1.4003,
        "area_gaj": 6777.47,
        "perimeter_m": 309.28,
        "vertex_count": 5,
        "confidence": 0.88,
        "verification_status": "Verified"
      }
    },
    {
      "type": "Feature",
      "id": "CAD-0047",
      "geometry": {
        "type": "Polygon",
        "coordinates": [
          [
            [
              3496.0,
              3735.0
            ],
            [
              3496.0,
              3773.0
            ],
            [
              3584.0,
              3773.0
            ],
            [
              3591.0,
              3767.0
            ],
            [
              3597.0,
              3767.0
            ],
            [
              3597.0,
              3735.0
            ],
            [
              3496.0,
              3735.0
            ]
          ]
        ]
      },
      "properties": {
        "parcel_id": "CAD-0047",
        "feature_type": "Building",
        "category": "Structure",
        "color_hex": "#FF3232",
        "area_px": 3781.0,
        "area_sqm": 24.2,
        "area_hectares": 0.0024,
        "area_acres": 0.006,
        "area_gaj": 28.94,
        "perimeter_m": 21.94,
        "vertex_count": 7,
        "confidence": 0.88,
        "verification_status": "Verified"
      }
    },
    {
      "type": "Feature",
      "id": "CAD-0048",
      "geometry": {
        "type": "Polygon",
        "coordinates": [
          [
            [
              5247.0,
              6.0
            ],
            [
              5247.0,
              283.0
            ],
            [
              5443.0,
              289.0
            ],
            [
              5544.0,
              252.0
            ],
            [
              5544.0,
              6.0
            ],
            [
              5247.0,
              6.0
            ]
          ]
        ]
      },
      "properties": {
        "parcel_id": "CAD-0048",
        "feature_type": "Building",
        "category": "Structure",
        "color_hex": "#FF3232",
        "area_px": 83169.0,
        "area_sqm": 532.28,
        "area_hectares": 0.0532,
        "area_acres": 0.1315,
        "area_gaj": 636.61,
        "perimeter_m": 89.89,
        "vertex_count": 6,
        "confidence": 0.88,
        "verification_status": "Verified"
      }
    },
    {
      "type": "Feature",
      "id": "CAD-0049",
      "geometry": {
        "type": "Polygon",
        "coordinates": [
          [
            [
              3238.0,
              4284.0
            ],
            [
              3238.0,
              4340.0
            ],
            [
              3320.0,
              4340.0
            ],
            [
              3326.0,
              4334.0
            ],
            [
              3326.0,
              4284.0
            ],
            [
              3238.0,
              4284.0
            ]
          ]
        ]
      },
      "properties": {
        "parcel_id": "CAD-0049",
        "feature_type": "Building",
        "category": "Structure",
        "color_hex": "#FF3232",
        "area_px": 4910.0,
        "area_sqm": 31.42,
        "area_hectares": 0.0031,
        "area_acres": 0.0078,
        "area_gaj": 37.58,
        "perimeter_m": 22.76,
        "vertex_count": 6,
        "confidence": 0.88,
        "verification_status": "Verified"
      }
    },
    {
      "type": "Feature",
      "id": "CAD-0050",
      "geometry": {
        "type": "Polygon",
        "coordinates": [
          [
            [
              2601.0,
              7308.0
            ],
            [
              2601.0,
              7566.0
            ],
            [
              2633.0,
              7572.0
            ],
            [
              2633.0,
              7654.0
            ],
            [
              2601.0,
              7667.0
            ],
            [
              2633.0,
              7679.0
            ],
            [
              2633.0,
              7711.0
            ],
            [
              2601.0,
              7717.0
            ],
            [
              2601.0,
              7862.0
            ],
            [
              2633.0,
              7875.0
            ],
            [
              2633.0,
              7900.0
            ],
            [
              2601.0,
              7912.0
            ],
            [
              2601.0,
              8051.0
            ],
            [
              2885.0,
              8051.0
            ],
            [
              2866.0,
              7849.0
            ],
            [
              2891.0,
              7799.0
            ],
            [
              2891.0,
              7314.0
            ],
            [
              2601.0,
              7308.0
            ]
          ]
        ]
      },
      "properties": {
        "parcel_id": "CAD-0050",
        "feature_type": "Building",
        "category": "Structure",
        "color_hex": "#FF3232",
        "area_px": 205866.5,
        "area_sqm": 1317.55,
        "area_hectares": 0.1318,
        "area_acres": 0.3256,
        "area_gaj": 1575.79,
        "perimeter_m": 176.11,
        "vertex_count": 18,
        "confidence": 0.88,
        "verification_status": "Verified"
      }
    },
    {
      "type": "Feature",
      "id": "CAD-0051",
      "geometry": {
        "type": "Polygon",
        "coordinates": [
          [
            [
              3509.0,
              4284.0
            ],
            [
              3509.0,
              4328.0
            ],
            [
              3609.0,
              4328.0
            ],
            [
              3609.0,
              4315.0
            ],
            [
              3616.0,
              4309.0
            ],
            [
              3616.0,
              4284.0
            ],
            [
              3509.0,
              4284.0
            ]
          ]
        ]
      },
      "properties": {
        "parcel_id": "CAD-0051",
        "feature_type": "Building",
        "category": "Structure",
        "color_hex": "#FF3232",
        "area_px": 4596.0,
        "area_sqm": 29.41,
        "area_hectares": 0.0029,
        "area_acres": 0.0073,
        "area_gaj": 35.17,
        "perimeter_m": 23.86,
        "vertex_count": 7,
        "confidence": 0.88,
        "verification_status": "Verified"
      }
    },
    {
      "type": "Feature",
      "id": "CAD-0052",
      "geometry": {
        "type": "Polygon",
        "coordinates": [
          [
            [
              3225.0,
              4384.0
            ],
            [
              3225.0,
              4454.0
            ],
            [
              3250.0,
              4454.0
            ],
            [
              3257.0,
              4447.0
            ],
            [
              3263.0,
              4454.0
            ],
            [
              3288.0,
              4454.0
            ],
            [
              3294.0,
              4447.0
            ],
            [
              3301.0,
              4447.0
            ],
            [
              3320.0,
              4435.0
            ],
            [
              3320.0,
              4384.0
            ],
            [
              3225.0,
              4384.0
            ]
          ]
        ]
      },
      "properties": {
        "parcel_id": "CAD-0052",
        "feature_type": "Building",
        "category": "Structure",
        "color_hex": "#FF3232",
        "area_px": 6284.5,
        "area_sqm": 40.22,
        "area_hectares": 0.004,
        "area_acres": 0.0099,
        "area_gaj": 48.1,
        "perimeter_m": 25.9,
        "vertex_count": 11,
        "confidence": 0.88,
        "verification_status": "Verified"
      }
    },
    {
      "type": "Feature",
      "id": "CAD-0053",
      "geometry": {
        "type": "Polygon",
        "coordinates": [
          [
            [
              1184.0,
              1001.0
            ],
            [
              1184.0,
              1014.0
            ],
            [
              1234.0,
              1001.0
            ],
            [
              1260.0,
              1058.0
            ],
            [
              1184.0,
              1197.0
            ],
            [
              1184.0,
              1518.0
            ],
            [
              1373.0,
              1518.0
            ],
            [
              1379.0,
              1001.0
            ],
            [
              1310.0,
              1001.0
            ],
            [
              1316.0,
              1020.0
            ],
            [
              1272.0,
              1058.0
            ],
            [
              1234.0,
              1001.0
            ],
            [
              1184.0,
              1001.0
            ]
          ]
        ]
      },
      "properties": {
        "parcel_id": "CAD-0053",
        "feature_type": "Building",
        "category": "Structure",
        "color_hex": "#FF3232",
        "area_px": 88962.0,
        "area_sqm": 569.36,
        "area_hectares": 0.0569,
        "area_acres": 0.1407,
        "area_gaj": 680.95,
        "perimeter_m": 126.27,
        "vertex_count": 13,
        "confidence": 0.88,
        "verification_status": "Verified"
      }
    },
    {
      "type": "Feature",
      "id": "CAD-0054",
      "geometry": {
        "type": "Polygon",
        "coordinates": [
          [
            [
              3660.0,
              4284.0
            ],
            [
              3660.0,
              4328.0
            ],
            [
              3729.0,
              4328.0
            ],
            [
              3729.0,
              4284.0
            ],
            [
              3660.0,
              4284.0
            ]
          ]
        ]
      },
      "properties": {
        "parcel_id": "CAD-0054",
        "feature_type": "Building",
        "category": "Structure",
        "color_hex": "#FF3232",
        "area_px": 3036.0,
        "area_sqm": 19.43,
        "area_hectares": 0.0019,
        "area_acres": 0.0048,
        "area_gaj": 23.24,
        "perimeter_m": 18.08,
        "vertex_count": 5,
        "confidence": 0.88,
        "verification_status": "Verified"
      }
    },
    {
      "type": "Feature",
      "id": "CAD-0055",
      "geometry": {
        "type": "Polygon",
        "coordinates": [
          [
            [
              4699.0,
              598.0
            ],
            [
              4699.0,
              768.0
            ],
            [
              6035.0,
              768.0
            ],
            [
              6035.0,
              598.0
            ],
            [
              4699.0,
              598.0
            ]
          ]
        ]
      },
      "properties": {
        "parcel_id": "CAD-0055",
        "feature_type": "Building",
        "category": "Structure",
        "color_hex": "#FF3232",
        "area_px": 227120.0,
        "area_sqm": 1453.57,
        "area_hectares": 0.1454,
        "area_acres": 0.3592,
        "area_gaj": 1738.47,
        "perimeter_m": 240.96,
        "vertex_count": 5,
        "confidence": 0.88,
        "verification_status": "Verified"
      }
    },
    {
      "type": "Feature",
      "id": "CAD-0056",
      "geometry": {
        "type": "Polygon",
        "coordinates": [
          [
            [
              3578.0,
              4882.0
            ],
            [
              3578.0,
              5021.0
            ],
            [
              3628.0,
              5046.0
            ],
            [
              3717.0,
              5046.0
            ],
            [
              3748.0,
              5021.0
            ],
            [
              3735.0,
              4882.0
            ],
            [
              3578.0,
              4882.0
            ]
          ]
        ]
      },
      "properties": {
        "parcel_id": "CAD-0056",
        "feature_type": "Building",
        "category": "Structure",
        "color_hex": "#FF3232",
        "area_px": 25869.0,
        "area_sqm": 165.56,
        "area_hectares": 0.0166,
        "area_acres": 0.0409,
        "area_gaj": 198.01,
        "perimeter_m": 49.63,
        "vertex_count": 7,
        "confidence": 0.88,
        "verification_status": "Verified"
      }
    },
    {
      "type": "Feature",
      "id": "CAD-0057",
      "geometry": {
        "type": "Polygon",
        "coordinates": [
          [
            [
              6.0,
              1808.0
            ],
            [
              6.0,
              2368.0
            ],
            [
              277.0,
              2368.0
            ],
            [
              277.0,
              2318.0
            ],
            [
              207.0,
              2249.0
            ],
            [
              270.0,
              2160.0
            ],
            [
              258.0,
              2116.0
            ],
            [
              277.0,
              2104.0
            ],
            [
              277.0,
              1827.0
            ],
            [
              245.0,
              1808.0
            ],
            [
              6.0,
              1808.0
            ]
          ]
        ]
      },
      "properties": {
        "parcel_id": "CAD-0057",
        "feature_type": "Building",
        "category": "Structure",
        "color_hex": "#FF3232",
        "area_px": 145156.5,
        "area_sqm": 929.0,
        "area_hectares": 0.0929,
        "area_acres": 0.2296,
        "area_gaj": 1111.08,
        "perimeter_m": 136.77,
        "vertex_count": 11,
        "confidence": 0.88,
        "verification_status": "Verified"
      }
    },
    {
      "type": "Feature",
      "id": "CAD-0058",
      "geometry": {
        "type": "Polygon",
        "coordinates": [
          [
            [
              3811.0,
              7585.0
            ],
            [
              3811.0,
              7692.0
            ],
            [
              4139.0,
              7686.0
            ],
            [
              4164.0,
              7673.0
            ],
            [
              4164.0,
              7566.0
            ],
            [
              3906.0,
              7566.0
            ],
            [
              3880.0,
              7585.0
            ],
            [
              3811.0,
              7585.0
            ]
          ]
        ]
      },
      "properties": {
        "parcel_id": "CAD-0058",
        "feature_type": "Building",
        "category": "Structure",
        "color_hex": "#FF3232",
        "area_px": 41563.5,
        "area_sqm": 266.01,
        "area_hectares": 0.0266,
        "area_acres": 0.0657,
        "area_gaj": 318.15,
        "perimeter_m": 74.35,
        "vertex_count": 8,
        "confidence": 0.88,
        "verification_status": "Verified"
      }
    },
    {
      "type": "Feature",
      "id": "CAD-0059",
      "geometry": {
        "type": "Polygon",
        "coordinates": [
          [
            [
              25.0,
              3609.0
            ],
            [
              0.0,
              3609.0
            ],
            [
              0.0,
              3887.0
            ],
            [
              12.0,
              3887.0
            ],
            [
              50.0,
              3836.0
            ],
            [
              119.0,
              3761.0
            ],
            [
              88.0,
              3729.0
            ],
            [
              25.0,
              3609.0
            ]
          ]
        ]
      },
      "properties": {
        "parcel_id": "CAD-0059",
        "feature_type": "Building",
        "category": "Structure",
        "color_hex": "#FF3232",
        "area_px": 18231.0,
        "area_sqm": 116.68,
        "area_hectares": 0.0117,
        "area_acres": 0.0288,
        "area_gaj": 139.55,
        "perimeter_m": 52.85,
        "vertex_count": 8,
        "confidence": 0.88,
        "verification_status": "Verified"
      }
    },
    {
      "type": "Feature",
      "id": "CAD-0060",
      "geometry": {
        "type": "Polygon",
        "coordinates": [
          [
            [
              3773.0,
              1764.0
            ],
            [
              3704.0,
              1764.0
            ],
            [
              3710.0,
              1852.0
            ],
            [
              3534.0,
              1839.0
            ],
            [
              3458.0,
              1764.0
            ],
            [
              3213.0,
              1770.0
            ],
            [
              3213.0,
              2362.0
            ],
            [
              3754.0,
              2349.0
            ],
            [
              3761.0,
              2192.0
            ],
            [
              3458.0,
              2192.0
            ],
            [
              3408.0,
              2154.0
            ],
            [
              3534.0,
              1839.0
            ],
            [
              3710.0,
              1852.0
            ],
            [
              3773.0,
              1984.0
            ],
            [
              3773.0,
              1764.0
            ]
          ]
        ]
      },
      "properties": {
        "parcel_id": "CAD-0060",
        "feature_type": "Building",
        "category": "Structure",
        "color_hex": "#FF3232",
        "area_px": 222063.5,
        "area_sqm": 1421.21,
        "area_hectares": 0.1421,
        "area_acres": 0.3512,
        "area_gaj": 1699.77,
        "perimeter_m": 257.89,
        "vertex_count": 15,
        "confidence": 0.88,
        "verification_status": "Verified"
      }
    },
    {
      "type": "Feature",
      "id": "CAD-0061",
      "geometry": {
        "type": "Polygon",
        "coordinates": [
          [
            [
              3225.0,
              4158.0
            ],
            [
              3225.0,
              4208.0
            ],
            [
              3320.0,
              4208.0
            ],
            [
              3326.0,
              4202.0
            ],
            [
              3326.0,
              4158.0
            ],
            [
              3225.0,
              4158.0
            ]
          ]
        ]
      },
      "properties": {
        "parcel_id": "CAD-0061",
        "feature_type": "Building",
        "category": "Structure",
        "color_hex": "#FF3232",
        "area_px": 5032.0,
        "area_sqm": 32.2,
        "area_hectares": 0.0032,
        "area_acres": 0.008,
        "area_gaj": 38.51,
        "perimeter_m": 23.88,
        "vertex_count": 6,
        "confidence": 0.88,
        "verification_status": "Verified"
      }
    },
    {
      "type": "Feature",
      "id": "CAD-0062",
      "geometry": {
        "type": "Polygon",
        "coordinates": [
          [
            [
              774.0,
              3112.0
            ],
            [
              774.0,
              3244.0
            ],
            [
              837.0,
              3244.0
            ],
            [
              856.0,
              3231.0
            ],
            [
              863.0,
              3231.0
            ],
            [
              863.0,
              3112.0
            ],
            [
              774.0,
              3112.0
            ]
          ]
        ]
      },
      "properties": {
        "parcel_id": "CAD-0062",
        "feature_type": "Building",
        "category": "Structure",
        "color_hex": "#FF3232",
        "area_px": 11543.0,
        "area_sqm": 73.88,
        "area_hectares": 0.0074,
        "area_acres": 0.0183,
        "area_gaj": 88.36,
        "perimeter_m": 34.64,
        "vertex_count": 7,
        "confidence": 0.88,
        "verification_status": "Verified"
      }
    },
    {
      "type": "Feature",
      "id": "CAD-0063",
      "geometry": {
        "type": "Polygon",
        "coordinates": [
          [
            [
              1820.0,
              12.0
            ],
            [
              1820.0,
              107.0
            ],
            [
              1946.0,
              107.0
            ],
            [
              1959.0,
              88.0
            ],
            [
              1959.0,
              69.0
            ],
            [
              1946.0,
              44.0
            ],
            [
              1965.0,
              12.0
            ],
            [
              1820.0,
              12.0
            ]
          ]
        ]
      },
      "properties": {
        "parcel_id": "CAD-0063",
        "feature_type": "Building",
        "category": "Structure",
        "color_hex": "#FF3232",
        "area_px": 12823.0,
        "area_sqm": 82.07,
        "area_hectares": 0.0082,
        "area_acres": 0.0203,
        "area_gaj": 98.16,
        "perimeter_m": 37.87,
        "vertex_count": 8,
        "confidence": 0.88,
        "verification_status": "Verified"
      }
    },
    {
      "type": "Feature",
      "id": "CAD-0064",
      "geometry": {
        "type": "Polygon",
        "coordinates": [
          [
            [
              3521.0,
              4636.0
            ],
            [
              3534.0,
              4636.0
            ],
            [
              3540.0,
              4630.0
            ],
            [
              3565.0,
              4630.0
            ],
            [
              3572.0,
              4624.0
            ],
            [
              3584.0,
              4624.0
            ],
            [
              3591.0,
              4617.0
            ],
            [
              3597.0,
              4617.0
            ],
            [
              3597.0,
              4599.0
            ],
            [
              3521.0,
              4599.0
            ],
            [
              3521.0,
              4636.0
            ]
          ]
        ]
      },
      "properties": {
        "parcel_id": "CAD-0064",
        "feature_type": "Building",
        "category": "Structure",
        "color_hex": "#FF3232",
        "area_px": 2214.5,
        "area_sqm": 14.17,
        "area_hectares": 0.0014,
        "area_acres": 0.0035,
        "area_gaj": 16.95,
        "perimeter_m": 17.17,
        "vertex_count": 11,
        "confidence": 0.88,
        "verification_status": "Verified"
      }
    },
    {
      "type": "Feature",
      "id": "CAD-0065",
      "geometry": {
        "type": "Polygon",
        "coordinates": [
          [
            [
              1108.0,
              4170.0
            ],
            [
              1108.0,
              5424.0
            ],
            [
              1379.0,
              5443.0
            ],
            [
              1379.0,
              4176.0
            ],
            [
              1108.0,
              4170.0
            ]
          ]
        ]
      },
      "properties": {
        "parcel_id": "CAD-0065",
        "feature_type": "Building",
        "category": "Structure",
        "color_hex": "#FF3232",
        "area_px": 344393.0,
        "area_sqm": 2204.12,
        "area_hectares": 0.2204,
        "area_acres": 0.5446,
        "area_gaj": 2636.13,
        "perimeter_m": 245.1,
        "vertex_count": 5,
        "confidence": 0.88,
        "verification_status": "Verified"
      }
    },
    {
      "type": "Feature",
      "id": "CAD-0066",
      "geometry": {
        "type": "Polygon",
        "coordinates": [
          [
            [
              3660.0,
              7704.0
            ],
            [
              3660.0,
              8057.0
            ],
            [
              4202.0,
              8057.0
            ],
            [
              4202.0,
              7679.0
            ],
            [
              3717.0,
              7679.0
            ],
            [
              3717.0,
              7704.0
            ],
            [
              3660.0,
              7704.0
            ]
          ]
        ]
      },
      "properties": {
        "parcel_id": "CAD-0066",
        "feature_type": "Building",
        "category": "Structure",
        "color_hex": "#FF3232",
        "area_px": 203074.0,
        "area_sqm": 1299.67,
        "area_hectares": 0.13,
        "area_acres": 0.3212,
        "area_gaj": 1554.41,
        "perimeter_m": 147.2,
        "vertex_count": 7,
        "confidence": 0.88,
        "verification_status": "Verified"
      }
    },
    {
      "type": "Feature",
      "id": "CAD-0067",
      "geometry": {
        "type": "Polygon",
        "coordinates": [
          [
            [
              548.0,
              4680.0
            ],
            [
              548.0,
              4806.0
            ],
            [
              856.0,
              4800.0
            ],
            [
              856.0,
              4718.0
            ],
            [
              831.0,
              4687.0
            ],
            [
              756.0,
              4693.0
            ],
            [
              724.0,
              4680.0
            ],
            [
              548.0,
              4680.0
            ]
          ]
        ]
      },
      "properties": {
        "parcel_id": "CAD-0067",
        "feature_type": "Building",
        "category": "Structure",
        "color_hex": "#FF3232",
        "area_px": 37046.5,
        "area_sqm": 237.1,
        "area_hectares": 0.0237,
        "area_acres": 0.0586,
        "area_gaj": 283.57,
        "perimeter_m": 67.33,
        "vertex_count": 8,
        "confidence": 0.88,
        "verification_status": "Verified"
      }
    },
    {
      "type": "Feature",
      "id": "CAD-0068",
      "geometry": {
        "type": "Polygon",
        "coordinates": [
          [
            [
              3628.0,
              4397.0
            ],
            [
              3628.0,
              4447.0
            ],
            [
              3710.0,
              4447.0
            ],
            [
              3710.0,
              4441.0
            ],
            [
              3723.0,
              4428.0
            ],
            [
              3723.0,
              4403.0
            ],
            [
              3717.0,
              4397.0
            ],
            [
              3628.0,
              4397.0
            ]
          ]
        ]
      },
      "properties": {
        "parcel_id": "CAD-0068",
        "feature_type": "Building",
        "category": "Structure",
        "color_hex": "#FF3232",
        "area_px": 4569.5,
        "area_sqm": 29.24,
        "area_hectares": 0.0029,
        "area_acres": 0.0072,
        "area_gaj": 34.97,
        "perimeter_m": 22.31,
        "vertex_count": 8,
        "confidence": 0.88,
        "verification_status": "Verified"
      }
    },
    {
      "type": "Feature",
      "id": "CAD-0069",
      "geometry": {
        "type": "Polygon",
        "coordinates": [
          [
            [
              3528.0,
              4460.0
            ],
            [
              3528.0,
              4504.0
            ],
            [
              3553.0,
              4504.0
            ],
            [
              3559.0,
              4498.0
            ],
            [
              3578.0,
              4498.0
            ],
            [
              3584.0,
              4491.0
            ],
            [
              3603.0,
              4491.0
            ],
            [
              3609.0,
              4485.0
            ],
            [
              3609.0,
              4460.0
            ],
            [
              3528.0,
              4460.0
            ]
          ]
        ]
      },
      "properties": {
        "parcel_id": "CAD-0069",
        "feature_type": "Building",
        "category": "Structure",
        "color_hex": "#FF3232",
        "area_px": 3032.0,
        "area_sqm": 19.4,
        "area_hectares": 0.0019,
        "area_acres": 0.0048,
        "area_gaj": 23.2,
        "perimeter_m": 19.14,
        "vertex_count": 10,
        "confidence": 0.88,
        "verification_status": "Verified"
      }
    },
    {
      "type": "Feature",
      "id": "CAD-0070",
      "geometry": {
        "type": "Polygon",
        "coordinates": [
          [
            [
              3540.0,
              4082.0
            ],
            [
              3540.0,
              4139.0
            ],
            [
              3616.0,
              4139.0
            ],
            [
              3616.0,
              4082.0
            ],
            [
              3540.0,
              4082.0
            ]
          ]
        ]
      },
      "properties": {
        "parcel_id": "CAD-0070",
        "feature_type": "Building",
        "category": "Structure",
        "color_hex": "#FF3232",
        "area_px": 4332.0,
        "area_sqm": 27.72,
        "area_hectares": 0.0028,
        "area_acres": 0.0068,
        "area_gaj": 33.15,
        "perimeter_m": 21.28,
        "vertex_count": 5,
        "confidence": 0.88,
        "verification_status": "Verified"
      }
    },
    {
      "type": "Feature",
      "id": "CAD-0071",
      "geometry": {
        "type": "Polygon",
        "coordinates": [
          [
            [
              4214.0,
              7301.0
            ],
            [
              4214.0,
              8051.0
            ],
            [
              4460.0,
              8051.0
            ],
            [
              4466.0,
              7301.0
            ],
            [
              4214.0,
              7301.0
            ]
          ]
        ]
      },
      "properties": {
        "parcel_id": "CAD-0071",
        "feature_type": "Building",
        "category": "Structure",
        "color_hex": "#FF3232",
        "area_px": 188793.0,
        "area_sqm": 1208.28,
        "area_hectares": 0.1208,
        "area_acres": 0.2986,
        "area_gaj": 1445.1,
        "perimeter_m": 159.84,
        "vertex_count": 5,
        "confidence": 0.88,
        "verification_status": "Verified"
      }
    },
    {
      "type": "Feature",
      "id": "CAD-0072",
      "geometry": {
        "type": "Polygon",
        "coordinates": [
          [
            [
              1694.0,
              7534.0
            ],
            [
              1694.0,
              8057.0
            ],
            [
              1852.0,
              8057.0
            ],
            [
              1852.0,
              7534.0
            ],
            [
              1694.0,
              7534.0
            ]
          ]
        ]
      },
      "properties": {
        "parcel_id": "CAD-0072",
        "feature_type": "Building",
        "category": "Structure",
        "color_hex": "#FF3232",
        "area_px": 82634.0,
        "area_sqm": 528.86,
        "area_hectares": 0.0529,
        "area_acres": 0.1307,
        "area_gaj": 632.52,
        "perimeter_m": 108.96,
        "vertex_count": 5,
        "confidence": 0.88,
        "verification_status": "Verified"
      }
    },
    {
      "type": "Feature",
      "id": "CAD-0073",
      "geometry": {
        "type": "Polygon",
        "coordinates": [
          [
            [
              5670.0,
              6.0
            ],
            [
              5670.0,
              277.0
            ],
            [
              5695.0,
              289.0
            ],
            [
              5751.0,
              289.0
            ],
            [
              5770.0,
              270.0
            ],
            [
              5770.0,
              6.0
            ],
            [
              5670.0,
              6.0
            ]
          ]
        ]
      },
      "properties": {
        "parcel_id": "CAD-0073",
        "feature_type": "Building",
        "category": "Structure",
        "color_hex": "#FF3232",
        "area_px": 28003.0,
        "area_sqm": 179.22,
        "area_hectares": 0.0179,
        "area_acres": 0.0443,
        "area_gaj": 214.35,
        "perimeter_m": 59.65,
        "vertex_count": 7,
        "confidence": 0.88,
        "verification_status": "Verified"
      }
    },
    {
      "type": "Feature",
      "id": "CAD-0074",
      "geometry": {
        "type": "Polygon",
        "coordinates": [
          [
            [
              2274.0,
              6293.0
            ],
            [
              2274.0,
              6444.0
            ],
            [
              2891.0,
              6444.0
            ],
            [
              2898.0,
              6293.0
            ],
            [
              2274.0,
              6293.0
            ]
          ]
        ]
      },
      "properties": {
        "parcel_id": "CAD-0074",
        "feature_type": "Building",
        "category": "Structure",
        "color_hex": "#FF3232",
        "area_px": 93982.5,
        "area_sqm": 601.49,
        "area_hectares": 0.0601,
        "area_acres": 0.1486,
        "area_gaj": 719.38,
        "perimeter_m": 123.45,
        "vertex_count": 5,
        "confidence": 0.88,
        "verification_status": "Verified"
      }
    },
    {
      "type": "Feature",
      "id": "CAD-0075",
      "geometry": {
        "type": "Polygon",
        "coordinates": [
          [
            [
              1965.0,
              239.0
            ],
            [
              1965.0,
              774.0
            ],
            [
              2362.0,
              774.0
            ],
            [
              2394.0,
              730.0
            ],
            [
              2412.0,
              415.0
            ],
            [
              2305.0,
              415.0
            ],
            [
              2280.0,
              264.0
            ],
            [
              2362.0,
              245.0
            ],
            [
              2412.0,
              283.0
            ],
            [
              2412.0,
              239.0
            ],
            [
              1965.0,
              239.0
            ]
          ]
        ]
      },
      "properties": {
        "parcel_id": "CAD-0075",
        "feature_type": "Building",
        "category": "Structure",
        "color_hex": "#FF3232",
        "area_px": 215582.0,
        "area_sqm": 1379.72,
        "area_hectares": 0.138,
        "area_acres": 0.3409,
        "area_gaj": 1650.15,
        "perimeter_m": 176.0,
        "vertex_count": 11,
        "confidence": 0.88,
        "verification_status": "Verified"
      }
    },
    {
      "type": "Feature",
      "id": "CAD-0076",
      "geometry": {
        "type": "Polygon",
        "coordinates": [
          [
            [
              2299.0,
              422.0
            ],
            [
              2299.0,
              510.0
            ],
            [
              2305.0,
              504.0
            ],
            [
              2343.0,
              510.0
            ],
            [
              2349.0,
              535.0
            ],
            [
              2394.0,
              585.0
            ],
            [
              2482.0,
              585.0
            ],
            [
              2513.0,
              548.0
            ],
            [
              2526.0,
              472.0
            ],
            [
              2538.0,
              459.0
            ],
            [
              2538.0,
              422.0
            ],
            [
              2299.0,
              422.0
            ]
          ]
        ]
      },
      "properties": {
        "parcel_id": "CAD-0076",
        "feature_type": "Building",
        "category": "Structure",
        "color_hex": "#FF3232",
        "area_px": 31035.5,
        "area_sqm": 198.63,
        "area_hectares": 0.0199,
        "area_acres": 0.0491,
        "area_gaj": 237.56,
        "perimeter_m": 58.8,
        "vertex_count": 12,
        "confidence": 0.88,
        "verification_status": "Verified"
      }
    },
    {
      "type": "Feature",
      "id": "CAD-0077",
      "geometry": {
        "type": "Polygon",
        "coordinates": [
          [
            [
              12.0,
              6262.0
            ],
            [
              12.0,
              6413.0
            ],
            [
              648.0,
              6413.0
            ],
            [
              648.0,
              6262.0
            ],
            [
              12.0,
              6262.0
            ]
          ]
        ]
      },
      "properties": {
        "parcel_id": "CAD-0077",
        "feature_type": "Building",
        "category": "Structure",
        "color_hex": "#FF3232",
        "area_px": 96036.0,
        "area_sqm": 614.63,
        "area_hectares": 0.0615,
        "area_acres": 0.1519,
        "area_gaj": 735.1,
        "perimeter_m": 125.92,
        "vertex_count": 5,
        "confidence": 0.88,
        "verification_status": "Verified"
      }
    },
    {
      "type": "Feature",
      "id": "CAD-0078",
      "geometry": {
        "type": "Polygon",
        "coordinates": [
          [
            [
              1171.0,
              3780.0
            ],
            [
              1058.0,
              3622.0
            ],
            [
              1026.0,
              3679.0
            ],
            [
              976.0,
              3622.0
            ],
            [
              982.0,
              3679.0
            ],
            [
              856.0,
              3685.0
            ],
            [
              850.0,
              3622.0
            ],
            [
              598.0,
              3622.0
            ],
            [
              617.0,
              3698.0
            ],
            [
              346.0,
              3742.0
            ],
            [
              138.0,
              3729.0
            ],
            [
              69.0,
              3622.0
            ],
            [
              6.0,
              3622.0
            ],
            [
              6.0,
              3906.0
            ],
            [
              831.0,
              3906.0
            ],
            [
              863.0,
              3748.0
            ],
            [
              900.0,
              3849.0
            ],
            [
              875.0,
              3887.0
            ],
            [
              1159.0,
              3906.0
            ],
            [
              1171.0,
              3780.0
            ]
          ]
        ]
      },
      "properties": {
        "parcel_id": "CAD-0078",
        "feature_type": "Building",
        "category": "Structure",
        "color_hex": "#FF3232",
        "area_px": 246610.0,
        "area_sqm": 1578.3,
        "area_hectares": 0.1578,
        "area_acres": 0.39,
        "area_gaj": 1887.65,
        "perimeter_m": 273.62,
        "vertex_count": 20,
        "confidence": 0.88,
        "verification_status": "Verified"
      }
    },
    {
      "type": "Feature",
      "id": "CAD-0079",
      "geometry": {
        "type": "Polygon",
        "coordinates": [
          [
            [
              6.0,
              8051.0
            ],
            [
              516.0,
              8013.0
            ],
            [
              384.0,
              7881.0
            ],
            [
              365.0,
              7163.0
            ],
            [
              762.0,
              7068.0
            ],
            [
              1159.0,
              7182.0
            ],
            [
              1039.0,
              7484.0
            ],
            [
              787.0,
              7534.0
            ],
            [
              762.0,
              8051.0
            ],
            [
              1367.0,
              8051.0
            ],
            [
              1367.0,
              7686.0
            ],
            [
              422.0,
              7761.0
            ],
            [
              1108.0,
              7730.0
            ],
            [
              1089.0,
              8007.0
            ],
            [
              882.0,
              7919.0
            ],
            [
              907.0,
              7572.0
            ],
            [
              1020.0,
              7673.0
            ],
            [
              1247.0,
              7352.0
            ],
            [
              1127.0,
              7087.0
            ],
            [
              1367.0,
              7087.0
            ],
            [
              1367.0,
              6066.0
            ],
            [
              963.0,
              6060.0
            ],
            [
              1014.0,
              5726.0
            ],
            [
              6.0,
              5726.0
            ],
            [
              6.0,
              8051.0
            ]
          ]
        ]
      },
      "properties": {
        "parcel_id": "CAD-0079",
        "feature_type": "Building",
        "category": "Structure",
        "color_hex": "#FF3232",
        "area_px": 2292425.5,
        "area_sqm": 14671.52,
        "area_hectares": 1.4672,
        "area_acres": 3.6254,
        "area_gaj": 17547.14,
        "perimeter_m": 1037.1,
        "vertex_count": 25,
        "confidence": 0.88,
        "verification_status": "Verified"
      }
    },
    {
      "type": "Feature",
      "id": "CAD-0080",
      "geometry": {
        "type": "Polygon",
        "coordinates": [
          [
            [
              3496.0,
              3855.0
            ],
            [
              3496.0,
              3906.0
            ],
            [
              3578.0,
              3906.0
            ],
            [
              3584.0,
              3899.0
            ],
            [
              3591.0,
              3899.0
            ],
            [
              3597.0,
              3893.0
            ],
            [
              3597.0,
              3855.0
            ],
            [
              3496.0,
              3855.0
            ]
          ]
        ]
      },
      "properties": {
        "parcel_id": "CAD-0080",
        "feature_type": "Building",
        "category": "Structure",
        "color_hex": "#FF3232",
        "area_px": 5021.0,
        "area_sqm": 32.13,
        "area_hectares": 0.0032,
        "area_acres": 0.0079,
        "area_gaj": 38.43,
        "perimeter_m": 23.74,
        "vertex_count": 8,
        "confidence": 0.88,
        "verification_status": "Verified"
      }
    },
    {
      "type": "Feature",
      "id": "CAD-0081",
      "geometry": {
        "type": "Polygon",
        "coordinates": [
          [
            [
              3647.0,
              3899.0
            ],
            [
              3647.0,
              3950.0
            ],
            [
              3735.0,
              3950.0
            ],
            [
              3735.0,
              3899.0
            ],
            [
              3647.0,
              3899.0
            ]
          ]
        ]
      },
      "properties": {
        "parcel_id": "CAD-0081",
        "feature_type": "Building",
        "category": "Structure",
        "color_hex": "#FF3232",
        "area_px": 4488.0,
        "area_sqm": 28.72,
        "area_hectares": 0.0029,
        "area_acres": 0.0071,
        "area_gaj": 34.35,
        "perimeter_m": 22.24,
        "vertex_count": 5,
        "confidence": 0.88,
        "verification_status": "Verified"
      }
    },
    {
      "type": "Feature",
      "id": "CAD-0082",
      "geometry": {
        "type": "Polygon",
        "coordinates": [
          [
            [
              472.0,
              1864.0
            ],
            [
              472.0,
              2349.0
            ],
            [
              642.0,
              2349.0
            ],
            [
              642.0,
              1864.0
            ],
            [
              472.0,
              1864.0
            ]
          ]
        ]
      },
      "properties": {
        "parcel_id": "CAD-0082",
        "feature_type": "Building",
        "category": "Structure",
        "color_hex": "#FF3232",
        "area_px": 82450.0,
        "area_sqm": 527.68,
        "area_hectares": 0.0528,
        "area_acres": 0.1304,
        "area_gaj": 631.11,
        "perimeter_m": 104.8,
        "vertex_count": 5,
        "confidence": 0.88,
        "verification_status": "Verified"
      }
    },
    {
      "type": "Feature",
      "id": "CAD-0083",
      "geometry": {
        "type": "Polygon",
        "coordinates": [
          [
            [
              4737.0,
              5065.0
            ],
            [
              4737.0,
              5436.0
            ],
            [
              6041.0,
              5436.0
            ],
            [
              6041.0,
              5065.0
            ],
            [
              5909.0,
              5065.0
            ],
            [
              5840.0,
              5222.0
            ],
            [
              5745.0,
              5247.0
            ],
            [
              5714.0,
              5304.0
            ],
            [
              5651.0,
              5241.0
            ],
            [
              5619.0,
              5336.0
            ],
            [
              5506.0,
              5065.0
            ],
            [
              5380.0,
              5065.0
            ],
            [
              5405.0,
              5084.0
            ],
            [
              5367.0,
              5115.0
            ],
            [
              5310.0,
              5103.0
            ],
            [
              5323.0,
              5065.0
            ],
            [
              5285.0,
              5109.0
            ],
            [
              5260.0,
              5065.0
            ],
            [
              4737.0,
              5065.0
            ]
          ]
        ]
      },
      "properties": {
        "parcel_id": "CAD-0083",
        "feature_type": "Building",
        "category": "Structure",
        "color_hex": "#FF3232",
        "area_px": 414656.5,
        "area_sqm": 2653.8,
        "area_hectares": 0.2654,
        "area_acres": 0.6558,
        "area_gaj": 3173.94,
        "perimeter_m": 314.57,
        "vertex_count": 19,
        "confidence": 0.88,
        "verification_status": "Verified"
      }
    },
    {
      "type": "Feature",
      "id": "CAD-0084",
      "geometry": {
        "type": "Polygon",
        "coordinates": [
          [
            [
              3647.0,
              3792.0
            ],
            [
              3647.0,
              3830.0
            ],
            [
              3710.0,
              3830.0
            ],
            [
              3717.0,
              3824.0
            ],
            [
              3717.0,
              3817.0
            ],
            [
              3710.0,
              3811.0
            ],
            [
              3710.0,
              3798.0
            ],
            [
              3704.0,
              3792.0
            ],
            [
              3647.0,
              3792.0
            ]
          ]
        ]
      },
      "properties": {
        "parcel_id": "CAD-0084",
        "feature_type": "Building",
        "category": "Structure",
        "color_hex": "#FF3232",
        "area_px": 2467.0,
        "area_sqm": 15.79,
        "area_hectares": 0.0016,
        "area_acres": 0.0039,
        "area_gaj": 18.88,
        "perimeter_m": 16.39,
        "vertex_count": 9,
        "confidence": 0.88,
        "verification_status": "Verified"
      }
    },
    {
      "type": "Feature",
      "id": "CAD-0085",
      "geometry": {
        "type": "Polygon",
        "coordinates": [
          [
            [
              3502.0,
              3918.0
            ],
            [
              3502.0,
              3962.0
            ],
            [
              3528.0,
              3962.0
            ],
            [
              3534.0,
              3969.0
            ],
            [
              3572.0,
              3969.0
            ],
            [
              3578.0,
              3962.0
            ],
            [
              3591.0,
              3962.0
            ],
            [
              3597.0,
              3956.0
            ],
            [
              3597.0,
              3918.0
            ],
            [
              3502.0,
              3918.0
            ]
          ]
        ]
      },
      "properties": {
        "parcel_id": "CAD-0085",
        "feature_type": "Building",
        "category": "Structure",
        "color_hex": "#FF3232",
        "area_px": 4470.0,
        "area_sqm": 28.61,
        "area_hectares": 0.0029,
        "area_acres": 0.0071,
        "area_gaj": 34.22,
        "perimeter_m": 22.47,
        "vertex_count": 10,
        "confidence": 0.88,
        "verification_status": "Verified"
      }
    },
    {
      "type": "Feature",
      "id": "CAD-0086",
      "geometry": {
        "type": "Polygon",
        "coordinates": [
          [
            [
              5833.0,
              0.0
            ],
            [
              5833.0,
              264.0
            ],
            [
              5877.0,
              264.0
            ],
            [
              5991.0,
              226.0
            ],
            [
              6029.0,
              239.0
            ],
            [
              6029.0,
              0.0
            ],
            [
              5833.0,
              0.0
            ]
          ]
        ]
      },
      "properties": {
        "parcel_id": "CAD-0086",
        "feature_type": "Building",
        "category": "Structure",
        "color_hex": "#FF3232",
        "area_px": 48327.5,
        "area_sqm": 309.3,
        "area_hectares": 0.0309,
        "area_acres": 0.0764,
        "area_gaj": 369.92,
        "perimeter_m": 72.27,
        "vertex_count": 7,
        "confidence": 0.88,
        "verification_status": "Verified"
      }
    },
    {
      "type": "Feature",
      "id": "CAD-0087",
      "geometry": {
        "type": "Polygon",
        "coordinates": [
          [
            [
              1417.0,
              3924.0
            ],
            [
              1392.0,
              3950.0
            ],
            [
              1392.0,
              4132.0
            ],
            [
              1404.0,
              4139.0
            ],
            [
              1423.0,
              4239.0
            ],
            [
              1631.0,
              4239.0
            ],
            [
              1631.0,
              4069.0
            ],
            [
              1606.0,
              4000.0
            ],
            [
              1606.0,
              3924.0
            ],
            [
              1417.0,
              3924.0
            ]
          ]
        ]
      },
      "properties": {
        "parcel_id": "CAD-0087",
        "feature_type": "Building",
        "category": "Structure",
        "color_hex": "#FF3232",
        "area_px": 70040.5,
        "area_sqm": 448.26,
        "area_hectares": 0.0448,
        "area_acres": 0.1108,
        "area_gaj": 536.12,
        "perimeter_m": 84.01,
        "vertex_count": 10,
        "confidence": 0.88,
        "verification_status": "Verified"
      }
    },
    {
      "type": "Feature",
      "id": "CAD-0088",
      "geometry": {
        "type": "Polygon",
        "coordinates": [
          [
            [
              2270.0,
              8058.0
            ],
            [
              2270.0,
              8063.0
            ],
            [
              2104.0,
              8063.0
            ],
            [
              2111.0,
              8059.0
            ],
            [
              2270.0,
              8058.0
            ]
          ]
        ]
      },
      "properties": {
        "parcel_id": "CAD-0088",
        "feature_type": "Tree / Forest",
        "category": "Vegetation",
        "color_hex": "#00B400",
        "area_px": 589.0,
        "area_sqm": 3.77,
        "area_hectares": 0.0004,
        "area_acres": 0.0009,
        "area_gaj": 4.51,
        "perimeter_m": 27.05,
        "vertex_count": 5,
        "confidence": 0.85,
        "verification_status": "Pending Review"
      }
    },
    {
      "type": "Feature",
      "id": "CAD-0089",
      "geometry": {
        "type": "Polygon",
        "coordinates": [
          [
            [
              1006.0,
              8052.0
            ],
            [
              1004.0,
              8063.0
            ],
            [
              901.0,
              8063.0
            ],
            [
              898.0,
              8057.0
            ],
            [
              901.0,
              8052.0
            ],
            [
              1006.0,
              8052.0
            ]
          ]
        ]
      },
      "properties": {
        "parcel_id": "CAD-0089",
        "feature_type": "Tree / Forest",
        "category": "Vegetation",
        "color_hex": "#00B400",
        "area_px": 1156.5,
        "area_sqm": 7.4,
        "area_hectares": 0.0007,
        "area_acres": 0.0018,
        "area_gaj": 8.85,
        "perimeter_m": 18.54,
        "vertex_count": 6,
        "confidence": 0.85,
        "verification_status": "Pending Review"
      }
    },
    {
      "type": "Feature",
      "id": "CAD-0090",
      "geometry": {
        "type": "Polygon",
        "coordinates": [
          [
            [
              709.0,
              8040.0
            ],
            [
              706.0,
              8063.0
            ],
            [
              634.0,
              8063.0
            ],
            [
              635.0,
              8059.0
            ],
            [
              644.0,
              8051.0
            ],
            [
              700.0,
              8027.0
            ],
            [
              703.0,
              8028.0
            ],
            [
              709.0,
              8040.0
            ]
          ]
        ]
      },
      "properties": {
        "parcel_id": "CAD-0090",
        "feature_type": "Tree / Forest",
        "category": "Vegetation",
        "color_hex": "#00B400",
        "area_px": 1190.5,
        "area_sqm": 7.62,
        "area_hectares": 0.0008,
        "area_acres": 0.0019,
        "area_gaj": 9.11,
        "perimeter_m": 15.11,
        "vertex_count": 8,
        "confidence": 0.85,
        "verification_status": "Pending Review"
      }
    },
    {
      "type": "Feature",
      "id": "CAD-0091",
      "geometry": {
        "type": "Polygon",
        "coordinates": [
          [
            [
              3100.0,
              7898.0
            ],
            [
              3130.0,
              7914.0
            ],
            [
              3135.0,
              7921.0
            ],
            [
              3134.0,
              8019.0
            ],
            [
              3119.0,
              8027.0
            ],
            [
              3104.0,
              8016.0
            ],
            [
              3101.0,
              7997.0
            ],
            [
              3100.0,
              7898.0
            ]
          ]
        ]
      },
      "properties": {
        "parcel_id": "CAD-0091",
        "feature_type": "Tree / Forest",
        "category": "Vegetation",
        "color_hex": "#00B400",
        "area_px": 3621.5,
        "area_sqm": 23.18,
        "area_hectares": 0.0023,
        "area_acres": 0.0057,
        "area_gaj": 27.72,
        "perimeter_m": 23.56,
        "vertex_count": 8,
        "confidence": 0.85,
        "verification_status": "Pending Review"
      }
    },
    {
      "type": "Feature",
      "id": "CAD-0092",
      "geometry": {
        "type": "Polygon",
        "coordinates": [
          [
            [
              1085.0,
              7704.0
            ],
            [
              919.0,
              7717.0
            ],
            [
              908.0,
              7702.0
            ],
            [
              909.0,
              7682.0
            ],
            [
              927.0,
              7671.0
            ],
            [
              1063.0,
              7669.0
            ],
            [
              1083.0,
              7691.0
            ],
            [
              1085.0,
              7704.0
            ]
          ]
        ]
      },
      "properties": {
        "parcel_id": "CAD-0092",
        "feature_type": "Tree / Forest",
        "category": "Vegetation",
        "color_hex": "#00B400",
        "area_px": 4813.5,
        "area_sqm": 30.81,
        "area_hectares": 0.0031,
        "area_acres": 0.0076,
        "area_gaj": 36.85,
        "perimeter_m": 32.41,
        "vertex_count": 8,
        "confidence": 0.85,
        "verification_status": "Pending Review"
      }
    },
    {
      "type": "Feature",
      "id": "CAD-0093",
      "geometry": {
        "type": "Polygon",
        "coordinates": [
          [
            [
              1202.0,
              7485.0
            ],
            [
              1204.0,
              7481.0
            ],
            [
              1206.0,
              7480.0
            ],
            [
              1223.0,
              7480.0
            ],
            [
              1236.0,
              7483.0
            ],
            [
              1245.0,
              7488.0
            ],
            [
              1245.0,
              7490.0
            ],
            [
              1230.0,
              7495.0
            ],
            [
              1206.0,
              7493.0
            ],
            [
              1203.0,
              7491.0
            ],
            [
              1202.0,
              7485.0
            ]
          ]
        ]
      },
      "properties": {
        "parcel_id": "CAD-0093",
        "feature_type": "Tree / Forest",
        "category": "Vegetation",
        "color_hex": "#00B400",
        "area_px": 459.5,
        "area_sqm": 2.94,
        "area_hectares": 0.0003,
        "area_acres": 0.0007,
        "area_gaj": 3.52,
        "perimeter_m": 7.91,
        "vertex_count": 11,
        "confidence": 0.85,
        "verification_status": "Pending Review"
      }
    },
    {
      "type": "Feature",
      "id": "CAD-0094",
      "geometry": {
        "type": "Polygon",
        "coordinates": [
          [
            [
              1468.0,
              7457.0
            ],
            [
              1470.0,
              7458.0
            ],
            [
              1479.0,
              7474.0
            ],
            [
              1479.0,
              7482.0
            ],
            [
              1477.0,
              7492.0
            ],
            [
              1468.0,
              7500.0
            ],
            [
              1455.0,
              7486.0
            ],
            [
              1453.0,
              7482.0
            ],
            [
              1453.0,
              7472.0
            ],
            [
              1456.0,
              7462.0
            ],
            [
              1468.0,
              7457.0
            ]
          ]
        ]
      },
      "properties": {
        "parcel_id": "CAD-0094",
        "feature_type": "Tree / Forest",
        "category": "Vegetation",
        "color_hex": "#00B400",
        "area_px": 687.5,
        "area_sqm": 4.4,
        "area_hectares": 0.0004,
        "area_acres": 0.0011,
        "area_gaj": 5.26,
        "perimeter_m": 8.63,
        "vertex_count": 11,
        "confidence": 0.85,
        "verification_status": "Pending Review"
      }
    },
    {
      "type": "Feature",
      "id": "CAD-0095",
      "geometry": {
        "type": "Polygon",
        "coordinates": [
          [
            [
              1381.0,
              7451.0
            ],
            [
              1387.0,
              7452.0
            ],
            [
              1391.0,
              7473.0
            ],
            [
              1391.0,
              7520.0
            ],
            [
              1385.0,
              7568.0
            ],
            [
              1372.0,
              7549.0
            ],
            [
              1358.0,
              7471.0
            ],
            [
              1359.0,
              7466.0
            ],
            [
              1381.0,
              7451.0
            ]
          ]
        ]
      },
      "properties": {
        "parcel_id": "CAD-0095",
        "feature_type": "Tree / Forest",
        "category": "Vegetation",
        "color_hex": "#00B400",
        "area_px": 2254.5,
        "area_sqm": 14.43,
        "area_hectares": 0.0014,
        "area_acres": 0.0036,
        "area_gaj": 17.26,
        "perimeter_m": 20.55,
        "vertex_count": 9,
        "confidence": 0.85,
        "verification_status": "Pending Review"
      }
    },
    {
      "type": "Feature",
      "id": "CAD-0096",
      "geometry": {
        "type": "Polygon",
        "coordinates": [
          [
            [
              1180.0,
              7458.0
            ],
            [
              1190.0,
              7451.0
            ],
            [
              1203.0,
              7451.0
            ],
            [
              1229.0,
              7456.0
            ],
            [
              1235.0,
              7460.0
            ],
            [
              1238.0,
              7467.0
            ],
            [
              1235.0,
              7469.0
            ],
            [
              1182.0,
              7464.0
            ],
            [
              1180.0,
              7463.0
            ],
            [
              1180.0,
              7458.0
            ]
          ]
        ]
      },
      "properties": {
        "parcel_id": "CAD-0096",
        "feature_type": "Tree / Forest",
        "category": "Vegetation",
        "color_hex": "#00B400",
        "area_px": 675.5,
        "area_sqm": 4.32,
        "area_hectares": 0.0004,
        "area_acres": 0.0011,
        "area_gaj": 5.17,
        "perimeter_m": 10.45,
        "vertex_count": 10,
        "confidence": 0.85,
        "verification_status": "Pending Review"
      }
    },
    {
      "type": "Feature",
      "id": "CAD-0097",
      "geometry": {
        "type": "Polygon",
        "coordinates": [
          [
            [
              2988.0,
              7387.0
            ],
            [
              2990.0,
              7388.0
            ],
            [
              2993.0,
              7394.0
            ],
            [
              2993.0,
              7412.0
            ],
            [
              2990.0,
              7430.0
            ],
            [
              2988.0,
              7431.0
            ],
            [
              2984.0,
              7428.0
            ],
            [
              2976.0,
              7413.0
            ],
            [
              2977.0,
              7394.0
            ],
            [
              2988.0,
              7387.0
            ]
          ]
        ]
      },
      "properties": {
        "parcel_id": "CAD-0097",
        "feature_type": "Tree / Forest",
        "category": "Vegetation",
        "color_hex": "#00B400",
        "area_px": 501.0,
        "area_sqm": 3.21,
        "area_hectares": 0.0003,
        "area_acres": 0.0008,
        "area_gaj": 3.84,
        "perimeter_m": 8.12,
        "vertex_count": 10,
        "confidence": 0.85,
        "verification_status": "Pending Review"
      }
    },
    {
      "type": "Feature",
      "id": "CAD-0098",
      "geometry": {
        "type": "Polygon",
        "coordinates": [
          [
            [
              506.0,
              7319.0
            ],
            [
              509.0,
              7320.0
            ],
            [
              515.0,
              7338.0
            ],
            [
              513.0,
              7354.0
            ],
            [
              511.0,
              7355.0
            ],
            [
              507.0,
              7355.0
            ],
            [
              503.0,
              7353.0
            ],
            [
              497.0,
              7346.0
            ],
            [
              498.0,
              7330.0
            ],
            [
              504.0,
              7320.0
            ],
            [
              506.0,
              7319.0
            ]
          ]
        ]
      },
      "properties": {
        "parcel_id": "CAD-0098",
        "feature_type": "Tree / Forest",
        "category": "Vegetation",
        "color_hex": "#00B400",
        "area_px": 402.5,
        "area_sqm": 2.58,
        "area_hectares": 0.0003,
        "area_acres": 0.0006,
        "area_gaj": 3.09,
        "perimeter_m": 7.05,
        "vertex_count": 11,
        "confidence": 0.85,
        "verification_status": "Pending Review"
      }
    },
    {
      "type": "Feature",
      "id": "CAD-0099",
      "geometry": {
        "type": "Polygon",
        "coordinates": [
          [
            [
              750.0,
              7296.0
            ],
            [
              755.0,
              7296.0
            ],
            [
              767.0,
              7302.0
            ],
            [
              769.0,
              7305.0
            ],
            [
              763.0,
              7334.0
            ],
            [
              758.0,
              7346.0
            ],
            [
              756.0,
              7347.0
            ],
            [
              752.0,
              7345.0
            ],
            [
              744.0,
              7333.0
            ],
            [
              746.0,
              7298.0
            ],
            [
              750.0,
              7296.0
            ]
          ]
        ]
      },
      "properties": {
        "parcel_id": "CAD-0099",
        "feature_type": "Tree / Forest",
        "category": "Vegetation",
        "color_hex": "#00B400",
        "area_px": 702.0,
        "area_sqm": 4.49,
        "area_hectares": 0.0004,
        "area_acres": 0.0011,
        "area_gaj": 5.37,
        "perimeter_m": 10.02,
        "vertex_count": 11,
        "confidence": 0.85,
        "verification_status": "Pending Review"
      }
    },
    {
      "type": "Feature",
      "id": "CAD-0100",
      "geometry": {
        "type": "Polygon",
        "coordinates": [
          [
            [
              1022.0,
              7275.0
            ],
            [
              1024.0,
              7312.0
            ],
            [
              1007.0,
              7332.0
            ],
            [
              927.0,
              7391.0
            ],
            [
              873.0,
              7373.0
            ],
            [
              777.0,
              7308.0
            ],
            [
              799.0,
              7296.0
            ],
            [
              883.0,
              7282.0
            ],
            [
              1022.0,
              7275.0
            ]
          ]
        ]
      },
      "properties": {
        "parcel_id": "CAD-0100",
        "feature_type": "Tree / Forest",
        "category": "Vegetation",
        "color_hex": "#00B400",
        "area_px": 11026.0,
        "area_sqm": 70.57,
        "area_hectares": 0.0071,
        "area_acres": 0.0174,
        "area_gaj": 84.4,
        "perimeter_m": 46.8,
        "vertex_count": 9,
        "confidence": 0.85,
        "verification_status": "Pending Review"
      }
    },
    {
      "type": "Feature",
      "id": "CAD-0101",
      "geometry": {
        "type": "Polygon",
        "coordinates": [
          [
            [
              724.0,
              7294.0
            ],
            [
              668.0,
              7327.0
            ],
            [
              493.0,
              7319.0
            ],
            [
              455.0,
              7300.0
            ],
            [
              507.0,
              7268.0
            ],
            [
              637.0,
              7257.0
            ],
            [
              700.0,
              7268.0
            ],
            [
              724.0,
              7294.0
            ]
          ]
        ]
      },
      "properties": {
        "parcel_id": "CAD-0101",
        "feature_type": "Tree / Forest",
        "category": "Vegetation",
        "color_hex": "#00B400",
        "area_px": 9630.0,
        "area_sqm": 61.63,
        "area_hectares": 0.0062,
        "area_acres": 0.0152,
        "area_gaj": 73.71,
        "perimeter_m": 45.88,
        "vertex_count": 8,
        "confidence": 0.85,
        "verification_status": "Pending Review"
      }
    },
    {
      "type": "Feature",
      "id": "CAD-0102",
      "geometry": {
        "type": "Polygon",
        "coordinates": [
          [
            [
              2139.0,
              6951.0
            ],
            [
              2186.0,
              6900.0
            ],
            [
              2277.0,
              6896.0
            ],
            [
              2395.0,
              6944.0
            ],
            [
              2446.0,
              7067.0
            ],
            [
              2398.0,
              7088.0
            ],
            [
              2161.0,
              7067.0
            ],
            [
              2141.0,
              7054.0
            ],
            [
              2139.0,
              6951.0
            ]
          ]
        ]
      },
      "properties": {
        "parcel_id": "CAD-0102",
        "feature_type": "Tree / Forest",
        "category": "Vegetation",
        "color_hex": "#00B400",
        "area_px": 34469.0,
        "area_sqm": 220.6,
        "area_hectares": 0.0221,
        "area_acres": 0.0545,
        "area_gaj": 263.84,
        "perimeter_m": 67.05,
        "vertex_count": 9,
        "confidence": 0.85,
        "verification_status": "Pending Review"
      }
    },
    {
      "type": "Feature",
      "id": "CAD-0103",
      "geometry": {
        "type": "Polygon",
        "coordinates": [
          [
            [
              3866.0,
              6781.0
            ],
            [
              3962.0,
              6781.0
            ],
            [
              4062.0,
              7010.0
            ],
            [
              4031.0,
              7058.0
            ],
            [
              3960.0,
              7074.0
            ],
            [
              3854.0,
              7040.0
            ],
            [
              3848.0,
              7014.0
            ],
            [
              3866.0,
              6781.0
            ]
          ]
        ]
      },
      "properties": {
        "parcel_id": "CAD-0103",
        "feature_type": "Tree / Forest",
        "category": "Vegetation",
        "color_hex": "#00B400",
        "area_px": 44147.5,
        "area_sqm": 282.54,
        "area_hectares": 0.0283,
        "area_acres": 0.0698,
        "area_gaj": 337.92,
        "perimeter_m": 67.8,
        "vertex_count": 8,
        "confidence": 0.85,
        "verification_status": "Pending Review"
      }
    },
    {
      "type": "Feature",
      "id": "CAD-0104",
      "geometry": {
        "type": "Polygon",
        "coordinates": [
          [
            [
              3255.0,
              6738.0
            ],
            [
              3267.0,
              6752.0
            ],
            [
              3267.0,
              6766.0
            ],
            [
              3235.0,
              6814.0
            ],
            [
              3223.0,
              6815.0
            ],
            [
              3218.0,
              6807.0
            ],
            [
              3218.0,
              6790.0
            ],
            [
              3240.0,
              6743.0
            ],
            [
              3255.0,
              6738.0
            ]
          ]
        ]
      },
      "properties": {
        "parcel_id": "CAD-0104",
        "feature_type": "Tree / Forest",
        "category": "Vegetation",
        "color_hex": "#00B400",
        "area_px": 1397.5,
        "area_sqm": 8.94,
        "area_hectares": 0.0009,
        "area_acres": 0.0022,
        "area_gaj": 10.69,
        "perimeter_m": 15.7,
        "vertex_count": 9,
        "confidence": 0.85,
        "verification_status": "Pending Review"
      }
    },
    {
      "type": "Feature",
      "id": "CAD-0105",
      "geometry": {
        "type": "Polygon",
        "coordinates": [
          [
            [
              3428.0,
              6708.0
            ],
            [
              3441.0,
              6779.0
            ],
            [
              3393.0,
              7120.0
            ],
            [
              3380.0,
              7132.0
            ],
            [
              3266.0,
              7135.0
            ],
            [
              3212.0,
              7071.0
            ],
            [
              3292.0,
              6718.0
            ],
            [
              3428.0,
              6708.0
            ]
          ]
        ]
      },
      "properties": {
        "parcel_id": "CAD-0105",
        "feature_type": "Tree / Forest",
        "category": "Vegetation",
        "color_hex": "#00B400",
        "area_px": 54487.5,
        "area_sqm": 348.72,
        "area_hectares": 0.0349,
        "area_acres": 0.0862,
        "area_gaj": 417.07,
        "perimeter_m": 90.43,
        "vertex_count": 8,
        "confidence": 0.85,
        "verification_status": "Pending Review"
      }
    },
    {
      "type": "Feature",
      "id": "CAD-0106",
      "geometry": {
        "type": "Polygon",
        "coordinates": [
          [
            [
              2291.0,
              6730.0
            ],
            [
              2379.0,
              6704.0
            ],
            [
              2637.0,
              6725.0
            ],
            [
              2656.0,
              6744.0
            ],
            [
              2659.0,
              6882.0
            ],
            [
              2628.0,
              6925.0
            ],
            [
              2523.0,
              6950.0
            ],
            [
              2404.0,
              6928.0
            ],
            [
              2293.0,
              6866.0
            ],
            [
              2291.0,
              6730.0
            ]
          ]
        ]
      },
      "properties": {
        "parcel_id": "CAD-0106",
        "feature_type": "Tree / Forest",
        "category": "Vegetation",
        "color_hex": "#00B400",
        "area_px": 53810.0,
        "area_sqm": 344.38,
        "area_hectares": 0.0344,
        "area_acres": 0.0851,
        "area_gaj": 411.88,
        "perimeter_m": 84.85,
        "vertex_count": 10,
        "confidence": 0.85,
        "verification_status": "Pending Review"
      }
    },
    {
      "type": "Feature",
      "id": "CAD-0107",
      "geometry": {
        "type": "Polygon",
        "coordinates": [
          [
            [
              3231.0,
              6674.0
            ],
            [
              3244.0,
              6684.0
            ],
            [
              3249.0,
              6703.0
            ],
            [
              3236.0,
              6718.0
            ],
            [
              3232.0,
              6720.0
            ],
            [
              3210.0,
              6717.0
            ],
            [
              3210.0,
              6712.0
            ],
            [
              3216.0,
              6690.0
            ],
            [
              3227.0,
              6675.0
            ],
            [
              3231.0,
              6674.0
            ]
          ]
        ]
      },
      "properties": {
        "parcel_id": "CAD-0107",
        "feature_type": "Tree / Forest",
        "category": "Vegetation",
        "color_hex": "#00B400",
        "area_px": 939.5,
        "area_sqm": 6.01,
        "area_hectares": 0.0006,
        "area_acres": 0.0015,
        "area_gaj": 7.19,
        "perimeter_m": 10.65,
        "vertex_count": 10,
        "confidence": 0.85,
        "verification_status": "Pending Review"
      }
    },
    {
      "type": "Feature",
      "id": "CAD-0108",
      "geometry": {
        "type": "Polygon",
        "coordinates": [
          [
            [
              2275.0,
              6642.0
            ],
            [
              2279.0,
              6645.0
            ],
            [
              2285.0,
              6654.0
            ],
            [
              2286.0,
              6677.0
            ],
            [
              2284.0,
              6691.0
            ],
            [
              2279.0,
              6697.0
            ],
            [
              2275.0,
              6696.0
            ],
            [
              2275.0,
              6642.0
            ]
          ]
        ]
      },
      "properties": {
        "parcel_id": "CAD-0108",
        "feature_type": "Tree / Forest",
        "category": "Vegetation",
        "color_hex": "#00B400",
        "area_px": 443.5,
        "area_sqm": 2.84,
        "area_hectares": 0.0003,
        "area_acres": 0.0007,
        "area_gaj": 3.4,
        "perimeter_m": 9.51,
        "vertex_count": 8,
        "confidence": 0.85,
        "verification_status": "Pending Review"
      }
    },
    {
      "type": "Feature",
      "id": "CAD-0109",
      "geometry": {
        "type": "Polygon",
        "coordinates": [
          [
            [
              3314.0,
              6604.0
            ],
            [
              3324.0,
              6597.0
            ],
            [
              3422.0,
              6604.0
            ],
            [
              3425.0,
              6607.0
            ],
            [
              3422.0,
              6652.0
            ],
            [
              3413.0,
              6652.0
            ],
            [
              3324.0,
              6616.0
            ],
            [
              3314.0,
              6608.0
            ],
            [
              3314.0,
              6604.0
            ]
          ]
        ]
      },
      "properties": {
        "parcel_id": "CAD-0109",
        "feature_type": "Tree / Forest",
        "category": "Vegetation",
        "color_hex": "#00B400",
        "area_px": 2880.5,
        "area_sqm": 18.44,
        "area_hectares": 0.0018,
        "area_acres": 0.0046,
        "area_gaj": 22.05,
        "perimeter_m": 22.53,
        "vertex_count": 9,
        "confidence": 0.85,
        "verification_status": "Pending Review"
      }
    },
    {
      "type": "Feature",
      "id": "CAD-0110",
      "geometry": {
        "type": "Polygon",
        "coordinates": [
          [
            [
              3831.0,
              6611.0
            ],
            [
              3809.0,
              6686.0
            ],
            [
              3739.0,
              6734.0
            ],
            [
              3684.0,
              6749.0
            ],
            [
              3621.0,
              6742.0
            ],
            [
              3580.0,
              6667.0
            ],
            [
              3597.0,
              6620.0
            ],
            [
              3732.0,
              6596.0
            ],
            [
              3831.0,
              6611.0
            ]
          ]
        ]
      },
      "properties": {
        "parcel_id": "CAD-0110",
        "feature_type": "Tree / Forest",
        "category": "Vegetation",
        "color_hex": "#00B400",
        "area_px": 24619.0,
        "area_sqm": 157.56,
        "area_hectares": 0.0158,
        "area_acres": 0.0389,
        "area_gaj": 188.44,
        "perimeter_m": 52.49,
        "vertex_count": 9,
        "confidence": 0.85,
        "verification_status": "Pending Review"
      }
    },
    {
      "type": "Feature",
      "id": "CAD-0111",
      "geometry": {
        "type": "Polygon",
        "coordinates": [
          [
            [
              3288.0,
              6528.0
            ],
            [
              3309.0,
              6542.0
            ],
            [
              3305.0,
              6557.0
            ],
            [
              3294.0,
              6578.0
            ],
            [
              3291.0,
              6580.0
            ],
            [
              3279.0,
              6581.0
            ],
            [
              3262.0,
              6573.0
            ],
            [
              3260.0,
              6567.0
            ],
            [
              3270.0,
              6535.0
            ],
            [
              3288.0,
              6528.0
            ]
          ]
        ]
      },
      "properties": {
        "parcel_id": "CAD-0111",
        "feature_type": "Tree / Forest",
        "category": "Vegetation",
        "color_hex": "#00B400",
        "area_px": 1480.5,
        "area_sqm": 9.48,
        "area_hectares": 0.0009,
        "area_acres": 0.0023,
        "area_gaj": 11.34,
        "perimeter_m": 12.65,
        "vertex_count": 10,
        "confidence": 0.85,
        "verification_status": "Pending Review"
      }
    },
    {
      "type": "Feature",
      "id": "CAD-0112",
      "geometry": {
        "type": "Polygon",
        "coordinates": [
          [
            [
              2624.0,
              6548.0
            ],
            [
              2618.0,
              6602.0
            ],
            [
              2596.0,
              6621.0
            ],
            [
              2494.0,
              6625.0
            ],
            [
              2457.0,
              6610.0
            ],
            [
              2448.0,
              6600.0
            ],
            [
              2457.0,
              6523.0
            ],
            [
              2467.0,
              6512.0
            ],
            [
              2597.0,
              6518.0
            ],
            [
              2611.0,
              6526.0
            ],
            [
              2624.0,
              6548.0
            ]
          ]
        ]
      },
      "properties": {
        "parcel_id": "CAD-0112",
        "feature_type": "Tree / Forest",
        "category": "Vegetation",
        "color_hex": "#00B400",
        "area_px": 15186.5,
        "area_sqm": 97.19,
        "area_hectares": 0.0097,
        "area_acres": 0.024,
        "area_gaj": 116.24,
        "perimeter_m": 40.25,
        "vertex_count": 11,
        "confidence": 0.85,
        "verification_status": "Pending Review"
      }
    },
    {
      "type": "Feature",
      "id": "CAD-0113",
      "geometry": {
        "type": "Polygon",
        "coordinates": [
          [
            [
              2303.0,
              6457.0
            ],
            [
              2321.0,
              6455.0
            ],
            [
              2350.0,
              6472.0
            ],
            [
              2382.0,
              6500.0
            ],
            [
              2382.0,
              6504.0
            ],
            [
              2347.0,
              6505.0
            ],
            [
              2316.0,
              6481.0
            ],
            [
              2303.0,
              6462.0
            ],
            [
              2303.0,
              6457.0
            ]
          ]
        ]
      },
      "properties": {
        "parcel_id": "CAD-0113",
        "feature_type": "Tree / Forest",
        "category": "Vegetation",
        "color_hex": "#00B400",
        "area_px": 1351.5,
        "area_sqm": 8.65,
        "area_hectares": 0.0009,
        "area_acres": 0.0021,
        "area_gaj": 10.35,
        "perimeter_m": 16.04,
        "vertex_count": 9,
        "confidence": 0.85,
        "verification_status": "Pending Review"
      }
    },
    {
      "type": "Feature",
      "id": "CAD-0114",
      "geometry": {
        "type": "Polygon",
        "coordinates": [
          [
            [
              2116.0,
              6328.0
            ],
            [
              2129.0,
              6569.0
            ],
            [
              1994.0,
              6640.0
            ],
            [
              1922.0,
              6655.0
            ],
            [
              1879.0,
              6327.0
            ],
            [
              1990.0,
              6316.0
            ],
            [
              2116.0,
              6328.0
            ]
          ]
        ]
      },
      "properties": {
        "parcel_id": "CAD-0114",
        "feature_type": "Tree / Forest",
        "category": "Vegetation",
        "color_hex": "#00B400",
        "area_px": 40584.5,
        "area_sqm": 259.74,
        "area_hectares": 0.026,
        "area_acres": 0.0642,
        "area_gaj": 310.65,
        "perimeter_m": 82.91,
        "vertex_count": 7,
        "confidence": 0.85,
        "verification_status": "Pending Review"
      }
    },
    {
      "type": "Feature",
      "id": "CAD-0115",
      "geometry": {
        "type": "Polygon",
        "coordinates": [
          [
            [
              3015.0,
              6282.0
            ],
            [
              3013.0,
              6290.0
            ],
            [
              3006.0,
              6293.0
            ],
            [
              2978.0,
              6286.0
            ],
            [
              2956.0,
              6273.0
            ],
            [
              2955.0,
              6270.0
            ],
            [
              2967.0,
              6259.0
            ],
            [
              3005.0,
              6258.0
            ],
            [
              3013.0,
              6267.0
            ],
            [
              3015.0,
              6282.0
            ]
          ]
        ]
      },
      "properties": {
        "parcel_id": "CAD-0115",
        "feature_type": "Tree / Forest",
        "category": "Vegetation",
        "color_hex": "#00B400",
        "area_px": 1166.5,
        "area_sqm": 7.47,
        "area_hectares": 0.0007,
        "area_acres": 0.0018,
        "area_gaj": 8.93,
        "perimeter_m": 12.39,
        "vertex_count": 10,
        "confidence": 0.85,
        "verification_status": "Pending Review"
      }
    },
    {
      "type": "Feature",
      "id": "CAD-0116",
      "geometry": {
        "type": "Polygon",
        "coordinates": [
          [
            [
              3003.0,
              6068.0
            ],
            [
              3002.0,
              6085.0
            ],
            [
              2992.0,
              6098.0
            ],
            [
              2990.0,
              6099.0
            ],
            [
              2974.0,
              6094.0
            ],
            [
              2968.0,
              6088.0
            ],
            [
              2967.0,
              6081.0
            ],
            [
              2974.0,
              6074.0
            ],
            [
              2983.0,
              6069.0
            ],
            [
              2995.0,
              6066.0
            ],
            [
              2999.0,
              6066.0
            ],
            [
              3003.0,
              6068.0
            ]
          ]
        ]
      },
      "properties": {
        "parcel_id": "CAD-0116",
        "feature_type": "Tree / Forest",
        "category": "Vegetation",
        "color_hex": "#00B400",
        "area_px": 729.5,
        "area_sqm": 4.67,
        "area_hectares": 0.0005,
        "area_acres": 0.0012,
        "area_gaj": 5.59,
        "perimeter_m": 8.72,
        "vertex_count": 12,
        "confidence": 0.85,
        "verification_status": "Pending Review"
      }
    },
    {
      "type": "Feature",
      "id": "CAD-0117",
      "geometry": {
        "type": "Polygon",
        "coordinates": [
          [
            [
              1962.0,
              5992.0
            ],
            [
              1965.0,
              5990.0
            ],
            [
              1981.0,
              5990.0
            ],
            [
              1994.0,
              5992.0
            ],
            [
              1999.0,
              5995.0
            ],
            [
              2007.0,
              6005.0
            ],
            [
              2007.0,
              6007.0
            ],
            [
              1972.0,
              6015.0
            ],
            [
              1960.0,
              6008.0
            ],
            [
              1962.0,
              5992.0
            ]
          ]
        ]
      },
      "properties": {
        "parcel_id": "CAD-0117",
        "feature_type": "Tree / Forest",
        "category": "Vegetation",
        "color_hex": "#00B400",
        "area_px": 732.0,
        "area_sqm": 4.68,
        "area_hectares": 0.0005,
        "area_acres": 0.0012,
        "area_gaj": 5.6,
        "perimeter_m": 9.55,
        "vertex_count": 10,
        "confidence": 0.85,
        "verification_status": "Pending Review"
      }
    },
    {
      "type": "Feature",
      "id": "CAD-0118",
      "geometry": {
        "type": "Polygon",
        "coordinates": [
          [
            [
              2638.0,
              5991.0
            ],
            [
              2633.0,
              6002.0
            ],
            [
              2621.0,
              6019.0
            ],
            [
              2603.0,
              6024.0
            ],
            [
              2569.0,
              6016.0
            ],
            [
              2569.0,
              6004.0
            ],
            [
              2584.0,
              5995.0
            ],
            [
              2613.0,
              5984.0
            ],
            [
              2638.0,
              5991.0
            ]
          ]
        ]
      },
      "properties": {
        "parcel_id": "CAD-0118",
        "feature_type": "Tree / Forest",
        "category": "Vegetation",
        "color_hex": "#00B400",
        "area_px": 1593.0,
        "area_sqm": 10.2,
        "area_hectares": 0.001,
        "area_acres": 0.0025,
        "area_gaj": 12.2,
        "perimeter_m": 13.84,
        "vertex_count": 9,
        "confidence": 0.85,
        "verification_status": "Pending Review"
      }
    },
    {
      "type": "Feature",
      "id": "CAD-0119",
      "geometry": {
        "type": "Polygon",
        "coordinates": [
          [
            [
              2968.0,
              5940.0
            ],
            [
              2981.0,
              5942.0
            ],
            [
              2999.0,
              5960.0
            ],
            [
              3005.0,
              6017.0
            ],
            [
              3000.0,
              6022.0
            ],
            [
              2954.0,
              6014.0
            ],
            [
              2968.0,
              5940.0
            ]
          ]
        ]
      },
      "properties": {
        "parcel_id": "CAD-0119",
        "feature_type": "Tree / Forest",
        "category": "Vegetation",
        "color_hex": "#00B400",
        "area_px": 2183.0,
        "area_sqm": 13.97,
        "area_hectares": 0.0014,
        "area_acres": 0.0035,
        "area_gaj": 16.71,
        "perimeter_m": 18.0,
        "vertex_count": 7,
        "confidence": 0.85,
        "verification_status": "Pending Review"
      }
    },
    {
      "type": "Feature",
      "id": "CAD-0120",
      "geometry": {
        "type": "Polygon",
        "coordinates": [
          [
            [
              3096.0,
              5780.0
            ],
            [
              3128.0,
              5779.0
            ],
            [
              3133.0,
              5782.0
            ],
            [
              3139.0,
              5812.0
            ],
            [
              3139.0,
              5823.0
            ],
            [
              3135.0,
              5828.0
            ],
            [
              3125.0,
              5832.0
            ],
            [
              3103.0,
              5824.0
            ],
            [
              3095.0,
              5785.0
            ],
            [
              3096.0,
              5780.0
            ]
          ]
        ]
      },
      "properties": {
        "parcel_id": "CAD-0120",
        "feature_type": "Tree / Forest",
        "category": "Vegetation",
        "color_hex": "#00B400",
        "area_px": 1511.0,
        "area_sqm": 9.67,
        "area_hectares": 0.001,
        "area_acres": 0.0024,
        "area_gaj": 11.57,
        "perimeter_m": 13.19,
        "vertex_count": 10,
        "confidence": 0.85,
        "verification_status": "Pending Review"
      }
    },
    {
      "type": "Feature",
      "id": "CAD-0121",
      "geometry": {
        "type": "Polygon",
        "coordinates": [
          [
            [
              1831.0,
              5738.0
            ],
            [
              1832.0,
              5955.0
            ],
            [
              1828.0,
              5956.0
            ],
            [
              1816.0,
              5930.0
            ],
            [
              1808.0,
              5745.0
            ],
            [
              1814.0,
              5739.0
            ],
            [
              1831.0,
              5738.0
            ]
          ]
        ]
      },
      "properties": {
        "parcel_id": "CAD-0121",
        "feature_type": "Tree / Forest",
        "category": "Vegetation",
        "color_hex": "#00B400",
        "area_px": 2129.0,
        "area_sqm": 13.63,
        "area_hectares": 0.0014,
        "area_acres": 0.0034,
        "area_gaj": 16.3,
        "perimeter_m": 36.84,
        "vertex_count": 7,
        "confidence": 0.85,
        "verification_status": "Pending Review"
      }
    },
    {
      "type": "Feature",
      "id": "CAD-0122",
      "geometry": {
        "type": "Polygon",
        "coordinates": [
          [
            [
              1726.0,
              5735.0
            ],
            [
              1732.0,
              5739.0
            ],
            [
              1765.0,
              5795.0
            ],
            [
              1760.0,
              5827.0
            ],
            [
              1744.0,
              5837.0
            ],
            [
              1707.0,
              5850.0
            ],
            [
              1694.0,
              5850.0
            ],
            [
              1691.0,
              5839.0
            ],
            [
              1692.0,
              5757.0
            ],
            [
              1698.0,
              5742.0
            ],
            [
              1726.0,
              5735.0
            ]
          ]
        ]
      },
      "properties": {
        "parcel_id": "CAD-0122",
        "feature_type": "Tree / Forest",
        "category": "Vegetation",
        "color_hex": "#00B400",
        "area_px": 5721.5,
        "area_sqm": 36.62,
        "area_hectares": 0.0037,
        "area_acres": 0.009,
        "area_gaj": 43.8,
        "perimeter_m": 25.13,
        "vertex_count": 11,
        "confidence": 0.85,
        "verification_status": "Pending Review"
      }
    },
    {
      "type": "Feature",
      "id": "CAD-0123",
      "geometry": {
        "type": "Polygon",
        "coordinates": [
          [
            [
              1437.0,
              5694.0
            ],
            [
              1436.0,
              5706.0
            ],
            [
              1420.0,
              5720.0
            ],
            [
              1403.0,
              5715.0
            ],
            [
              1389.0,
              5700.0
            ],
            [
              1389.0,
              5697.0
            ],
            [
              1394.0,
              5694.0
            ],
            [
              1411.0,
              5690.0
            ],
            [
              1432.0,
              5690.0
            ],
            [
              1437.0,
              5694.0
            ]
          ]
        ]
      },
      "properties": {
        "parcel_id": "CAD-0123",
        "feature_type": "Tree / Forest",
        "category": "Vegetation",
        "color_hex": "#00B400",
        "area_px": 831.5,
        "area_sqm": 5.32,
        "area_hectares": 0.0005,
        "area_acres": 0.0013,
        "area_gaj": 6.36,
        "perimeter_m": 10.02,
        "vertex_count": 10,
        "confidence": 0.85,
        "verification_status": "Pending Review"
      }
    },
    {
      "type": "Feature",
      "id": "CAD-0124",
      "geometry": {
        "type": "Polygon",
        "coordinates": [
          [
            [
              2943.0,
              5659.0
            ],
            [
              2974.0,
              5689.0
            ],
            [
              3003.0,
              5763.0
            ],
            [
              3009.0,
              5820.0
            ],
            [
              2879.0,
              5915.0
            ],
            [
              2752.0,
              5843.0
            ],
            [
              2777.0,
              5714.0
            ],
            [
              2790.0,
              5697.0
            ],
            [
              2923.0,
              5656.0
            ],
            [
              2943.0,
              5659.0
            ]
          ]
        ]
      },
      "properties": {
        "parcel_id": "CAD-0124",
        "feature_type": "Tree / Forest",
        "category": "Vegetation",
        "color_hex": "#00B400",
        "area_px": 36125.5,
        "area_sqm": 231.2,
        "area_hectares": 0.0231,
        "area_acres": 0.0571,
        "area_gaj": 276.52,
        "perimeter_m": 63.93,
        "vertex_count": 10,
        "confidence": 0.85,
        "verification_status": "Pending Review"
      }
    },
    {
      "type": "Feature",
      "id": "CAD-0125",
      "geometry": {
        "type": "Polygon",
        "coordinates": [
          [
            [
              4658.0,
              5436.0
            ],
            [
              4680.0,
              5430.0
            ],
            [
              4699.0,
              5435.0
            ],
            [
              4704.0,
              5444.0
            ],
            [
              4703.0,
              5457.0
            ],
            [
              4701.0,
              5462.0
            ],
            [
              4694.0,
              5468.0
            ],
            [
              4667.0,
              5465.0
            ],
            [
              4656.0,
              5455.0
            ],
            [
              4658.0,
              5436.0
            ]
          ]
        ]
      },
      "properties": {
        "parcel_id": "CAD-0125",
        "feature_type": "Tree / Forest",
        "category": "Vegetation",
        "color_hex": "#00B400",
        "area_px": 1388.0,
        "area_sqm": 8.88,
        "area_hectares": 0.0009,
        "area_acres": 0.0022,
        "area_gaj": 10.62,
        "perimeter_m": 11.32,
        "vertex_count": 10,
        "confidence": 0.85,
        "verification_status": "Pending Review"
      }
    },
    {
      "type": "Feature",
      "id": "CAD-0126",
      "geometry": {
        "type": "Polygon",
        "coordinates": [
          [
            [
              3156.0,
              5223.0
            ],
            [
              3152.0,
              5225.0
            ],
            [
              3128.0,
              5225.0
            ],
            [
              3108.0,
              5219.0
            ],
            [
              3108.0,
              5217.0
            ],
            [
              3112.0,
              5209.0
            ],
            [
              3116.0,
              5207.0
            ],
            [
              3146.0,
              5209.0
            ],
            [
              3154.0,
              5214.0
            ],
            [
              3156.0,
              5223.0
            ]
          ]
        ]
      },
      "properties": {
        "parcel_id": "CAD-0126",
        "feature_type": "Tree / Forest",
        "category": "Vegetation",
        "color_hex": "#00B400",
        "area_px": 447.0,
        "area_sqm": 2.86,
        "area_hectares": 0.0003,
        "area_acres": 0.0007,
        "area_gaj": 3.42,
        "perimeter_m": 9.08,
        "vertex_count": 10,
        "confidence": 0.85,
        "verification_status": "Pending Review"
      }
    },
    {
      "type": "Feature",
      "id": "CAD-0127",
      "geometry": {
        "type": "Polygon",
        "coordinates": [
          [
            [
              745.0,
              5157.0
            ],
            [
              756.0,
              5162.0
            ],
            [
              750.0,
              5224.0
            ],
            [
              738.0,
              5224.0
            ],
            [
              731.0,
              5218.0
            ],
            [
              727.0,
              5161.0
            ],
            [
              745.0,
              5157.0
            ]
          ]
        ]
      },
      "properties": {
        "parcel_id": "CAD-0127",
        "feature_type": "Tree / Forest",
        "category": "Vegetation",
        "color_hex": "#00B400",
        "area_px": 1179.5,
        "area_sqm": 7.55,
        "area_hectares": 0.0008,
        "area_acres": 0.0019,
        "area_gaj": 9.03,
        "perimeter_m": 13.69,
        "vertex_count": 7,
        "confidence": 0.85,
        "verification_status": "Pending Review"
      }
    },
    {
      "type": "Feature",
      "id": "CAD-0128",
      "geometry": {
        "type": "Polygon",
        "coordinates": [
          [
            [
              1897.0,
              5122.0
            ],
            [
              1937.0,
              5170.0
            ],
            [
              1922.0,
              5212.0
            ],
            [
              1917.0,
              5215.0
            ],
            [
              1897.0,
              5197.0
            ],
            [
              1886.0,
              5138.0
            ],
            [
              1886.0,
              5130.0
            ],
            [
              1897.0,
              5122.0
            ]
          ]
        ]
      },
      "properties": {
        "parcel_id": "CAD-0128",
        "feature_type": "Tree / Forest",
        "category": "Vegetation",
        "color_hex": "#00B400",
        "area_px": 2151.0,
        "area_sqm": 13.77,
        "area_hectares": 0.0014,
        "area_acres": 0.0034,
        "area_gaj": 16.47,
        "perimeter_m": 17.71,
        "vertex_count": 8,
        "confidence": 0.85,
        "verification_status": "Pending Review"
      }
    },
    {
      "type": "Feature",
      "id": "CAD-0129",
      "geometry": {
        "type": "Polygon",
        "coordinates": [
          [
            [
              4317.0,
              5049.0
            ],
            [
              4319.0,
              5107.0
            ],
            [
              4281.0,
              5149.0
            ],
            [
              4252.0,
              5151.0
            ],
            [
              4233.0,
              5142.0
            ],
            [
              4196.0,
              5096.0
            ],
            [
              4205.0,
              5062.0
            ],
            [
              4248.0,
              5040.0
            ],
            [
              4301.0,
              5043.0
            ],
            [
              4317.0,
              5049.0
            ]
          ]
        ]
      },
      "properties": {
        "parcel_id": "CAD-0129",
        "feature_type": "Tree / Forest",
        "category": "Vegetation",
        "color_hex": "#00B400",
        "area_px": 9161.0,
        "area_sqm": 58.63,
        "area_hectares": 0.0059,
        "area_acres": 0.0145,
        "area_gaj": 70.12,
        "perimeter_m": 30.2,
        "vertex_count": 10,
        "confidence": 0.85,
        "verification_status": "Pending Review"
      }
    },
    {
      "type": "Feature",
      "id": "CAD-0130",
      "geometry": {
        "type": "Polygon",
        "coordinates": [
          [
            [
              1880.0,
              5033.0
            ],
            [
              1894.0,
              5038.0
            ],
            [
              1898.0,
              5041.0
            ],
            [
              1896.0,
              5062.0
            ],
            [
              1881.0,
              5084.0
            ],
            [
              1876.0,
              5086.0
            ],
            [
              1874.0,
              5085.0
            ],
            [
              1872.0,
              5078.0
            ],
            [
              1870.0,
              5056.0
            ],
            [
              1876.0,
              5035.0
            ],
            [
              1880.0,
              5033.0
            ]
          ]
        ]
      },
      "properties": {
        "parcel_id": "CAD-0130",
        "feature_type": "Tree / Forest",
        "category": "Vegetation",
        "color_hex": "#00B400",
        "area_px": 841.5,
        "area_sqm": 5.39,
        "area_hectares": 0.0005,
        "area_acres": 0.0013,
        "area_gaj": 6.45,
        "perimeter_m": 10.47,
        "vertex_count": 11,
        "confidence": 0.85,
        "verification_status": "Pending Review"
      }
    },
    {
      "type": "Feature",
      "id": "CAD-0131",
      "geometry": {
        "type": "Polygon",
        "coordinates": [
          [
            [
              994.0,
              4953.0
            ],
            [
              1029.0,
              4931.0
            ],
            [
              1083.0,
              4944.0
            ],
            [
              1082.0,
              4957.0
            ],
            [
              994.0,
              4957.0
            ],
            [
              994.0,
              4953.0
            ]
          ]
        ]
      },
      "properties": {
        "parcel_id": "CAD-0131",
        "feature_type": "Tree / Forest",
        "category": "Vegetation",
        "color_hex": "#00B400",
        "area_px": 1304.5,
        "area_sqm": 8.35,
        "area_hectares": 0.0008,
        "area_acres": 0.0021,
        "area_gaj": 9.99,
        "perimeter_m": 16.15,
        "vertex_count": 6,
        "confidence": 0.85,
        "verification_status": "Pending Review"
      }
    },
    {
      "type": "Feature",
      "id": "CAD-0132",
      "geometry": {
        "type": "Polygon",
        "coordinates": [
          [
            [
              4308.0,
              4954.0
            ],
            [
              4270.0,
              4959.0
            ],
            [
              4228.0,
              4935.0
            ],
            [
              4225.0,
              4931.0
            ],
            [
              4241.0,
              4917.0
            ],
            [
              4290.0,
              4907.0
            ],
            [
              4296.0,
              4908.0
            ],
            [
              4304.0,
              4914.0
            ],
            [
              4310.0,
              4930.0
            ],
            [
              4308.0,
              4954.0
            ]
          ]
        ]
      },
      "properties": {
        "parcel_id": "CAD-0132",
        "feature_type": "Tree / Forest",
        "category": "Vegetation",
        "color_hex": "#00B400",
        "area_px": 2377.0,
        "area_sqm": 15.21,
        "area_hectares": 0.0015,
        "area_acres": 0.0038,
        "area_gaj": 18.19,
        "perimeter_m": 17.62,
        "vertex_count": 10,
        "confidence": 0.85,
        "verification_status": "Pending Review"
      }
    },
    {
      "type": "Feature",
      "id": "CAD-0133",
      "geometry": {
        "type": "Polygon",
        "coordinates": [
          [
            [
              1794.0,
              4880.0
            ],
            [
              1810.0,
              4888.0
            ],
            [
              1817.0,
              4895.0
            ],
            [
              1823.0,
              4910.0
            ],
            [
              1816.0,
              4926.0
            ],
            [
              1813.0,
              4928.0
            ],
            [
              1787.0,
              4926.0
            ],
            [
              1786.0,
              4914.0
            ],
            [
              1792.0,
              4881.0
            ],
            [
              1794.0,
              4880.0
            ]
          ]
        ]
      },
      "properties": {
        "parcel_id": "CAD-0133",
        "feature_type": "Tree / Forest",
        "category": "Vegetation",
        "color_hex": "#00B400",
        "area_px": 916.0,
        "area_sqm": 5.86,
        "area_hectares": 0.0006,
        "area_acres": 0.0014,
        "area_gaj": 7.01,
        "perimeter_m": 11.11,
        "vertex_count": 10,
        "confidence": 0.85,
        "verification_status": "Pending Review"
      }
    },
    {
      "type": "Feature",
      "id": "CAD-0134",
      "geometry": {
        "type": "Polygon",
        "coordinates": [
          [
            [
              2780.0,
              4806.0
            ],
            [
              2802.0,
              4822.0
            ],
            [
              2801.0,
              4826.0
            ],
            [
              2791.0,
              4839.0
            ],
            [
              2787.0,
              4842.0
            ],
            [
              2781.0,
              4844.0
            ],
            [
              2777.0,
              4842.0
            ],
            [
              2770.0,
              4827.0
            ],
            [
              2776.0,
              4808.0
            ],
            [
              2780.0,
              4806.0
            ]
          ]
        ]
      },
      "properties": {
        "parcel_id": "CAD-0134",
        "feature_type": "Tree / Forest",
        "category": "Vegetation",
        "color_hex": "#00B400",
        "area_px": 467.0,
        "area_sqm": 2.99,
        "area_hectares": 0.0003,
        "area_acres": 0.0007,
        "area_gaj": 3.58,
        "perimeter_m": 8.36,
        "vertex_count": 10,
        "confidence": 0.85,
        "verification_status": "Pending Review"
      }
    },
    {
      "type": "Feature",
      "id": "CAD-0135",
      "geometry": {
        "type": "Polygon",
        "coordinates": [
          [
            [
              2777.0,
              4786.0
            ],
            [
              2771.0,
              4810.0
            ],
            [
              2765.0,
              4814.0
            ],
            [
              2737.0,
              4810.0
            ],
            [
              2733.0,
              4808.0
            ],
            [
              2732.0,
              4799.0
            ],
            [
              2747.0,
              4786.0
            ],
            [
              2766.0,
              4778.0
            ],
            [
              2777.0,
              4786.0
            ]
          ]
        ]
      },
      "properties": {
        "parcel_id": "CAD-0135",
        "feature_type": "Tree / Forest",
        "category": "Vegetation",
        "color_hex": "#00B400",
        "area_px": 541.5,
        "area_sqm": 3.47,
        "area_hectares": 0.0003,
        "area_acres": 0.0009,
        "area_gaj": 4.15,
        "perimeter_m": 10.23,
        "vertex_count": 9,
        "confidence": 0.85,
        "verification_status": "Pending Review"
      }
    },
    {
      "type": "Feature",
      "id": "CAD-0136",
      "geometry": {
        "type": "Polygon",
        "coordinates": [
          [
            [
              517.0,
              4798.0
            ],
            [
              515.0,
              4812.0
            ],
            [
              355.0,
              4808.0
            ],
            [
              360.0,
              4770.0
            ],
            [
              457.0,
              4723.0
            ],
            [
              479.0,
              4741.0
            ],
            [
              517.0,
              4798.0
            ]
          ]
        ]
      },
      "properties": {
        "parcel_id": "CAD-0136",
        "feature_type": "Tree / Forest",
        "category": "Vegetation",
        "color_hex": "#00B400",
        "area_px": 6412.0,
        "area_sqm": 41.04,
        "area_hectares": 0.0041,
        "area_acres": 0.0101,
        "area_gaj": 49.08,
        "perimeter_m": 33.38,
        "vertex_count": 7,
        "confidence": 0.85,
        "verification_status": "Pending Review"
      }
    },
    {
      "type": "Feature",
      "id": "CAD-0137",
      "geometry": {
        "type": "Polygon",
        "coordinates": [
          [
            [
              2772.0,
              4689.0
            ],
            [
              2772.0,
              4693.0
            ],
            [
              2762.0,
              4709.0
            ],
            [
              2750.0,
              4711.0
            ],
            [
              2728.0,
              4695.0
            ],
            [
              2727.0,
              4678.0
            ],
            [
              2731.0,
              4674.0
            ],
            [
              2766.0,
              4677.0
            ],
            [
              2768.0,
              4678.0
            ],
            [
              2772.0,
              4689.0
            ]
          ]
        ]
      },
      "properties": {
        "parcel_id": "CAD-0137",
        "feature_type": "Tree / Forest",
        "category": "Vegetation",
        "color_hex": "#00B400",
        "area_px": 741.5,
        "area_sqm": 4.75,
        "area_hectares": 0.0005,
        "area_acres": 0.0012,
        "area_gaj": 5.68,
        "perimeter_m": 10.72,
        "vertex_count": 10,
        "confidence": 0.85,
        "verification_status": "Pending Review"
      }
    },
    {
      "type": "Feature",
      "id": "CAD-0138",
      "geometry": {
        "type": "Polygon",
        "coordinates": [
          [
            [
              4920.0,
              4632.0
            ],
            [
              4974.0,
              4791.0
            ],
            [
              4972.0,
              4946.0
            ],
            [
              4829.0,
              4933.0
            ],
            [
              4799.0,
              4913.0
            ],
            [
              4791.0,
              4891.0
            ],
            [
              4793.0,
              4784.0
            ],
            [
              4920.0,
              4632.0
            ]
          ]
        ]
      },
      "properties": {
        "parcel_id": "CAD-0138",
        "feature_type": "Tree / Forest",
        "category": "Vegetation",
        "color_hex": "#00B400",
        "area_px": 35124.0,
        "area_sqm": 224.79,
        "area_hectares": 0.0225,
        "area_acres": 0.0555,
        "area_gaj": 268.85,
        "perimeter_m": 66.49,
        "vertex_count": 8,
        "confidence": 0.85,
        "verification_status": "Pending Review"
      }
    },
    {
      "type": "Feature",
      "id": "CAD-0139",
      "geometry": {
        "type": "Polygon",
        "coordinates": [
          [
            [
              1793.0,
              4607.0
            ],
            [
              1805.0,
              4608.0
            ],
            [
              1854.0,
              4658.0
            ],
            [
              1865.0,
              4674.0
            ],
            [
              1859.0,
              4679.0
            ],
            [
              1852.0,
              4680.0
            ],
            [
              1795.0,
              4664.0
            ],
            [
              1788.0,
              4635.0
            ],
            [
              1793.0,
              4607.0
            ]
          ]
        ]
      },
      "properties": {
        "parcel_id": "CAD-0139",
        "feature_type": "Tree / Forest",
        "category": "Vegetation",
        "color_hex": "#00B400",
        "area_px": 1933.5,
        "area_sqm": 12.37,
        "area_hectares": 0.0012,
        "area_acres": 0.0031,
        "area_gaj": 14.79,
        "perimeter_m": 18.71,
        "vertex_count": 9,
        "confidence": 0.85,
        "verification_status": "Pending Review"
      }
    },
    {
      "type": "Feature",
      "id": "CAD-0140",
      "geometry": {
        "type": "Polygon",
        "coordinates": [
          [
            [
              368.0,
              4562.0
            ],
            [
              372.0,
              4655.0
            ],
            [
              353.0,
              4742.0
            ],
            [
              214.0,
              4702.0
            ],
            [
              233.0,
              4660.0
            ],
            [
              357.0,
              4556.0
            ],
            [
              368.0,
              4562.0
            ]
          ]
        ]
      },
      "properties": {
        "parcel_id": "CAD-0140",
        "feature_type": "Tree / Forest",
        "category": "Vegetation",
        "color_hex": "#00B400",
        "area_px": 7787.5,
        "area_sqm": 49.84,
        "area_hectares": 0.005,
        "area_acres": 0.0123,
        "area_gaj": 59.61,
        "perimeter_m": 43.78,
        "vertex_count": 7,
        "confidence": 0.85,
        "verification_status": "Pending Review"
      }
    },
    {
      "type": "Feature",
      "id": "CAD-0141",
      "geometry": {
        "type": "Polygon",
        "coordinates": [
          [
            [
              528.0,
              4514.0
            ],
            [
              688.0,
              4508.0
            ],
            [
              1042.0,
              4624.0
            ],
            [
              1086.0,
              4661.0
            ],
            [
              1067.0,
              4877.0
            ],
            [
              761.0,
              4988.0
            ],
            [
              732.0,
              4980.0
            ],
            [
              529.0,
              4591.0
            ],
            [
              528.0,
              4514.0
            ]
          ]
        ]
      },
      "properties": {
        "parcel_id": "CAD-0141",
        "feature_type": "Tree / Forest",
        "category": "Vegetation",
        "color_hex": "#00B400",
        "area_px": 101375.0,
        "area_sqm": 648.8,
        "area_hectares": 0.0649,
        "area_acres": 0.1603,
        "area_gaj": 775.96,
        "perimeter_m": 134.27,
        "vertex_count": 9,
        "confidence": 0.85,
        "verification_status": "Pending Review"
      }
    },
    {
      "type": "Feature",
      "id": "CAD-0142",
      "geometry": {
        "type": "Polygon",
        "coordinates": [
          [
            [
              48.0,
              4479.0
            ],
            [
              85.0,
              4506.0
            ],
            [
              86.0,
              4565.0
            ],
            [
              84.0,
              4569.0
            ],
            [
              54.0,
              4581.0
            ],
            [
              42.0,
              4580.0
            ],
            [
              45.0,
              4485.0
            ],
            [
              48.0,
              4479.0
            ]
          ]
        ]
      },
      "properties": {
        "parcel_id": "CAD-0142",
        "feature_type": "Tree / Forest",
        "category": "Vegetation",
        "color_hex": "#00B400",
        "area_px": 2971.0,
        "area_sqm": 19.01,
        "area_hectares": 0.0019,
        "area_acres": 0.0047,
        "area_gaj": 22.74,
        "perimeter_m": 20.43,
        "vertex_count": 8,
        "confidence": 0.85,
        "verification_status": "Pending Review"
      }
    },
    {
      "type": "Feature",
      "id": "CAD-0143",
      "geometry": {
        "type": "Polygon",
        "coordinates": [
          [
            [
              384.0,
              4477.0
            ],
            [
              388.0,
              4478.0
            ],
            [
              392.0,
              4492.0
            ],
            [
              389.0,
              4517.0
            ],
            [
              386.0,
              4519.0
            ],
            [
              376.0,
              4511.0
            ],
            [
              374.0,
              4507.0
            ],
            [
              374.0,
              4497.0
            ],
            [
              379.0,
              4480.0
            ],
            [
              384.0,
              4477.0
            ]
          ]
        ]
      },
      "properties": {
        "parcel_id": "CAD-0143",
        "feature_type": "Tree / Forest",
        "category": "Vegetation",
        "color_hex": "#00B400",
        "area_px": 510.0,
        "area_sqm": 3.26,
        "area_hectares": 0.0003,
        "area_acres": 0.0008,
        "area_gaj": 3.9,
        "perimeter_m": 7.86,
        "vertex_count": 10,
        "confidence": 0.85,
        "verification_status": "Pending Review"
      }
    },
    {
      "type": "Feature",
      "id": "CAD-0144",
      "geometry": {
        "type": "Polygon",
        "coordinates": [
          [
            [
              1808.0,
              4441.0
            ],
            [
              1822.0,
              4450.0
            ],
            [
              1823.0,
              4464.0
            ],
            [
              1815.0,
              4486.0
            ],
            [
              1800.0,
              4491.0
            ],
            [
              1798.0,
              4490.0
            ],
            [
              1806.0,
              4442.0
            ],
            [
              1808.0,
              4441.0
            ]
          ]
        ]
      },
      "properties": {
        "parcel_id": "CAD-0144",
        "feature_type": "Tree / Forest",
        "category": "Vegetation",
        "color_hex": "#00B400",
        "area_px": 589.5,
        "area_sqm": 3.77,
        "area_hectares": 0.0004,
        "area_acres": 0.0009,
        "area_gaj": 4.51,
        "perimeter_m": 9.84,
        "vertex_count": 8,
        "confidence": 0.85,
        "verification_status": "Pending Review"
      }
    },
    {
      "type": "Feature",
      "id": "CAD-0145",
      "geometry": {
        "type": "Polygon",
        "coordinates": [
          [
            [
              1747.0,
              4335.0
            ],
            [
              1762.0,
              4320.0
            ],
            [
              1766.0,
              4320.0
            ],
            [
              1796.0,
              4356.0
            ],
            [
              1794.0,
              4364.0
            ],
            [
              1789.0,
              4367.0
            ],
            [
              1754.0,
              4361.0
            ],
            [
              1747.0,
              4335.0
            ]
          ]
        ]
      },
      "properties": {
        "parcel_id": "CAD-0145",
        "feature_type": "Tree / Forest",
        "category": "Vegetation",
        "color_hex": "#00B400",
        "area_px": 922.0,
        "area_sqm": 5.9,
        "area_hectares": 0.0006,
        "area_acres": 0.0015,
        "area_gaj": 7.06,
        "perimeter_m": 11.89,
        "vertex_count": 8,
        "confidence": 0.85,
        "verification_status": "Pending Review"
      }
    },
    {
      "type": "Feature",
      "id": "CAD-0146",
      "geometry": {
        "type": "Polygon",
        "coordinates": [
          [
            [
              1868.0,
              4177.0
            ],
            [
              1865.0,
              4178.0
            ],
            [
              1858.0,
              4175.0
            ],
            [
              1838.0,
              4157.0
            ],
            [
              1836.0,
              4147.0
            ],
            [
              1838.0,
              4146.0
            ],
            [
              1863.0,
              4151.0
            ],
            [
              1868.0,
              4154.0
            ],
            [
              1873.0,
              4159.0
            ],
            [
              1873.0,
              4163.0
            ],
            [
              1868.0,
              4177.0
            ]
          ]
        ]
      },
      "properties": {
        "parcel_id": "CAD-0146",
        "feature_type": "Tree / Forest",
        "category": "Vegetation",
        "color_hex": "#00B400",
        "area_px": 496.0,
        "area_sqm": 3.17,
        "area_hectares": 0.0003,
        "area_acres": 0.0008,
        "area_gaj": 3.79,
        "perimeter_m": 8.59,
        "vertex_count": 11,
        "confidence": 0.85,
        "verification_status": "Pending Review"
      }
    },
    {
      "type": "Feature",
      "id": "CAD-0147",
      "geometry": {
        "type": "Polygon",
        "coordinates": [
          [
            [
              1823.0,
              4132.0
            ],
            [
              1827.0,
              4142.0
            ],
            [
              1808.0,
              4174.0
            ],
            [
              1795.0,
              4188.0
            ],
            [
              1744.0,
              4183.0
            ],
            [
              1745.0,
              4169.0
            ],
            [
              1780.0,
              4148.0
            ],
            [
              1823.0,
              4132.0
            ]
          ]
        ]
      },
      "properties": {
        "parcel_id": "CAD-0147",
        "feature_type": "Tree / Forest",
        "category": "Vegetation",
        "color_hex": "#00B400",
        "area_px": 1333.0,
        "area_sqm": 8.53,
        "area_hectares": 0.0009,
        "area_acres": 0.0021,
        "area_gaj": 10.2,
        "perimeter_m": 17.53,
        "vertex_count": 8,
        "confidence": 0.85,
        "verification_status": "Pending Review"
      }
    },
    {
      "type": "Feature",
      "id": "CAD-0148",
      "geometry": {
        "type": "Polygon",
        "coordinates": [
          [
            [
              4433.0,
              4125.0
            ],
            [
              4432.0,
              4135.0
            ],
            [
              4393.0,
              4179.0
            ],
            [
              4353.0,
              4155.0
            ],
            [
              4353.0,
              4125.0
            ],
            [
              4359.0,
              4122.0
            ],
            [
              4429.0,
              4122.0
            ],
            [
              4433.0,
              4125.0
            ]
          ]
        ]
      },
      "properties": {
        "parcel_id": "CAD-0148",
        "feature_type": "Tree / Forest",
        "category": "Vegetation",
        "color_hex": "#00B400",
        "area_px": 1517.5,
        "area_sqm": 9.71,
        "area_hectares": 0.001,
        "area_acres": 0.0024,
        "area_gaj": 11.61,
        "perimeter_m": 18.18,
        "vertex_count": 8,
        "confidence": 0.85,
        "verification_status": "Pending Review"
      }
    },
    {
      "type": "Feature",
      "id": "CAD-0149",
      "geometry": {
        "type": "Polygon",
        "coordinates": [
          [
            [
              1909.0,
              4118.0
            ],
            [
              1909.0,
              4121.0
            ],
            [
              1903.0,
              4134.0
            ],
            [
              1901.0,
              4135.0
            ],
            [
              1888.0,
              4136.0
            ],
            [
              1883.0,
              4132.0
            ],
            [
              1883.0,
              4120.0
            ],
            [
              1886.0,
              4111.0
            ],
            [
              1888.0,
              4110.0
            ],
            [
              1894.0,
              4110.0
            ],
            [
              1909.0,
              4118.0
            ]
          ]
        ]
      },
      "properties": {
        "parcel_id": "CAD-0149",
        "feature_type": "Tree / Forest",
        "category": "Vegetation",
        "color_hex": "#00B400",
        "area_px": 428.5,
        "area_sqm": 2.74,
        "area_hectares": 0.0003,
        "area_acres": 0.0007,
        "area_gaj": 3.28,
        "perimeter_m": 6.86,
        "vertex_count": 11,
        "confidence": 0.85,
        "verification_status": "Pending Review"
      }
    },
    {
      "type": "Feature",
      "id": "CAD-0150",
      "geometry": {
        "type": "Polygon",
        "coordinates": [
          [
            [
              1798.0,
              4075.0
            ],
            [
              1804.0,
              4082.0
            ],
            [
              1804.0,
              4085.0
            ],
            [
              1773.0,
              4114.0
            ],
            [
              1770.0,
              4113.0
            ],
            [
              1768.0,
              4111.0
            ],
            [
              1769.0,
              4093.0
            ],
            [
              1786.0,
              4073.0
            ],
            [
              1789.0,
              4072.0
            ],
            [
              1798.0,
              4075.0
            ]
          ]
        ]
      },
      "properties": {
        "parcel_id": "CAD-0150",
        "feature_type": "Tree / Forest",
        "category": "Vegetation",
        "color_hex": "#00B400",
        "area_px": 568.0,
        "area_sqm": 3.64,
        "area_hectares": 0.0004,
        "area_acres": 0.0009,
        "area_gaj": 4.35,
        "perimeter_m": 9.41,
        "vertex_count": 10,
        "confidence": 0.85,
        "verification_status": "Pending Review"
      }
    },
    {
      "type": "Feature",
      "id": "CAD-0151",
      "geometry": {
        "type": "Polygon",
        "coordinates": [
          [
            [
              3096.0,
              3942.0
            ],
            [
              3139.0,
              3985.0
            ],
            [
              3142.0,
              4079.0
            ],
            [
              3113.0,
              4104.0
            ],
            [
              3068.0,
              4124.0
            ],
            [
              3011.0,
              4123.0
            ],
            [
              2981.0,
              4102.0
            ],
            [
              2966.0,
              4080.0
            ],
            [
              2959.0,
              4047.0
            ],
            [
              2964.0,
              3990.0
            ],
            [
              2984.0,
              3964.0
            ],
            [
              3012.0,
              3946.0
            ],
            [
              3070.0,
              3936.0
            ],
            [
              3096.0,
              3942.0
            ]
          ]
        ]
      },
      "properties": {
        "parcel_id": "CAD-0151",
        "feature_type": "Tree / Forest",
        "category": "Vegetation",
        "color_hex": "#00B400",
        "area_px": 27397.5,
        "area_sqm": 175.34,
        "area_hectares": 0.0175,
        "area_acres": 0.0433,
        "area_gaj": 209.71,
        "perimeter_m": 48.42,
        "vertex_count": 14,
        "confidence": 0.85,
        "verification_status": "Pending Review"
      }
    },
    {
      "type": "Feature",
      "id": "CAD-0152",
      "geometry": {
        "type": "Polygon",
        "coordinates": [
          [
            [
              1805.0,
              3868.0
            ],
            [
              1820.0,
              3880.0
            ],
            [
              1834.0,
              3904.0
            ],
            [
              1834.0,
              3910.0
            ],
            [
              1810.0,
              3949.0
            ],
            [
              1788.0,
              3944.0
            ],
            [
              1776.0,
              3908.0
            ],
            [
              1777.0,
              3889.0
            ],
            [
              1805.0,
              3868.0
            ]
          ]
        ]
      },
      "properties": {
        "parcel_id": "CAD-0152",
        "feature_type": "Tree / Forest",
        "category": "Vegetation",
        "color_hex": "#00B400",
        "area_px": 1994.0,
        "area_sqm": 12.76,
        "area_hectares": 0.0013,
        "area_acres": 0.0032,
        "area_gaj": 15.26,
        "perimeter_m": 17.07,
        "vertex_count": 9,
        "confidence": 0.85,
        "verification_status": "Pending Review"
      }
    },
    {
      "type": "Feature",
      "id": "CAD-0153",
      "geometry": {
        "type": "Polygon",
        "coordinates": [
          [
            [
              4239.0,
              3831.0
            ],
            [
              4252.0,
              3838.0
            ],
            [
              4263.0,
              3850.0
            ],
            [
              4263.0,
              3878.0
            ],
            [
              4261.0,
              3879.0
            ],
            [
              4245.0,
              3879.0
            ],
            [
              4233.0,
              3874.0
            ],
            [
              4237.0,
              3832.0
            ],
            [
              4239.0,
              3831.0
            ]
          ]
        ]
      },
      "properties": {
        "parcel_id": "CAD-0153",
        "feature_type": "Tree / Forest",
        "category": "Vegetation",
        "color_hex": "#00B400",
        "area_px": 1003.5,
        "area_sqm": 6.42,
        "area_hectares": 0.0006,
        "area_acres": 0.0016,
        "area_gaj": 7.68,
        "perimeter_m": 10.78,
        "vertex_count": 9,
        "confidence": 0.85,
        "verification_status": "Pending Review"
      }
    },
    {
      "type": "Feature",
      "id": "CAD-0154",
      "geometry": {
        "type": "Polygon",
        "coordinates": [
          [
            [
              4246.0,
              3764.0
            ],
            [
              4255.0,
              3759.0
            ],
            [
              4264.0,
              3756.0
            ],
            [
              4266.0,
              3757.0
            ],
            [
              4273.0,
              3766.0
            ],
            [
              4274.0,
              3786.0
            ],
            [
              4271.0,
              3788.0
            ],
            [
              4268.0,
              3788.0
            ],
            [
              4251.0,
              3777.0
            ],
            [
              4246.0,
              3764.0
            ]
          ]
        ]
      },
      "properties": {
        "parcel_id": "CAD-0154",
        "feature_type": "Tree / Forest",
        "category": "Vegetation",
        "color_hex": "#00B400",
        "area_px": 515.5,
        "area_sqm": 3.3,
        "area_hectares": 0.0003,
        "area_acres": 0.0008,
        "area_gaj": 3.95,
        "perimeter_m": 7.54,
        "vertex_count": 10,
        "confidence": 0.85,
        "verification_status": "Pending Review"
      }
    },
    {
      "type": "Feature",
      "id": "CAD-0155",
      "geometry": {
        "type": "Polygon",
        "coordinates": [
          [
            [
              4209.0,
              3560.0
            ],
            [
              4236.0,
              3552.0
            ],
            [
              4271.0,
              3554.0
            ],
            [
              4276.0,
              3565.0
            ],
            [
              4279.0,
              3600.0
            ],
            [
              4275.0,
              3621.0
            ],
            [
              4222.0,
              3595.0
            ],
            [
              4209.0,
              3560.0
            ]
          ]
        ]
      },
      "properties": {
        "parcel_id": "CAD-0155",
        "feature_type": "Tree / Forest",
        "category": "Vegetation",
        "color_hex": "#00B400",
        "area_px": 2518.5,
        "area_sqm": 16.12,
        "area_hectares": 0.0016,
        "area_acres": 0.004,
        "area_gaj": 19.28,
        "perimeter_m": 18.25,
        "vertex_count": 8,
        "confidence": 0.85,
        "verification_status": "Pending Review"
      }
    },
    {
      "type": "Feature",
      "id": "CAD-0156",
      "geometry": {
        "type": "Polygon",
        "coordinates": [
          [
            [
              1789.0,
              3543.0
            ],
            [
              1805.0,
              3542.0
            ],
            [
              1823.0,
              3546.0
            ],
            [
              1840.0,
              3566.0
            ],
            [
              1838.0,
              3578.0
            ],
            [
              1832.0,
              3580.0
            ],
            [
              1803.0,
              3565.0
            ],
            [
              1799.0,
              3561.0
            ],
            [
              1789.0,
              3543.0
            ]
          ]
        ]
      },
      "properties": {
        "parcel_id": "CAD-0156",
        "feature_type": "Tree / Forest",
        "category": "Vegetation",
        "color_hex": "#00B400",
        "area_px": 682.0,
        "area_sqm": 4.36,
        "area_hectares": 0.0004,
        "area_acres": 0.0011,
        "area_gaj": 5.21,
        "perimeter_m": 11.05,
        "vertex_count": 9,
        "confidence": 0.85,
        "verification_status": "Pending Review"
      }
    },
    {
      "type": "Feature",
      "id": "CAD-0157",
      "geometry": {
        "type": "Polygon",
        "coordinates": [
          [
            [
              4281.0,
              3433.0
            ],
            [
              4281.0,
              3456.0
            ],
            [
              4229.0,
              3488.0
            ],
            [
              4222.0,
              3490.0
            ],
            [
              4203.0,
              3482.0
            ],
            [
              4190.0,
              3466.0
            ],
            [
              4190.0,
              3460.0
            ],
            [
              4195.0,
              3455.0
            ],
            [
              4223.0,
              3438.0
            ],
            [
              4276.0,
              3429.0
            ],
            [
              4281.0,
              3433.0
            ]
          ]
        ]
      },
      "properties": {
        "parcel_id": "CAD-0157",
        "feature_type": "Tree / Forest",
        "category": "Vegetation",
        "color_hex": "#00B400",
        "area_px": 2378.0,
        "area_sqm": 15.22,
        "area_hectares": 0.0015,
        "area_acres": 0.0038,
        "area_gaj": 18.2,
        "perimeter_m": 19.08,
        "vertex_count": 11,
        "confidence": 0.85,
        "verification_status": "Pending Review"
      }
    },
    {
      "type": "Feature",
      "id": "CAD-0158",
      "geometry": {
        "type": "Polygon",
        "coordinates": [
          [
            [
              4324.0,
              3426.0
            ],
            [
              4335.0,
              3430.0
            ],
            [
              4329.0,
              3468.0
            ],
            [
              4319.0,
              3471.0
            ],
            [
              4316.0,
              3468.0
            ],
            [
              4313.0,
              3451.0
            ],
            [
              4315.0,
              3435.0
            ],
            [
              4321.0,
              3427.0
            ],
            [
              4324.0,
              3426.0
            ]
          ]
        ]
      },
      "properties": {
        "parcel_id": "CAD-0158",
        "feature_type": "Tree / Forest",
        "category": "Vegetation",
        "color_hex": "#00B400",
        "area_px": 518.5,
        "area_sqm": 3.32,
        "area_hectares": 0.0003,
        "area_acres": 0.0008,
        "area_gaj": 3.97,
        "perimeter_m": 8.91,
        "vertex_count": 9,
        "confidence": 0.85,
        "verification_status": "Pending Review"
      }
    },
    {
      "type": "Feature",
      "id": "CAD-0159",
      "geometry": {
        "type": "Polygon",
        "coordinates": [
          [
            [
              1841.0,
              3458.0
            ],
            [
              1825.0,
              3466.0
            ],
            [
              1794.0,
              3461.0
            ],
            [
              1781.0,
              3436.0
            ],
            [
              1782.0,
              3426.0
            ],
            [
              1784.0,
              3425.0
            ],
            [
              1834.0,
              3443.0
            ],
            [
              1841.0,
              3458.0
            ]
          ]
        ]
      },
      "properties": {
        "parcel_id": "CAD-0159",
        "feature_type": "Tree / Forest",
        "category": "Vegetation",
        "color_hex": "#00B400",
        "area_px": 1084.0,
        "area_sqm": 6.94,
        "area_hectares": 0.0007,
        "area_acres": 0.0017,
        "area_gaj": 8.3,
        "perimeter_m": 12.76,
        "vertex_count": 8,
        "confidence": 0.85,
        "verification_status": "Pending Review"
      }
    },
    {
      "type": "Feature",
      "id": "CAD-0160",
      "geometry": {
        "type": "Polygon",
        "coordinates": [
          [
            [
              4269.0,
              3347.0
            ],
            [
              4290.0,
              3370.0
            ],
            [
              4298.0,
              3386.0
            ],
            [
              4283.0,
              3421.0
            ],
            [
              4279.0,
              3423.0
            ],
            [
              4270.0,
              3418.0
            ],
            [
              4241.0,
              3384.0
            ],
            [
              4241.0,
              3377.0
            ],
            [
              4261.0,
              3351.0
            ],
            [
              4269.0,
              3347.0
            ]
          ]
        ]
      },
      "properties": {
        "parcel_id": "CAD-0160",
        "feature_type": "Tree / Forest",
        "category": "Vegetation",
        "color_hex": "#00B400",
        "area_px": 1395.5,
        "area_sqm": 8.93,
        "area_hectares": 0.0009,
        "area_acres": 0.0022,
        "area_gaj": 10.68,
        "perimeter_m": 15.63,
        "vertex_count": 10,
        "confidence": 0.85,
        "verification_status": "Pending Review"
      }
    },
    {
      "type": "Feature",
      "id": "CAD-0161",
      "geometry": {
        "type": "Polygon",
        "coordinates": [
          [
            [
              311.0,
              3336.0
            ],
            [
              318.0,
              3343.0
            ],
            [
              320.0,
              3352.0
            ],
            [
              320.0,
              3358.0
            ],
            [
              319.0,
              3363.0
            ],
            [
              316.0,
              3366.0
            ],
            [
              308.0,
              3369.0
            ],
            [
              305.0,
              3367.0
            ],
            [
              296.0,
              3347.0
            ],
            [
              296.0,
              3344.0
            ],
            [
              300.0,
              3338.0
            ],
            [
              311.0,
              3336.0
            ]
          ]
        ]
      },
      "properties": {
        "parcel_id": "CAD-0161",
        "feature_type": "Tree / Forest",
        "category": "Vegetation",
        "color_hex": "#00B400",
        "area_px": 544.5,
        "area_sqm": 3.48,
        "area_hectares": 0.0003,
        "area_acres": 0.0009,
        "area_gaj": 4.16,
        "perimeter_m": 7.19,
        "vertex_count": 12,
        "confidence": 0.85,
        "verification_status": "Pending Review"
      }
    },
    {
      "type": "Feature",
      "id": "CAD-0162",
      "geometry": {
        "type": "Polygon",
        "coordinates": [
          [
            [
              95.0,
              3248.0
            ],
            [
              117.0,
              3300.0
            ],
            [
              95.0,
              3382.0
            ],
            [
              82.0,
              3405.0
            ],
            [
              27.0,
              3418.0
            ],
            [
              0.0,
              3390.0
            ],
            [
              0.0,
              3297.0
            ],
            [
              19.0,
              3281.0
            ],
            [
              95.0,
              3248.0
            ]
          ]
        ]
      },
      "properties": {
        "parcel_id": "CAD-0162",
        "feature_type": "Tree / Forest",
        "category": "Vegetation",
        "color_hex": "#00B400",
        "area_px": 11902.5,
        "area_sqm": 76.18,
        "area_hectares": 0.0076,
        "area_acres": 0.0188,
        "area_gaj": 91.11,
        "perimeter_m": 37.11,
        "vertex_count": 9,
        "confidence": 0.85,
        "verification_status": "Pending Review"
      }
    },
    {
      "type": "Feature",
      "id": "CAD-0163",
      "geometry": {
        "type": "Polygon",
        "coordinates": [
          [
            [
              1824.0,
              3277.0
            ],
            [
              1821.0,
              3278.0
            ],
            [
              1791.0,
              3273.0
            ],
            [
              1777.0,
              3256.0
            ],
            [
              1778.0,
              3251.0
            ],
            [
              1810.0,
              3247.0
            ],
            [
              1815.0,
              3249.0
            ],
            [
              1822.0,
              3260.0
            ],
            [
              1824.0,
              3277.0
            ]
          ]
        ]
      },
      "properties": {
        "parcel_id": "CAD-0163",
        "feature_type": "Tree / Forest",
        "category": "Vegetation",
        "color_hex": "#00B400",
        "area_px": 782.0,
        "area_sqm": 5.0,
        "area_hectares": 0.0005,
        "area_acres": 0.0012,
        "area_gaj": 5.98,
        "perimeter_m": 10.28,
        "vertex_count": 9,
        "confidence": 0.85,
        "verification_status": "Pending Review"
      }
    },
    {
      "type": "Feature",
      "id": "CAD-0164",
      "geometry": {
        "type": "Polygon",
        "coordinates": [
          [
            [
              823.0,
              3248.0
            ],
            [
              832.0,
              3267.0
            ],
            [
              828.0,
              3418.0
            ],
            [
              701.0,
              3422.0
            ],
            [
              678.0,
              3403.0
            ],
            [
              671.0,
              3316.0
            ],
            [
              701.0,
              3287.0
            ],
            [
              776.0,
              3245.0
            ],
            [
              823.0,
              3248.0
            ]
          ]
        ]
      },
      "properties": {
        "parcel_id": "CAD-0164",
        "feature_type": "Tree / Forest",
        "category": "Vegetation",
        "color_hex": "#00B400",
        "area_px": 18320.0,
        "area_sqm": 117.25,
        "area_hectares": 0.0117,
        "area_acres": 0.029,
        "area_gaj": 140.23,
        "perimeter_m": 47.28,
        "vertex_count": 9,
        "confidence": 0.85,
        "verification_status": "Pending Review"
      }
    },
    {
      "type": "Feature",
      "id": "CAD-0165",
      "geometry": {
        "type": "Polygon",
        "coordinates": [
          [
            [
              4290.0,
              3190.0
            ],
            [
              4294.0,
              3197.0
            ],
            [
              4277.0,
              3246.0
            ],
            [
              4268.0,
              3251.0
            ],
            [
              4246.0,
              3257.0
            ],
            [
              4231.0,
              3223.0
            ],
            [
              4238.0,
              3199.0
            ],
            [
              4253.0,
              3190.0
            ],
            [
              4290.0,
              3190.0
            ]
          ]
        ]
      },
      "properties": {
        "parcel_id": "CAD-0165",
        "feature_type": "Tree / Forest",
        "category": "Vegetation",
        "color_hex": "#00B400",
        "area_px": 2164.0,
        "area_sqm": 13.85,
        "area_hectares": 0.0014,
        "area_acres": 0.0034,
        "area_gaj": 16.56,
        "perimeter_m": 16.77,
        "vertex_count": 9,
        "confidence": 0.85,
        "verification_status": "Pending Review"
      }
    },
    {
      "type": "Feature",
      "id": "CAD-0166",
      "geometry": {
        "type": "Polygon",
        "coordinates": [
          [
            [
              408.0,
              3083.0
            ],
            [
              410.0,
              3084.0
            ],
            [
              415.0,
              3090.0
            ],
            [
              416.0,
              3096.0
            ],
            [
              403.0,
              3116.0
            ],
            [
              399.0,
              3118.0
            ],
            [
              395.0,
              3116.0
            ],
            [
              394.0,
              3104.0
            ],
            [
              401.0,
              3088.0
            ],
            [
              405.0,
              3084.0
            ],
            [
              408.0,
              3083.0
            ]
          ]
        ]
      },
      "properties": {
        "parcel_id": "CAD-0166",
        "feature_type": "Tree / Forest",
        "category": "Vegetation",
        "color_hex": "#00B400",
        "area_px": 402.5,
        "area_sqm": 2.58,
        "area_hectares": 0.0003,
        "area_acres": 0.0006,
        "area_gaj": 3.09,
        "perimeter_m": 6.98,
        "vertex_count": 11,
        "confidence": 0.85,
        "verification_status": "Pending Review"
      }
    },
    {
      "type": "Feature",
      "id": "CAD-0167",
      "geometry": {
        "type": "Polygon",
        "coordinates": [
          [
            [
              4081.0,
              3047.0
            ],
            [
              4086.0,
              3050.0
            ],
            [
              4097.0,
              3062.0
            ],
            [
              4099.0,
              3069.0
            ],
            [
              4099.0,
              3074.0
            ],
            [
              4093.0,
              3081.0
            ],
            [
              4086.0,
              3084.0
            ],
            [
              4084.0,
              3083.0
            ],
            [
              4074.0,
              3060.0
            ],
            [
              4074.0,
              3056.0
            ],
            [
              4079.0,
              3048.0
            ],
            [
              4081.0,
              3047.0
            ]
          ]
        ]
      },
      "properties": {
        "parcel_id": "CAD-0167",
        "feature_type": "Tree / Forest",
        "category": "Vegetation",
        "color_hex": "#00B400",
        "area_px": 418.0,
        "area_sqm": 2.68,
        "area_hectares": 0.0003,
        "area_acres": 0.0007,
        "area_gaj": 3.21,
        "perimeter_m": 7.54,
        "vertex_count": 12,
        "confidence": 0.85,
        "verification_status": "Pending Review"
      }
    },
    {
      "type": "Feature",
      "id": "CAD-0168",
      "geometry": {
        "type": "Polygon",
        "coordinates": [
          [
            [
              1824.0,
              2992.0
            ],
            [
              1825.0,
              3014.0
            ],
            [
              1820.0,
              3023.0
            ],
            [
              1776.0,
              3051.0
            ],
            [
              1758.0,
              3054.0
            ],
            [
              1750.0,
              3052.0
            ],
            [
              1775.0,
              2979.0
            ],
            [
              1794.0,
              2979.0
            ],
            [
              1824.0,
              2992.0
            ]
          ]
        ]
      },
      "properties": {
        "parcel_id": "CAD-0168",
        "feature_type": "Tree / Forest",
        "category": "Vegetation",
        "color_hex": "#00B400",
        "area_px": 3119.0,
        "area_sqm": 19.96,
        "area_hectares": 0.002,
        "area_acres": 0.0049,
        "area_gaj": 23.87,
        "perimeter_m": 19.19,
        "vertex_count": 9,
        "confidence": 0.85,
        "verification_status": "Pending Review"
      }
    },
    {
      "type": "Feature",
      "id": "CAD-0169",
      "geometry": {
        "type": "Polygon",
        "coordinates": [
          [
            [
              1865.0,
              2817.0
            ],
            [
              1904.0,
              2872.0
            ],
            [
              1874.0,
              2931.0
            ],
            [
              1773.0,
              2966.0
            ],
            [
              1749.0,
              2890.0
            ],
            [
              1788.0,
              2852.0
            ],
            [
              1865.0,
              2817.0
            ]
          ]
        ]
      },
      "properties": {
        "parcel_id": "CAD-0169",
        "feature_type": "Tree / Forest",
        "category": "Vegetation",
        "color_hex": "#00B400",
        "area_px": 8142.5,
        "area_sqm": 52.11,
        "area_hectares": 0.0052,
        "area_acres": 0.0129,
        "area_gaj": 62.32,
        "perimeter_m": 36.74,
        "vertex_count": 7,
        "confidence": 0.85,
        "verification_status": "Pending Review"
      }
    },
    {
      "type": "Feature",
      "id": "CAD-0170",
      "geometry": {
        "type": "Polygon",
        "coordinates": [
          [
            [
              3111.0,
              2775.0
            ],
            [
              3142.0,
              2799.0
            ],
            [
              3134.0,
              2877.0
            ],
            [
              3123.0,
              2884.0
            ],
            [
              3084.0,
              2836.0
            ],
            [
              3086.0,
              2806.0
            ],
            [
              3099.0,
              2780.0
            ],
            [
              3111.0,
              2775.0
            ]
          ]
        ]
      },
      "properties": {
        "parcel_id": "CAD-0170",
        "feature_type": "Tree / Forest",
        "category": "Vegetation",
        "color_hex": "#00B400",
        "area_px": 3492.5,
        "area_sqm": 22.35,
        "area_hectares": 0.0022,
        "area_acres": 0.0055,
        "area_gaj": 26.73,
        "perimeter_m": 21.17,
        "vertex_count": 8,
        "confidence": 0.85,
        "verification_status": "Pending Review"
      }
    },
    {
      "type": "Feature",
      "id": "CAD-0171",
      "geometry": {
        "type": "Polygon",
        "coordinates": [
          [
            [
              3836.0,
              2757.0
            ],
            [
              3888.0,
              2808.0
            ],
            [
              3888.0,
              2814.0
            ],
            [
              3833.0,
              2856.0
            ],
            [
              3823.0,
              2823.0
            ],
            [
              3815.0,
              2767.0
            ],
            [
              3836.0,
              2757.0
            ]
          ]
        ]
      },
      "properties": {
        "parcel_id": "CAD-0171",
        "feature_type": "Tree / Forest",
        "category": "Vegetation",
        "color_hex": "#00B400",
        "area_px": 3041.5,
        "area_sqm": 19.47,
        "area_hectares": 0.0019,
        "area_acres": 0.0048,
        "area_gaj": 23.29,
        "perimeter_m": 20.99,
        "vertex_count": 7,
        "confidence": 0.85,
        "verification_status": "Pending Review"
      }
    },
    {
      "type": "Feature",
      "id": "CAD-0172",
      "geometry": {
        "type": "Polygon",
        "coordinates": [
          [
            [
              2617.0,
              2757.0
            ],
            [
              2630.0,
              2757.0
            ],
            [
              2646.0,
              2793.0
            ],
            [
              2648.0,
              2821.0
            ],
            [
              2646.0,
              2824.0
            ],
            [
              2622.0,
              2808.0
            ],
            [
              2606.0,
              2792.0
            ],
            [
              2597.0,
              2779.0
            ],
            [
              2598.0,
              2775.0
            ],
            [
              2617.0,
              2757.0
            ]
          ]
        ]
      },
      "properties": {
        "parcel_id": "CAD-0172",
        "feature_type": "Tree / Forest",
        "category": "Vegetation",
        "color_hex": "#00B400",
        "area_px": 1690.5,
        "area_sqm": 10.82,
        "area_hectares": 0.0011,
        "area_acres": 0.0027,
        "area_gaj": 12.94,
        "perimeter_m": 14.53,
        "vertex_count": 10,
        "confidence": 0.85,
        "verification_status": "Pending Review"
      }
    },
    {
      "type": "Feature",
      "id": "CAD-0173",
      "geometry": {
        "type": "Polygon",
        "coordinates": [
          [
            [
              2992.0,
              2743.0
            ],
            [
              2999.0,
              2750.0
            ],
            [
              2998.0,
              2766.0
            ],
            [
              2992.0,
              2780.0
            ],
            [
              2981.0,
              2789.0
            ],
            [
              2976.0,
              2791.0
            ],
            [
              2974.0,
              2790.0
            ],
            [
              2975.0,
              2760.0
            ],
            [
              2992.0,
              2743.0
            ]
          ]
        ]
      },
      "properties": {
        "parcel_id": "CAD-0173",
        "feature_type": "Tree / Forest",
        "category": "Vegetation",
        "color_hex": "#00B400",
        "area_px": 583.5,
        "area_sqm": 3.73,
        "area_hectares": 0.0004,
        "area_acres": 0.0009,
        "area_gaj": 4.46,
        "perimeter_m": 9.36,
        "vertex_count": 9,
        "confidence": 0.85,
        "verification_status": "Pending Review"
      }
    },
    {
      "type": "Feature",
      "id": "CAD-0174",
      "geometry": {
        "type": "Polygon",
        "coordinates": [
          [
            [
              4133.0,
              2732.0
            ],
            [
              4145.0,
              2730.0
            ],
            [
              4303.0,
              2888.0
            ],
            [
              4343.0,
              3074.0
            ],
            [
              4321.0,
              3087.0
            ],
            [
              4235.0,
              3094.0
            ],
            [
              4133.0,
              3028.0
            ],
            [
              4071.0,
              2917.0
            ],
            [
              4074.0,
              2791.0
            ],
            [
              4133.0,
              2732.0
            ]
          ]
        ]
      },
      "properties": {
        "parcel_id": "CAD-0174",
        "feature_type": "Tree / Forest",
        "category": "Vegetation",
        "color_hex": "#00B400",
        "area_px": 39634.0,
        "area_sqm": 253.66,
        "area_hectares": 0.0254,
        "area_acres": 0.0627,
        "area_gaj": 303.38,
        "perimeter_m": 79.66,
        "vertex_count": 10,
        "confidence": 0.85,
        "verification_status": "Pending Review"
      }
    },
    {
      "type": "Feature",
      "id": "CAD-0175",
      "geometry": {
        "type": "Polygon",
        "coordinates": [
          [
            [
              3558.0,
              2712.0
            ],
            [
              3567.0,
              2713.0
            ],
            [
              3583.0,
              2737.0
            ],
            [
              3583.0,
              2773.0
            ],
            [
              3568.0,
              2777.0
            ],
            [
              3528.0,
              2750.0
            ],
            [
              3553.0,
              2715.0
            ],
            [
              3558.0,
              2712.0
            ]
          ]
        ]
      },
      "properties": {
        "parcel_id": "CAD-0175",
        "feature_type": "Tree / Forest",
        "category": "Vegetation",
        "color_hex": "#00B400",
        "area_px": 1503.5,
        "area_sqm": 9.62,
        "area_hectares": 0.001,
        "area_acres": 0.0024,
        "area_gaj": 11.51,
        "perimeter_m": 14.92,
        "vertex_count": 8,
        "confidence": 0.85,
        "verification_status": "Pending Review"
      }
    },
    {
      "type": "Feature",
      "id": "CAD-0176",
      "geometry": {
        "type": "Polygon",
        "coordinates": [
          [
            [
              2810.0,
              2646.0
            ],
            [
              2838.0,
              2656.0
            ],
            [
              2885.0,
              2726.0
            ],
            [
              2880.0,
              2814.0
            ],
            [
              2866.0,
              2831.0
            ],
            [
              2771.0,
              2870.0
            ],
            [
              2732.0,
              2830.0
            ],
            [
              2716.0,
              2775.0
            ],
            [
              2763.0,
              2667.0
            ],
            [
              2810.0,
              2646.0
            ]
          ]
        ]
      },
      "properties": {
        "parcel_id": "CAD-0176",
        "feature_type": "Tree / Forest",
        "category": "Vegetation",
        "color_hex": "#00B400",
        "area_px": 17810.0,
        "area_sqm": 113.98,
        "area_hectares": 0.0114,
        "area_acres": 0.0282,
        "area_gaj": 136.32,
        "perimeter_m": 48.75,
        "vertex_count": 10,
        "confidence": 0.85,
        "verification_status": "Pending Review"
      }
    },
    {
      "type": "Feature",
      "id": "CAD-0177",
      "geometry": {
        "type": "Polygon",
        "coordinates": [
          [
            [
              510.0,
              2657.0
            ],
            [
              511.0,
              2669.0
            ],
            [
              492.0,
              2677.0
            ],
            [
              476.0,
              2677.0
            ],
            [
              467.0,
              2667.0
            ],
            [
              467.0,
              2664.0
            ],
            [
              480.0,
              2644.0
            ],
            [
              486.0,
              2641.0
            ],
            [
              503.0,
              2649.0
            ],
            [
              510.0,
              2657.0
            ]
          ]
        ]
      },
      "properties": {
        "parcel_id": "CAD-0177",
        "feature_type": "Tree / Forest",
        "category": "Vegetation",
        "color_hex": "#00B400",
        "area_px": 999.0,
        "area_sqm": 6.39,
        "area_hectares": 0.0006,
        "area_acres": 0.0016,
        "area_gaj": 7.64,
        "perimeter_m": 10.01,
        "vertex_count": 10,
        "confidence": 0.85,
        "verification_status": "Pending Review"
      }
    },
    {
      "type": "Feature",
      "id": "CAD-0178",
      "geometry": {
        "type": "Polygon",
        "coordinates": [
          [
            [
              101.0,
              2644.0
            ],
            [
              107.0,
              2640.0
            ],
            [
              130.0,
              2642.0
            ],
            [
              132.0,
              2645.0
            ],
            [
              132.0,
              2650.0
            ],
            [
              129.0,
              2664.0
            ],
            [
              123.0,
              2668.0
            ],
            [
              113.0,
              2671.0
            ],
            [
              100.0,
              2664.0
            ],
            [
              98.0,
              2654.0
            ],
            [
              101.0,
              2644.0
            ]
          ]
        ]
      },
      "properties": {
        "parcel_id": "CAD-0178",
        "feature_type": "Tree / Forest",
        "category": "Vegetation",
        "color_hex": "#00B400",
        "area_px": 762.0,
        "area_sqm": 4.88,
        "area_hectares": 0.0005,
        "area_acres": 0.0012,
        "area_gaj": 5.84,
        "perimeter_m": 8.5,
        "vertex_count": 11,
        "confidence": 0.85,
        "verification_status": "Pending Review"
      }
    },
    {
      "type": "Feature",
      "id": "CAD-0179",
      "geometry": {
        "type": "Polygon",
        "coordinates": [
          [
            [
              274.0,
              2637.0
            ],
            [
              533.0,
              2772.0
            ],
            [
              585.0,
              3036.0
            ],
            [
              569.0,
              3134.0
            ],
            [
              379.0,
              3288.0
            ],
            [
              171.0,
              3321.0
            ],
            [
              9.0,
              3178.0
            ],
            [
              0.0,
              2783.0
            ],
            [
              221.0,
              2641.0
            ],
            [
              274.0,
              2637.0
            ]
          ]
        ]
      },
      "properties": {
        "parcel_id": "CAD-0179",
        "feature_type": "Tree / Forest",
        "category": "Vegetation",
        "color_hex": "#00B400",
        "area_px": 206405.5,
        "area_sqm": 1321.0,
        "area_hectares": 0.1321,
        "area_acres": 0.3264,
        "area_gaj": 1579.92,
        "perimeter_m": 163.41,
        "vertex_count": 10,
        "confidence": 0.85,
        "verification_status": "Pending Review"
      }
    },
    {
      "type": "Feature",
      "id": "CAD-0180",
      "geometry": {
        "type": "Polygon",
        "coordinates": [
          [
            [
              1039.0,
              2363.0
            ],
            [
              1026.0,
              2366.0
            ],
            [
              979.0,
              2345.0
            ],
            [
              973.0,
              2334.0
            ],
            [
              990.0,
              2325.0
            ],
            [
              1025.0,
              2319.0
            ],
            [
              1037.0,
              2331.0
            ],
            [
              1039.0,
              2363.0
            ]
          ]
        ]
      },
      "properties": {
        "parcel_id": "CAD-0180",
        "feature_type": "Tree / Forest",
        "category": "Vegetation",
        "color_hex": "#00B400",
        "area_px": 1030.0,
        "area_sqm": 6.59,
        "area_hectares": 0.0007,
        "area_acres": 0.0016,
        "area_gaj": 7.88,
        "perimeter_m": 14.49,
        "vertex_count": 8,
        "confidence": 0.85,
        "verification_status": "Pending Review"
      }
    },
    {
      "type": "Feature",
      "id": "CAD-0181",
      "geometry": {
        "type": "Polygon",
        "coordinates": [
          [
            [
              751.0,
              2310.0
            ],
            [
              753.0,
              2311.0
            ],
            [
              766.0,
              2332.0
            ],
            [
              772.0,
              2350.0
            ],
            [
              762.0,
              2354.0
            ],
            [
              751.0,
              2350.0
            ],
            [
              747.0,
              2313.0
            ],
            [
              751.0,
              2310.0
            ]
          ]
        ]
      },
      "properties": {
        "parcel_id": "CAD-0181",
        "feature_type": "Tree / Forest",
        "category": "Vegetation",
        "color_hex": "#00B400",
        "area_px": 421.5,
        "area_sqm": 2.7,
        "area_hectares": 0.0003,
        "area_acres": 0.0007,
        "area_gaj": 3.23,
        "perimeter_m": 8.85,
        "vertex_count": 8,
        "confidence": 0.85,
        "verification_status": "Pending Review"
      }
    },
    {
      "type": "Feature",
      "id": "CAD-0182",
      "geometry": {
        "type": "Polygon",
        "coordinates": [
          [
            [
              1020.0,
              2275.0
            ],
            [
              1059.0,
              2263.0
            ],
            [
              1070.0,
              2293.0
            ],
            [
              1074.0,
              2318.0
            ],
            [
              1069.0,
              2322.0
            ],
            [
              1062.0,
              2323.0
            ],
            [
              1040.0,
              2319.0
            ],
            [
              1027.0,
              2302.0
            ],
            [
              1020.0,
              2275.0
            ]
          ]
        ]
      },
      "properties": {
        "parcel_id": "CAD-0182",
        "feature_type": "Tree / Forest",
        "category": "Vegetation",
        "color_hex": "#00B400",
        "area_px": 1903.0,
        "area_sqm": 12.18,
        "area_hectares": 0.0012,
        "area_acres": 0.003,
        "area_gaj": 14.57,
        "perimeter_m": 14.66,
        "vertex_count": 9,
        "confidence": 0.85,
        "verification_status": "Pending Review"
      }
    },
    {
      "type": "Feature",
      "id": "CAD-0183",
      "geometry": {
        "type": "Polygon",
        "coordinates": [
          [
            [
              702.0,
              2238.0
            ],
            [
              718.0,
              2253.0
            ],
            [
              716.0,
              2263.0
            ],
            [
              698.0,
              2297.0
            ],
            [
              688.0,
              2302.0
            ],
            [
              676.0,
              2287.0
            ],
            [
              668.0,
              2266.0
            ],
            [
              696.0,
              2241.0
            ],
            [
              702.0,
              2238.0
            ]
          ]
        ]
      },
      "properties": {
        "parcel_id": "CAD-0183",
        "feature_type": "Tree / Forest",
        "category": "Vegetation",
        "color_hex": "#00B400",
        "area_px": 1350.0,
        "area_sqm": 8.64,
        "area_hectares": 0.0009,
        "area_acres": 0.0021,
        "area_gaj": 10.33,
        "perimeter_m": 13.42,
        "vertex_count": 9,
        "confidence": 0.85,
        "verification_status": "Pending Review"
      }
    },
    {
      "type": "Feature",
      "id": "CAD-0184",
      "geometry": {
        "type": "Polygon",
        "coordinates": [
          [
            [
              846.0,
              2221.0
            ],
            [
              848.0,
              2261.0
            ],
            [
              846.0,
              2270.0
            ],
            [
              836.0,
              2290.0
            ],
            [
              810.0,
              2275.0
            ],
            [
              805.0,
              2238.0
            ],
            [
              813.0,
              2228.0
            ],
            [
              838.0,
              2220.0
            ],
            [
              846.0,
              2221.0
            ]
          ]
        ]
      },
      "properties": {
        "parcel_id": "CAD-0184",
        "feature_type": "Tree / Forest",
        "category": "Vegetation",
        "color_hex": "#00B400",
        "area_px": 1980.5,
        "area_sqm": 12.68,
        "area_hectares": 0.0013,
        "area_acres": 0.0031,
        "area_gaj": 15.17,
        "perimeter_m": 14.89,
        "vertex_count": 9,
        "confidence": 0.85,
        "verification_status": "Pending Review"
      }
    },
    {
      "type": "Feature",
      "id": "CAD-0185",
      "geometry": {
        "type": "Polygon",
        "coordinates": [
          [
            [
              6003.0,
              2184.0
            ],
            [
              6006.0,
              2196.0
            ],
            [
              6005.0,
              2217.0
            ],
            [
              5999.0,
              2223.0
            ],
            [
              5958.0,
              2238.0
            ],
            [
              5943.0,
              2227.0
            ],
            [
              5941.0,
              2204.0
            ],
            [
              5945.0,
              2199.0
            ],
            [
              5971.0,
              2186.0
            ],
            [
              5997.0,
              2178.0
            ],
            [
              6003.0,
              2184.0
            ]
          ]
        ]
      },
      "properties": {
        "parcel_id": "CAD-0185",
        "feature_type": "Tree / Forest",
        "category": "Vegetation",
        "color_hex": "#00B400",
        "area_px": 2239.0,
        "area_sqm": 14.33,
        "area_hectares": 0.0014,
        "area_acres": 0.0035,
        "area_gaj": 17.14,
        "perimeter_m": 15.87,
        "vertex_count": 11,
        "confidence": 0.85,
        "verification_status": "Pending Review"
      }
    },
    {
      "type": "Feature",
      "id": "CAD-0186",
      "geometry": {
        "type": "Polygon",
        "coordinates": [
          [
            [
              1079.0,
              2132.0
            ],
            [
              1085.0,
              2153.0
            ],
            [
              1084.0,
              2190.0
            ],
            [
              1070.0,
              2247.0
            ],
            [
              1057.0,
              2258.0
            ],
            [
              1019.0,
              2270.0
            ],
            [
              1033.0,
              2139.0
            ],
            [
              1079.0,
              2132.0
            ]
          ]
        ]
      },
      "properties": {
        "parcel_id": "CAD-0186",
        "feature_type": "Tree / Forest",
        "category": "Vegetation",
        "color_hex": "#00B400",
        "area_px": 4823.5,
        "area_sqm": 30.87,
        "area_hectares": 0.0031,
        "area_acres": 0.0076,
        "area_gaj": 36.92,
        "perimeter_m": 28.22,
        "vertex_count": 8,
        "confidence": 0.85,
        "verification_status": "Pending Review"
      }
    },
    {
      "type": "Feature",
      "id": "CAD-0187",
      "geometry": {
        "type": "Polygon",
        "coordinates": [
          [
            [
              5857.0,
              2107.0
            ],
            [
              5868.0,
              2123.0
            ],
            [
              5866.0,
              2141.0
            ],
            [
              5859.0,
              2160.0
            ],
            [
              5847.0,
              2180.0
            ],
            [
              5841.0,
              2183.0
            ],
            [
              5801.0,
              2177.0
            ],
            [
              5800.0,
              2174.0
            ],
            [
              5825.0,
              2108.0
            ],
            [
              5846.0,
              2103.0
            ],
            [
              5857.0,
              2107.0
            ]
          ]
        ]
      },
      "properties": {
        "parcel_id": "CAD-0187",
        "feature_type": "Tree / Forest",
        "category": "Vegetation",
        "color_hex": "#00B400",
        "area_px": 1868.0,
        "area_sqm": 11.96,
        "area_hectares": 0.0012,
        "area_acres": 0.003,
        "area_gaj": 14.3,
        "perimeter_m": 18.82,
        "vertex_count": 11,
        "confidence": 0.85,
        "verification_status": "Pending Review"
      }
    },
    {
      "type": "Feature",
      "id": "CAD-0188",
      "geometry": {
        "type": "Polygon",
        "coordinates": [
          [
            [
              710.0,
              2045.0
            ],
            [
              767.0,
              2176.0
            ],
            [
              767.0,
              2200.0
            ],
            [
              755.0,
              2224.0
            ],
            [
              684.0,
              2229.0
            ],
            [
              663.0,
              2102.0
            ],
            [
              662.0,
              2055.0
            ],
            [
              710.0,
              2045.0
            ]
          ]
        ]
      },
      "properties": {
        "parcel_id": "CAD-0188",
        "feature_type": "Tree / Forest",
        "category": "Vegetation",
        "color_hex": "#00B400",
        "area_px": 8150.5,
        "area_sqm": 52.16,
        "area_hectares": 0.0052,
        "area_acres": 0.0129,
        "area_gaj": 62.38,
        "perimeter_m": 39.17,
        "vertex_count": 8,
        "confidence": 0.85,
        "verification_status": "Pending Review"
      }
    },
    {
      "type": "Feature",
      "id": "CAD-0189",
      "geometry": {
        "type": "Polygon",
        "coordinates": [
          [
            [
              2886.0,
              2052.0
            ],
            [
              2895.0,
              2109.0
            ],
            [
              2704.0,
              2143.0
            ],
            [
              2692.0,
              2102.0
            ],
            [
              2710.0,
              2069.0
            ],
            [
              2741.0,
              2049.0
            ],
            [
              2788.0,
              2032.0
            ],
            [
              2886.0,
              2052.0
            ]
          ]
        ]
      },
      "properties": {
        "parcel_id": "CAD-0189",
        "feature_type": "Tree / Forest",
        "category": "Vegetation",
        "color_hex": "#00B400",
        "area_px": 10948.5,
        "area_sqm": 70.07,
        "area_hectares": 0.007,
        "area_acres": 0.0173,
        "area_gaj": 83.8,
        "perimeter_m": 41.51,
        "vertex_count": 8,
        "confidence": 0.85,
        "verification_status": "Pending Review"
      }
    },
    {
      "type": "Feature",
      "id": "CAD-0190",
      "geometry": {
        "type": "Polygon",
        "coordinates": [
          [
            [
              1380.0,
              1855.0
            ],
            [
              1396.0,
              1913.0
            ],
            [
              1391.0,
              1932.0
            ],
            [
              1381.0,
              1952.0
            ],
            [
              1364.0,
              1935.0
            ],
            [
              1363.0,
              1887.0
            ],
            [
              1366.0,
              1866.0
            ],
            [
              1371.0,
              1859.0
            ],
            [
              1380.0,
              1855.0
            ]
          ]
        ]
      },
      "properties": {
        "parcel_id": "CAD-0190",
        "feature_type": "Tree / Forest",
        "category": "Vegetation",
        "color_hex": "#00B400",
        "area_px": 1824.5,
        "area_sqm": 11.68,
        "area_hectares": 0.0012,
        "area_acres": 0.0029,
        "area_gaj": 13.97,
        "perimeter_m": 17.11,
        "vertex_count": 9,
        "confidence": 0.85,
        "verification_status": "Pending Review"
      }
    },
    {
      "type": "Feature",
      "id": "CAD-0191",
      "geometry": {
        "type": "Polygon",
        "coordinates": [
          [
            [
              1003.0,
              1815.0
            ],
            [
              1018.0,
              1826.0
            ],
            [
              1022.0,
              1834.0
            ],
            [
              1024.0,
              1871.0
            ],
            [
              1005.0,
              1905.0
            ],
            [
              998.0,
              1902.0
            ],
            [
              996.0,
              1891.0
            ],
            [
              996.0,
              1844.0
            ],
            [
              1001.0,
              1816.0
            ],
            [
              1003.0,
              1815.0
            ]
          ]
        ]
      },
      "properties": {
        "parcel_id": "CAD-0191",
        "feature_type": "Tree / Forest",
        "category": "Vegetation",
        "color_hex": "#00B400",
        "area_px": 1553.5,
        "area_sqm": 9.94,
        "area_hectares": 0.001,
        "area_acres": 0.0025,
        "area_gaj": 11.89,
        "perimeter_m": 16.0,
        "vertex_count": 10,
        "confidence": 0.85,
        "verification_status": "Pending Review"
      }
    },
    {
      "type": "Feature",
      "id": "CAD-0192",
      "geometry": {
        "type": "Polygon",
        "coordinates": [
          [
            [
              2900.0,
              1812.0
            ],
            [
              2862.0,
              2040.0
            ],
            [
              2712.0,
              2014.0
            ],
            [
              2663.0,
              1964.0
            ],
            [
              2668.0,
              1841.0
            ],
            [
              2832.0,
              1801.0
            ],
            [
              2900.0,
              1812.0
            ]
          ]
        ]
      },
      "properties": {
        "parcel_id": "CAD-0192",
        "feature_type": "Tree / Forest",
        "category": "Vegetation",
        "color_hex": "#00B400",
        "area_px": 25624.0,
        "area_sqm": 163.99,
        "area_hectares": 0.0164,
        "area_acres": 0.0405,
        "area_gaj": 196.13,
        "perimeter_m": 65.13,
        "vertex_count": 7,
        "confidence": 0.85,
        "verification_status": "Pending Review"
      }
    },
    {
      "type": "Feature",
      "id": "CAD-0193",
      "geometry": {
        "type": "Polygon",
        "coordinates": [
          [
            [
              1787.0,
              1776.0
            ],
            [
              1835.0,
              1802.0
            ],
            [
              1826.0,
              2250.0
            ],
            [
              1734.0,
              2325.0
            ],
            [
              1680.0,
              2328.0
            ],
            [
              1635.0,
              2302.0
            ],
            [
              1606.0,
              2231.0
            ],
            [
              1629.0,
              1849.0
            ],
            [
              1676.0,
              1797.0
            ],
            [
              1787.0,
              1776.0
            ]
          ]
        ]
      },
      "properties": {
        "parcel_id": "CAD-0193",
        "feature_type": "Tree / Forest",
        "category": "Vegetation",
        "color_hex": "#00B400",
        "area_px": 83709.5,
        "area_sqm": 535.74,
        "area_hectares": 0.0536,
        "area_acres": 0.1324,
        "area_gaj": 640.75,
        "perimeter_m": 109.59,
        "vertex_count": 10,
        "confidence": 0.85,
        "verification_status": "Pending Review"
      }
    },
    {
      "type": "Feature",
      "id": "CAD-0194",
      "geometry": {
        "type": "Polygon",
        "coordinates": [
          [
            [
              970.0,
              1739.0
            ],
            [
              978.0,
              1737.0
            ],
            [
              1011.0,
              1736.0
            ],
            [
              1014.0,
              1744.0
            ],
            [
              1015.0,
              1781.0
            ],
            [
              1013.0,
              1784.0
            ],
            [
              1001.0,
              1790.0
            ],
            [
              995.0,
              1786.0
            ],
            [
              969.0,
              1745.0
            ],
            [
              970.0,
              1739.0
            ]
          ]
        ]
      },
      "properties": {
        "parcel_id": "CAD-0194",
        "feature_type": "Tree / Forest",
        "category": "Vegetation",
        "color_hex": "#00B400",
        "area_px": 1094.0,
        "area_sqm": 7.0,
        "area_hectares": 0.0007,
        "area_acres": 0.0017,
        "area_gaj": 8.37,
        "perimeter_m": 13.25,
        "vertex_count": 10,
        "confidence": 0.85,
        "verification_status": "Pending Review"
      }
    },
    {
      "type": "Feature",
      "id": "CAD-0195",
      "geometry": {
        "type": "Polygon",
        "coordinates": [
          [
            [
              907.0,
              1677.0
            ],
            [
              910.0,
              1673.0
            ],
            [
              922.0,
              1669.0
            ],
            [
              931.0,
              1674.0
            ],
            [
              941.0,
              1682.0
            ],
            [
              942.0,
              1693.0
            ],
            [
              937.0,
              1696.0
            ],
            [
              930.0,
              1697.0
            ],
            [
              909.0,
              1695.0
            ],
            [
              907.0,
              1694.0
            ],
            [
              907.0,
              1677.0
            ]
          ]
        ]
      },
      "properties": {
        "parcel_id": "CAD-0195",
        "feature_type": "Tree / Forest",
        "category": "Vegetation",
        "color_hex": "#00B400",
        "area_px": 739.5,
        "area_sqm": 4.73,
        "area_hectares": 0.0005,
        "area_acres": 0.0012,
        "area_gaj": 5.66,
        "perimeter_m": 8.4,
        "vertex_count": 11,
        "confidence": 0.85,
        "verification_status": "Pending Review"
      }
    },
    {
      "type": "Feature",
      "id": "CAD-0196",
      "geometry": {
        "type": "Polygon",
        "coordinates": [
          [
            [
              2925.0,
              1649.0
            ],
            [
              2924.0,
              1662.0
            ],
            [
              2911.0,
              1677.0
            ],
            [
              2889.0,
              1697.0
            ],
            [
              2885.0,
              1697.0
            ],
            [
              2874.0,
              1684.0
            ],
            [
              2875.0,
              1658.0
            ],
            [
              2881.0,
              1654.0
            ],
            [
              2910.0,
              1647.0
            ],
            [
              2925.0,
              1649.0
            ]
          ]
        ]
      },
      "properties": {
        "parcel_id": "CAD-0196",
        "feature_type": "Tree / Forest",
        "category": "Vegetation",
        "color_hex": "#00B400",
        "area_px": 1328.0,
        "area_sqm": 8.5,
        "area_hectares": 0.0008,
        "area_acres": 0.0021,
        "area_gaj": 10.17,
        "perimeter_m": 12.95,
        "vertex_count": 10,
        "confidence": 0.85,
        "verification_status": "Pending Review"
      }
    },
    {
      "type": "Feature",
      "id": "CAD-0197",
      "geometry": {
        "type": "Polygon",
        "coordinates": [
          [
            [
              1164.0,
              1550.0
            ],
            [
              1231.0,
              1553.0
            ],
            [
              1333.0,
              1599.0
            ],
            [
              1377.0,
              1668.0
            ],
            [
              1384.0,
              1760.0
            ],
            [
              1378.0,
              1814.0
            ],
            [
              1338.0,
              1789.0
            ],
            [
              1174.0,
              1607.0
            ],
            [
              1164.0,
              1550.0
            ]
          ]
        ]
      },
      "properties": {
        "parcel_id": "CAD-0197",
        "feature_type": "Tree / Forest",
        "category": "Vegetation",
        "color_hex": "#00B400",
        "area_px": 18392.0,
        "area_sqm": 117.71,
        "area_hectares": 0.0118,
        "area_acres": 0.0291,
        "area_gaj": 140.78,
        "perimeter_m": 60.59,
        "vertex_count": 9,
        "confidence": 0.85,
        "verification_status": "Pending Review"
      }
    },
    {
      "type": "Feature",
      "id": "CAD-0198",
      "geometry": {
        "type": "Polygon",
        "coordinates": [
          [
            [
              934.0,
              1543.0
            ],
            [
              1107.0,
              1542.0
            ],
            [
              1144.0,
              1664.0
            ],
            [
              1149.0,
              1759.0
            ],
            [
              1095.0,
              1990.0
            ],
            [
              1062.0,
              1934.0
            ],
            [
              920.0,
              1566.0
            ],
            [
              934.0,
              1543.0
            ]
          ]
        ]
      },
      "properties": {
        "parcel_id": "CAD-0198",
        "feature_type": "Tree / Forest",
        "category": "Vegetation",
        "color_hex": "#00B400",
        "area_px": 31762.0,
        "area_sqm": 203.28,
        "area_hectares": 0.0203,
        "area_acres": 0.0502,
        "area_gaj": 243.12,
        "perimeter_m": 89.54,
        "vertex_count": 8,
        "confidence": 0.85,
        "verification_status": "Pending Review"
      }
    },
    {
      "type": "Feature",
      "id": "CAD-0199",
      "geometry": {
        "type": "Polygon",
        "coordinates": [
          [
            [
              666.0,
              1560.0
            ],
            [
              736.0,
              1515.0
            ],
            [
              801.0,
              1541.0
            ],
            [
              910.0,
              1748.0
            ],
            [
              696.0,
              1766.0
            ],
            [
              666.0,
              1560.0
            ]
          ]
        ]
      },
      "properties": {
        "parcel_id": "CAD-0199",
        "feature_type": "Tree / Forest",
        "category": "Vegetation",
        "color_hex": "#00B400",
        "area_px": 29315.0,
        "area_sqm": 187.62,
        "area_hectares": 0.0188,
        "area_acres": 0.0464,
        "area_gaj": 224.39,
        "perimeter_m": 64.81,
        "vertex_count": 6,
        "confidence": 0.85,
        "verification_status": "Pending Review"
      }
    },
    {
      "type": "Feature",
      "id": "CAD-0200",
      "geometry": {
        "type": "Polygon",
        "coordinates": [
          [
            [
              2831.0,
              1494.0
            ],
            [
              2831.0,
              1508.0
            ],
            [
              2788.0,
              1566.0
            ],
            [
              2779.0,
              1567.0
            ],
            [
              2771.0,
              1563.0
            ],
            [
              2756.0,
              1520.0
            ],
            [
              2758.0,
              1511.0
            ],
            [
              2831.0,
              1494.0
            ]
          ]
        ]
      },
      "properties": {
        "parcel_id": "CAD-0200",
        "feature_type": "Tree / Forest",
        "category": "Vegetation",
        "color_hex": "#00B400",
        "area_px": 1860.0,
        "area_sqm": 11.9,
        "area_hectares": 0.0012,
        "area_acres": 0.0029,
        "area_gaj": 14.23,
        "perimeter_m": 18.71,
        "vertex_count": 8,
        "confidence": 0.85,
        "verification_status": "Pending Review"
      }
    },
    {
      "type": "Feature",
      "id": "CAD-0201",
      "geometry": {
        "type": "Polygon",
        "coordinates": [
          [
            [
              3732.0,
              1358.0
            ],
            [
              3737.0,
              1391.0
            ],
            [
              3727.0,
              1410.0
            ],
            [
              3706.0,
              1423.0
            ],
            [
              3650.0,
              1423.0
            ],
            [
              3636.0,
              1405.0
            ],
            [
              3634.0,
              1385.0
            ],
            [
              3644.0,
              1374.0
            ],
            [
              3669.0,
              1360.0
            ],
            [
              3726.0,
              1352.0
            ],
            [
              3732.0,
              1358.0
            ]
          ]
        ]
      },
      "properties": {
        "parcel_id": "CAD-0201",
        "feature_type": "Tree / Forest",
        "category": "Vegetation",
        "color_hex": "#00B400",
        "area_px": 5249.5,
        "area_sqm": 33.6,
        "area_hectares": 0.0034,
        "area_acres": 0.0083,
        "area_gaj": 40.19,
        "perimeter_m": 23.04,
        "vertex_count": 11,
        "confidence": 0.85,
        "verification_status": "Pending Review"
      }
    },
    {
      "type": "Feature",
      "id": "CAD-0202",
      "geometry": {
        "type": "Polygon",
        "coordinates": [
          [
            [
              1061.0,
              1348.0
            ],
            [
              1080.0,
              1350.0
            ],
            [
              1099.0,
              1360.0
            ],
            [
              1103.0,
              1378.0
            ],
            [
              1103.0,
              1396.0
            ],
            [
              1082.0,
              1454.0
            ],
            [
              1064.0,
              1460.0
            ],
            [
              1053.0,
              1449.0
            ],
            [
              1049.0,
              1424.0
            ],
            [
              1054.0,
              1354.0
            ],
            [
              1061.0,
              1348.0
            ]
          ]
        ]
      },
      "properties": {
        "parcel_id": "CAD-0202",
        "feature_type": "Tree / Forest",
        "category": "Vegetation",
        "color_hex": "#00B400",
        "area_px": 4042.5,
        "area_sqm": 25.87,
        "area_hectares": 0.0026,
        "area_acres": 0.0064,
        "area_gaj": 30.94,
        "perimeter_m": 22.24,
        "vertex_count": 11,
        "confidence": 0.85,
        "verification_status": "Pending Review"
      }
    },
    {
      "type": "Feature",
      "id": "CAD-0203",
      "geometry": {
        "type": "Polygon",
        "coordinates": [
          [
            [
              5992.0,
              1324.0
            ],
            [
              6001.0,
              1340.0
            ],
            [
              6002.0,
              1417.0
            ],
            [
              5952.0,
              1414.0
            ],
            [
              5924.0,
              1407.0
            ],
            [
              5923.0,
              1368.0
            ],
            [
              5935.0,
              1343.0
            ],
            [
              5978.0,
              1317.0
            ],
            [
              5992.0,
              1324.0
            ]
          ]
        ]
      },
      "properties": {
        "parcel_id": "CAD-0203",
        "feature_type": "Tree / Forest",
        "category": "Vegetation",
        "color_hex": "#00B400",
        "area_px": 4990.0,
        "area_sqm": 31.94,
        "area_hectares": 0.0032,
        "area_acres": 0.0079,
        "area_gaj": 38.2,
        "perimeter_m": 24.56,
        "vertex_count": 9,
        "confidence": 0.85,
        "verification_status": "Pending Review"
      }
    },
    {
      "type": "Feature",
      "id": "CAD-0204",
      "geometry": {
        "type": "Polygon",
        "coordinates": [
          [
            [
              5867.0,
              1313.0
            ],
            [
              5860.0,
              1334.0
            ],
            [
              5853.0,
              1337.0
            ],
            [
              5836.0,
              1336.0
            ],
            [
              5831.0,
              1333.0
            ],
            [
              5835.0,
              1319.0
            ],
            [
              5849.0,
              1307.0
            ],
            [
              5859.0,
              1305.0
            ],
            [
              5867.0,
              1313.0
            ]
          ]
        ]
      },
      "properties": {
        "parcel_id": "CAD-0204",
        "feature_type": "Tree / Forest",
        "category": "Vegetation",
        "color_hex": "#00B400",
        "area_px": 701.5,
        "area_sqm": 4.49,
        "area_hectares": 0.0004,
        "area_acres": 0.0011,
        "area_gaj": 5.37,
        "perimeter_m": 8.57,
        "vertex_count": 9,
        "confidence": 0.85,
        "verification_status": "Pending Review"
      }
    },
    {
      "type": "Feature",
      "id": "CAD-0205",
      "geometry": {
        "type": "Polygon",
        "coordinates": [
          [
            [
              991.0,
              1294.0
            ],
            [
              1030.0,
              1299.0
            ],
            [
              1036.0,
              1304.0
            ],
            [
              1036.0,
              1330.0
            ],
            [
              1025.0,
              1344.0
            ],
            [
              1021.0,
              1344.0
            ],
            [
              994.0,
              1325.0
            ],
            [
              991.0,
              1294.0
            ]
          ]
        ]
      },
      "properties": {
        "parcel_id": "CAD-0205",
        "feature_type": "Tree / Forest",
        "category": "Vegetation",
        "color_hex": "#00B400",
        "area_px": 1405.0,
        "area_sqm": 8.99,
        "area_hectares": 0.0009,
        "area_acres": 0.0022,
        "area_gaj": 10.75,
        "perimeter_m": 12.73,
        "vertex_count": 8,
        "confidence": 0.85,
        "verification_status": "Pending Review"
      }
    },
    {
      "type": "Feature",
      "id": "CAD-0206",
      "geometry": {
        "type": "Polygon",
        "coordinates": [
          [
            [
              815.0,
              1340.0
            ],
            [
              817.0,
              1358.0
            ],
            [
              798.0,
              1386.0
            ],
            [
              754.0,
              1396.0
            ],
            [
              719.0,
              1396.0
            ],
            [
              693.0,
              1390.0
            ],
            [
              670.0,
              1353.0
            ],
            [
              671.0,
              1332.0
            ],
            [
              697.0,
              1306.0
            ],
            [
              735.0,
              1287.0
            ],
            [
              749.0,
              1285.0
            ],
            [
              796.0,
              1308.0
            ],
            [
              815.0,
              1340.0
            ]
          ]
        ]
      },
      "properties": {
        "parcel_id": "CAD-0206",
        "feature_type": "Tree / Forest",
        "category": "Vegetation",
        "color_hex": "#00B400",
        "area_px": 11238.5,
        "area_sqm": 71.93,
        "area_hectares": 0.0072,
        "area_acres": 0.0178,
        "area_gaj": 86.03,
        "perimeter_m": 32.5,
        "vertex_count": 13,
        "confidence": 0.85,
        "verification_status": "Pending Review"
      }
    },
    {
      "type": "Feature",
      "id": "CAD-0207",
      "geometry": {
        "type": "Polygon",
        "coordinates": [
          [
            [
              874.0,
              1293.0
            ],
            [
              881.0,
              1286.0
            ],
            [
              888.0,
              1284.0
            ],
            [
              959.0,
              1290.0
            ],
            [
              964.0,
              1306.0
            ],
            [
              956.0,
              1312.0
            ],
            [
              893.0,
              1311.0
            ],
            [
              882.0,
              1308.0
            ],
            [
              874.0,
              1293.0
            ]
          ]
        ]
      },
      "properties": {
        "parcel_id": "CAD-0207",
        "feature_type": "Tree / Forest",
        "category": "Vegetation",
        "color_hex": "#00B400",
        "area_px": 1569.5,
        "area_sqm": 10.04,
        "area_hectares": 0.001,
        "area_acres": 0.0025,
        "area_gaj": 12.01,
        "perimeter_m": 16.53,
        "vertex_count": 9,
        "confidence": 0.85,
        "verification_status": "Pending Review"
      }
    },
    {
      "type": "Feature",
      "id": "CAD-0208",
      "geometry": {
        "type": "Polygon",
        "coordinates": [
          [
            [
              2824.0,
              1267.0
            ],
            [
              2827.0,
              1269.0
            ],
            [
              2834.0,
              1302.0
            ],
            [
              2833.0,
              1319.0
            ],
            [
              2810.0,
              1380.0
            ],
            [
              2805.0,
              1383.0
            ],
            [
              2772.0,
              1331.0
            ],
            [
              2776.0,
              1285.0
            ],
            [
              2824.0,
              1267.0
            ]
          ]
        ]
      },
      "properties": {
        "parcel_id": "CAD-0208",
        "feature_type": "Tree / Forest",
        "category": "Vegetation",
        "color_hex": "#00B400",
        "area_px": 3489.0,
        "area_sqm": 22.33,
        "area_hectares": 0.0022,
        "area_acres": 0.0055,
        "area_gaj": 26.71,
        "perimeter_m": 22.75,
        "vertex_count": 9,
        "confidence": 0.85,
        "verification_status": "Pending Review"
      }
    },
    {
      "type": "Feature",
      "id": "CAD-0209",
      "geometry": {
        "type": "Polygon",
        "coordinates": [
          [
            [
              5874.0,
              1269.0
            ],
            [
              5874.0,
              1272.0
            ],
            [
              5868.0,
              1277.0
            ],
            [
              5835.0,
              1286.0
            ],
            [
              5830.0,
              1284.0
            ],
            [
              5823.0,
              1274.0
            ],
            [
              5823.0,
              1271.0
            ],
            [
              5842.0,
              1265.0
            ],
            [
              5856.0,
              1264.0
            ],
            [
              5874.0,
              1269.0
            ]
          ]
        ]
      },
      "properties": {
        "parcel_id": "CAD-0209",
        "feature_type": "Tree / Forest",
        "category": "Vegetation",
        "color_hex": "#00B400",
        "area_px": 549.5,
        "area_sqm": 3.52,
        "area_hectares": 0.0004,
        "area_acres": 0.0009,
        "area_gaj": 4.21,
        "perimeter_m": 9.46,
        "vertex_count": 10,
        "confidence": 0.85,
        "verification_status": "Pending Review"
      }
    },
    {
      "type": "Feature",
      "id": "CAD-0210",
      "geometry": {
        "type": "Polygon",
        "coordinates": [
          [
            [
              5786.0,
              1258.0
            ],
            [
              5799.0,
              1240.0
            ],
            [
              5802.0,
              1238.0
            ],
            [
              5817.0,
              1248.0
            ],
            [
              5822.0,
              1262.0
            ],
            [
              5822.0,
              1265.0
            ],
            [
              5819.0,
              1266.0
            ],
            [
              5788.0,
              1261.0
            ],
            [
              5786.0,
              1260.0
            ],
            [
              5786.0,
              1258.0
            ]
          ]
        ]
      },
      "properties": {
        "parcel_id": "CAD-0210",
        "feature_type": "Tree / Forest",
        "category": "Vegetation",
        "color_hex": "#00B400",
        "area_px": 426.5,
        "area_sqm": 2.73,
        "area_hectares": 0.0003,
        "area_acres": 0.0007,
        "area_gaj": 3.27,
        "perimeter_m": 8.04,
        "vertex_count": 10,
        "confidence": 0.85,
        "verification_status": "Pending Review"
      }
    },
    {
      "type": "Feature",
      "id": "CAD-0211",
      "geometry": {
        "type": "Polygon",
        "coordinates": [
          [
            [
              3948.0,
              1215.0
            ],
            [
              4024.0,
              1354.0
            ],
            [
              3971.0,
              1429.0
            ],
            [
              3861.0,
              1460.0
            ],
            [
              3761.0,
              1403.0
            ],
            [
              3757.0,
              1337.0
            ],
            [
              3804.0,
              1249.0
            ],
            [
              3852.0,
              1215.0
            ],
            [
              3948.0,
              1215.0
            ]
          ]
        ]
      },
      "properties": {
        "parcel_id": "CAD-0211",
        "feature_type": "Tree / Forest",
        "category": "Vegetation",
        "color_hex": "#00B400",
        "area_px": 42627.5,
        "area_sqm": 272.82,
        "area_hectares": 0.0273,
        "area_acres": 0.0674,
        "area_gaj": 326.29,
        "perimeter_m": 64.03,
        "vertex_count": 9,
        "confidence": 0.85,
        "verification_status": "Pending Review"
      }
    },
    {
      "type": "Feature",
      "id": "CAD-0212",
      "geometry": {
        "type": "Polygon",
        "coordinates": [
          [
            [
              1815.0,
              1176.0
            ],
            [
              1845.0,
              1188.0
            ],
            [
              1855.0,
              1215.0
            ],
            [
              1826.0,
              1641.0
            ],
            [
              1791.0,
              1700.0
            ],
            [
              1752.0,
              1725.0
            ],
            [
              1687.0,
              1710.0
            ],
            [
              1604.0,
              1640.0
            ],
            [
              1609.0,
              1245.0
            ],
            [
              1707.0,
              1180.0
            ],
            [
              1815.0,
              1176.0
            ]
          ]
        ]
      },
      "properties": {
        "parcel_id": "CAD-0212",
        "feature_type": "Tree / Forest",
        "category": "Vegetation",
        "color_hex": "#00B400",
        "area_px": 84404.0,
        "area_sqm": 540.19,
        "area_hectares": 0.054,
        "area_acres": 0.1335,
        "area_gaj": 646.07,
        "perimeter_m": 111.92,
        "vertex_count": 11,
        "confidence": 0.85,
        "verification_status": "Pending Review"
      }
    },
    {
      "type": "Feature",
      "id": "CAD-0213",
      "geometry": {
        "type": "Polygon",
        "coordinates": [
          [
            [
              5843.0,
              1162.0
            ],
            [
              5842.0,
              1165.0
            ],
            [
              5808.0,
              1188.0
            ],
            [
              5789.0,
              1177.0
            ],
            [
              5789.0,
              1172.0
            ],
            [
              5806.0,
              1156.0
            ],
            [
              5810.0,
              1154.0
            ],
            [
              5843.0,
              1162.0
            ]
          ]
        ]
      },
      "properties": {
        "parcel_id": "CAD-0213",
        "feature_type": "Tree / Forest",
        "category": "Vegetation",
        "color_hex": "#00B400",
        "area_px": 737.5,
        "area_sqm": 4.72,
        "area_hectares": 0.0005,
        "area_acres": 0.0012,
        "area_gaj": 5.65,
        "perimeter_m": 10.64,
        "vertex_count": 8,
        "confidence": 0.85,
        "verification_status": "Pending Review"
      }
    },
    {
      "type": "Feature",
      "id": "CAD-0214",
      "geometry": {
        "type": "Polygon",
        "coordinates": [
          [
            [
              4807.0,
              1152.0
            ],
            [
              4809.0,
              1156.0
            ],
            [
              4776.0,
              1237.0
            ],
            [
              4772.0,
              1235.0
            ],
            [
              4772.0,
              1201.0
            ],
            [
              4777.0,
              1169.0
            ],
            [
              4784.0,
              1161.0
            ],
            [
              4807.0,
              1152.0
            ]
          ]
        ]
      },
      "properties": {
        "parcel_id": "CAD-0214",
        "feature_type": "Tree / Forest",
        "category": "Vegetation",
        "color_hex": "#00B400",
        "area_px": 737.0,
        "area_sqm": 4.72,
        "area_hectares": 0.0005,
        "area_acres": 0.0012,
        "area_gaj": 5.65,
        "perimeter_m": 15.85,
        "vertex_count": 8,
        "confidence": 0.85,
        "verification_status": "Pending Review"
      }
    },
    {
      "type": "Feature",
      "id": "CAD-0215",
      "geometry": {
        "type": "Polygon",
        "coordinates": [
          [
            [
              1407.0,
              693.0
            ],
            [
              1411.0,
              695.0
            ],
            [
              1422.0,
              726.0
            ],
            [
              1424.0,
              737.0
            ],
            [
              1424.0,
              751.0
            ],
            [
              1421.0,
              755.0
            ],
            [
              1413.0,
              759.0
            ],
            [
              1392.0,
              746.0
            ],
            [
              1391.0,
              741.0
            ],
            [
              1393.0,
              720.0
            ],
            [
              1402.0,
              696.0
            ],
            [
              1407.0,
              693.0
            ]
          ]
        ]
      },
      "properties": {
        "parcel_id": "CAD-0215",
        "feature_type": "Tree / Forest",
        "category": "Vegetation",
        "color_hex": "#00B400",
        "area_px": 1250.0,
        "area_sqm": 8.0,
        "area_hectares": 0.0008,
        "area_acres": 0.002,
        "area_gaj": 9.57,
        "perimeter_m": 12.71,
        "vertex_count": 12,
        "confidence": 0.85,
        "verification_status": "Pending Review"
      }
    },
    {
      "type": "Feature",
      "id": "CAD-0216",
      "geometry": {
        "type": "Polygon",
        "coordinates": [
          [
            [
              2402.0,
              599.0
            ],
            [
              2422.0,
              596.0
            ],
            [
              2484.0,
              602.0
            ],
            [
              2521.0,
              641.0
            ],
            [
              2523.0,
              652.0
            ],
            [
              2515.0,
              681.0
            ],
            [
              2462.0,
              700.0
            ],
            [
              2413.0,
              702.0
            ],
            [
              2398.0,
              673.0
            ],
            [
              2402.0,
              599.0
            ]
          ]
        ]
      },
      "properties": {
        "parcel_id": "CAD-0216",
        "feature_type": "Tree / Forest",
        "category": "Vegetation",
        "color_hex": "#00B400",
        "area_px": 7358.5,
        "area_sqm": 47.09,
        "area_hectares": 0.0047,
        "area_acres": 0.0116,
        "area_gaj": 56.32,
        "perimeter_m": 31.17,
        "vertex_count": 10,
        "confidence": 0.85,
        "verification_status": "Pending Review"
      }
    },
    {
      "type": "Feature",
      "id": "CAD-0217",
      "geometry": {
        "type": "Polygon",
        "coordinates": [
          [
            [
              1897.0,
              602.0
            ],
            [
              1919.0,
              742.0
            ],
            [
              1912.0,
              769.0
            ],
            [
              1679.0,
              765.0
            ],
            [
              1672.0,
              736.0
            ],
            [
              1687.0,
              601.0
            ],
            [
              1766.0,
              595.0
            ],
            [
              1897.0,
              602.0
            ]
          ]
        ]
      },
      "properties": {
        "parcel_id": "CAD-0217",
        "feature_type": "Tree / Forest",
        "category": "Vegetation",
        "color_hex": "#00B400",
        "area_px": 32949.5,
        "area_sqm": 210.88,
        "area_hectares": 0.0211,
        "area_acres": 0.0521,
        "area_gaj": 252.21,
        "perimeter_m": 62.3,
        "vertex_count": 8,
        "confidence": 0.85,
        "verification_status": "Pending Review"
      }
    },
    {
      "type": "Feature",
      "id": "CAD-0218",
      "geometry": {
        "type": "Polygon",
        "coordinates": [
          [
            [
              2603.0,
              456.0
            ],
            [
              2609.0,
              463.0
            ],
            [
              2618.0,
              518.0
            ],
            [
              2618.0,
              549.0
            ],
            [
              2604.0,
              547.0
            ],
            [
              2587.0,
              527.0
            ],
            [
              2579.0,
              491.0
            ],
            [
              2578.0,
              478.0
            ],
            [
              2603.0,
              456.0
            ]
          ]
        ]
      },
      "properties": {
        "parcel_id": "CAD-0218",
        "feature_type": "Tree / Forest",
        "category": "Vegetation",
        "color_hex": "#00B400",
        "area_px": 1604.5,
        "area_sqm": 10.27,
        "area_hectares": 0.001,
        "area_acres": 0.0025,
        "area_gaj": 12.28,
        "perimeter_m": 17.56,
        "vertex_count": 9,
        "confidence": 0.85,
        "verification_status": "Pending Review"
      }
    },
    {
      "type": "Feature",
      "id": "CAD-0219",
      "geometry": {
        "type": "Polygon",
        "coordinates": [
          [
            [
              2539.0,
              445.0
            ],
            [
              2559.0,
              450.0
            ],
            [
              2618.0,
              573.0
            ],
            [
              2633.0,
              665.0
            ],
            [
              2593.0,
              751.0
            ],
            [
              2510.0,
              766.0
            ],
            [
              2475.0,
              754.0
            ],
            [
              2497.0,
              568.0
            ],
            [
              2539.0,
              445.0
            ]
          ]
        ]
      },
      "properties": {
        "parcel_id": "CAD-0219",
        "feature_type": "Tree / Forest",
        "category": "Vegetation",
        "color_hex": "#00B400",
        "area_px": 15429.5,
        "area_sqm": 98.75,
        "area_hectares": 0.0099,
        "area_acres": 0.0244,
        "area_gaj": 118.1,
        "perimeter_m": 62.7,
        "vertex_count": 9,
        "confidence": 0.85,
        "verification_status": "Pending Review"
      }
    },
    {
      "type": "Feature",
      "id": "CAD-0220",
      "geometry": {
        "type": "Polygon",
        "coordinates": [
          [
            [
              2434.0,
              410.0
            ],
            [
              2425.0,
              418.0
            ],
            [
              2330.0,
              414.0
            ],
            [
              2335.0,
              393.0
            ],
            [
              2349.0,
              376.0
            ],
            [
              2370.0,
              366.0
            ],
            [
              2399.0,
              365.0
            ],
            [
              2420.0,
              372.0
            ],
            [
              2431.0,
              394.0
            ],
            [
              2434.0,
              410.0
            ]
          ]
        ]
      },
      "properties": {
        "parcel_id": "CAD-0220",
        "feature_type": "Tree / Forest",
        "category": "Vegetation",
        "color_hex": "#00B400",
        "area_px": 4008.5,
        "area_sqm": 25.65,
        "area_hectares": 0.0026,
        "area_acres": 0.0063,
        "area_gaj": 30.68,
        "perimeter_m": 21.28,
        "vertex_count": 10,
        "confidence": 0.85,
        "verification_status": "Pending Review"
      }
    },
    {
      "type": "Feature",
      "id": "CAD-0221",
      "geometry": {
        "type": "Polygon",
        "coordinates": [
          [
            [
              2293.0,
              262.0
            ],
            [
              2320.0,
              256.0
            ],
            [
              2356.0,
              271.0
            ],
            [
              2356.0,
              282.0
            ],
            [
              2322.0,
              326.0
            ],
            [
              2298.0,
              318.0
            ],
            [
              2294.0,
              313.0
            ],
            [
              2289.0,
              275.0
            ],
            [
              2293.0,
              262.0
            ]
          ]
        ]
      },
      "properties": {
        "parcel_id": "CAD-0221",
        "feature_type": "Tree / Forest",
        "category": "Vegetation",
        "color_hex": "#00B400",
        "area_px": 2929.0,
        "area_sqm": 18.75,
        "area_hectares": 0.0019,
        "area_acres": 0.0046,
        "area_gaj": 22.43,
        "perimeter_m": 17.35,
        "vertex_count": 9,
        "confidence": 0.85,
        "verification_status": "Pending Review"
      }
    },
    {
      "type": "Feature",
      "id": "CAD-0222",
      "geometry": {
        "type": "Polygon",
        "coordinates": [
          [
            [
              3808.0,
              42.0
            ],
            [
              3844.0,
              57.0
            ],
            [
              3849.0,
              64.0
            ],
            [
              3855.0,
              105.0
            ],
            [
              3855.0,
              149.0
            ],
            [
              3849.0,
              168.0
            ],
            [
              3841.0,
              172.0
            ],
            [
              3814.0,
              161.0
            ],
            [
              3784.0,
              111.0
            ],
            [
              3784.0,
              93.0
            ],
            [
              3798.0,
              57.0
            ],
            [
              3808.0,
              42.0
            ]
          ]
        ]
      },
      "properties": {
        "parcel_id": "CAD-0222",
        "feature_type": "Tree / Forest",
        "category": "Vegetation",
        "color_hex": "#00B400",
        "area_px": 6242.5,
        "area_sqm": 39.95,
        "area_hectares": 0.004,
        "area_acres": 0.0099,
        "area_gaj": 47.78,
        "perimeter_m": 25.92,
        "vertex_count": 12,
        "confidence": 0.85,
        "verification_status": "Pending Review"
      }
    },
    {
      "type": "Feature",
      "id": "CAD-0223",
      "geometry": {
        "type": "Polygon",
        "coordinates": [
          [
            [
              657.0,
              17.0
            ],
            [
              665.0,
              42.0
            ],
            [
              654.0,
              69.0
            ],
            [
              639.0,
              74.0
            ],
            [
              603.0,
              74.0
            ],
            [
              617.0,
              46.0
            ],
            [
              634.0,
              22.0
            ],
            [
              644.0,
              17.0
            ],
            [
              657.0,
              17.0
            ]
          ]
        ]
      },
      "properties": {
        "parcel_id": "CAD-0223",
        "feature_type": "Tree / Forest",
        "category": "Vegetation",
        "color_hex": "#00B400",
        "area_px": 2016.0,
        "area_sqm": 12.9,
        "area_hectares": 0.0013,
        "area_acres": 0.0032,
        "area_gaj": 15.43,
        "perimeter_m": 15.37,
        "vertex_count": 9,
        "confidence": 0.85,
        "verification_status": "Pending Review"
      }
    },
    {
      "type": "Feature",
      "id": "CAD-0224",
      "geometry": {
        "type": "Polygon",
        "coordinates": [
          [
            [
              5085.0,
              0.0
            ],
            [
              5155.0,
              70.0
            ],
            [
              5178.0,
              113.0
            ],
            [
              5176.0,
              123.0
            ],
            [
              5112.0,
              186.0
            ],
            [
              5041.0,
              212.0
            ],
            [
              5020.0,
              213.0
            ],
            [
              5019.0,
              148.0
            ],
            [
              5051.0,
              0.0
            ],
            [
              5085.0,
              0.0
            ]
          ]
        ]
      },
      "properties": {
        "parcel_id": "CAD-0224",
        "feature_type": "Tree / Forest",
        "category": "Vegetation",
        "color_hex": "#00B400",
        "area_px": 10389.0,
        "area_sqm": 66.49,
        "area_hectares": 0.0066,
        "area_acres": 0.0164,
        "area_gaj": 79.52,
        "perimeter_m": 47.59,
        "vertex_count": 10,
        "confidence": 0.85,
        "verification_status": "Pending Review"
      }
    },
    {
      "type": "Feature",
      "id": "CAD-0225",
      "geometry": {
        "type": "Polygon",
        "coordinates": [
          [
            [
              2091.0,
              0.0
            ],
            [
              2130.0,
              41.0
            ],
            [
              2156.0,
              87.0
            ],
            [
              2153.0,
              118.0
            ],
            [
              2077.0,
              199.0
            ],
            [
              2061.0,
              207.0
            ],
            [
              2015.0,
              201.0
            ],
            [
              1980.0,
              169.0
            ],
            [
              1951.0,
              43.0
            ],
            [
              1980.0,
              0.0
            ],
            [
              2091.0,
              0.0
            ]
          ]
        ]
      },
      "properties": {
        "parcel_id": "CAD-0225",
        "feature_type": "Tree / Forest",
        "category": "Vegetation",
        "color_hex": "#00B400",
        "area_px": 28146.5,
        "area_sqm": 180.14,
        "area_hectares": 0.018,
        "area_acres": 0.0445,
        "area_gaj": 215.45,
        "perimeter_m": 52.44,
        "vertex_count": 11,
        "confidence": 0.85,
        "verification_status": "Pending Review"
      }
    },
    {
      "type": "Feature",
      "id": "CAD-0226",
      "geometry": {
        "type": "Polygon",
        "coordinates": [
          [
            [
              608.0,
              0.0
            ],
            [
              607.0,
              7.0
            ],
            [
              597.0,
              14.0
            ],
            [
              436.0,
              40.0
            ],
            [
              429.0,
              27.0
            ],
            [
              431.0,
              0.0
            ],
            [
              608.0,
              0.0
            ]
          ]
        ]
      },
      "properties": {
        "parcel_id": "CAD-0226",
        "feature_type": "Tree / Forest",
        "category": "Vegetation",
        "color_hex": "#00B400",
        "area_px": 3558.0,
        "area_sqm": 22.77,
        "area_hectares": 0.0023,
        "area_acres": 0.0056,
        "area_gaj": 27.23,
        "perimeter_m": 32.1,
        "vertex_count": 7,
        "confidence": 0.85,
        "verification_status": "Pending Review"
      }
    },
    {
      "type": "Feature",
      "id": "CAD-0227",
      "geometry": {
        "type": "Polygon",
        "coordinates": [
          [
            [
              698.0,
              7324.0
            ],
            [
              702.0,
              7329.0
            ],
            [
              702.0,
              7335.0
            ],
            [
              679.0,
              7398.0
            ],
            [
              655.0,
              7420.0
            ],
            [
              641.0,
              7422.0
            ],
            [
              598.0,
              7330.0
            ],
            [
              604.0,
              7326.0
            ],
            [
              698.0,
              7324.0
            ]
          ]
        ]
      },
      "properties": {
        "parcel_id": "CAD-0227",
        "feature_type": "Playground / Open Turf",
        "category": "Land",
        "color_hex": "#32CD32",
        "area_px": 4586.5,
        "area_sqm": 29.35,
        "area_hectares": 0.0029,
        "area_acres": 0.0073,
        "area_gaj": 35.1,
        "perimeter_m": 26.32,
        "vertex_count": 9,
        "confidence": 0.82,
        "verification_status": "Pending Review"
      }
    },
    {
      "type": "Feature",
      "id": "CAD-0228",
      "geometry": {
        "type": "Polygon",
        "coordinates": [
          [
            [
              469.0,
              7316.0
            ],
            [
              477.0,
              7312.0
            ],
            [
              585.0,
              7324.0
            ],
            [
              591.0,
              7328.0
            ],
            [
              591.0,
              7332.0
            ],
            [
              570.0,
              7362.0
            ],
            [
              544.0,
              7372.0
            ],
            [
              526.0,
              7374.0
            ],
            [
              496.0,
              7368.0
            ],
            [
              490.0,
              7364.0
            ],
            [
              474.0,
              7337.0
            ],
            [
              469.0,
              7316.0
            ]
          ]
        ]
      },
      "properties": {
        "parcel_id": "CAD-0228",
        "feature_type": "Playground / Open Turf",
        "category": "Land",
        "color_hex": "#32CD32",
        "area_px": 4556.0,
        "area_sqm": 29.16,
        "area_hectares": 0.0029,
        "area_acres": 0.0072,
        "area_gaj": 34.88,
        "perimeter_m": 24.17,
        "vertex_count": 12,
        "confidence": 0.82,
        "verification_status": "Pending Review"
      }
    },
    {
      "type": "Feature",
      "id": "CAD-0229",
      "geometry": {
        "type": "Polygon",
        "coordinates": [
          [
            [
              3136.0,
              5191.0
            ],
            [
              3142.0,
              5195.0
            ],
            [
              3157.0,
              5220.0
            ],
            [
              3153.0,
              5287.0
            ],
            [
              3124.0,
              5308.0
            ],
            [
              3118.0,
              5304.0
            ],
            [
              3103.0,
              5260.0
            ],
            [
              3098.0,
              5235.0
            ],
            [
              3098.0,
              5222.0
            ],
            [
              3130.0,
              5193.0
            ],
            [
              3136.0,
              5191.0
            ]
          ]
        ]
      },
      "properties": {
        "parcel_id": "CAD-0229",
        "feature_type": "Playground / Open Turf",
        "category": "Land",
        "color_hex": "#32CD32",
        "area_px": 3861.0,
        "area_sqm": 24.71,
        "area_hectares": 0.0025,
        "area_acres": 0.0061,
        "area_gaj": 29.55,
        "perimeter_m": 22.48,
        "vertex_count": 11,
        "confidence": 0.82,
        "verification_status": "Pending Review"
      }
    },
    {
      "type": "Feature",
      "id": "CAD-0230",
      "geometry": {
        "type": "Polygon",
        "coordinates": [
          [
            [
              1955.0,
              5185.0
            ],
            [
              1965.0,
              5196.0
            ],
            [
              1975.0,
              5225.0
            ],
            [
              1964.0,
              5254.0
            ],
            [
              1957.0,
              5259.0
            ],
            [
              1923.0,
              5267.0
            ],
            [
              1892.0,
              5255.0
            ],
            [
              1887.0,
              5250.0
            ],
            [
              1873.0,
              5210.0
            ],
            [
              1868.0,
              5180.0
            ],
            [
              1874.0,
              5176.0
            ],
            [
              1940.0,
              5180.0
            ],
            [
              1955.0,
              5185.0
            ]
          ]
        ]
      },
      "properties": {
        "parcel_id": "CAD-0230",
        "feature_type": "Playground / Open Turf",
        "category": "Land",
        "color_hex": "#32CD32",
        "area_px": 5553.5,
        "area_sqm": 35.54,
        "area_hectares": 0.0036,
        "area_acres": 0.0088,
        "area_gaj": 42.51,
        "perimeter_m": 25.79,
        "vertex_count": 13,
        "confidence": 0.82,
        "verification_status": "Pending Review"
      }
    },
    {
      "type": "Feature",
      "id": "CAD-0231",
      "geometry": {
        "type": "Polygon",
        "coordinates": [
          [
            [
              4227.0,
              4476.0
            ],
            [
              4237.0,
              4474.0
            ],
            [
              4287.0,
              4511.0
            ],
            [
              4300.0,
              4547.0
            ],
            [
              4298.0,
              4561.0
            ],
            [
              4294.0,
              4565.0
            ],
            [
              4279.0,
              4573.0
            ],
            [
              4273.0,
              4573.0
            ],
            [
              4237.0,
              4547.0
            ],
            [
              4225.0,
              4535.0
            ],
            [
              4220.0,
              4512.0
            ],
            [
              4220.0,
              4489.0
            ],
            [
              4227.0,
              4476.0
            ]
          ]
        ]
      },
      "properties": {
        "parcel_id": "CAD-0231",
        "feature_type": "Playground / Open Turf",
        "category": "Land",
        "color_hex": "#32CD32",
        "area_px": 3821.0,
        "area_sqm": 24.45,
        "area_hectares": 0.0024,
        "area_acres": 0.006,
        "area_gaj": 29.24,
        "perimeter_m": 22.09,
        "vertex_count": 13,
        "confidence": 0.82,
        "verification_status": "Pending Review"
      }
    },
    {
      "type": "Feature",
      "id": "CAD-0232",
      "geometry": {
        "type": "Polygon",
        "coordinates": [
          [
            [
              4249.0,
              3487.0
            ],
            [
              4252.0,
              3490.0
            ],
            [
              4272.0,
              3539.0
            ],
            [
              4272.0,
              3548.0
            ],
            [
              4266.0,
              3552.0
            ],
            [
              4212.0,
              3555.0
            ],
            [
              4206.0,
              3549.0
            ],
            [
              4194.0,
              3496.0
            ],
            [
              4196.0,
              3487.0
            ],
            [
              4202.0,
              3483.0
            ],
            [
              4249.0,
              3487.0
            ]
          ]
        ]
      },
      "properties": {
        "parcel_id": "CAD-0232",
        "feature_type": "Playground / Open Turf",
        "category": "Land",
        "color_hex": "#32CD32",
        "area_px": 3515.5,
        "area_sqm": 22.5,
        "area_hectares": 0.0022,
        "area_acres": 0.0056,
        "area_gaj": 26.91,
        "perimeter_m": 20.31,
        "vertex_count": 11,
        "confidence": 0.82,
        "verification_status": "Pending Review"
      }
    },
    {
      "type": "Feature",
      "id": "CAD-0233",
      "geometry": {
        "type": "Polygon",
        "coordinates": [
          [
            [
              4287.0,
              3447.0
            ],
            [
              4329.0,
              3451.0
            ],
            [
              4335.0,
              3455.0
            ],
            [
              4337.0,
              3464.0
            ],
            [
              4335.0,
              3532.0
            ],
            [
              4325.0,
              3543.0
            ],
            [
              4318.0,
              3543.0
            ],
            [
              4303.0,
              3529.0
            ],
            [
              4261.0,
              3478.0
            ],
            [
              4261.0,
              3473.0
            ],
            [
              4287.0,
              3447.0
            ]
          ]
        ]
      },
      "properties": {
        "parcel_id": "CAD-0233",
        "feature_type": "Playground / Open Turf",
        "category": "Land",
        "color_hex": "#32CD32",
        "area_px": 3922.5,
        "area_sqm": 25.1,
        "area_hectares": 0.0025,
        "area_acres": 0.0062,
        "area_gaj": 30.02,
        "perimeter_m": 22.15,
        "vertex_count": 11,
        "confidence": 0.82,
        "verification_status": "Pending Review"
      }
    },
    {
      "type": "Feature",
      "id": "CAD-0234",
      "geometry": {
        "type": "Polygon",
        "coordinates": [
          [
            [
              4174.0,
              3116.0
            ],
            [
              4177.0,
              3102.0
            ],
            [
              4186.0,
              3090.0
            ],
            [
              4204.0,
              3078.0
            ],
            [
              4279.0,
              3091.0
            ],
            [
              4286.0,
              3096.0
            ],
            [
              4284.0,
              3110.0
            ],
            [
              4259.0,
              3139.0
            ],
            [
              4251.0,
              3142.0
            ],
            [
              4177.0,
              3119.0
            ],
            [
              4174.0,
              3116.0
            ]
          ]
        ]
      },
      "properties": {
        "parcel_id": "CAD-0234",
        "feature_type": "Playground / Open Turf",
        "category": "Land",
        "color_hex": "#32CD32",
        "area_px": 3693.0,
        "area_sqm": 23.64,
        "area_hectares": 0.0024,
        "area_acres": 0.0058,
        "area_gaj": 28.27,
        "perimeter_m": 22.27,
        "vertex_count": 11,
        "confidence": 0.82,
        "verification_status": "Pending Review"
      }
    },
    {
      "type": "Feature",
      "id": "CAD-0235",
      "geometry": {
        "type": "Polygon",
        "coordinates": [
          [
            [
              2704.0,
              2147.0
            ],
            [
              2709.0,
              2146.0
            ],
            [
              2778.0,
              2164.0
            ],
            [
              2801.0,
              2184.0
            ],
            [
              2801.0,
              2188.0
            ],
            [
              2763.0,
              2244.0
            ],
            [
              2753.0,
              2244.0
            ],
            [
              2733.0,
              2219.0
            ],
            [
              2701.0,
              2156.0
            ],
            [
              2701.0,
              2150.0
            ],
            [
              2704.0,
              2147.0
            ]
          ]
        ]
      },
      "properties": {
        "parcel_id": "CAD-0235",
        "feature_type": "Playground / Open Turf",
        "category": "Land",
        "color_hex": "#32CD32",
        "area_px": 4088.0,
        "area_sqm": 26.16,
        "area_hectares": 0.0026,
        "area_acres": 0.0065,
        "area_gaj": 31.29,
        "perimeter_m": 24.12,
        "vertex_count": 11,
        "confidence": 0.82,
        "verification_status": "Pending Review"
      }
    },
    {
      "type": "Feature",
      "id": "CAD-0236",
      "geometry": {
        "type": "Polygon",
        "coordinates": [
          [
            [
              2900.0,
              2104.0
            ],
            [
              2905.0,
              2111.0
            ],
            [
              2910.0,
              2140.0
            ],
            [
              2826.0,
              2205.0
            ],
            [
              2818.0,
              2205.0
            ],
            [
              2804.0,
              2190.0
            ],
            [
              2804.0,
              2186.0
            ],
            [
              2839.0,
              2123.0
            ],
            [
              2848.0,
              2118.0
            ],
            [
              2900.0,
              2104.0
            ]
          ]
        ]
      },
      "properties": {
        "parcel_id": "CAD-0236",
        "feature_type": "Playground / Open Turf",
        "category": "Land",
        "color_hex": "#32CD32",
        "area_px": 3849.0,
        "area_sqm": 24.63,
        "area_hectares": 0.0025,
        "area_acres": 0.0061,
        "area_gaj": 29.46,
        "perimeter_m": 25.04,
        "vertex_count": 10,
        "confidence": 0.82,
        "verification_status": "Pending Review"
      }
    },
    {
      "type": "Feature",
      "id": "CAD-0237",
      "geometry": {
        "type": "Polygon",
        "coordinates": [
          [
            [
              5025.0,
              75.0
            ],
            [
              5031.0,
              79.0
            ],
            [
              5019.0,
              208.0
            ],
            [
              5001.0,
              218.0
            ],
            [
              4985.0,
              201.0
            ],
            [
              4976.0,
              177.0
            ],
            [
              4985.0,
              84.0
            ],
            [
              4993.0,
              78.0
            ],
            [
              5025.0,
              75.0
            ]
          ]
        ]
      },
      "properties": {
        "parcel_id": "CAD-0237",
        "feature_type": "Playground / Open Turf",
        "category": "Land",
        "color_hex": "#32CD32",
        "area_px": 5223.5,
        "area_sqm": 33.43,
        "area_hectares": 0.0033,
        "area_acres": 0.0083,
        "area_gaj": 39.98,
        "perimeter_m": 27.35,
        "vertex_count": 9,
        "confidence": 0.82,
        "verification_status": "Pending Review"
      }
    },
    {
      "type": "Feature",
      "id": "CAD-0238",
      "geometry": {
        "type": "Polygon",
        "coordinates": [
          [
            [
              4995.0,
              8029.0
            ],
            [
              4995.0,
              8033.0
            ],
            [
              4969.0,
              8063.0
            ],
            [
              4807.0,
              8063.0
            ],
            [
              4813.0,
              8055.0
            ],
            [
              4864.0,
              8038.0
            ],
            [
              4989.0,
              8026.0
            ],
            [
              4995.0,
              8029.0
            ]
          ]
        ]
      },
      "properties": {
        "parcel_id": "CAD-0238",
        "feature_type": "Agricultural Land",
        "category": "Land",
        "color_hex": "#FFA500",
        "area_px": 4231.0,
        "area_sqm": 27.08,
        "area_hectares": 0.0027,
        "area_acres": 0.0067,
        "area_gaj": 32.39,
        "perimeter_m": 32.14,
        "vertex_count": 8,
        "confidence": 0.8,
        "verification_status": "Pending Review"
      }
    },
    {
      "type": "Feature",
      "id": "CAD-0239",
      "geometry": {
        "type": "Polygon",
        "coordinates": [
          [
            [
              510.0,
              8063.0
            ],
            [
              386.0,
              8063.0
            ],
            [
              378.0,
              8027.0
            ],
            [
              389.0,
              8023.0
            ],
            [
              499.0,
              8015.0
            ],
            [
              509.0,
              8049.0
            ],
            [
              510.0,
              8063.0
            ]
          ]
        ]
      },
      "properties": {
        "parcel_id": "CAD-0239",
        "feature_type": "Agricultural Land",
        "category": "Land",
        "color_hex": "#FFA500",
        "area_px": 5279.5,
        "area_sqm": 33.79,
        "area_hectares": 0.0034,
        "area_acres": 0.0083,
        "area_gaj": 40.41,
        "perimeter_m": 26.59,
        "vertex_count": 7,
        "confidence": 0.8,
        "verification_status": "Pending Review"
      }
    },
    {
      "type": "Feature",
      "id": "CAD-0240",
      "geometry": {
        "type": "Polygon",
        "coordinates": [
          [
            [
              708.0,
              8032.0
            ],
            [
              720.0,
              8008.0
            ],
            [
              758.0,
              8006.0
            ],
            [
              897.0,
              8053.0
            ],
            [
              899.0,
              8063.0
            ],
            [
              707.0,
              8063.0
            ],
            [
              708.0,
              8032.0
            ]
          ]
        ]
      },
      "properties": {
        "parcel_id": "CAD-0240",
        "feature_type": "Agricultural Land",
        "category": "Land",
        "color_hex": "#FFA500",
        "area_px": 4278.0,
        "area_sqm": 27.38,
        "area_hectares": 0.0027,
        "area_acres": 0.0068,
        "area_gaj": 32.75,
        "perimeter_m": 35.59,
        "vertex_count": 7,
        "confidence": 0.8,
        "verification_status": "Pending Review"
      }
    },
    {
      "type": "Feature",
      "id": "CAD-0241",
      "geometry": {
        "type": "Polygon",
        "coordinates": [
          [
            [
              900.0,
              7740.0
            ],
            [
              1053.0,
              7733.0
            ],
            [
              1058.0,
              7736.0
            ],
            [
              1059.0,
              7878.0
            ],
            [
              1053.0,
              7917.0
            ],
            [
              1022.0,
              7935.0
            ],
            [
              1012.0,
              7933.0
            ],
            [
              900.0,
              7740.0
            ]
          ]
        ]
      },
      "properties": {
        "parcel_id": "CAD-0241",
        "feature_type": "Agricultural Land",
        "category": "Land",
        "color_hex": "#FFA500",
        "area_px": 15468.0,
        "area_sqm": 99.0,
        "area_hectares": 0.0099,
        "area_acres": 0.0245,
        "area_gaj": 118.4,
        "perimeter_m": 48.77,
        "vertex_count": 8,
        "confidence": 0.8,
        "verification_status": "Pending Review"
      }
    },
    {
      "type": "Feature",
      "id": "CAD-0242",
      "geometry": {
        "type": "Polygon",
        "coordinates": [
          [
            [
              1511.0,
              7688.0
            ],
            [
              1524.0,
              7691.0
            ],
            [
              1646.0,
              7781.0
            ],
            [
              1647.0,
              7876.0
            ],
            [
              1592.0,
              8063.0
            ],
            [
              1505.0,
              8063.0
            ],
            [
              1498.0,
              7901.0
            ],
            [
              1503.0,
              7714.0
            ],
            [
              1511.0,
              7688.0
            ]
          ]
        ]
      },
      "properties": {
        "parcel_id": "CAD-0242",
        "feature_type": "Agricultural Land",
        "category": "Land",
        "color_hex": "#FFA500",
        "area_px": 26868.5,
        "area_sqm": 171.96,
        "area_hectares": 0.0172,
        "area_acres": 0.0425,
        "area_gaj": 205.66,
        "perimeter_m": 73.46,
        "vertex_count": 9,
        "confidence": 0.8,
        "verification_status": "Pending Review"
      }
    },
    {
      "type": "Feature",
      "id": "CAD-0243",
      "geometry": {
        "type": "Polygon",
        "coordinates": [
          [
            [
              4660.0,
              7333.0
            ],
            [
              4679.0,
              7448.0
            ],
            [
              4639.0,
              8063.0
            ],
            [
              4454.0,
              8063.0
            ],
            [
              4467.0,
              7329.0
            ],
            [
              4502.0,
              7308.0
            ],
            [
              4660.0,
              7333.0
            ]
          ]
        ]
      },
      "properties": {
        "parcel_id": "CAD-0243",
        "feature_type": "Agricultural Land",
        "category": "Land",
        "color_hex": "#FFA500",
        "area_px": 91828.5,
        "area_sqm": 587.7,
        "area_hectares": 0.0588,
        "area_acres": 0.1452,
        "area_gaj": 702.89,
        "perimeter_m": 148.22,
        "vertex_count": 7,
        "confidence": 0.8,
        "verification_status": "Pending Review"
      }
    },
    {
      "type": "Feature",
      "id": "CAD-0244",
      "geometry": {
        "type": "Polygon",
        "coordinates": [
          [
            [
              743.0,
              7297.0
            ],
            [
              745.0,
              7299.0
            ],
            [
              743.0,
              7333.0
            ],
            [
              696.0,
              7402.0
            ],
            [
              688.0,
              7411.0
            ],
            [
              682.0,
              7411.0
            ],
            [
              676.0,
              7406.0
            ],
            [
              688.0,
              7317.0
            ],
            [
              722.0,
              7295.0
            ],
            [
              730.0,
              7294.0
            ],
            [
              743.0,
              7297.0
            ]
          ]
        ]
      },
      "properties": {
        "parcel_id": "CAD-0244",
        "feature_type": "Agricultural Land",
        "category": "Land",
        "color_hex": "#FFA500",
        "area_px": 3487.0,
        "area_sqm": 22.32,
        "area_hectares": 0.0022,
        "area_acres": 0.0055,
        "area_gaj": 26.69,
        "perimeter_m": 23.83,
        "vertex_count": 11,
        "confidence": 0.8,
        "verification_status": "Pending Review"
      }
    },
    {
      "type": "Feature",
      "id": "CAD-0245",
      "geometry": {
        "type": "Polygon",
        "coordinates": [
          [
            [
              814.0,
              7334.0
            ],
            [
              899.0,
              7388.0
            ],
            [
              777.0,
              7730.0
            ],
            [
              512.0,
              8008.0
            ],
            [
              385.0,
              7881.0
            ],
            [
              374.0,
              7323.0
            ],
            [
              404.0,
              7294.0
            ],
            [
              814.0,
              7334.0
            ]
          ]
        ]
      },
      "properties": {
        "parcel_id": "CAD-0245",
        "feature_type": "Agricultural Land",
        "category": "Land",
        "color_hex": "#FFA500",
        "area_px": 173601.5,
        "area_sqm": 1111.05,
        "area_hectares": 0.1111,
        "area_acres": 0.2745,
        "area_gaj": 1328.82,
        "perimeter_m": 163.14,
        "vertex_count": 8,
        "confidence": 0.8,
        "verification_status": "Pending Review"
      }
    },
    {
      "type": "Feature",
      "id": "CAD-0246",
      "geometry": {
        "type": "Polygon",
        "coordinates": [
          [
            [
              1053.0,
              7269.0
            ],
            [
              1091.0,
              7298.0
            ],
            [
              1099.0,
              7313.0
            ],
            [
              1098.0,
              7334.0
            ],
            [
              1040.0,
              7480.0
            ],
            [
              967.0,
              7495.0
            ],
            [
              951.0,
              7484.0
            ],
            [
              929.0,
              7438.0
            ],
            [
              929.0,
              7391.0
            ],
            [
              1032.0,
              7268.0
            ],
            [
              1040.0,
              7265.0
            ],
            [
              1053.0,
              7269.0
            ]
          ]
        ]
      },
      "properties": {
        "parcel_id": "CAD-0246",
        "feature_type": "Agricultural Land",
        "category": "Land",
        "color_hex": "#FFA500",
        "area_px": 22548.5,
        "area_sqm": 144.31,
        "area_hectares": 0.0144,
        "area_acres": 0.0357,
        "area_gaj": 172.59,
        "perimeter_m": 49.39,
        "vertex_count": 12,
        "confidence": 0.8,
        "verification_status": "Pending Review"
      }
    },
    {
      "type": "Feature",
      "id": "CAD-0247",
      "geometry": {
        "type": "Polygon",
        "coordinates": [
          [
            [
              1414.0,
              7243.0
            ],
            [
              1467.0,
              7284.0
            ],
            [
              1591.0,
              7516.0
            ],
            [
              1438.0,
              8063.0
            ],
            [
              1397.0,
              8063.0
            ],
            [
              1265.0,
              7311.0
            ],
            [
              1282.0,
              7276.0
            ],
            [
              1414.0,
              7243.0
            ]
          ]
        ]
      },
      "properties": {
        "parcel_id": "CAD-0247",
        "feature_type": "Agricultural Land",
        "category": "Land",
        "color_hex": "#FFA500",
        "area_px": 48676.5,
        "area_sqm": 311.53,
        "area_hectares": 0.0312,
        "area_acres": 0.077,
        "area_gaj": 372.59,
        "perimeter_m": 150.2,
        "vertex_count": 8,
        "confidence": 0.8,
        "verification_status": "Pending Review"
      }
    },
    {
      "type": "Feature",
      "id": "CAD-0248",
      "geometry": {
        "type": "Polygon",
        "coordinates": [
          [
            [
              439.0,
              7148.0
            ],
            [
              454.0,
              7168.0
            ],
            [
              452.0,
              7206.0
            ],
            [
              447.0,
              7215.0
            ],
            [
              431.0,
              7228.0
            ],
            [
              412.0,
              7231.0
            ],
            [
              371.0,
              7219.0
            ],
            [
              368.0,
              7216.0
            ],
            [
              366.0,
              7166.0
            ],
            [
              369.0,
              7163.0
            ],
            [
              435.0,
              7147.0
            ],
            [
              439.0,
              7148.0
            ]
          ]
        ]
      },
      "properties": {
        "parcel_id": "CAD-0248",
        "feature_type": "Agricultural Land",
        "category": "Land",
        "color_hex": "#FFA500",
        "area_px": 5540.0,
        "area_sqm": 35.46,
        "area_hectares": 0.0035,
        "area_acres": 0.0088,
        "area_gaj": 42.41,
        "perimeter_m": 22.92,
        "vertex_count": 12,
        "confidence": 0.8,
        "verification_status": "Pending Review"
      }
    },
    {
      "type": "Feature",
      "id": "CAD-0249",
      "geometry": {
        "type": "Polygon",
        "coordinates": [
          [
            [
              806.0,
              7082.0
            ],
            [
              810.0,
              7086.0
            ],
            [
              818.0,
              7216.0
            ],
            [
              744.0,
              7243.0
            ],
            [
              721.0,
              7242.0
            ],
            [
              713.0,
              7211.0
            ],
            [
              701.0,
              7104.0
            ],
            [
              702.0,
              7085.0
            ],
            [
              756.0,
              7070.0
            ],
            [
              806.0,
              7082.0
            ]
          ]
        ]
      },
      "properties": {
        "parcel_id": "CAD-0249",
        "feature_type": "Agricultural Land",
        "category": "Land",
        "color_hex": "#FFA500",
        "area_px": 14015.5,
        "area_sqm": 89.7,
        "area_hectares": 0.009,
        "area_acres": 0.0222,
        "area_gaj": 107.28,
        "perimeter_m": 40.31,
        "vertex_count": 10,
        "confidence": 0.8,
        "verification_status": "Pending Review"
      }
    },
    {
      "type": "Feature",
      "id": "CAD-0250",
      "geometry": {
        "type": "Polygon",
        "coordinates": [
          [
            [
              4047.0,
              7061.0
            ],
            [
              4048.0,
              7077.0
            ],
            [
              4041.0,
              7107.0
            ],
            [
              4039.0,
              7109.0
            ],
            [
              3963.0,
              7111.0
            ],
            [
              3958.0,
              7108.0
            ],
            [
              3960.0,
              7077.0
            ],
            [
              3962.0,
              7075.0
            ],
            [
              4034.0,
              7057.0
            ],
            [
              4042.0,
              7058.0
            ],
            [
              4047.0,
              7061.0
            ]
          ]
        ]
      },
      "properties": {
        "parcel_id": "CAD-0250",
        "feature_type": "Agricultural Land",
        "category": "Land",
        "color_hex": "#FFA500",
        "area_px": 3723.5,
        "area_sqm": 23.83,
        "area_hectares": 0.0024,
        "area_acres": 0.0059,
        "area_gaj": 28.5,
        "perimeter_m": 20.28,
        "vertex_count": 11,
        "confidence": 0.8,
        "verification_status": "Pending Review"
      }
    },
    {
      "type": "Feature",
      "id": "CAD-0251",
      "geometry": {
        "type": "Polygon",
        "coordinates": [
          [
            [
              5711.0,
              7053.0
            ],
            [
              5708.0,
              7087.0
            ],
            [
              5693.0,
              7095.0
            ],
            [
              5133.0,
              7093.0
            ],
            [
              5146.0,
              7050.0
            ],
            [
              5711.0,
              7053.0
            ]
          ]
        ]
      },
      "properties": {
        "parcel_id": "CAD-0251",
        "feature_type": "Agricultural Land",
        "category": "Land",
        "color_hex": "#FFA500",
        "area_px": 23948.5,
        "area_sqm": 153.27,
        "area_hectares": 0.0153,
        "area_acres": 0.0379,
        "area_gaj": 183.31,
        "perimeter_m": 97.69,
        "vertex_count": 6,
        "confidence": 0.8,
        "verification_status": "Pending Review"
      }
    },
    {
      "type": "Feature",
      "id": "CAD-0252",
      "geometry": {
        "type": "Polygon",
        "coordinates": [
          [
            [
              2521.0,
              7075.0
            ],
            [
              2517.0,
              7155.0
            ],
            [
              2497.0,
              7187.0
            ],
            [
              1599.0,
              7354.0
            ],
            [
              1583.0,
              7214.0
            ],
            [
              1664.0,
              7105.0
            ],
            [
              2048.0,
              7039.0
            ],
            [
              2521.0,
              7075.0
            ]
          ]
        ]
      },
      "properties": {
        "parcel_id": "CAD-0252",
        "feature_type": "Agricultural Land",
        "category": "Land",
        "color_hex": "#FFA500",
        "area_px": 74316.0,
        "area_sqm": 475.62,
        "area_hectares": 0.0476,
        "area_acres": 0.1175,
        "area_gaj": 568.84,
        "perimeter_m": 173.76,
        "vertex_count": 8,
        "confidence": 0.8,
        "verification_status": "Pending Review"
      }
    },
    {
      "type": "Feature",
      "id": "CAD-0253",
      "geometry": {
        "type": "Polygon",
        "coordinates": [
          [
            [
              2402.0,
              6940.0
            ],
            [
              2414.0,
              6933.0
            ],
            [
              2422.0,
              6932.0
            ],
            [
              2556.0,
              6943.0
            ],
            [
              2565.0,
              6953.0
            ],
            [
              2565.0,
              6966.0
            ],
            [
              2513.0,
              6981.0
            ],
            [
              2482.0,
              6982.0
            ],
            [
              2413.0,
              6976.0
            ],
            [
              2408.0,
              6973.0
            ],
            [
              2401.0,
              6957.0
            ],
            [
              2402.0,
              6940.0
            ]
          ]
        ]
      },
      "properties": {
        "parcel_id": "CAD-0253",
        "feature_type": "Agricultural Land",
        "category": "Land",
        "color_hex": "#FFA500",
        "area_px": 4969.5,
        "area_sqm": 31.8,
        "area_hectares": 0.0032,
        "area_acres": 0.0079,
        "area_gaj": 38.03,
        "perimeter_m": 30.21,
        "vertex_count": 12,
        "confidence": 0.8,
        "verification_status": "Pending Review"
      }
    },
    {
      "type": "Feature",
      "id": "CAD-0254",
      "geometry": {
        "type": "Polygon",
        "coordinates": [
          [
            [
              2176.0,
              6902.0
            ],
            [
              2178.0,
              6908.0
            ],
            [
              2143.0,
              7062.0
            ],
            [
              2055.0,
              7037.0
            ],
            [
              2127.0,
              6909.0
            ],
            [
              2136.0,
              6904.0
            ],
            [
              2176.0,
              6902.0
            ]
          ]
        ]
      },
      "properties": {
        "parcel_id": "CAD-0254",
        "feature_type": "Agricultural Land",
        "category": "Land",
        "color_hex": "#FFA500",
        "area_px": 7955.5,
        "area_sqm": 50.92,
        "area_hectares": 0.0051,
        "area_acres": 0.0126,
        "area_gaj": 60.9,
        "perimeter_m": 36.24,
        "vertex_count": 7,
        "confidence": 0.8,
        "verification_status": "Pending Review"
      }
    },
    {
      "type": "Feature",
      "id": "CAD-0255",
      "geometry": {
        "type": "Polygon",
        "coordinates": [
          [
            [
              3834.0,
              6613.0
            ],
            [
              3884.0,
              6620.0
            ],
            [
              3894.0,
              6625.0
            ],
            [
              3957.0,
              6769.0
            ],
            [
              3956.0,
              6778.0
            ],
            [
              3871.0,
              6780.0
            ],
            [
              3866.0,
              6777.0
            ],
            [
              3822.0,
              6713.0
            ],
            [
              3811.0,
              6688.0
            ],
            [
              3828.0,
              6623.0
            ],
            [
              3834.0,
              6613.0
            ]
          ]
        ]
      },
      "properties": {
        "parcel_id": "CAD-0255",
        "feature_type": "Agricultural Land",
        "category": "Land",
        "color_hex": "#FFA500",
        "area_px": 13015.5,
        "area_sqm": 83.3,
        "area_hectares": 0.0083,
        "area_acres": 0.0206,
        "area_gaj": 99.63,
        "perimeter_m": 40.21,
        "vertex_count": 11,
        "confidence": 0.8,
        "verification_status": "Pending Review"
      }
    },
    {
      "type": "Feature",
      "id": "CAD-0256",
      "geometry": {
        "type": "Polygon",
        "coordinates": [
          [
            [
              3203.0,
              6599.0
            ],
            [
              3230.0,
              6595.0
            ],
            [
              3311.0,
              6606.0
            ],
            [
              3414.0,
              6653.0
            ],
            [
              3425.0,
              6703.0
            ],
            [
              3418.0,
              6708.0
            ],
            [
              3288.0,
              6719.0
            ],
            [
              3258.0,
              6713.0
            ],
            [
              3223.0,
              6655.0
            ],
            [
              3209.0,
              6625.0
            ],
            [
              3203.0,
              6599.0
            ]
          ]
        ]
      },
      "properties": {
        "parcel_id": "CAD-0256",
        "feature_type": "Agricultural Land",
        "category": "Land",
        "color_hex": "#FFA500",
        "area_px": 17872.5,
        "area_sqm": 114.38,
        "area_hectares": 0.0114,
        "area_acres": 0.0283,
        "area_gaj": 136.8,
        "perimeter_m": 45.65,
        "vertex_count": 11,
        "confidence": 0.8,
        "verification_status": "Pending Review"
      }
    },
    {
      "type": "Feature",
      "id": "CAD-0257",
      "geometry": {
        "type": "Polygon",
        "coordinates": [
          [
            [
              5793.0,
              7092.0
            ],
            [
              5790.0,
              7074.0
            ],
            [
              6047.0,
              6556.0
            ],
            [
              6047.0,
              7098.0
            ],
            [
              5793.0,
              7092.0
            ]
          ]
        ]
      },
      "properties": {
        "parcel_id": "CAD-0257",
        "feature_type": "Agricultural Land",
        "category": "Land",
        "color_hex": "#FFA500",
        "area_px": 12586.5,
        "area_sqm": 80.55,
        "area_hectares": 0.0081,
        "area_acres": 0.0199,
        "area_gaj": 96.34,
        "perimeter_m": 111.41,
        "vertex_count": 5,
        "confidence": 0.8,
        "verification_status": "Pending Review"
      }
    },
    {
      "type": "Feature",
      "id": "CAD-0258",
      "geometry": {
        "type": "Polygon",
        "coordinates": [
          [
            [
              2360.0,
              6519.0
            ],
            [
              2428.0,
              6446.0
            ],
            [
              2622.0,
              6447.0
            ],
            [
              2634.0,
              6465.0
            ],
            [
              2628.0,
              6540.0
            ],
            [
              2439.0,
              6607.0
            ],
            [
              2421.0,
              6602.0
            ],
            [
              2360.0,
              6519.0
            ]
          ]
        ]
      },
      "properties": {
        "parcel_id": "CAD-0258",
        "feature_type": "Agricultural Land",
        "category": "Land",
        "color_hex": "#FFA500",
        "area_px": 12389.0,
        "area_sqm": 79.29,
        "area_hectares": 0.0079,
        "area_acres": 0.0196,
        "area_gaj": 94.83,
        "perimeter_m": 57.03,
        "vertex_count": 8,
        "confidence": 0.8,
        "verification_status": "Pending Review"
      }
    },
    {
      "type": "Feature",
      "id": "CAD-0259",
      "geometry": {
        "type": "Polygon",
        "coordinates": [
          [
            [
              626.0,
              4965.0
            ],
            [
              656.0,
              4962.0
            ],
            [
              706.0,
              4975.0
            ],
            [
              749.0,
              5228.0
            ],
            [
              743.0,
              5269.0
            ],
            [
              689.0,
              5268.0
            ],
            [
              624.0,
              4974.0
            ],
            [
              626.0,
              4965.0
            ]
          ]
        ]
      },
      "properties": {
        "parcel_id": "CAD-0259",
        "feature_type": "Agricultural Land",
        "category": "Land",
        "color_hex": "#FFA500",
        "area_px": 13495.0,
        "area_sqm": 86.37,
        "area_hectares": 0.0086,
        "area_acres": 0.0213,
        "area_gaj": 103.3,
        "perimeter_m": 59.54,
        "vertex_count": 8,
        "confidence": 0.8,
        "verification_status": "Pending Review"
      }
    },
    {
      "type": "Feature",
      "id": "CAD-0260",
      "geometry": {
        "type": "Polygon",
        "coordinates": [
          [
            [
              6036.0,
              4647.0
            ],
            [
              6047.0,
              4648.0
            ],
            [
              6047.0,
              4808.0
            ],
            [
              6030.0,
              4797.0
            ],
            [
              6030.0,
              4652.0
            ],
            [
              6036.0,
              4647.0
            ]
          ]
        ]
      },
      "properties": {
        "parcel_id": "CAD-0260",
        "feature_type": "Agricultural Land",
        "category": "Land",
        "color_hex": "#FFA500",
        "area_px": 2628.0,
        "area_sqm": 16.82,
        "area_hectares": 0.0017,
        "area_acres": 0.0042,
        "area_gaj": 20.12,
        "perimeter_m": 27.53,
        "vertex_count": 6,
        "confidence": 0.8,
        "verification_status": "Pending Review"
      }
    },
    {
      "type": "Feature",
      "id": "CAD-0261",
      "geometry": {
        "type": "Polygon",
        "coordinates": [
          [
            [
              523.0,
              4464.0
            ],
            [
              529.0,
              4461.0
            ],
            [
              657.0,
              4499.0
            ],
            [
              659.0,
              4505.0
            ],
            [
              648.0,
              4509.0
            ],
            [
              540.0,
              4513.0
            ],
            [
              532.0,
              4507.0
            ],
            [
              523.0,
              4464.0
            ]
          ]
        ]
      },
      "properties": {
        "parcel_id": "CAD-0261",
        "feature_type": "Agricultural Land",
        "category": "Land",
        "color_hex": "#FFA500",
        "area_px": 3791.0,
        "area_sqm": 24.26,
        "area_hectares": 0.0024,
        "area_acres": 0.006,
        "area_gaj": 29.01,
        "perimeter_m": 25.62,
        "vertex_count": 8,
        "confidence": 0.8,
        "verification_status": "Pending Review"
      }
    },
    {
      "type": "Feature",
      "id": "CAD-0262",
      "geometry": {
        "type": "Polygon",
        "coordinates": [
          [
            [
              358.0,
              4411.0
            ],
            [
              513.0,
              4459.0
            ],
            [
              398.0,
              4661.0
            ],
            [
              375.0,
              4675.0
            ],
            [
              370.0,
              4672.0
            ],
            [
              294.0,
              4435.0
            ],
            [
              296.0,
              4429.0
            ],
            [
              358.0,
              4411.0
            ]
          ]
        ]
      },
      "properties": {
        "parcel_id": "CAD-0262",
        "feature_type": "Agricultural Land",
        "category": "Land",
        "color_hex": "#FFA500",
        "area_px": 18401.0,
        "area_sqm": 117.77,
        "area_hectares": 0.0118,
        "area_acres": 0.0291,
        "area_gaj": 140.85,
        "perimeter_m": 59.78,
        "vertex_count": 8,
        "confidence": 0.8,
        "verification_status": "Pending Review"
      }
    },
    {
      "type": "Feature",
      "id": "CAD-0263",
      "geometry": {
        "type": "Polygon",
        "coordinates": [
          [
            [
              1354.0,
              3932.0
            ],
            [
              1395.0,
              3934.0
            ],
            [
              1400.0,
              3937.0
            ],
            [
              1391.0,
              4051.0
            ],
            [
              1386.0,
              4054.0
            ],
            [
              1371.0,
              4042.0
            ],
            [
              1348.0,
              3968.0
            ],
            [
              1344.0,
              3943.0
            ],
            [
              1349.0,
              3935.0
            ],
            [
              1354.0,
              3932.0
            ]
          ]
        ]
      },
      "properties": {
        "parcel_id": "CAD-0263",
        "feature_type": "Agricultural Land",
        "category": "Land",
        "color_hex": "#FFA500",
        "area_px": 3455.5,
        "area_sqm": 22.12,
        "area_hectares": 0.0022,
        "area_acres": 0.0055,
        "area_gaj": 26.46,
        "perimeter_m": 24.35,
        "vertex_count": 10,
        "confidence": 0.8,
        "verification_status": "Pending Review"
      }
    },
    {
      "type": "Feature",
      "id": "CAD-0264",
      "geometry": {
        "type": "Polygon",
        "coordinates": [
          [
            [
              4669.0,
              3812.0
            ],
            [
              4669.0,
              3838.0
            ],
            [
              4660.0,
              3857.0
            ],
            [
              4638.0,
              3868.0
            ],
            [
              4594.0,
              3852.0
            ],
            [
              4590.0,
              3846.0
            ],
            [
              4588.0,
              3821.0
            ],
            [
              4621.0,
              3802.0
            ],
            [
              4647.0,
              3801.0
            ],
            [
              4669.0,
              3812.0
            ]
          ]
        ]
      },
      "properties": {
        "parcel_id": "CAD-0264",
        "feature_type": "Agricultural Land",
        "category": "Land",
        "color_hex": "#FFA500",
        "area_px": 3934.0,
        "area_sqm": 25.18,
        "area_hectares": 0.0025,
        "area_acres": 0.0062,
        "area_gaj": 30.12,
        "perimeter_m": 19.15,
        "vertex_count": 10,
        "confidence": 0.8,
        "verification_status": "Pending Review"
      }
    },
    {
      "type": "Feature",
      "id": "CAD-0265",
      "geometry": {
        "type": "Polygon",
        "coordinates": [
          [
            [
              4603.0,
              3500.0
            ],
            [
              4613.0,
              3504.0
            ],
            [
              4624.0,
              3522.0
            ],
            [
              4627.0,
              3595.0
            ],
            [
              4606.0,
              3610.0
            ],
            [
              4603.0,
              3609.0
            ],
            [
              4585.0,
              3590.0
            ],
            [
              4571.0,
              3559.0
            ],
            [
              4571.0,
              3555.0
            ],
            [
              4598.0,
              3503.0
            ],
            [
              4603.0,
              3500.0
            ]
          ]
        ]
      },
      "properties": {
        "parcel_id": "CAD-0265",
        "feature_type": "Agricultural Land",
        "category": "Land",
        "color_hex": "#FFA500",
        "area_px": 3294.5,
        "area_sqm": 21.08,
        "area_hectares": 0.0021,
        "area_acres": 0.0052,
        "area_gaj": 25.21,
        "perimeter_m": 21.0,
        "vertex_count": 11,
        "confidence": 0.8,
        "verification_status": "Pending Review"
      }
    },
    {
      "type": "Feature",
      "id": "CAD-0266",
      "geometry": {
        "type": "Polygon",
        "coordinates": [
          [
            [
              997.0,
              3427.0
            ],
            [
              986.0,
              3604.0
            ],
            [
              952.0,
              3608.0
            ],
            [
              852.0,
              3607.0
            ],
            [
              848.0,
              3602.0
            ],
            [
              841.0,
              3450.0
            ],
            [
              845.0,
              3433.0
            ],
            [
              997.0,
              3427.0
            ]
          ]
        ]
      },
      "properties": {
        "parcel_id": "CAD-0266",
        "feature_type": "Agricultural Land",
        "category": "Land",
        "color_hex": "#FFA500",
        "area_px": 23620.5,
        "area_sqm": 151.17,
        "area_hectares": 0.0151,
        "area_acres": 0.0374,
        "area_gaj": 180.8,
        "perimeter_m": 51.18,
        "vertex_count": 8,
        "confidence": 0.8,
        "verification_status": "Pending Review"
      }
    },
    {
      "type": "Feature",
      "id": "CAD-0267",
      "geometry": {
        "type": "Polygon",
        "coordinates": [
          [
            [
              739.0,
              3260.0
            ],
            [
              739.0,
              3264.0
            ],
            [
              674.0,
              3312.0
            ],
            [
              662.0,
              3315.0
            ],
            [
              657.0,
              3312.0
            ],
            [
              652.0,
              3262.0
            ],
            [
              654.0,
              3258.0
            ],
            [
              704.0,
              3251.0
            ],
            [
              731.0,
              3256.0
            ],
            [
              739.0,
              3260.0
            ]
          ]
        ]
      },
      "properties": {
        "parcel_id": "CAD-0267",
        "feature_type": "Agricultural Land",
        "category": "Land",
        "color_hex": "#FFA500",
        "area_px": 2961.0,
        "area_sqm": 18.95,
        "area_hectares": 0.0019,
        "area_acres": 0.0047,
        "area_gaj": 22.66,
        "perimeter_m": 19.57,
        "vertex_count": 10,
        "confidence": 0.8,
        "verification_status": "Pending Review"
      }
    },
    {
      "type": "Feature",
      "id": "CAD-0268",
      "geometry": {
        "type": "Polygon",
        "coordinates": [
          [
            [
              797.0,
              2962.0
            ],
            [
              793.0,
              2997.0
            ],
            [
              735.0,
              3067.0
            ],
            [
              719.0,
              3074.0
            ],
            [
              623.0,
              3054.0
            ],
            [
              582.0,
              3018.0
            ],
            [
              579.0,
              2995.0
            ],
            [
              587.0,
              2983.0
            ],
            [
              791.0,
              2957.0
            ],
            [
              797.0,
              2962.0
            ]
          ]
        ]
      },
      "properties": {
        "parcel_id": "CAD-0268",
        "feature_type": "Agricultural Land",
        "category": "Land",
        "color_hex": "#FFA500",
        "area_px": 13578.5,
        "area_sqm": 86.9,
        "area_hectares": 0.0087,
        "area_acres": 0.0215,
        "area_gaj": 103.93,
        "perimeter_m": 43.78,
        "vertex_count": 10,
        "confidence": 0.8,
        "verification_status": "Pending Review"
      }
    },
    {
      "type": "Feature",
      "id": "CAD-0269",
      "geometry": {
        "type": "Polygon",
        "coordinates": [
          [
            [
              1154.0,
              2737.0
            ],
            [
              1157.0,
              2744.0
            ],
            [
              1140.0,
              2777.0
            ],
            [
              1097.0,
              2830.0
            ],
            [
              1072.0,
              2837.0
            ],
            [
              1034.0,
              2815.0
            ],
            [
              1041.0,
              2764.0
            ],
            [
              1056.0,
              2735.0
            ],
            [
              1069.0,
              2730.0
            ],
            [
              1135.0,
              2733.0
            ],
            [
              1154.0,
              2737.0
            ]
          ]
        ]
      },
      "properties": {
        "parcel_id": "CAD-0269",
        "feature_type": "Agricultural Land",
        "category": "Land",
        "color_hex": "#FFA500",
        "area_px": 7509.5,
        "area_sqm": 48.06,
        "area_hectares": 0.0048,
        "area_acres": 0.0119,
        "area_gaj": 57.48,
        "perimeter_m": 29.31,
        "vertex_count": 11,
        "confidence": 0.8,
        "verification_status": "Pending Review"
      }
    },
    {
      "type": "Feature",
      "id": "CAD-0270",
      "geometry": {
        "type": "Polygon",
        "coordinates": [
          [
            [
              3433.0,
              2631.0
            ],
            [
              3437.0,
              2632.0
            ],
            [
              3444.0,
              2640.0
            ],
            [
              3461.0,
              2694.0
            ],
            [
              3461.0,
              2698.0
            ],
            [
              3440.0,
              2743.0
            ],
            [
              3435.0,
              2746.0
            ],
            [
              3380.0,
              2707.0
            ],
            [
              3382.0,
              2693.0
            ],
            [
              3419.0,
              2641.0
            ],
            [
              3426.0,
              2634.0
            ],
            [
              3433.0,
              2631.0
            ]
          ]
        ]
      },
      "properties": {
        "parcel_id": "CAD-0270",
        "feature_type": "Agricultural Land",
        "category": "Land",
        "color_hex": "#FFA500",
        "area_px": 4213.5,
        "area_sqm": 26.97,
        "area_hectares": 0.0027,
        "area_acres": 0.0067,
        "area_gaj": 32.26,
        "perimeter_m": 23.5,
        "vertex_count": 12,
        "confidence": 0.8,
        "verification_status": "Pending Review"
      }
    },
    {
      "type": "Feature",
      "id": "CAD-0271",
      "geometry": {
        "type": "Polygon",
        "coordinates": [
          [
            [
              3468.0,
              2386.0
            ],
            [
              3562.0,
              2386.0
            ],
            [
              3567.0,
              2389.0
            ],
            [
              3571.0,
              2403.0
            ],
            [
              3548.0,
              2480.0
            ],
            [
              3527.0,
              2478.0
            ],
            [
              3504.0,
              2463.0
            ],
            [
              3479.0,
              2431.0
            ],
            [
              3466.0,
              2392.0
            ],
            [
              3468.0,
              2386.0
            ]
          ]
        ]
      },
      "properties": {
        "parcel_id": "CAD-0271",
        "feature_type": "Agricultural Land",
        "category": "Land",
        "color_hex": "#FFA500",
        "area_px": 6111.0,
        "area_sqm": 39.11,
        "area_hectares": 0.0039,
        "area_acres": 0.0097,
        "area_gaj": 46.78,
        "perimeter_m": 26.51,
        "vertex_count": 10,
        "confidence": 0.8,
        "verification_status": "Pending Review"
      }
    },
    {
      "type": "Feature",
      "id": "CAD-0272",
      "geometry": {
        "type": "Polygon",
        "coordinates": [
          [
            [
              146.0,
              2374.0
            ],
            [
              256.0,
              2372.0
            ],
            [
              275.0,
              2374.0
            ],
            [
              284.0,
              2379.0
            ],
            [
              247.0,
              2478.0
            ],
            [
              224.0,
              2504.0
            ],
            [
              204.0,
              2497.0
            ],
            [
              163.0,
              2448.0
            ],
            [
              136.0,
              2387.0
            ],
            [
              136.0,
              2382.0
            ],
            [
              146.0,
              2374.0
            ]
          ]
        ]
      },
      "properties": {
        "parcel_id": "CAD-0272",
        "feature_type": "Agricultural Land",
        "category": "Land",
        "color_hex": "#FFA500",
        "area_px": 11060.0,
        "area_sqm": 70.78,
        "area_hectares": 0.0071,
        "area_acres": 0.0175,
        "area_gaj": 84.65,
        "perimeter_m": 35.95,
        "vertex_count": 11,
        "confidence": 0.8,
        "verification_status": "Pending Review"
      }
    },
    {
      "type": "Feature",
      "id": "CAD-0273",
      "geometry": {
        "type": "Polygon",
        "coordinates": [
          [
            [
              2835.0,
              2125.0
            ],
            [
              2834.0,
              2131.0
            ],
            [
              2809.0,
              2176.0
            ],
            [
              2802.0,
              2182.0
            ],
            [
              2722.0,
              2147.0
            ],
            [
              2724.0,
              2141.0
            ],
            [
              2825.0,
              2122.0
            ],
            [
              2830.0,
              2122.0
            ],
            [
              2835.0,
              2125.0
            ]
          ]
        ]
      },
      "properties": {
        "parcel_id": "CAD-0273",
        "feature_type": "Agricultural Land",
        "category": "Land",
        "color_hex": "#FFA500",
        "area_px": 3292.0,
        "area_sqm": 21.07,
        "area_hectares": 0.0021,
        "area_acres": 0.0052,
        "area_gaj": 25.2,
        "perimeter_m": 21.92,
        "vertex_count": 9,
        "confidence": 0.8,
        "verification_status": "Pending Review"
      }
    },
    {
      "type": "Feature",
      "id": "CAD-0274",
      "geometry": {
        "type": "Polygon",
        "coordinates": [
          [
            [
              1030.0,
              1863.0
            ],
            [
              1092.0,
              1998.0
            ],
            [
              1028.0,
              2844.0
            ],
            [
              1005.0,
              2889.0
            ],
            [
              874.0,
              2941.0
            ],
            [
              818.0,
              2933.0
            ],
            [
              658.0,
              2277.0
            ],
            [
              713.0,
              2046.0
            ],
            [
              1030.0,
              1863.0
            ]
          ]
        ]
      },
      "properties": {
        "parcel_id": "CAD-0274",
        "feature_type": "Agricultural Land",
        "category": "Land",
        "color_hex": "#FFA500",
        "area_px": 170278.5,
        "area_sqm": 1089.78,
        "area_hectares": 0.109,
        "area_acres": 0.2693,
        "area_gaj": 1303.38,
        "perimeter_m": 201.9,
        "vertex_count": 9,
        "confidence": 0.8,
        "verification_status": "Pending Review"
      }
    },
    {
      "type": "Feature",
      "id": "CAD-0275",
      "geometry": {
        "type": "Polygon",
        "coordinates": [
          [
            [
              1048.0,
              1515.0
            ],
            [
              1057.0,
              1538.0
            ],
            [
              982.0,
              1733.0
            ],
            [
              958.0,
              1744.0
            ],
            [
              906.0,
              1741.0
            ],
            [
              797.0,
              1531.0
            ],
            [
              817.0,
              1515.0
            ],
            [
              1048.0,
              1515.0
            ]
          ]
        ]
      },
      "properties": {
        "parcel_id": "CAD-0275",
        "feature_type": "Agricultural Land",
        "category": "Land",
        "color_hex": "#FFA500",
        "area_px": 20642.5,
        "area_sqm": 132.11,
        "area_hectares": 0.0132,
        "area_acres": 0.0326,
        "area_gaj": 158.0,
        "perimeter_m": 64.43,
        "vertex_count": 8,
        "confidence": 0.8,
        "verification_status": "Pending Review"
      }
    },
    {
      "type": "Feature",
      "id": "CAD-0276",
      "geometry": {
        "type": "Polygon",
        "coordinates": [
          [
            [
              672.0,
              1317.0
            ],
            [
              675.0,
              1258.0
            ],
            [
              680.0,
              1255.0
            ],
            [
              866.0,
              1278.0
            ],
            [
              879.0,
              1283.0
            ],
            [
              876.0,
              1290.0
            ],
            [
              814.0,
              1332.0
            ],
            [
              672.0,
              1317.0
            ]
          ]
        ]
      },
      "properties": {
        "parcel_id": "CAD-0276",
        "feature_type": "Agricultural Land",
        "category": "Land",
        "color_hex": "#FFA500",
        "area_px": 6600.5,
        "area_sqm": 42.24,
        "area_hectares": 0.0042,
        "area_acres": 0.0104,
        "area_gaj": 50.52,
        "perimeter_m": 39.32,
        "vertex_count": 8,
        "confidence": 0.8,
        "verification_status": "Pending Review"
      }
    },
    {
      "type": "Feature",
      "id": "CAD-0277",
      "geometry": {
        "type": "Polygon",
        "coordinates": [
          [
            [
              5896.0,
              1142.0
            ],
            [
              5909.0,
              1239.0
            ],
            [
              5894.0,
              1267.0
            ],
            [
              5886.0,
              1270.0
            ],
            [
              5828.0,
              1268.0
            ],
            [
              5779.0,
              1262.0
            ],
            [
              5764.0,
              1253.0
            ],
            [
              5761.0,
              1210.0
            ],
            [
              5779.0,
              1187.0
            ],
            [
              5867.0,
              1139.0
            ],
            [
              5891.0,
              1139.0
            ],
            [
              5896.0,
              1142.0
            ]
          ]
        ]
      },
      "properties": {
        "parcel_id": "CAD-0277",
        "feature_type": "Agricultural Land",
        "category": "Land",
        "color_hex": "#FFA500",
        "area_px": 12341.0,
        "area_sqm": 78.98,
        "area_hectares": 0.0079,
        "area_acres": 0.0195,
        "area_gaj": 94.46,
        "perimeter_m": 37.24,
        "vertex_count": 12,
        "confidence": 0.8,
        "verification_status": "Pending Review"
      }
    },
    {
      "type": "Feature",
      "id": "CAD-0278",
      "geometry": {
        "type": "Polygon",
        "coordinates": [
          [
            [
              4389.0,
              783.0
            ],
            [
              4427.0,
              780.0
            ],
            [
              4433.0,
              783.0
            ],
            [
              4454.0,
              836.0
            ],
            [
              4455.0,
              844.0
            ],
            [
              4429.0,
              866.0
            ],
            [
              4421.0,
              866.0
            ],
            [
              4416.0,
              863.0
            ],
            [
              4397.0,
              823.0
            ],
            [
              4387.0,
              789.0
            ],
            [
              4387.0,
              785.0
            ],
            [
              4389.0,
              783.0
            ]
          ]
        ]
      },
      "properties": {
        "parcel_id": "CAD-0278",
        "feature_type": "Agricultural Land",
        "category": "Land",
        "color_hex": "#FFA500",
        "area_px": 2769.0,
        "area_sqm": 17.72,
        "area_hectares": 0.0018,
        "area_acres": 0.0044,
        "area_gaj": 21.19,
        "perimeter_m": 19.55,
        "vertex_count": 12,
        "confidence": 0.8,
        "verification_status": "Pending Review"
      }
    },
    {
      "type": "Feature",
      "id": "CAD-0279",
      "geometry": {
        "type": "Polygon",
        "coordinates": [
          [
            [
              1732.0,
              772.0
            ],
            [
              1761.0,
              767.0
            ],
            [
              1846.0,
              769.0
            ],
            [
              1851.0,
              772.0
            ],
            [
              1859.0,
              843.0
            ],
            [
              1844.0,
              922.0
            ],
            [
              1837.0,
              930.0
            ],
            [
              1829.0,
              930.0
            ],
            [
              1806.0,
              904.0
            ],
            [
              1734.0,
              792.0
            ],
            [
              1730.0,
              778.0
            ],
            [
              1732.0,
              772.0
            ]
          ]
        ]
      },
      "properties": {
        "parcel_id": "CAD-0279",
        "feature_type": "Agricultural Land",
        "category": "Land",
        "color_hex": "#FFA500",
        "area_px": 11077.0,
        "area_sqm": 70.89,
        "area_hectares": 0.0071,
        "area_acres": 0.0175,
        "area_gaj": 84.78,
        "perimeter_m": 38.36,
        "vertex_count": 12,
        "confidence": 0.8,
        "verification_status": "Pending Review"
      }
    },
    {
      "type": "Feature",
      "id": "CAD-0280",
      "geometry": {
        "type": "Polygon",
        "coordinates": [
          [
            [
              3441.0,
              771.0
            ],
            [
              3504.0,
              765.0
            ],
            [
              3567.0,
              768.0
            ],
            [
              3580.0,
              776.0
            ],
            [
              3581.0,
              822.0
            ],
            [
              3557.0,
              915.0
            ],
            [
              3484.0,
              896.0
            ],
            [
              3469.0,
              881.0
            ],
            [
              3442.0,
              824.0
            ],
            [
              3441.0,
              771.0
            ]
          ]
        ]
      },
      "properties": {
        "parcel_id": "CAD-0280",
        "feature_type": "Agricultural Land",
        "category": "Land",
        "color_hex": "#FFA500",
        "area_px": 14884.0,
        "area_sqm": 95.26,
        "area_hectares": 0.0095,
        "area_acres": 0.0235,
        "area_gaj": 113.93,
        "perimeter_m": 39.71,
        "vertex_count": 10,
        "confidence": 0.8,
        "verification_status": "Pending Review"
      }
    },
    {
      "type": "Feature",
      "id": "CAD-0281",
      "geometry": {
        "type": "Polygon",
        "coordinates": [
          [
            [
              1637.0,
              554.0
            ],
            [
              1644.0,
              559.0
            ],
            [
              1630.0,
              649.0
            ],
            [
              1619.0,
              659.0
            ],
            [
              1615.0,
              660.0
            ],
            [
              1600.0,
              651.0
            ],
            [
              1586.0,
              584.0
            ],
            [
              1603.0,
              559.0
            ],
            [
              1637.0,
              554.0
            ]
          ]
        ]
      },
      "properties": {
        "parcel_id": "CAD-0281",
        "feature_type": "Agricultural Land",
        "category": "Land",
        "color_hex": "#FFA500",
        "area_px": 2842.0,
        "area_sqm": 18.19,
        "area_hectares": 0.0018,
        "area_acres": 0.0045,
        "area_gaj": 21.76,
        "perimeter_m": 21.54,
        "vertex_count": 9,
        "confidence": 0.8,
        "verification_status": "Pending Review"
      }
    },
    {
      "type": "Feature",
      "id": "CAD-0282",
      "geometry": {
        "type": "Polygon",
        "coordinates": [
          [
            [
              6047.0,
              547.0
            ],
            [
              6047.0,
              863.0
            ],
            [
              5714.0,
              1109.0
            ],
            [
              5692.0,
              1109.0
            ],
            [
              5529.0,
              784.0
            ],
            [
              6047.0,
              547.0
            ]
          ]
        ]
      },
      "properties": {
        "parcel_id": "CAD-0282",
        "feature_type": "Agricultural Land",
        "category": "Land",
        "color_hex": "#FFA500",
        "area_px": 50495.5,
        "area_sqm": 323.17,
        "area_hectares": 0.0323,
        "area_acres": 0.0799,
        "area_gaj": 386.51,
        "perimeter_m": 134.82,
        "vertex_count": 6,
        "confidence": 0.8,
        "verification_status": "Pending Review"
      }
    },
    {
      "type": "Feature",
      "id": "CAD-0283",
      "geometry": {
        "type": "Polygon",
        "coordinates": [
          [
            [
              2581.0,
              331.0
            ],
            [
              2581.0,
              341.0
            ],
            [
              2579.0,
              343.0
            ],
            [
              2513.0,
              361.0
            ],
            [
              2488.0,
              346.0
            ],
            [
              2484.0,
              317.0
            ],
            [
              2512.0,
              305.0
            ],
            [
              2539.0,
              298.0
            ],
            [
              2581.0,
              331.0
            ]
          ]
        ]
      },
      "properties": {
        "parcel_id": "CAD-0283",
        "feature_type": "Agricultural Land",
        "category": "Land",
        "color_hex": "#FFA500",
        "area_px": 3128.5,
        "area_sqm": 20.02,
        "area_hectares": 0.002,
        "area_acres": 0.0049,
        "area_gaj": 23.94,
        "perimeter_m": 20.11,
        "vertex_count": 9,
        "confidence": 0.8,
        "verification_status": "Pending Review"
      }
    },
    {
      "type": "Feature",
      "id": "CAD-0284",
      "geometry": {
        "type": "Polygon",
        "coordinates": [
          [
            [
              1606.0,
              289.0
            ],
            [
              1623.0,
              288.0
            ],
            [
              1919.0,
              478.0
            ],
            [
              1891.0,
              597.0
            ],
            [
              1682.0,
              603.0
            ],
            [
              1546.0,
              490.0
            ],
            [
              1606.0,
              289.0
            ]
          ]
        ]
      },
      "properties": {
        "parcel_id": "CAD-0284",
        "feature_type": "Agricultural Land",
        "category": "Land",
        "color_hex": "#FFA500",
        "area_px": 31863.5,
        "area_sqm": 203.93,
        "area_hectares": 0.0204,
        "area_acres": 0.0504,
        "area_gaj": 243.9,
        "perimeter_m": 86.93,
        "vertex_count": 7,
        "confidence": 0.8,
        "verification_status": "Pending Review"
      }
    },
    {
      "type": "Feature",
      "id": "CAD-0285",
      "geometry": {
        "type": "Polygon",
        "coordinates": [
          [
            [
              2484.0,
              312.0
            ],
            [
              2447.0,
              329.0
            ],
            [
              2436.0,
              330.0
            ],
            [
              2404.0,
              318.0
            ],
            [
              2390.0,
              296.0
            ],
            [
              2390.0,
              281.0
            ],
            [
              2394.0,
              278.0
            ],
            [
              2414.0,
              273.0
            ],
            [
              2471.0,
              271.0
            ],
            [
              2476.0,
              274.0
            ],
            [
              2484.0,
              312.0
            ]
          ]
        ]
      },
      "properties": {
        "parcel_id": "CAD-0285",
        "feature_type": "Agricultural Land",
        "category": "Land",
        "color_hex": "#FFA500",
        "area_px": 3788.5,
        "area_sqm": 24.25,
        "area_hectares": 0.0024,
        "area_acres": 0.006,
        "area_gaj": 29.0,
        "perimeter_m": 20.35,
        "vertex_count": 11,
        "confidence": 0.8,
        "verification_status": "Pending Review"
      }
    },
    {
      "type": "Feature",
      "id": "CAD-0286",
      "geometry": {
        "type": "Polygon",
        "coordinates": [
          [
            [
              2574.0,
              134.0
            ],
            [
              2586.0,
              135.0
            ],
            [
              2591.0,
              138.0
            ],
            [
              2607.0,
              189.0
            ],
            [
              2609.0,
              214.0
            ],
            [
              2590.0,
              243.0
            ],
            [
              2579.0,
              255.0
            ],
            [
              2574.0,
              257.0
            ],
            [
              2563.0,
              252.0
            ],
            [
              2553.0,
              163.0
            ],
            [
              2553.0,
              144.0
            ],
            [
              2555.0,
              140.0
            ],
            [
              2561.0,
              136.0
            ],
            [
              2574.0,
              134.0
            ]
          ]
        ]
      },
      "properties": {
        "parcel_id": "CAD-0286",
        "feature_type": "Agricultural Land",
        "category": "Land",
        "color_hex": "#FFA500",
        "area_px": 4615.0,
        "area_sqm": 29.54,
        "area_hectares": 0.003,
        "area_acres": 0.0073,
        "area_gaj": 35.33,
        "perimeter_m": 23.86,
        "vertex_count": 14,
        "confidence": 0.8,
        "verification_status": "Pending Review"
      }
    },
    {
      "type": "Feature",
      "id": "CAD-0287",
      "geometry": {
        "type": "Polygon",
        "coordinates": [
          [
            [
              4986.0,
              80.0
            ],
            [
              4976.0,
              185.0
            ],
            [
              4937.0,
              220.0
            ],
            [
              4927.0,
              223.0
            ],
            [
              4847.0,
              220.0
            ],
            [
              4810.0,
              209.0
            ],
            [
              4799.0,
              201.0
            ],
            [
              4797.0,
              187.0
            ],
            [
              4972.0,
              78.0
            ],
            [
              4978.0,
              76.0
            ],
            [
              4986.0,
              80.0
            ]
          ]
        ]
      },
      "properties": {
        "parcel_id": "CAD-0287",
        "feature_type": "Agricultural Land",
        "category": "Land",
        "color_hex": "#FFA500",
        "area_px": 6385.0,
        "area_sqm": 40.86,
        "area_hectares": 0.0041,
        "area_acres": 0.0101,
        "area_gaj": 48.87,
        "perimeter_m": 42.89,
        "vertex_count": 11,
        "confidence": 0.8,
        "verification_status": "Pending Review"
      }
    },
    {
      "type": "Feature",
      "id": "CAD-0288",
      "geometry": {
        "type": "Polygon",
        "coordinates": [
          [
            [
              5192.0,
              114.0
            ],
            [
              5183.0,
              116.0
            ],
            [
              5178.0,
              113.0
            ],
            [
              5088.0,
              0.0
            ],
            [
              5211.0,
              0.0
            ],
            [
              5197.0,
              105.0
            ],
            [
              5192.0,
              114.0
            ]
          ]
        ]
      },
      "properties": {
        "parcel_id": "CAD-0288",
        "feature_type": "Agricultural Land",
        "category": "Land",
        "color_hex": "#FFA500",
        "area_px": 6752.5,
        "area_sqm": 43.22,
        "area_hectares": 0.0043,
        "area_acres": 0.0107,
        "area_gaj": 51.69,
        "perimeter_m": 31.9,
        "vertex_count": 7,
        "confidence": 0.8,
        "verification_status": "Pending Review"
      }
    },
    {
      "type": "Feature",
      "id": "CAD-0289",
      "geometry": {
        "type": "Polygon",
        "coordinates": [
          [
            [
              4545.0,
              0.0
            ],
            [
              4622.0,
              0.0
            ],
            [
              4641.0,
              30.0
            ],
            [
              4639.0,
              130.0
            ],
            [
              4607.0,
              191.0
            ],
            [
              4602.0,
              194.0
            ],
            [
              4569.0,
              164.0
            ],
            [
              4548.0,
              132.0
            ],
            [
              4540.0,
              106.0
            ],
            [
              4538.0,
              16.0
            ],
            [
              4545.0,
              0.0
            ]
          ]
        ]
      },
      "properties": {
        "parcel_id": "CAD-0289",
        "feature_type": "Agricultural Land",
        "category": "Land",
        "color_hex": "#FFA500",
        "area_px": 12025.0,
        "area_sqm": 76.96,
        "area_hectares": 0.0077,
        "area_acres": 0.019,
        "area_gaj": 92.04,
        "perimeter_m": 40.38,
        "vertex_count": 11,
        "confidence": 0.8,
        "verification_status": "Pending Review"
      }
    },
    {
      "type": "Feature",
      "id": "CAD-0290",
      "geometry": {
        "type": "Polygon",
        "coordinates": [
          [
            [
              4505.0,
              0.0
            ],
            [
              4529.0,
              349.0
            ],
            [
              4526.0,
              675.0
            ],
            [
              4486.0,
              764.0
            ],
            [
              4438.0,
              782.0
            ],
            [
              4449.0,
              0.0
            ],
            [
              4505.0,
              0.0
            ]
          ]
        ]
      },
      "properties": {
        "parcel_id": "CAD-0290",
        "feature_type": "Agricultural Land",
        "category": "Land",
        "color_hex": "#FFA500",
        "area_px": 26835.5,
        "area_sqm": 171.75,
        "area_hectares": 0.0172,
        "area_acres": 0.0424,
        "area_gaj": 205.41,
        "perimeter_m": 133.02,
        "vertex_count": 7,
        "confidence": 0.8,
        "verification_status": "Pending Review"
      }
    },
    {
      "type": "Feature",
      "id": "CAD-0291",
      "geometry": {
        "type": "Polygon",
        "coordinates": [
          [
            [
              3957.0,
              0.0
            ],
            [
              3957.0,
              20.0
            ],
            [
              3909.0,
              134.0
            ],
            [
              3869.0,
              173.0
            ],
            [
              3852.0,
              177.0
            ],
            [
              3782.0,
              0.0
            ],
            [
              3957.0,
              0.0
            ]
          ]
        ]
      },
      "properties": {
        "parcel_id": "CAD-0291",
        "feature_type": "Agricultural Land",
        "category": "Land",
        "color_hex": "#FFA500",
        "area_px": 10511.0,
        "area_sqm": 67.27,
        "area_hectares": 0.0067,
        "area_acres": 0.0166,
        "area_gaj": 80.45,
        "perimeter_m": 46.59,
        "vertex_count": 7,
        "confidence": 0.8,
        "verification_status": "Pending Review"
      }
    },
    {
      "type": "Feature",
      "id": "CAD-0292",
      "geometry": {
        "type": "Polygon",
        "coordinates": [
          [
            [
              3632.0,
              0.0
            ],
            [
              3630.0,
              16.0
            ],
            [
              3619.0,
              30.0
            ],
            [
              3452.0,
              30.0
            ],
            [
              3424.0,
              20.0
            ],
            [
              3416.0,
              5.0
            ],
            [
              3416.0,
              0.0
            ],
            [
              3632.0,
              0.0
            ]
          ]
        ]
      },
      "properties": {
        "parcel_id": "CAD-0292",
        "feature_type": "Agricultural Land",
        "category": "Land",
        "color_hex": "#FFA500",
        "area_px": 6037.5,
        "area_sqm": 38.64,
        "area_hectares": 0.0039,
        "area_acres": 0.0095,
        "area_gaj": 46.21,
        "perimeter_m": 37.49,
        "vertex_count": 8,
        "confidence": 0.8,
        "verification_status": "Pending Review"
      }
    },
    {
      "type": "Feature",
      "id": "CAD-0293",
      "geometry": {
        "type": "Polygon",
        "coordinates": [
          [
            [
              2613.0,
              0.0
            ],
            [
              3115.0,
              0.0
            ],
            [
              6047.0,
              953.0
            ],
            [
              6047.0,
              2439.0
            ],
            [
              4669.0,
              6967.0
            ],
            [
              3097.0,
              8063.0
            ],
            [
              1269.0,
              7260.0
            ],
            [
              958.0,
              5480.0
            ],
            [
              1222.0,
              1545.0
            ],
            [
              1390.0,
              972.0
            ],
            [
              2613.0,
              0.0
            ]
          ]
        ]
      },
      "properties": {
        "parcel_id": "CAD-0293",
        "feature_type": "Agricultural Land",
        "category": "Land",
        "color_hex": "#FFA500",
        "area_px": 13816147.5,
        "area_sqm": 88423.34,
        "area_hectares": 8.8423,
        "area_acres": 21.8499,
        "area_gaj": 105754.31,
        "perimeter_m": 1730.17,
        "vertex_count": 11,
        "confidence": 0.8,
        "verification_status": "Pending Review"
      }
    },
    {
      "type": "Feature",
      "id": "CAD-0294",
      "geometry": {
        "type": "Polygon",
        "coordinates": [
          [
            [
              2556.0,
              0.0
            ],
            [
              2554.0,
              4.0
            ],
            [
              2532.0,
              13.0
            ],
            [
              2415.0,
              39.0
            ],
            [
              2402.0,
              38.0
            ],
            [
              2388.0,
              31.0
            ],
            [
              2395.0,
              15.0
            ],
            [
              2411.0,
              0.0
            ],
            [
              2556.0,
              0.0
            ]
          ]
        ]
      },
      "properties": {
        "parcel_id": "CAD-0294",
        "feature_type": "Agricultural Land",
        "category": "Land",
        "color_hex": "#FFA500",
        "area_px": 2631.0,
        "area_sqm": 16.84,
        "area_hectares": 0.0017,
        "area_acres": 0.0042,
        "area_gaj": 20.14,
        "perimeter_m": 28.89,
        "vertex_count": 9,
        "confidence": 0.8,
        "verification_status": "Pending Review"
      }
    },
    {
      "type": "Feature",
      "id": "CAD-0295",
      "geometry": {
        "type": "Polygon",
        "coordinates": [
          [
            [
              2324.0,
              11.0
            ],
            [
              2324.0,
              21.0
            ],
            [
              2317.0,
              34.0
            ],
            [
              2299.0,
              47.0
            ],
            [
              2198.0,
              62.0
            ],
            [
              2142.0,
              50.0
            ],
            [
              2145.0,
              10.0
            ],
            [
              2150.0,
              0.0
            ],
            [
              2318.0,
              0.0
            ],
            [
              2324.0,
              11.0
            ]
          ]
        ]
      },
      "properties": {
        "parcel_id": "CAD-0295",
        "feature_type": "Agricultural Land",
        "category": "Land",
        "color_hex": "#FFA500",
        "area_px": 7450.0,
        "area_sqm": 47.68,
        "area_hectares": 0.0048,
        "area_acres": 0.0118,
        "area_gaj": 57.03,
        "perimeter_m": 35.05,
        "vertex_count": 10,
        "confidence": 0.8,
        "verification_status": "Pending Review"
      }
    },
    {
      "type": "Feature",
      "id": "CAD-0296",
      "geometry": {
        "type": "Polygon",
        "coordinates": [
          [
            [
              1576.0,
              0.0
            ],
            [
              1809.0,
              0.0
            ],
            [
              1938.0,
              141.0
            ],
            [
              1953.0,
              278.0
            ],
            [
              1896.0,
              379.0
            ],
            [
              1862.0,
              367.0
            ],
            [
              1678.0,
              237.0
            ],
            [
              1582.0,
              48.0
            ],
            [
              1576.0,
              0.0
            ]
          ]
        ]
      },
      "properties": {
        "parcel_id": "CAD-0296",
        "feature_type": "Agricultural Land",
        "category": "Land",
        "color_hex": "#FFA500",
        "area_px": 62468.5,
        "area_sqm": 399.8,
        "area_hectares": 0.04,
        "area_acres": 0.0988,
        "area_gaj": 478.16,
        "perimeter_m": 95.97,
        "vertex_count": 9,
        "confidence": 0.8,
        "verification_status": "Pending Review"
      }
    },
    {
      "type": "Feature",
      "id": "CAD-0297",
      "geometry": {
        "type": "Polygon",
        "coordinates": [
          [
            [
              1473.0,
              0.0
            ],
            [
              1551.0,
              300.0
            ],
            [
              1530.0,
              593.0
            ],
            [
              1420.0,
              951.0
            ],
            [
              1314.0,
              790.0
            ],
            [
              1389.0,
              7.0
            ],
            [
              1473.0,
              0.0
            ]
          ]
        ]
      },
      "properties": {
        "parcel_id": "CAD-0297",
        "feature_type": "Agricultural Land",
        "category": "Land",
        "color_hex": "#FFA500",
        "area_px": 80768.5,
        "area_sqm": 516.92,
        "area_hectares": 0.0517,
        "area_acres": 0.1277,
        "area_gaj": 618.24,
        "perimeter_m": 163.35,
        "vertex_count": 7,
        "confidence": 0.8,
        "verification_status": "Pending Review"
      }
    },
    {
      "type": "Feature",
      "id": "CAD-0298",
      "geometry": {
        "type": "Polygon",
        "coordinates": [
          [
            [
              1234.0,
              0.0
            ],
            [
              1231.0,
              11.0
            ],
            [
              1188.0,
              73.0
            ],
            [
              1048.0,
              74.0
            ],
            [
              1043.0,
              71.0
            ],
            [
              1037.0,
              35.0
            ],
            [
              1039.0,
              13.0
            ],
            [
              1045.0,
              0.0
            ],
            [
              1234.0,
              0.0
            ]
          ]
        ]
      },
      "properties": {
        "parcel_id": "CAD-0298",
        "feature_type": "Agricultural Land",
        "category": "Land",
        "color_hex": "#FFA500",
        "area_px": 12743.0,
        "area_sqm": 81.56,
        "area_hectares": 0.0082,
        "area_acres": 0.0202,
        "area_gaj": 97.55,
        "perimeter_m": 39.57,
        "vertex_count": 9,
        "confidence": 0.8,
        "verification_status": "Pending Review"
      }
    },
    {
      "type": "Feature",
      "id": "CAD-0299",
      "geometry": {
        "type": "Polygon",
        "coordinates": [
          [
            [
              6023.0,
              8059.0
            ],
            [
              5664.0,
              8063.0
            ],
            [
              5667.0,
              8052.0
            ],
            [
              6008.0,
              8052.0
            ],
            [
              6023.0,
              8059.0
            ]
          ]
        ]
      },
      "properties": {
        "parcel_id": "CAD-0299",
        "feature_type": "Road / Pathway",
        "category": "Infrastructure",
        "color_hex": "#FFFF00",
        "area_px": 3876.5,
        "area_sqm": 24.81,
        "area_hectares": 0.0025,
        "area_acres": 0.0061,
        "area_gaj": 29.67,
        "perimeter_m": 58.24,
        "vertex_count": 5,
        "confidence": 0.78,
        "verification_status": "Pending Review"
      }
    },
    {
      "type": "Feature",
      "id": "CAD-0300",
      "geometry": {
        "type": "Polygon",
        "coordinates": [
          [
            [
              5047.0,
              8062.0
            ],
            [
              4971.0,
              8063.0
            ],
            [
              4986.0,
              8044.0
            ],
            [
              5004.0,
              8027.0
            ],
            [
              5018.0,
              8023.0
            ],
            [
              5024.0,
              8024.0
            ],
            [
              5047.0,
              8062.0
            ]
          ]
        ]
      },
      "properties": {
        "parcel_id": "CAD-0300",
        "feature_type": "Road / Pathway",
        "category": "Infrastructure",
        "color_hex": "#FFFF00",
        "area_px": 1601.0,
        "area_sqm": 10.25,
        "area_hectares": 0.001,
        "area_acres": 0.0025,
        "area_gaj": 12.26,
        "perimeter_m": 15.2,
        "vertex_count": 7,
        "confidence": 0.78,
        "verification_status": "Pending Review"
      }
    },
    {
      "type": "Feature",
      "id": "CAD-0301",
      "geometry": {
        "type": "Polygon",
        "coordinates": [
          [
            [
              2902.0,
              7993.0
            ],
            [
              2922.0,
              7988.0
            ],
            [
              2990.0,
              8017.0
            ],
            [
              2977.0,
              8063.0
            ],
            [
              2897.0,
              8063.0
            ],
            [
              2902.0,
              7993.0
            ]
          ]
        ]
      },
      "properties": {
        "parcel_id": "CAD-0301",
        "feature_type": "Road / Pathway",
        "category": "Infrastructure",
        "color_hex": "#FFFF00",
        "area_px": 4766.0,
        "area_sqm": 30.5,
        "area_hectares": 0.0031,
        "area_acres": 0.0075,
        "area_gaj": 36.48,
        "perimeter_m": 23.4,
        "vertex_count": 6,
        "confidence": 0.78,
        "verification_status": "Pending Review"
      }
    },
    {
      "type": "Feature",
      "id": "CAD-0302",
      "geometry": {
        "type": "Polygon",
        "coordinates": [
          [
            [
              4663.0,
              7931.0
            ],
            [
              4668.0,
              7967.0
            ],
            [
              4662.0,
              8063.0
            ],
            [
              4640.0,
              8063.0
            ],
            [
              4646.0,
              7970.0
            ],
            [
              4663.0,
              7931.0
            ]
          ]
        ]
      },
      "properties": {
        "parcel_id": "CAD-0302",
        "feature_type": "Road / Pathway",
        "category": "Infrastructure",
        "color_hex": "#FFFF00",
        "area_px": 2011.5,
        "area_sqm": 12.87,
        "area_hectares": 0.0013,
        "area_acres": 0.0032,
        "area_gaj": 15.39,
        "perimeter_m": 23.22,
        "vertex_count": 6,
        "confidence": 0.78,
        "verification_status": "Pending Review"
      }
    },
    {
      "type": "Feature",
      "id": "CAD-0303",
      "geometry": {
        "type": "Polygon",
        "coordinates": [
          [
            [
              1493.0,
              7892.0
            ],
            [
              1498.0,
              7913.0
            ],
            [
              1504.0,
              8063.0
            ],
            [
              1439.0,
              8063.0
            ],
            [
              1484.0,
              7901.0
            ],
            [
              1493.0,
              7892.0
            ]
          ]
        ]
      },
      "properties": {
        "parcel_id": "CAD-0303",
        "feature_type": "Road / Pathway",
        "category": "Infrastructure",
        "color_hex": "#FFFF00",
        "area_px": 4295.5,
        "area_sqm": 27.49,
        "area_hectares": 0.0027,
        "area_acres": 0.0068,
        "area_gaj": 32.88,
        "perimeter_m": 33.41,
        "vertex_count": 6,
        "confidence": 0.78,
        "verification_status": "Pending Review"
      }
    },
    {
      "type": "Feature",
      "id": "CAD-0304",
      "geometry": {
        "type": "Polygon",
        "coordinates": [
          [
            [
              771.0,
              7746.0
            ],
            [
              771.0,
              7854.0
            ],
            [
              762.0,
              7967.0
            ],
            [
              749.0,
              7874.0
            ],
            [
              756.0,
              7753.0
            ],
            [
              771.0,
              7746.0
            ]
          ]
        ]
      },
      "properties": {
        "parcel_id": "CAD-0304",
        "feature_type": "Road / Pathway",
        "category": "Infrastructure",
        "color_hex": "#FFFF00",
        "area_px": 2547.5,
        "area_sqm": 16.3,
        "area_hectares": 0.0016,
        "area_acres": 0.004,
        "area_gaj": 19.49,
        "perimeter_m": 36.24,
        "vertex_count": 6,
        "confidence": 0.78,
        "verification_status": "Pending Review"
      }
    },
    {
      "type": "Feature",
      "id": "CAD-0305",
      "geometry": {
        "type": "Polygon",
        "coordinates": [
          [
            [
              1065.0,
              7733.0
            ],
            [
              1066.0,
              7941.0
            ],
            [
              1004.0,
              7970.0
            ],
            [
              991.0,
              7963.0
            ],
            [
              984.0,
              7893.0
            ],
            [
              1059.0,
              7734.0
            ],
            [
              1065.0,
              7733.0
            ]
          ]
        ]
      },
      "properties": {
        "parcel_id": "CAD-0305",
        "feature_type": "Road / Pathway",
        "category": "Infrastructure",
        "color_hex": "#FFFF00",
        "area_px": 4272.0,
        "area_sqm": 27.34,
        "area_hectares": 0.0027,
        "area_acres": 0.0068,
        "area_gaj": 32.7,
        "perimeter_m": 43.48,
        "vertex_count": 7,
        "confidence": 0.78,
        "verification_status": "Pending Review"
      }
    },
    {
      "type": "Feature",
      "id": "CAD-0306",
      "geometry": {
        "type": "Polygon",
        "coordinates": [
          [
            [
              895.0,
              7727.0
            ],
            [
              893.0,
              7739.0
            ],
            [
              779.0,
              7743.0
            ],
            [
              779.0,
              7735.0
            ],
            [
              795.0,
              7732.0
            ],
            [
              882.0,
              7725.0
            ],
            [
              895.0,
              7727.0
            ]
          ]
        ]
      },
      "properties": {
        "parcel_id": "CAD-0306",
        "feature_type": "Road / Pathway",
        "category": "Infrastructure",
        "color_hex": "#FFFF00",
        "area_px": 1392.5,
        "area_sqm": 8.91,
        "area_hectares": 0.0009,
        "area_acres": 0.0022,
        "area_gaj": 10.66,
        "perimeter_m": 20.08,
        "vertex_count": 7,
        "confidence": 0.78,
        "verification_status": "Pending Review"
      }
    },
    {
      "type": "Feature",
      "id": "CAD-0307",
      "geometry": {
        "type": "Polygon",
        "coordinates": [
          [
            [
              1072.0,
              7606.0
            ],
            [
              1071.0,
              7669.0
            ],
            [
              971.0,
              7668.0
            ],
            [
              977.0,
              7639.0
            ],
            [
              1072.0,
              7606.0
            ]
          ]
        ]
      },
      "properties": {
        "parcel_id": "CAD-0307",
        "feature_type": "Road / Pathway",
        "category": "Infrastructure",
        "color_hex": "#FFFF00",
        "area_px": 2324.0,
        "area_sqm": 14.87,
        "area_hectares": 0.0015,
        "area_acres": 0.0037,
        "area_gaj": 17.78,
        "perimeter_m": 23.46,
        "vertex_count": 5,
        "confidence": 0.78,
        "verification_status": "Pending Review"
      }
    },
    {
      "type": "Feature",
      "id": "CAD-0308",
      "geometry": {
        "type": "Polygon",
        "coordinates": [
          [
            [
              1546.0,
              7384.0
            ],
            [
              1705.0,
              7460.0
            ],
            [
              1730.0,
              8063.0
            ],
            [
              1593.0,
              8063.0
            ],
            [
              1541.0,
              7701.0
            ],
            [
              1546.0,
              7384.0
            ]
          ]
        ]
      },
      "properties": {
        "parcel_id": "CAD-0308",
        "feature_type": "Road / Pathway",
        "category": "Infrastructure",
        "color_hex": "#FFFF00",
        "area_px": 59221.0,
        "area_sqm": 379.01,
        "area_hectares": 0.0379,
        "area_acres": 0.0937,
        "area_gaj": 453.3,
        "perimeter_m": 127.96,
        "vertex_count": 6,
        "confidence": 0.78,
        "verification_status": "Pending Review"
      }
    },
    {
      "type": "Feature",
      "id": "CAD-0309",
      "geometry": {
        "type": "Polygon",
        "coordinates": [
          [
            [
              370.0,
              7322.0
            ],
            [
              369.0,
              7286.0
            ],
            [
              373.0,
              7284.0
            ],
            [
              473.0,
              7286.0
            ],
            [
              458.0,
              7297.0
            ],
            [
              370.0,
              7322.0
            ]
          ]
        ]
      },
      "properties": {
        "parcel_id": "CAD-0309",
        "feature_type": "Road / Pathway",
        "category": "Infrastructure",
        "color_hex": "#FFFF00",
        "area_px": 1355.5,
        "area_sqm": 8.68,
        "area_hectares": 0.0009,
        "area_acres": 0.0021,
        "area_gaj": 10.38,
        "perimeter_m": 20.05,
        "vertex_count": 6,
        "confidence": 0.78,
        "verification_status": "Pending Review"
      }
    },
    {
      "type": "Feature",
      "id": "CAD-0310",
      "geometry": {
        "type": "Polygon",
        "coordinates": [
          [
            [
              1078.0,
              7160.0
            ],
            [
              1105.0,
              7169.0
            ],
            [
              1114.0,
              7192.0
            ],
            [
              1105.0,
              7260.0
            ],
            [
              1070.0,
              7260.0
            ],
            [
              1067.0,
              7238.0
            ],
            [
              1078.0,
              7160.0
            ]
          ]
        ]
      },
      "properties": {
        "parcel_id": "CAD-0310",
        "feature_type": "Road / Pathway",
        "category": "Infrastructure",
        "color_hex": "#FFFF00",
        "area_px": 2945.5,
        "area_sqm": 18.85,
        "area_hectares": 0.0019,
        "area_acres": 0.0047,
        "area_gaj": 22.54,
        "perimeter_m": 20.62,
        "vertex_count": 7,
        "confidence": 0.78,
        "verification_status": "Pending Review"
      }
    },
    {
      "type": "Feature",
      "id": "CAD-0311",
      "geometry": {
        "type": "Polygon",
        "coordinates": [
          [
            [
              6047.0,
              7099.0
            ],
            [
              6047.0,
              7400.0
            ],
            [
              5105.0,
              7338.0
            ],
            [
              5081.0,
              7309.0
            ],
            [
              5932.0,
              7099.0
            ],
            [
              6047.0,
              7099.0
            ]
          ]
        ]
      },
      "properties": {
        "parcel_id": "CAD-0311",
        "feature_type": "Road / Pathway",
        "category": "Infrastructure",
        "color_hex": "#FFFF00",
        "area_px": 58341.5,
        "area_sqm": 373.39,
        "area_hectares": 0.0373,
        "area_acres": 0.0923,
        "area_gaj": 446.57,
        "perimeter_m": 181.94,
        "vertex_count": 6,
        "confidence": 0.78,
        "verification_status": "Pending Review"
      }
    },
    {
      "type": "Feature",
      "id": "CAD-0312",
      "geometry": {
        "type": "Polygon",
        "coordinates": [
          [
            [
              1173.0,
              7095.0
            ],
            [
              1226.0,
              7088.0
            ],
            [
              1240.0,
              7100.0
            ],
            [
              1272.0,
              7262.0
            ],
            [
              1270.0,
              7358.0
            ],
            [
              1253.0,
              7357.0
            ],
            [
              1175.0,
              7190.0
            ],
            [
              1173.0,
              7095.0
            ]
          ]
        ]
      },
      "properties": {
        "parcel_id": "CAD-0312",
        "feature_type": "Road / Pathway",
        "category": "Infrastructure",
        "color_hex": "#FFFF00",
        "area_px": 7078.5,
        "area_sqm": 45.3,
        "area_hectares": 0.0045,
        "area_acres": 0.0112,
        "area_gaj": 54.18,
        "perimeter_m": 50.35,
        "vertex_count": 8,
        "confidence": 0.78,
        "verification_status": "Pending Review"
      }
    },
    {
      "type": "Feature",
      "id": "CAD-0313",
      "geometry": {
        "type": "Polygon",
        "coordinates": [
          [
            [
              968.0,
              7260.0
            ],
            [
              380.0,
              7251.0
            ],
            [
              368.0,
              7220.0
            ],
            [
              447.0,
              7144.0
            ],
            [
              815.0,
              7084.0
            ],
            [
              938.0,
              7205.0
            ],
            [
              968.0,
              7260.0
            ]
          ]
        ]
      },
      "properties": {
        "parcel_id": "CAD-0313",
        "feature_type": "Road / Pathway",
        "category": "Infrastructure",
        "color_hex": "#FFFF00",
        "area_px": 24544.0,
        "area_sqm": 157.08,
        "area_hectares": 0.0157,
        "area_acres": 0.0388,
        "area_gaj": 187.87,
        "perimeter_m": 107.12,
        "vertex_count": 7,
        "confidence": 0.78,
        "verification_status": "Pending Review"
      }
    },
    {
      "type": "Feature",
      "id": "CAD-0314",
      "geometry": {
        "type": "Polygon",
        "coordinates": [
          [
            [
              5794.0,
              7099.0
            ],
            [
              5356.0,
              7103.0
            ],
            [
              5785.0,
              7051.0
            ],
            [
              5794.0,
              7099.0
            ]
          ]
        ]
      },
      "properties": {
        "parcel_id": "CAD-0314",
        "feature_type": "Road / Pathway",
        "category": "Infrastructure",
        "color_hex": "#FFFF00",
        "area_px": 5635.0,
        "area_sqm": 36.06,
        "area_hectares": 0.0036,
        "area_acres": 0.0089,
        "area_gaj": 43.13,
        "perimeter_m": 73.52,
        "vertex_count": 4,
        "confidence": 0.78,
        "verification_status": "Pending Review"
      }
    },
    {
      "type": "Feature",
      "id": "CAD-0315",
      "geometry": {
        "type": "Polygon",
        "coordinates": [
          [
            [
              4990.0,
              7052.0
            ],
            [
              4982.0,
              7075.0
            ],
            [
              4725.0,
              7072.0
            ],
            [
              4735.0,
              7050.0
            ],
            [
              4990.0,
              7052.0
            ]
          ]
        ]
      },
      "properties": {
        "parcel_id": "CAD-0315",
        "feature_type": "Road / Pathway",
        "category": "Infrastructure",
        "color_hex": "#FFFF00",
        "area_px": 6255.0,
        "area_sqm": 40.03,
        "area_hectares": 0.004,
        "area_acres": 0.0099,
        "area_gaj": 47.88,
        "perimeter_m": 44.84,
        "vertex_count": 5,
        "confidence": 0.78,
        "verification_status": "Pending Review"
      }
    },
    {
      "type": "Feature",
      "id": "CAD-0316",
      "geometry": {
        "type": "Polygon",
        "coordinates": [
          [
            [
              4690.0,
              6906.0
            ],
            [
              4702.0,
              6983.0
            ],
            [
              4679.0,
              7501.0
            ],
            [
              4447.0,
              7299.0
            ],
            [
              4443.0,
              7126.0
            ],
            [
              4690.0,
              6906.0
            ]
          ]
        ]
      },
      "properties": {
        "parcel_id": "CAD-0316",
        "feature_type": "Road / Pathway",
        "category": "Infrastructure",
        "color_hex": "#FFFF00",
        "area_px": 58740.0,
        "area_sqm": 375.94,
        "area_hectares": 0.0376,
        "area_acres": 0.0929,
        "area_gaj": 449.62,
        "perimeter_m": 112.63,
        "vertex_count": 6,
        "confidence": 0.78,
        "verification_status": "Pending Review"
      }
    },
    {
      "type": "Feature",
      "id": "CAD-0317",
      "geometry": {
        "type": "Polygon",
        "coordinates": [
          [
            [
              689.0,
              5479.0
            ],
            [
              408.0,
              5504.0
            ],
            [
              43.0,
              5481.0
            ],
            [
              23.0,
              5443.0
            ],
            [
              644.0,
              5442.0
            ],
            [
              689.0,
              5479.0
            ]
          ]
        ]
      },
      "properties": {
        "parcel_id": "CAD-0317",
        "feature_type": "Road / Pathway",
        "category": "Infrastructure",
        "color_hex": "#FFFF00",
        "area_px": 25482.0,
        "area_sqm": 163.08,
        "area_hectares": 0.0163,
        "area_acres": 0.0403,
        "area_gaj": 195.04,
        "perimeter_m": 109.6,
        "vertex_count": 6,
        "confidence": 0.78,
        "verification_status": "Pending Review"
      }
    },
    {
      "type": "Feature",
      "id": "CAD-0318",
      "geometry": {
        "type": "Polygon",
        "coordinates": [
          [
            [
              5787.0,
              5610.0
            ],
            [
              5736.0,
              5643.0
            ],
            [
              5276.0,
              5684.0
            ],
            [
              5243.0,
              5651.0
            ],
            [
              5170.0,
              5447.0
            ],
            [
              5789.0,
              5437.0
            ],
            [
              5787.0,
              5610.0
            ]
          ]
        ]
      },
      "properties": {
        "parcel_id": "CAD-0318",
        "feature_type": "Road / Pathway",
        "category": "Infrastructure",
        "color_hex": "#FFFF00",
        "area_px": 80428.5,
        "area_sqm": 514.74,
        "area_hectares": 0.0515,
        "area_acres": 0.1272,
        "area_gaj": 615.63,
        "perimeter_m": 126.24,
        "vertex_count": 7,
        "confidence": 0.78,
        "verification_status": "Pending Review"
      }
    },
    {
      "type": "Feature",
      "id": "CAD-0319",
      "geometry": {
        "type": "Polygon",
        "coordinates": [
          [
            [
              6047.0,
              5431.0
            ],
            [
              6047.0,
              5584.0
            ],
            [
              5940.0,
              5621.0
            ],
            [
              5900.0,
              5604.0
            ],
            [
              5869.0,
              5548.0
            ],
            [
              5845.0,
              5438.0
            ],
            [
              6047.0,
              5431.0
            ]
          ]
        ]
      },
      "properties": {
        "parcel_id": "CAD-0319",
        "feature_type": "Road / Pathway",
        "category": "Infrastructure",
        "color_hex": "#FFFF00",
        "area_px": 22295.5,
        "area_sqm": 142.69,
        "area_hectares": 0.0143,
        "area_acres": 0.0353,
        "area_gaj": 170.66,
        "perimeter_m": 55.07,
        "vertex_count": 7,
        "confidence": 0.78,
        "verification_status": "Pending Review"
      }
    },
    {
      "type": "Feature",
      "id": "CAD-0320",
      "geometry": {
        "type": "Polygon",
        "coordinates": [
          [
            [
              739.0,
              5272.0
            ],
            [
              739.0,
              5278.0
            ],
            [
              725.0,
              5297.0
            ],
            [
              691.0,
              5324.0
            ],
            [
              686.0,
              5324.0
            ],
            [
              687.0,
              5295.0
            ],
            [
              691.0,
              5270.0
            ],
            [
              716.0,
              5269.0
            ],
            [
              739.0,
              5272.0
            ]
          ]
        ]
      },
      "properties": {
        "parcel_id": "CAD-0320",
        "feature_type": "Road / Pathway",
        "category": "Infrastructure",
        "color_hex": "#FFFF00",
        "area_px": 1405.5,
        "area_sqm": 9.0,
        "area_hectares": 0.0009,
        "area_acres": 0.0022,
        "area_gaj": 10.76,
        "perimeter_m": 14.45,
        "vertex_count": 9,
        "confidence": 0.78,
        "verification_status": "Pending Review"
      }
    },
    {
      "type": "Feature",
      "id": "CAD-0321",
      "geometry": {
        "type": "Polygon",
        "coordinates": [
          [
            [
              6036.0,
              5014.0
            ],
            [
              6047.0,
              5015.0
            ],
            [
              6047.0,
              5206.0
            ],
            [
              6042.0,
              5205.0
            ],
            [
              6030.0,
              5041.0
            ],
            [
              6036.0,
              5014.0
            ]
          ]
        ]
      },
      "properties": {
        "parcel_id": "CAD-0321",
        "feature_type": "Road / Pathway",
        "category": "Infrastructure",
        "color_hex": "#FFFF00",
        "area_px": 1358.0,
        "area_sqm": 8.69,
        "area_hectares": 0.0009,
        "area_acres": 0.0021,
        "area_gaj": 10.39,
        "perimeter_m": 31.94,
        "vertex_count": 6,
        "confidence": 0.78,
        "verification_status": "Pending Review"
      }
    },
    {
      "type": "Feature",
      "id": "CAD-0322",
      "geometry": {
        "type": "Polygon",
        "coordinates": [
          [
            [
              187.0,
              4783.0
            ],
            [
              96.0,
              4726.0
            ],
            [
              56.0,
              4659.0
            ],
            [
              67.0,
              4653.0
            ],
            [
              222.0,
              4645.0
            ],
            [
              187.0,
              4783.0
            ]
          ]
        ]
      },
      "properties": {
        "parcel_id": "CAD-0322",
        "feature_type": "Road / Pathway",
        "category": "Infrastructure",
        "color_hex": "#FFFF00",
        "area_px": 8422.5,
        "area_sqm": 53.9,
        "area_hectares": 0.0054,
        "area_acres": 0.0133,
        "area_gaj": 64.46,
        "perimeter_m": 39.64,
        "vertex_count": 6,
        "confidence": 0.78,
        "verification_status": "Pending Review"
      }
    },
    {
      "type": "Feature",
      "id": "CAD-0323",
      "geometry": {
        "type": "Polygon",
        "coordinates": [
          [
            [
              434.0,
              4603.0
            ],
            [
              438.0,
              4611.0
            ],
            [
              436.0,
              4627.0
            ],
            [
              374.0,
              4762.0
            ],
            [
              363.0,
              4768.0
            ],
            [
              354.0,
              4767.0
            ],
            [
              348.0,
              4759.0
            ],
            [
              368.0,
              4678.0
            ],
            [
              434.0,
              4603.0
            ]
          ]
        ]
      },
      "properties": {
        "parcel_id": "CAD-0323",
        "feature_type": "Road / Pathway",
        "category": "Infrastructure",
        "color_hex": "#FFFF00",
        "area_px": 2289.5,
        "area_sqm": 14.65,
        "area_hectares": 0.0015,
        "area_acres": 0.0036,
        "area_gaj": 17.52,
        "perimeter_m": 31.08,
        "vertex_count": 9,
        "confidence": 0.78,
        "verification_status": "Pending Review"
      }
    },
    {
      "type": "Feature",
      "id": "CAD-0324",
      "geometry": {
        "type": "Polygon",
        "coordinates": [
          [
            [
              508.0,
              4456.0
            ],
            [
              525.0,
              4461.0
            ],
            [
              535.0,
              4510.0
            ],
            [
              526.0,
              4584.0
            ],
            [
              512.0,
              4571.0
            ],
            [
              487.0,
              4526.0
            ],
            [
              488.0,
              4504.0
            ],
            [
              508.0,
              4456.0
            ]
          ]
        ]
      },
      "properties": {
        "parcel_id": "CAD-0324",
        "feature_type": "Road / Pathway",
        "category": "Infrastructure",
        "color_hex": "#FFFF00",
        "area_px": 3001.5,
        "area_sqm": 19.21,
        "area_hectares": 0.0019,
        "area_acres": 0.0047,
        "area_gaj": 22.98,
        "perimeter_m": 22.95,
        "vertex_count": 8,
        "confidence": 0.78,
        "verification_status": "Pending Review"
      }
    },
    {
      "type": "Feature",
      "id": "CAD-0325",
      "geometry": {
        "type": "Polygon",
        "coordinates": [
          [
            [
              3.0,
              4441.0
            ],
            [
              44.0,
              4477.0
            ],
            [
              58.0,
              4585.0
            ],
            [
              0.0,
              4647.0
            ],
            [
              3.0,
              4441.0
            ]
          ]
        ]
      },
      "properties": {
        "parcel_id": "CAD-0325",
        "feature_type": "Road / Pathway",
        "category": "Infrastructure",
        "color_hex": "#FFFF00",
        "area_px": 3951.0,
        "area_sqm": 25.29,
        "area_hectares": 0.0025,
        "area_acres": 0.0062,
        "area_gaj": 30.25,
        "perimeter_m": 36.35,
        "vertex_count": 5,
        "confidence": 0.78,
        "verification_status": "Pending Review"
      }
    },
    {
      "type": "Feature",
      "id": "CAD-0326",
      "geometry": {
        "type": "Polygon",
        "coordinates": [
          [
            [
              744.0,
              3908.0
            ],
            [
              725.0,
              3950.0
            ],
            [
              636.0,
              3990.0
            ],
            [
              608.0,
              3972.0
            ],
            [
              590.0,
              3944.0
            ],
            [
              592.0,
              3939.0
            ],
            [
              680.0,
              3907.0
            ],
            [
              744.0,
              3908.0
            ]
          ]
        ]
      },
      "properties": {
        "parcel_id": "CAD-0326",
        "feature_type": "Road / Pathway",
        "category": "Infrastructure",
        "color_hex": "#FFFF00",
        "area_px": 2960.5,
        "area_sqm": 18.95,
        "area_hectares": 0.0019,
        "area_acres": 0.0047,
        "area_gaj": 22.66,
        "perimeter_m": 29.86,
        "vertex_count": 8,
        "confidence": 0.78,
        "verification_status": "Pending Review"
      }
    },
    {
      "type": "Feature",
      "id": "CAD-0327",
      "geometry": {
        "type": "Polygon",
        "coordinates": [
          [
            [
              497.0,
              3908.0
            ],
            [
              443.0,
              3948.0
            ],
            [
              66.0,
              3910.0
            ],
            [
              497.0,
              3908.0
            ]
          ]
        ]
      },
      "properties": {
        "parcel_id": "CAD-0327",
        "feature_type": "Road / Pathway",
        "category": "Infrastructure",
        "color_hex": "#FFFF00",
        "area_px": 4559.5,
        "area_sqm": 29.18,
        "area_hectares": 0.0029,
        "area_acres": 0.0072,
        "area_gaj": 34.9,
        "perimeter_m": 70.17,
        "vertex_count": 4,
        "confidence": 0.78,
        "verification_status": "Pending Review"
      }
    },
    {
      "type": "Feature",
      "id": "CAD-0328",
      "geometry": {
        "type": "Polygon",
        "coordinates": [
          [
            [
              1062.0,
              3906.0
            ],
            [
              1060.0,
              3917.0
            ],
            [
              935.0,
              3917.0
            ],
            [
              910.0,
              3913.0
            ],
            [
              927.0,
              3904.0
            ],
            [
              1062.0,
              3906.0
            ]
          ]
        ]
      },
      "properties": {
        "parcel_id": "CAD-0328",
        "feature_type": "Road / Pathway",
        "category": "Infrastructure",
        "color_hex": "#FFFF00",
        "area_px": 1864.0,
        "area_sqm": 11.93,
        "area_hectares": 0.0012,
        "area_acres": 0.0029,
        "area_gaj": 14.27,
        "perimeter_m": 25.26,
        "vertex_count": 6,
        "confidence": 0.78,
        "verification_status": "Pending Review"
      }
    },
    {
      "type": "Feature",
      "id": "CAD-0329",
      "geometry": {
        "type": "Polygon",
        "coordinates": [
          [
            [
              5580.0,
              3983.0
            ],
            [
              5609.0,
              3903.0
            ],
            [
              5944.0,
              3907.0
            ],
            [
              6047.0,
              3927.0
            ],
            [
              6047.0,
              3976.0
            ],
            [
              5580.0,
              3983.0
            ]
          ]
        ]
      },
      "properties": {
        "parcel_id": "CAD-0329",
        "feature_type": "Road / Pathway",
        "category": "Infrastructure",
        "color_hex": "#FFFF00",
        "area_px": 22012.5,
        "area_sqm": 140.88,
        "area_hectares": 0.0141,
        "area_acres": 0.0348,
        "area_gaj": 168.49,
        "perimeter_m": 83.29,
        "vertex_count": 6,
        "confidence": 0.78,
        "verification_status": "Pending Review"
      }
    },
    {
      "type": "Feature",
      "id": "CAD-0330",
      "geometry": {
        "type": "Polygon",
        "coordinates": [
          [
            [
              562.0,
              3647.0
            ],
            [
              538.0,
              3682.0
            ],
            [
              524.0,
              3682.0
            ],
            [
              492.0,
              3630.0
            ],
            [
              554.0,
              3629.0
            ],
            [
              562.0,
              3636.0
            ],
            [
              562.0,
              3647.0
            ]
          ]
        ]
      },
      "properties": {
        "parcel_id": "CAD-0330",
        "feature_type": "Road / Pathway",
        "category": "Infrastructure",
        "color_hex": "#FFFF00",
        "area_px": 1847.5,
        "area_sqm": 11.82,
        "area_hectares": 0.0012,
        "area_acres": 0.0029,
        "area_gaj": 14.14,
        "perimeter_m": 16.09,
        "vertex_count": 7,
        "confidence": 0.78,
        "verification_status": "Pending Review"
      }
    },
    {
      "type": "Feature",
      "id": "CAD-0331",
      "geometry": {
        "type": "Polygon",
        "coordinates": [
          [
            [
              1025.0,
              3438.0
            ],
            [
              1025.0,
              3504.0
            ],
            [
              1022.0,
              3526.0
            ],
            [
              1020.0,
              3527.0
            ],
            [
              1011.0,
              3516.0
            ],
            [
              996.0,
              3478.0
            ],
            [
              997.0,
              3436.0
            ],
            [
              1025.0,
              3438.0
            ]
          ]
        ]
      },
      "properties": {
        "parcel_id": "CAD-0331",
        "feature_type": "Road / Pathway",
        "category": "Infrastructure",
        "color_hex": "#FFFF00",
        "area_px": 1537.5,
        "area_sqm": 9.84,
        "area_hectares": 0.001,
        "area_acres": 0.0024,
        "area_gaj": 11.77,
        "perimeter_m": 17.25,
        "vertex_count": 8,
        "confidence": 0.78,
        "verification_status": "Pending Review"
      }
    },
    {
      "type": "Feature",
      "id": "CAD-0332",
      "geometry": {
        "type": "Polygon",
        "coordinates": [
          [
            [
              104.0,
              3266.0
            ],
            [
              108.0,
              3266.0
            ],
            [
              170.0,
              3320.0
            ],
            [
              168.0,
              3326.0
            ],
            [
              151.0,
              3334.0
            ],
            [
              118.0,
              3330.0
            ],
            [
              104.0,
              3266.0
            ]
          ]
        ]
      },
      "properties": {
        "parcel_id": "CAD-0332",
        "feature_type": "Road / Pathway",
        "category": "Infrastructure",
        "color_hex": "#FFFF00",
        "area_px": 1940.5,
        "area_sqm": 12.42,
        "area_hectares": 0.0012,
        "area_acres": 0.0031,
        "area_gaj": 14.85,
        "perimeter_m": 16.81,
        "vertex_count": 7,
        "confidence": 0.78,
        "verification_status": "Pending Review"
      }
    },
    {
      "type": "Feature",
      "id": "CAD-0333",
      "geometry": {
        "type": "Polygon",
        "coordinates": [
          [
            [
              1009.0,
              3278.0
            ],
            [
              910.0,
              3266.0
            ],
            [
              908.0,
              3255.0
            ],
            [
              988.0,
              3254.0
            ],
            [
              1009.0,
              3265.0
            ],
            [
              1009.0,
              3278.0
            ]
          ]
        ]
      },
      "properties": {
        "parcel_id": "CAD-0333",
        "feature_type": "Road / Pathway",
        "category": "Infrastructure",
        "color_hex": "#FFFF00",
        "area_px": 1246.0,
        "area_sqm": 7.97,
        "area_hectares": 0.0008,
        "area_acres": 0.002,
        "area_gaj": 9.53,
        "perimeter_m": 18.21,
        "vertex_count": 6,
        "confidence": 0.78,
        "verification_status": "Pending Review"
      }
    },
    {
      "type": "Feature",
      "id": "CAD-0334",
      "geometry": {
        "type": "Polygon",
        "coordinates": [
          [
            [
              1105.0,
              3231.0
            ],
            [
              1105.0,
              3275.0
            ],
            [
              1080.0,
              3322.0
            ],
            [
              1075.0,
              3325.0
            ],
            [
              1064.0,
              3316.0
            ],
            [
              1037.0,
              3267.0
            ],
            [
              1040.0,
              3255.0
            ],
            [
              1057.0,
              3228.0
            ],
            [
              1105.0,
              3231.0
            ]
          ]
        ]
      },
      "properties": {
        "parcel_id": "CAD-0334",
        "feature_type": "Road / Pathway",
        "category": "Infrastructure",
        "color_hex": "#FFFF00",
        "area_px": 4070.0,
        "area_sqm": 26.05,
        "area_hectares": 0.0026,
        "area_acres": 0.0064,
        "area_gaj": 31.16,
        "perimeter_m": 21.25,
        "vertex_count": 9,
        "confidence": 0.78,
        "verification_status": "Pending Review"
      }
    },
    {
      "type": "Feature",
      "id": "CAD-0335",
      "geometry": {
        "type": "Polygon",
        "coordinates": [
          [
            [
              878.0,
              2942.0
            ],
            [
              876.0,
              3077.0
            ],
            [
              770.0,
              3162.0
            ],
            [
              598.0,
              3127.0
            ],
            [
              588.0,
              3028.0
            ],
            [
              810.0,
              2935.0
            ],
            [
              878.0,
              2942.0
            ]
          ]
        ]
      },
      "properties": {
        "parcel_id": "CAD-0335",
        "feature_type": "Road / Pathway",
        "category": "Infrastructure",
        "color_hex": "#FFFF00",
        "area_px": 23716.0,
        "area_sqm": 151.78,
        "area_hectares": 0.0152,
        "area_acres": 0.0375,
        "area_gaj": 181.53,
        "perimeter_m": 68.4,
        "vertex_count": 7,
        "confidence": 0.78,
        "verification_status": "Pending Review"
      }
    },
    {
      "type": "Feature",
      "id": "CAD-0336",
      "geometry": {
        "type": "Polygon",
        "coordinates": [
          [
            [
              1138.0,
              2786.0
            ],
            [
              1136.0,
              2807.0
            ],
            [
              1093.0,
              2853.0
            ],
            [
              1023.0,
              2857.0
            ],
            [
              1029.0,
              2840.0
            ],
            [
              1138.0,
              2786.0
            ]
          ]
        ]
      },
      "properties": {
        "parcel_id": "CAD-0336",
        "feature_type": "Road / Pathway",
        "category": "Infrastructure",
        "color_hex": "#FFFF00",
        "area_px": 1626.0,
        "area_sqm": 10.41,
        "area_hectares": 0.001,
        "area_acres": 0.0026,
        "area_gaj": 12.45,
        "perimeter_m": 23.51,
        "vertex_count": 6,
        "confidence": 0.78,
        "verification_status": "Pending Review"
      }
    },
    {
      "type": "Feature",
      "id": "CAD-0337",
      "geometry": {
        "type": "Polygon",
        "coordinates": [
          [
            [
              584.0,
              2369.0
            ],
            [
              372.0,
              2555.0
            ],
            [
              103.0,
              2540.0
            ],
            [
              18.0,
              2489.0
            ],
            [
              0.0,
              2444.0
            ],
            [
              19.0,
              2376.0
            ],
            [
              584.0,
              2369.0
            ]
          ]
        ]
      },
      "properties": {
        "parcel_id": "CAD-0337",
        "feature_type": "Road / Pathway",
        "category": "Infrastructure",
        "color_hex": "#FFFF00",
        "area_px": 37079.0,
        "area_sqm": 237.31,
        "area_hectares": 0.0237,
        "area_acres": 0.0586,
        "area_gaj": 283.82,
        "perimeter_m": 106.77,
        "vertex_count": 7,
        "confidence": 0.78,
        "verification_status": "Pending Review"
      }
    },
    {
      "type": "Feature",
      "id": "CAD-0338",
      "geometry": {
        "type": "Polygon",
        "coordinates": [
          [
            [
              659.0,
              2293.0
            ],
            [
              686.0,
              2394.0
            ],
            [
              684.0,
              2399.0
            ],
            [
              643.0,
              2372.0
            ],
            [
              659.0,
              2293.0
            ]
          ]
        ]
      },
      "properties": {
        "parcel_id": "CAD-0338",
        "feature_type": "Road / Pathway",
        "category": "Infrastructure",
        "color_hex": "#FFFF00",
        "area_px": 1218.0,
        "area_sqm": 7.8,
        "area_hectares": 0.0008,
        "area_acres": 0.0019,
        "area_gaj": 9.33,
        "perimeter_m": 19.17,
        "vertex_count": 5,
        "confidence": 0.78,
        "verification_status": "Pending Review"
      }
    },
    {
      "type": "Feature",
      "id": "CAD-0339",
      "geometry": {
        "type": "Polygon",
        "coordinates": [
          [
            [
              1089.0,
              2253.0
            ],
            [
              1111.0,
              2272.0
            ],
            [
              1120.0,
              2317.0
            ],
            [
              1111.0,
              2325.0
            ],
            [
              1069.0,
              2340.0
            ],
            [
              1067.0,
              2336.0
            ],
            [
              1072.0,
              2271.0
            ],
            [
              1085.0,
              2254.0
            ],
            [
              1089.0,
              2253.0
            ]
          ]
        ]
      },
      "properties": {
        "parcel_id": "CAD-0339",
        "feature_type": "Road / Pathway",
        "category": "Infrastructure",
        "color_hex": "#FFFF00",
        "area_px": 1933.0,
        "area_sqm": 12.37,
        "area_hectares": 0.0012,
        "area_acres": 0.0031,
        "area_gaj": 14.79,
        "perimeter_m": 18.14,
        "vertex_count": 9,
        "confidence": 0.78,
        "verification_status": "Pending Review"
      }
    },
    {
      "type": "Feature",
      "id": "CAD-0340",
      "geometry": {
        "type": "Polygon",
        "coordinates": [
          [
            [
              1130.0,
              2130.0
            ],
            [
              1132.0,
              2216.0
            ],
            [
              1086.0,
              2243.0
            ],
            [
              1079.0,
              2244.0
            ],
            [
              1075.0,
              2242.0
            ],
            [
              1075.0,
              2232.0
            ],
            [
              1085.0,
              2187.0
            ],
            [
              1108.0,
              2152.0
            ],
            [
              1130.0,
              2130.0
            ]
          ]
        ]
      },
      "properties": {
        "parcel_id": "CAD-0340",
        "feature_type": "Road / Pathway",
        "category": "Infrastructure",
        "color_hex": "#FFFF00",
        "area_px": 2118.5,
        "area_sqm": 13.56,
        "area_hectares": 0.0014,
        "area_acres": 0.0034,
        "area_gaj": 16.22,
        "perimeter_m": 22.4,
        "vertex_count": 9,
        "confidence": 0.78,
        "verification_status": "Pending Review"
      }
    },
    {
      "type": "Feature",
      "id": "CAD-0341",
      "geometry": {
        "type": "Polygon",
        "coordinates": [
          [
            [
              667.0,
              1513.0
            ],
            [
              685.0,
              1514.0
            ],
            [
              694.0,
              1767.0
            ],
            [
              688.0,
              1806.0
            ],
            [
              674.0,
              1799.0
            ],
            [
              658.0,
              1718.0
            ],
            [
              656.0,
              1630.0
            ],
            [
              667.0,
              1513.0
            ]
          ]
        ]
      },
      "properties": {
        "parcel_id": "CAD-0341",
        "feature_type": "Road / Pathway",
        "category": "Infrastructure",
        "color_hex": "#FFFF00",
        "area_px": 3643.5,
        "area_sqm": 23.32,
        "area_hectares": 0.0023,
        "area_acres": 0.0058,
        "area_gaj": 27.89,
        "perimeter_m": 49.15,
        "vertex_count": 8,
        "confidence": 0.78,
        "verification_status": "Pending Review"
      }
    },
    {
      "type": "Feature",
      "id": "CAD-0342",
      "geometry": {
        "type": "Polygon",
        "coordinates": [
          [
            [
              1102.0,
              1348.0
            ],
            [
              1037.0,
              1456.0
            ],
            [
              755.0,
              1403.0
            ],
            [
              813.0,
              1333.0
            ],
            [
              856.0,
              1305.0
            ],
            [
              983.0,
              1296.0
            ],
            [
              1092.0,
              1309.0
            ],
            [
              1102.0,
              1348.0
            ]
          ]
        ]
      },
      "properties": {
        "parcel_id": "CAD-0342",
        "feature_type": "Road / Pathway",
        "category": "Infrastructure",
        "color_hex": "#FFFF00",
        "area_px": 21174.0,
        "area_sqm": 135.51,
        "area_hectares": 0.0136,
        "area_acres": 0.0335,
        "area_gaj": 162.07,
        "perimeter_m": 66.6,
        "vertex_count": 8,
        "confidence": 0.78,
        "verification_status": "Pending Review"
      }
    },
    {
      "type": "Feature",
      "id": "CAD-0343",
      "geometry": {
        "type": "Polygon",
        "coordinates": [
          [
            [
              1372.0,
              881.0
            ],
            [
              1409.0,
              937.0
            ],
            [
              1405.0,
              959.0
            ],
            [
              1383.0,
              986.0
            ],
            [
              1370.0,
              917.0
            ],
            [
              1370.0,
              882.0
            ],
            [
              1372.0,
              881.0
            ]
          ]
        ]
      },
      "properties": {
        "parcel_id": "CAD-0343",
        "feature_type": "Road / Pathway",
        "category": "Infrastructure",
        "color_hex": "#FFFF00",
        "area_px": 2008.5,
        "area_sqm": 12.85,
        "area_hectares": 0.0013,
        "area_acres": 0.0032,
        "area_gaj": 15.37,
        "perimeter_m": 18.54,
        "vertex_count": 7,
        "confidence": 0.78,
        "verification_status": "Pending Review"
      }
    },
    {
      "type": "Feature",
      "id": "CAD-0344",
      "geometry": {
        "type": "Polygon",
        "coordinates": [
          [
            [
              5967.0,
              926.0
            ],
            [
              5968.0,
              922.0
            ],
            [
              6047.0,
              864.0
            ],
            [
              6047.0,
              952.0
            ],
            [
              5967.0,
              926.0
            ]
          ]
        ]
      },
      "properties": {
        "parcel_id": "CAD-0344",
        "feature_type": "Road / Pathway",
        "category": "Infrastructure",
        "color_hex": "#FFFF00",
        "area_px": 3631.5,
        "area_sqm": 23.24,
        "area_hectares": 0.0023,
        "area_acres": 0.0057,
        "area_gaj": 27.8,
        "perimeter_m": 21.94,
        "vertex_count": 5,
        "confidence": 0.78,
        "verification_status": "Pending Review"
      }
    },
    {
      "type": "Feature",
      "id": "CAD-0345",
      "geometry": {
        "type": "Polygon",
        "coordinates": [
          [
            [
              1327.0,
              813.0
            ],
            [
              1157.0,
              805.0
            ],
            [
              1146.0,
              800.0
            ],
            [
              1190.0,
              791.0
            ],
            [
              1311.0,
              786.0
            ],
            [
              1327.0,
              813.0
            ]
          ]
        ]
      },
      "properties": {
        "parcel_id": "CAD-0345",
        "feature_type": "Road / Pathway",
        "category": "Infrastructure",
        "color_hex": "#FFFF00",
        "area_px": 1696.0,
        "area_sqm": 10.85,
        "area_hectares": 0.0011,
        "area_acres": 0.0027,
        "area_gaj": 12.98,
        "perimeter_m": 30.37,
        "vertex_count": 6,
        "confidence": 0.78,
        "verification_status": "Pending Review"
      }
    },
    {
      "type": "Feature",
      "id": "CAD-0346",
      "geometry": {
        "type": "Polygon",
        "coordinates": [
          [
            [
              0.0,
              415.0
            ],
            [
              11.0,
              436.0
            ],
            [
              8.0,
              600.0
            ],
            [
              0.0,
              600.0
            ],
            [
              0.0,
              415.0
            ]
          ]
        ]
      },
      "properties": {
        "parcel_id": "CAD-0346",
        "feature_type": "Road / Pathway",
        "category": "Infrastructure",
        "color_hex": "#FFFF00",
        "area_px": 1903.5,
        "area_sqm": 12.18,
        "area_hectares": 0.0012,
        "area_acres": 0.003,
        "area_gaj": 14.57,
        "perimeter_m": 30.46,
        "vertex_count": 5,
        "confidence": 0.78,
        "verification_status": "Pending Review"
      }
    },
    {
      "type": "Feature",
      "id": "CAD-0347",
      "geometry": {
        "type": "Polygon",
        "coordinates": [
          [
            [
              4704.0,
              190.0
            ],
            [
              4763.0,
              185.0
            ],
            [
              4943.0,
              217.0
            ],
            [
              4949.0,
              231.0
            ],
            [
              4871.0,
              239.0
            ],
            [
              4778.0,
              230.0
            ],
            [
              4715.0,
              205.0
            ],
            [
              4704.0,
              190.0
            ]
          ]
        ]
      },
      "properties": {
        "parcel_id": "CAD-0347",
        "feature_type": "Road / Pathway",
        "category": "Infrastructure",
        "color_hex": "#FFFF00",
        "area_px": 3807.5,
        "area_sqm": 24.37,
        "area_hectares": 0.0024,
        "area_acres": 0.006,
        "area_gaj": 29.15,
        "perimeter_m": 41.24,
        "vertex_count": 8,
        "confidence": 0.78,
        "verification_status": "Pending Review"
      }
    },
    {
      "type": "Feature",
      "id": "CAD-0348",
      "geometry": {
        "type": "Polygon",
        "coordinates": [
          [
            [
              5206.0,
              59.0
            ],
            [
              5237.0,
              115.0
            ],
            [
              5237.0,
              120.0
            ],
            [
              5233.0,
              125.0
            ],
            [
              5196.0,
              136.0
            ],
            [
              5174.0,
              131.0
            ],
            [
              5172.0,
              128.0
            ],
            [
              5206.0,
              59.0
            ]
          ]
        ]
      },
      "properties": {
        "parcel_id": "CAD-0348",
        "feature_type": "Road / Pathway",
        "category": "Infrastructure",
        "color_hex": "#FFFF00",
        "area_px": 1546.5,
        "area_sqm": 9.9,
        "area_hectares": 0.001,
        "area_acres": 0.0024,
        "area_gaj": 11.84,
        "perimeter_m": 17.37,
        "vertex_count": 8,
        "confidence": 0.78,
        "verification_status": "Pending Review"
      }
    },
    {
      "type": "Feature",
      "id": "CAD-0349",
      "geometry": {
        "type": "Polygon",
        "coordinates": [
          [
            [
              3798.0,
              42.0
            ],
            [
              3800.0,
              53.0
            ],
            [
              3783.0,
              87.0
            ],
            [
              3722.0,
              94.0
            ],
            [
              3716.0,
              92.0
            ],
            [
              3719.0,
              82.0
            ],
            [
              3758.0,
              53.0
            ],
            [
              3795.0,
              41.0
            ],
            [
              3798.0,
              42.0
            ]
          ]
        ]
      },
      "properties": {
        "parcel_id": "CAD-0349",
        "feature_type": "Road / Pathway",
        "category": "Infrastructure",
        "color_hex": "#FFFF00",
        "area_px": 2022.5,
        "area_sqm": 12.94,
        "area_hectares": 0.0013,
        "area_acres": 0.0032,
        "area_gaj": 15.48,
        "perimeter_m": 17.44,
        "vertex_count": 9,
        "confidence": 0.78,
        "verification_status": "Pending Review"
      }
    },
    {
      "type": "Feature",
      "id": "CAD-0350",
      "geometry": {
        "type": "Polygon",
        "coordinates": [
          [
            [
              4506.0,
              0.0
            ],
            [
              4659.0,
              0.0
            ],
            [
              4679.0,
              115.0
            ],
            [
              4627.0,
              490.0
            ],
            [
              4529.0,
              452.0
            ],
            [
              4506.0,
              0.0
            ]
          ]
        ]
      },
      "properties": {
        "parcel_id": "CAD-0350",
        "feature_type": "Road / Pathway",
        "category": "Infrastructure",
        "color_hex": "#FFFF00",
        "area_px": 38751.5,
        "area_sqm": 248.01,
        "area_hectares": 0.0248,
        "area_acres": 0.0613,
        "area_gaj": 296.62,
        "perimeter_m": 96.48,
        "vertex_count": 6,
        "confidence": 0.78,
        "verification_status": "Pending Review"
      }
    },
    {
      "type": "Feature",
      "id": "CAD-0351",
      "geometry": {
        "type": "Polygon",
        "coordinates": [
          [
            [
              4448.0,
              0.0
            ],
            [
              4448.0,
              27.0
            ],
            [
              4174.0,
              30.0
            ],
            [
              4168.0,
              25.0
            ],
            [
              4189.0,
              0.0
            ],
            [
              4448.0,
              0.0
            ]
          ]
        ]
      },
      "properties": {
        "parcel_id": "CAD-0351",
        "feature_type": "Road / Pathway",
        "category": "Infrastructure",
        "color_hex": "#FFFF00",
        "area_px": 7932.5,
        "area_sqm": 50.77,
        "area_hectares": 0.0051,
        "area_acres": 0.0125,
        "area_gaj": 60.72,
        "perimeter_m": 48.04,
        "vertex_count": 6,
        "confidence": 0.78,
        "verification_status": "Pending Review"
      }
    },
    {
      "type": "Feature",
      "id": "CAD-0352",
      "geometry": {
        "type": "Polygon",
        "coordinates": [
          [
            [
              3973.0,
              0.0
            ],
            [
              3972.0,
              50.0
            ],
            [
              3928.0,
              210.0
            ],
            [
              3860.0,
              177.0
            ],
            [
              3958.0,
              0.0
            ],
            [
              3973.0,
              0.0
            ]
          ]
        ]
      },
      "properties": {
        "parcel_id": "CAD-0352",
        "feature_type": "Road / Pathway",
        "category": "Infrastructure",
        "color_hex": "#FFFF00",
        "area_px": 5595.5,
        "area_sqm": 35.81,
        "area_hectares": 0.0036,
        "area_acres": 0.0088,
        "area_gaj": 42.83,
        "perimeter_m": 40.71,
        "vertex_count": 6,
        "confidence": 0.78,
        "verification_status": "Pending Review"
      }
    },
    {
      "type": "Feature",
      "id": "CAD-0353",
      "geometry": {
        "type": "Polygon",
        "coordinates": [
          [
            [
              2447.0,
              34.0
            ],
            [
              2430.0,
              59.0
            ],
            [
              2405.0,
              71.0
            ],
            [
              2207.0,
              70.0
            ],
            [
              2203.0,
              65.0
            ],
            [
              2320.0,
              0.0
            ],
            [
              2409.0,
              0.0
            ],
            [
              2447.0,
              34.0
            ]
          ]
        ]
      },
      "properties": {
        "parcel_id": "CAD-0353",
        "feature_type": "Road / Pathway",
        "category": "Infrastructure",
        "color_hex": "#FFFF00",
        "area_px": 7627.0,
        "area_sqm": 48.81,
        "area_hectares": 0.0049,
        "area_acres": 0.0121,
        "area_gaj": 58.38,
        "perimeter_m": 42.9,
        "vertex_count": 8,
        "confidence": 0.78,
        "verification_status": "Pending Review"
      }
    },
    {
      "type": "Feature",
      "id": "CAD-0354",
      "geometry": {
        "type": "Polygon",
        "coordinates": [
          [
            [
              2118.0,
              0.0
            ],
            [
              2148.0,
              0.0
            ],
            [
              2185.0,
              62.0
            ],
            [
              2184.0,
              70.0
            ],
            [
              2151.0,
              72.0
            ],
            [
              2147.0,
              70.0
            ],
            [
              2118.0,
              26.0
            ],
            [
              2118.0,
              0.0
            ]
          ]
        ]
      },
      "properties": {
        "parcel_id": "CAD-0354",
        "feature_type": "Road / Pathway",
        "category": "Infrastructure",
        "color_hex": "#FFFF00",
        "area_px": 1599.5,
        "area_sqm": 10.24,
        "area_hectares": 0.001,
        "area_acres": 0.0025,
        "area_gaj": 12.25,
        "perimeter_m": 18.12,
        "vertex_count": 8,
        "confidence": 0.78,
        "verification_status": "Pending Review"
      }
    },
    {
      "type": "Feature",
      "id": "CAD-0355",
      "geometry": {
        "type": "Polygon",
        "coordinates": [
          [
            [
              1576.0,
              0.0
            ],
            [
              1711.0,
              263.0
            ],
            [
              1671.0,
              748.0
            ],
            [
              1434.0,
              929.0
            ],
            [
              1474.0,
              0.0
            ],
            [
              1576.0,
              0.0
            ]
          ]
        ]
      },
      "properties": {
        "parcel_id": "CAD-0355",
        "feature_type": "Road / Pathway",
        "category": "Infrastructure",
        "color_hex": "#FFFF00",
        "area_px": 87823.0,
        "area_sqm": 562.07,
        "area_hectares": 0.0562,
        "area_acres": 0.1389,
        "area_gaj": 672.24,
        "perimeter_m": 168.99,
        "vertex_count": 6,
        "confidence": 0.78,
        "verification_status": "Pending Review"
      }
    },
    {
      "type": "Feature",
      "id": "CAD-0356",
      "geometry": {
        "type": "Polygon",
        "coordinates": [
          [
            [
              383.0,
              8063.0
            ],
            [
              0.0,
              8063.0
            ],
            [
              0.0,
              8052.0
            ],
            [
              377.0,
              8026.0
            ],
            [
              383.0,
              8063.0
            ]
          ]
        ]
      },
      "properties": {
        "parcel_id": "CAD-0356",
        "feature_type": "Vacant / Open Land",
        "category": "Land",
        "color_hex": "#D2B48C",
        "area_px": 5390.0,
        "area_sqm": 34.5,
        "area_hectares": 0.0034,
        "area_acres": 0.0085,
        "area_gaj": 41.26,
        "perimeter_m": 64.75,
        "vertex_count": 5,
        "confidence": 0.75,
        "verification_status": "Pending Review"
      }
    },
    {
      "type": "Feature",
      "id": "CAD-0357",
      "geometry": {
        "type": "Polygon",
        "coordinates": [
          [
            [
              5035.0,
              8022.0
            ],
            [
              5119.0,
              8016.0
            ],
            [
              5663.0,
              8052.0
            ],
            [
              5663.0,
              8063.0
            ],
            [
              5048.0,
              8063.0
            ],
            [
              5035.0,
              8022.0
            ]
          ]
        ]
      },
      "properties": {
        "parcel_id": "CAD-0357",
        "feature_type": "Vacant / Open Land",
        "category": "Land",
        "color_hex": "#D2B48C",
        "area_px": 10770.5,
        "area_sqm": 68.93,
        "area_hectares": 0.0069,
        "area_acres": 0.017,
        "area_gaj": 82.44,
        "perimeter_m": 103.87,
        "vertex_count": 6,
        "confidence": 0.75,
        "verification_status": "Pending Review"
      }
    },
    {
      "type": "Feature",
      "id": "CAD-0358",
      "geometry": {
        "type": "Polygon",
        "coordinates": [
          [
            [
              753.0,
              7775.0
            ],
            [
              763.0,
              8005.0
            ],
            [
              633.0,
              8063.0
            ],
            [
              511.0,
              8063.0
            ],
            [
              505.0,
              8015.0
            ],
            [
              735.0,
              7775.0
            ],
            [
              753.0,
              7775.0
            ]
          ]
        ]
      },
      "properties": {
        "parcel_id": "CAD-0358",
        "feature_type": "Vacant / Open Land",
        "category": "Land",
        "color_hex": "#D2B48C",
        "area_px": 39608.0,
        "area_sqm": 253.49,
        "area_hectares": 0.0253,
        "area_acres": 0.0626,
        "area_gaj": 303.17,
        "perimeter_m": 71.47,
        "vertex_count": 7,
        "confidence": 0.75,
        "verification_status": "Pending Review"
      }
    },
    {
      "type": "Feature",
      "id": "CAD-0359",
      "geometry": {
        "type": "Polygon",
        "coordinates": [
          [
            [
              894.0,
              7762.0
            ],
            [
              912.0,
              7762.0
            ],
            [
              983.0,
              7884.0
            ],
            [
              987.0,
              7955.0
            ],
            [
              968.0,
              7955.0
            ],
            [
              884.0,
              7919.0
            ],
            [
              894.0,
              7762.0
            ]
          ]
        ]
      },
      "properties": {
        "parcel_id": "CAD-0359",
        "feature_type": "Vacant / Open Land",
        "category": "Land",
        "color_hex": "#D2B48C",
        "area_px": 12627.5,
        "area_sqm": 80.82,
        "area_hectares": 0.0081,
        "area_acres": 0.02,
        "area_gaj": 96.66,
        "perimeter_m": 39.84,
        "vertex_count": 7,
        "confidence": 0.75,
        "verification_status": "Pending Review"
      }
    },
    {
      "type": "Feature",
      "id": "CAD-0360",
      "geometry": {
        "type": "Polygon",
        "coordinates": [
          [
            [
              1106.0,
              7732.0
            ],
            [
              1089.0,
              7998.0
            ],
            [
              1070.0,
              7998.0
            ],
            [
              1025.0,
              7979.0
            ],
            [
              1025.0,
              7961.0
            ],
            [
              1066.0,
              7733.0
            ],
            [
              1106.0,
              7732.0
            ]
          ]
        ]
      },
      "properties": {
        "parcel_id": "CAD-0360",
        "feature_type": "Vacant / Open Land",
        "category": "Land",
        "color_hex": "#D2B48C",
        "area_px": 9795.0,
        "area_sqm": 62.69,
        "area_hectares": 0.0063,
        "area_acres": 0.0155,
        "area_gaj": 74.98,
        "perimeter_m": 49.92,
        "vertex_count": 7,
        "confidence": 0.75,
        "verification_status": "Pending Review"
      }
    },
    {
      "type": "Feature",
      "id": "CAD-0361",
      "geometry": {
        "type": "Polygon",
        "coordinates": [
          [
            [
              907.0,
              7589.0
            ],
            [
              925.0,
              7589.0
            ],
            [
              974.0,
              7633.0
            ],
            [
              974.0,
              7651.0
            ],
            [
              970.0,
              7669.0
            ],
            [
              902.0,
              7674.0
            ],
            [
              907.0,
              7589.0
            ]
          ]
        ]
      },
      "properties": {
        "parcel_id": "CAD-0361",
        "feature_type": "Vacant / Open Land",
        "category": "Land",
        "color_hex": "#D2B48C",
        "area_px": 4629.0,
        "area_sqm": 29.63,
        "area_hectares": 0.003,
        "area_acres": 0.0073,
        "area_gaj": 35.44,
        "perimeter_m": 21.89,
        "vertex_count": 7,
        "confidence": 0.75,
        "verification_status": "Pending Review"
      }
    },
    {
      "type": "Feature",
      "id": "CAD-0362",
      "geometry": {
        "type": "Polygon",
        "coordinates": [
          [
            [
              4681.0,
              7484.0
            ],
            [
              4699.0,
              7484.0
            ],
            [
              4806.0,
              8063.0
            ],
            [
              4664.0,
              8063.0
            ],
            [
              4650.0,
              7902.0
            ],
            [
              4681.0,
              7484.0
            ]
          ]
        ]
      },
      "properties": {
        "parcel_id": "CAD-0362",
        "feature_type": "Vacant / Open Land",
        "category": "Land",
        "color_hex": "#D2B48C",
        "area_px": 28742.5,
        "area_sqm": 183.95,
        "area_hectares": 0.0184,
        "area_acres": 0.0455,
        "area_gaj": 220.0,
        "perimeter_m": 106.36,
        "vertex_count": 6,
        "confidence": 0.75,
        "verification_status": "Pending Review"
      }
    },
    {
      "type": "Feature",
      "id": "CAD-0363",
      "geometry": {
        "type": "Polygon",
        "coordinates": [
          [
            [
              6047.0,
              7401.0
            ],
            [
              6047.0,
              8063.0
            ],
            [
              6024.0,
              8063.0
            ],
            [
              6036.0,
              7401.0
            ],
            [
              6047.0,
              7401.0
            ]
          ]
        ]
      },
      "properties": {
        "parcel_id": "CAD-0363",
        "feature_type": "Vacant / Open Land",
        "category": "Land",
        "color_hex": "#D2B48C",
        "area_px": 7414.5,
        "area_sqm": 47.45,
        "area_hectares": 0.0047,
        "area_acres": 0.0117,
        "area_gaj": 56.75,
        "perimeter_m": 108.65,
        "vertex_count": 5,
        "confidence": 0.75,
        "verification_status": "Pending Review"
      }
    },
    {
      "type": "Feature",
      "id": "CAD-0364",
      "geometry": {
        "type": "Polygon",
        "coordinates": [
          [
            [
              928.0,
              7392.0
            ],
            [
              950.0,
              7483.0
            ],
            [
              950.0,
              7501.0
            ],
            [
              880.0,
              7515.0
            ],
            [
              861.0,
              7515.0
            ],
            [
              861.0,
              7496.0
            ],
            [
              899.0,
              7390.0
            ],
            [
              919.0,
              7389.0
            ],
            [
              928.0,
              7392.0
            ]
          ]
        ]
      },
      "properties": {
        "parcel_id": "CAD-0364",
        "feature_type": "Vacant / Open Land",
        "category": "Land",
        "color_hex": "#D2B48C",
        "area_px": 7001.0,
        "area_sqm": 44.81,
        "area_hectares": 0.0045,
        "area_acres": 0.0111,
        "area_gaj": 53.59,
        "perimeter_m": 29.05,
        "vertex_count": 9,
        "confidence": 0.75,
        "verification_status": "Pending Review"
      }
    },
    {
      "type": "Feature",
      "id": "CAD-0365",
      "geometry": {
        "type": "Polygon",
        "coordinates": [
          [
            [
              1272.0,
              7359.0
            ],
            [
              1324.0,
              7674.0
            ],
            [
              1086.0,
              7706.0
            ],
            [
              1072.0,
              7678.0
            ],
            [
              1073.0,
              7599.0
            ],
            [
              1242.0,
              7360.0
            ],
            [
              1272.0,
              7359.0
            ]
          ]
        ]
      },
      "properties": {
        "parcel_id": "CAD-0365",
        "feature_type": "Vacant / Open Land",
        "category": "Land",
        "color_hex": "#D2B48C",
        "area_px": 50580.5,
        "area_sqm": 323.72,
        "area_hectares": 0.0324,
        "area_acres": 0.08,
        "area_gaj": 387.17,
        "perimeter_m": 79.4,
        "vertex_count": 7,
        "confidence": 0.75,
        "verification_status": "Pending Review"
      }
    },
    {
      "type": "Feature",
      "id": "CAD-0366",
      "geometry": {
        "type": "Polygon",
        "coordinates": [
          [
            [
              707.0,
              7257.0
            ],
            [
              935.0,
              7260.0
            ],
            [
              935.0,
              7278.0
            ],
            [
              768.0,
              7302.0
            ],
            [
              724.0,
              7293.0
            ],
            [
              707.0,
              7275.0
            ],
            [
              707.0,
              7257.0
            ]
          ]
        ]
      },
      "properties": {
        "parcel_id": "CAD-0366",
        "feature_type": "Vacant / Open Land",
        "category": "Land",
        "color_hex": "#D2B48C",
        "area_px": 6897.5,
        "area_sqm": 44.14,
        "area_hectares": 0.0044,
        "area_acres": 0.0109,
        "area_gaj": 52.79,
        "perimeter_m": 40.19,
        "vertex_count": 7,
        "confidence": 0.75,
        "verification_status": "Pending Review"
      }
    },
    {
      "type": "Feature",
      "id": "CAD-0367",
      "geometry": {
        "type": "Polygon",
        "coordinates": [
          [
            [
              850.0,
              7099.0
            ],
            [
              1150.0,
              7180.0
            ],
            [
              1151.0,
              7200.0
            ],
            [
              1112.0,
              7299.0
            ],
            [
              969.0,
              7276.0
            ],
            [
              850.0,
              7117.0
            ],
            [
              850.0,
              7099.0
            ]
          ]
        ]
      },
      "properties": {
        "parcel_id": "CAD-0367",
        "feature_type": "Vacant / Open Land",
        "category": "Land",
        "color_hex": "#D2B48C",
        "area_px": 25278.5,
        "area_sqm": 161.78,
        "area_hectares": 0.0162,
        "area_acres": 0.04,
        "area_gaj": 193.49,
        "perimeter_m": 63.89,
        "vertex_count": 7,
        "confidence": 0.75,
        "verification_status": "Pending Review"
      }
    },
    {
      "type": "Feature",
      "id": "CAD-0368",
      "geometry": {
        "type": "Polygon",
        "coordinates": [
          [
            [
              4688.0,
              7338.0
            ],
            [
              4708.0,
              6841.0
            ],
            [
              5873.0,
              7095.0
            ],
            [
              5089.0,
              7338.0
            ],
            [
              4688.0,
              7338.0
            ]
          ]
        ]
      },
      "properties": {
        "parcel_id": "CAD-0368",
        "feature_type": "Vacant / Open Land",
        "category": "Land",
        "color_hex": "#D2B48C",
        "area_px": 201720.5,
        "area_sqm": 1291.01,
        "area_hectares": 0.1291,
        "area_acres": 0.319,
        "area_gaj": 1544.05,
        "perimeter_m": 232.93,
        "vertex_count": 5,
        "confidence": 0.75,
        "verification_status": "Pending Review"
      }
    },
    {
      "type": "Feature",
      "id": "CAD-0369",
      "geometry": {
        "type": "Polygon",
        "coordinates": [
          [
            [
              1018.0,
              5827.0
            ],
            [
              1055.0,
              6060.0
            ],
            [
              967.0,
              6059.0
            ],
            [
              999.0,
              5828.0
            ],
            [
              1018.0,
              5827.0
            ]
          ]
        ]
      },
      "properties": {
        "parcel_id": "CAD-0369",
        "feature_type": "Vacant / Open Land",
        "category": "Land",
        "color_hex": "#D2B48C",
        "area_px": 12590.5,
        "area_sqm": 80.58,
        "area_hectares": 0.0081,
        "area_acres": 0.0199,
        "area_gaj": 96.37,
        "perimeter_m": 46.09,
        "vertex_count": 5,
        "confidence": 0.75,
        "verification_status": "Pending Review"
      }
    },
    {
      "type": "Feature",
      "id": "CAD-0370",
      "geometry": {
        "type": "Polygon",
        "coordinates": [
          [
            [
              6047.0,
              5588.0
            ],
            [
              6047.0,
              5669.0
            ],
            [
              5551.0,
              5678.0
            ],
            [
              5551.0,
              5660.0
            ],
            [
              5790.0,
              5437.0
            ],
            [
              5844.0,
              5437.0
            ],
            [
              6047.0,
              5588.0
            ]
          ]
        ]
      },
      "properties": {
        "parcel_id": "CAD-0370",
        "feature_type": "Vacant / Open Land",
        "category": "Land",
        "color_hex": "#D2B48C",
        "area_px": 36778.0,
        "area_sqm": 235.38,
        "area_hectares": 0.0235,
        "area_acres": 0.0582,
        "area_gaj": 281.51,
        "perimeter_m": 98.32,
        "vertex_count": 7,
        "confidence": 0.75,
        "verification_status": "Pending Review"
      }
    },
    {
      "type": "Feature",
      "id": "CAD-0371",
      "geometry": {
        "type": "Polygon",
        "coordinates": [
          [
            [
              5169.0,
              5437.0
            ],
            [
              5257.0,
              5666.0
            ],
            [
              5257.0,
              5684.0
            ],
            [
              5065.0,
              5687.0
            ],
            [
              5065.0,
              5668.0
            ],
            [
              5135.0,
              5438.0
            ],
            [
              5169.0,
              5437.0
            ]
          ]
        ]
      },
      "properties": {
        "parcel_id": "CAD-0371",
        "feature_type": "Vacant / Open Land",
        "category": "Land",
        "color_hex": "#D2B48C",
        "area_px": 28081.0,
        "area_sqm": 179.72,
        "area_hectares": 0.018,
        "area_acres": 0.0444,
        "area_gaj": 214.95,
        "perimeter_m": 59.9,
        "vertex_count": 7,
        "confidence": 0.75,
        "verification_status": "Pending Review"
      }
    },
    {
      "type": "Feature",
      "id": "CAD-0372",
      "geometry": {
        "type": "Polygon",
        "coordinates": [
          [
            [
              959.0,
              5431.0
            ],
            [
              992.0,
              5700.0
            ],
            [
              0.0,
              5700.0
            ],
            [
              0.0,
              5431.0
            ],
            [
              722.0,
              5300.0
            ],
            [
              959.0,
              5431.0
            ]
          ]
        ]
      },
      "properties": {
        "parcel_id": "CAD-0372",
        "feature_type": "Vacant / Open Land",
        "category": "Land",
        "color_hex": "#D2B48C",
        "area_px": 228290.0,
        "area_sqm": 1461.06,
        "area_hectares": 0.1461,
        "area_acres": 0.361,
        "area_gaj": 1747.43,
        "perimeter_m": 202.93,
        "vertex_count": 6,
        "confidence": 0.75,
        "verification_status": "Pending Review"
      }
    },
    {
      "type": "Feature",
      "id": "CAD-0373",
      "geometry": {
        "type": "Polygon",
        "coordinates": [
          [
            [
              710.0,
              4974.0
            ],
            [
              728.0,
              4974.0
            ],
            [
              772.0,
              4989.0
            ],
            [
              757.0,
              5156.0
            ],
            [
              737.0,
              5154.0
            ],
            [
              710.0,
              4995.0
            ],
            [
              710.0,
              4974.0
            ]
          ]
        ]
      },
      "properties": {
        "parcel_id": "CAD-0373",
        "feature_type": "Vacant / Open Land",
        "category": "Land",
        "color_hex": "#D2B48C",
        "area_px": 7361.5,
        "area_sqm": 47.11,
        "area_hectares": 0.0047,
        "area_acres": 0.0116,
        "area_gaj": 56.34,
        "perimeter_m": 34.76,
        "vertex_count": 7,
        "confidence": 0.75,
        "verification_status": "Pending Review"
      }
    },
    {
      "type": "Feature",
      "id": "CAD-0374",
      "geometry": {
        "type": "Polygon",
        "coordinates": [
          [
            [
              207.0,
              4707.0
            ],
            [
              226.0,
              4706.0
            ],
            [
              347.0,
              4741.0
            ],
            [
              357.0,
              4768.0
            ],
            [
              354.0,
              4808.0
            ],
            [
              195.0,
              4805.0
            ],
            [
              190.0,
              4796.0
            ],
            [
              190.0,
              4774.0
            ],
            [
              207.0,
              4707.0
            ]
          ]
        ]
      },
      "properties": {
        "parcel_id": "CAD-0374",
        "feature_type": "Vacant / Open Land",
        "category": "Land",
        "color_hex": "#D2B48C",
        "area_px": 13395.5,
        "area_sqm": 85.73,
        "area_hectares": 0.0086,
        "area_acres": 0.0212,
        "area_gaj": 102.53,
        "perimeter_m": 37.95,
        "vertex_count": 9,
        "confidence": 0.75,
        "verification_status": "Pending Review"
      }
    },
    {
      "type": "Feature",
      "id": "CAD-0375",
      "geometry": {
        "type": "Polygon",
        "coordinates": [
          [
            [
              472.0,
              4533.0
            ],
            [
              490.0,
              4533.0
            ],
            [
              528.0,
              4585.0
            ],
            [
              545.0,
              4623.0
            ],
            [
              521.0,
              4775.0
            ],
            [
              503.0,
              4775.0
            ],
            [
              391.0,
              4745.0
            ],
            [
              391.0,
              4727.0
            ],
            [
              438.0,
              4592.0
            ],
            [
              472.0,
              4533.0
            ]
          ]
        ]
      },
      "properties": {
        "parcel_id": "CAD-0375",
        "feature_type": "Vacant / Open Land",
        "category": "Land",
        "color_hex": "#D2B48C",
        "area_px": 21235.0,
        "area_sqm": 135.9,
        "area_hectares": 0.0136,
        "area_acres": 0.0336,
        "area_gaj": 162.54,
        "perimeter_m": 51.27,
        "vertex_count": 10,
        "confidence": 0.75,
        "verification_status": "Pending Review"
      }
    },
    {
      "type": "Feature",
      "id": "CAD-0376",
      "geometry": {
        "type": "Polygon",
        "coordinates": [
          [
            [
              43.0,
              4602.0
            ],
            [
              87.0,
              4521.0
            ],
            [
              106.0,
              4521.0
            ],
            [
              225.0,
              4609.0
            ],
            [
              225.0,
              4644.0
            ],
            [
              50.0,
              4652.0
            ],
            [
              43.0,
              4602.0
            ]
          ]
        ]
      },
      "properties": {
        "parcel_id": "CAD-0376",
        "feature_type": "Vacant / Open Land",
        "category": "Land",
        "color_hex": "#D2B48C",
        "area_px": 15173.0,
        "area_sqm": 97.11,
        "area_hectares": 0.0097,
        "area_acres": 0.024,
        "area_gaj": 116.14,
        "perimeter_m": 41.59,
        "vertex_count": 7,
        "confidence": 0.75,
        "verification_status": "Pending Review"
      }
    },
    {
      "type": "Feature",
      "id": "CAD-0377",
      "geometry": {
        "type": "Polygon",
        "coordinates": [
          [
            [
              5578.0,
              3984.0
            ],
            [
              6047.0,
              3977.0
            ],
            [
              6047.0,
              4646.0
            ],
            [
              5615.0,
              4292.0
            ],
            [
              5527.0,
              4169.0
            ],
            [
              5578.0,
              3984.0
            ]
          ]
        ]
      },
      "properties": {
        "parcel_id": "CAD-0377",
        "feature_type": "Vacant / Open Land",
        "category": "Land",
        "color_hex": "#D2B48C",
        "area_px": 136374.0,
        "area_sqm": 872.79,
        "area_hectares": 0.0873,
        "area_acres": 0.2157,
        "area_gaj": 1043.86,
        "perimeter_m": 163.18,
        "vertex_count": 6,
        "confidence": 0.75,
        "verification_status": "Pending Review"
      }
    },
    {
      "type": "Feature",
      "id": "CAD-0378",
      "geometry": {
        "type": "Polygon",
        "coordinates": [
          [
            [
              1061.0,
              3918.0
            ],
            [
              1045.0,
              4163.0
            ],
            [
              0.0,
              4163.0
            ],
            [
              0.0,
              3907.0
            ],
            [
              909.0,
              3900.0
            ],
            [
              1061.0,
              3918.0
            ]
          ]
        ]
      },
      "properties": {
        "parcel_id": "CAD-0378",
        "feature_type": "Vacant / Open Land",
        "category": "Land",
        "color_hex": "#D2B48C",
        "area_px": 250607.0,
        "area_sqm": 1603.88,
        "area_hectares": 0.1604,
        "area_acres": 0.3963,
        "area_gaj": 1918.24,
        "perimeter_m": 208.69,
        "vertex_count": 6,
        "confidence": 0.75,
        "verification_status": "Pending Review"
      }
    },
    {
      "type": "Feature",
      "id": "CAD-0379",
      "geometry": {
        "type": "Polygon",
        "coordinates": [
          [
            [
              9.0,
              3179.0
            ],
            [
              75.0,
              3237.0
            ],
            [
              75.0,
              3256.0
            ],
            [
              10.0,
              3288.0
            ],
            [
              0.0,
              3288.0
            ],
            [
              0.0,
              3179.0
            ],
            [
              9.0,
              3179.0
            ]
          ]
        ]
      },
      "properties": {
        "parcel_id": "CAD-0379",
        "feature_type": "Vacant / Open Land",
        "category": "Land",
        "color_hex": "#D2B48C",
        "area_px": 5088.0,
        "area_sqm": 32.56,
        "area_hectares": 0.0033,
        "area_acres": 0.008,
        "area_gaj": 38.94,
        "perimeter_m": 24.59,
        "vertex_count": 7,
        "confidence": 0.75,
        "verification_status": "Pending Review"
      }
    },
    {
      "type": "Feature",
      "id": "CAD-0380",
      "geometry": {
        "type": "Polygon",
        "coordinates": [
          [
            [
              434.0,
              3262.0
            ],
            [
              434.0,
              3244.0
            ],
            [
              576.0,
              3095.0
            ],
            [
              594.0,
              3095.0
            ],
            [
              773.0,
              3163.0
            ],
            [
              773.0,
              3246.0
            ],
            [
              753.0,
              3257.0
            ],
            [
              434.0,
              3262.0
            ]
          ]
        ]
      },
      "properties": {
        "parcel_id": "CAD-0380",
        "feature_type": "Vacant / Open Land",
        "category": "Land",
        "color_hex": "#D2B48C",
        "area_px": 33669.5,
        "area_sqm": 215.48,
        "area_hectares": 0.0215,
        "area_acres": 0.0532,
        "area_gaj": 257.71,
        "perimeter_m": 68.65,
        "vertex_count": 8,
        "confidence": 0.75,
        "verification_status": "Pending Review"
      }
    },
    {
      "type": "Feature",
      "id": "CAD-0381",
      "geometry": {
        "type": "Polygon",
        "coordinates": [
          [
            [
              1128.0,
              2907.0
            ],
            [
              1070.0,
              3341.0
            ],
            [
              848.0,
              3621.0
            ],
            [
              607.0,
              3699.0
            ],
            [
              323.0,
              3740.0
            ],
            [
              138.0,
              3728.0
            ],
            [
              0.0,
              3608.0
            ],
            [
              0.0,
              3400.0
            ],
            [
              1022.0,
              2858.0
            ],
            [
              1093.0,
              2855.0
            ],
            [
              1128.0,
              2907.0
            ]
          ]
        ]
      },
      "properties": {
        "parcel_id": "CAD-0381",
        "feature_type": "Vacant / Open Land",
        "category": "Land",
        "color_hex": "#D2B48C",
        "area_px": 284604.5,
        "area_sqm": 1821.47,
        "area_hectares": 0.1821,
        "area_acres": 0.4501,
        "area_gaj": 2178.48,
        "perimeter_m": 256.18,
        "vertex_count": 11,
        "confidence": 0.75,
        "verification_status": "Pending Review"
      }
    },
    {
      "type": "Feature",
      "id": "CAD-0382",
      "geometry": {
        "type": "Polygon",
        "coordinates": [
          [
            [
              6047.0,
              2471.0
            ],
            [
              6036.0,
              3924.0
            ],
            [
              5997.0,
              2605.0
            ],
            [
              6047.0,
              2471.0
            ]
          ]
        ]
      },
      "properties": {
        "parcel_id": "CAD-0382",
        "feature_type": "Vacant / Open Land",
        "category": "Land",
        "color_hex": "#D2B48C",
        "area_px": 19232.0,
        "area_sqm": 123.08,
        "area_hectares": 0.0123,
        "area_acres": 0.0304,
        "area_gaj": 147.2,
        "perimeter_m": 233.25,
        "vertex_count": 4,
        "confidence": 0.75,
        "verification_status": "Pending Review"
      }
    },
    {
      "type": "Feature",
      "id": "CAD-0383",
      "geometry": {
        "type": "Polygon",
        "coordinates": [
          [
            [
              687.0,
              2400.0
            ],
            [
              747.0,
              2663.0
            ],
            [
              534.0,
              2762.0
            ],
            [
              0.0,
              2776.0
            ],
            [
              0.0,
              2468.0
            ],
            [
              585.0,
              2364.0
            ],
            [
              642.0,
              2364.0
            ],
            [
              687.0,
              2400.0
            ]
          ]
        ]
      },
      "properties": {
        "parcel_id": "CAD-0383",
        "feature_type": "Vacant / Open Land",
        "category": "Land",
        "color_hex": "#D2B48C",
        "area_px": 147057.5,
        "area_sqm": 941.17,
        "area_hectares": 0.0941,
        "area_acres": 0.2326,
        "area_gaj": 1125.64,
        "perimeter_m": 164.45,
        "vertex_count": 8,
        "confidence": 0.75,
        "verification_status": "Pending Review"
      }
    },
    {
      "type": "Feature",
      "id": "CAD-0384",
      "geometry": {
        "type": "Polygon",
        "coordinates": [
          [
            [
              1120.0,
              2329.0
            ],
            [
              1164.0,
              2376.0
            ],
            [
              1142.0,
              2729.0
            ],
            [
              1059.0,
              2729.0
            ],
            [
              1047.0,
              2600.0
            ],
            [
              1067.0,
              2341.0
            ],
            [
              1120.0,
              2329.0
            ]
          ]
        ]
      },
      "properties": {
        "parcel_id": "CAD-0384",
        "feature_type": "Vacant / Open Land",
        "category": "Land",
        "color_hex": "#D2B48C",
        "area_px": 35666.5,
        "area_sqm": 228.27,
        "area_hectares": 0.0228,
        "area_acres": 0.0564,
        "area_gaj": 273.01,
        "perimeter_m": 75.58,
        "vertex_count": 7,
        "confidence": 0.75,
        "verification_status": "Pending Review"
      }
    },
    {
      "type": "Feature",
      "id": "CAD-0385",
      "geometry": {
        "type": "Polygon",
        "coordinates": [
          [
            [
              1168.0,
              1743.0
            ],
            [
              1199.0,
              1846.0
            ],
            [
              1194.0,
              1952.0
            ],
            [
              1133.0,
              2129.0
            ],
            [
              1104.0,
              2157.0
            ],
            [
              1086.0,
              2157.0
            ],
            [
              1093.0,
              1991.0
            ],
            [
              1150.0,
              1743.0
            ],
            [
              1168.0,
              1743.0
            ]
          ]
        ]
      },
      "properties": {
        "parcel_id": "CAD-0385",
        "feature_type": "Vacant / Open Land",
        "category": "Land",
        "color_hex": "#D2B48C",
        "area_px": 21104.5,
        "area_sqm": 135.07,
        "area_hectares": 0.0135,
        "area_acres": 0.0334,
        "area_gaj": 161.54,
        "perimeter_m": 71.83,
        "vertex_count": 9,
        "confidence": 0.75,
        "verification_status": "Pending Review"
      }
    },
    {
      "type": "Feature",
      "id": "CAD-0386",
      "geometry": {
        "type": "Polygon",
        "coordinates": [
          [
            [
              1008.0,
              1796.0
            ],
            [
              1008.0,
              1814.0
            ],
            [
              996.0,
              1838.0
            ],
            [
              725.0,
              1835.0
            ],
            [
              691.0,
              1811.0
            ],
            [
              695.0,
              1767.0
            ],
            [
              911.0,
              1743.0
            ],
            [
              968.0,
              1745.0
            ],
            [
              1008.0,
              1796.0
            ]
          ]
        ]
      },
      "properties": {
        "parcel_id": "CAD-0386",
        "feature_type": "Vacant / Open Land",
        "category": "Land",
        "color_hex": "#D2B48C",
        "area_px": 24249.5,
        "area_sqm": 155.2,
        "area_hectares": 0.0155,
        "area_acres": 0.0384,
        "area_gaj": 185.62,
        "perimeter_m": 59.27,
        "vertex_count": 9,
        "confidence": 0.75,
        "verification_status": "Pending Review"
      }
    },
    {
      "type": "Feature",
      "id": "CAD-0387",
      "geometry": {
        "type": "Polygon",
        "coordinates": [
          [
            [
              1375.0,
              967.0
            ],
            [
              727.0,
              901.0
            ],
            [
              720.0,
              882.0
            ],
            [
              1128.0,
              803.0
            ],
            [
              1329.0,
              814.0
            ],
            [
              1369.0,
              875.0
            ],
            [
              1375.0,
              967.0
            ]
          ]
        ]
      },
      "properties": {
        "parcel_id": "CAD-0387",
        "feature_type": "Vacant / Open Land",
        "category": "Land",
        "color_hex": "#D2B48C",
        "area_px": 65991.5,
        "area_sqm": 422.35,
        "area_hectares": 0.0422,
        "area_acres": 0.1044,
        "area_gaj": 505.13,
        "perimeter_m": 116.29,
        "vertex_count": 7,
        "confidence": 0.75,
        "verification_status": "Pending Review"
      }
    },
    {
      "type": "Feature",
      "id": "CAD-0388",
      "geometry": {
        "type": "Polygon",
        "coordinates": [
          [
            [
              1964.0,
              292.0
            ],
            [
              1964.0,
              515.0
            ],
            [
              1926.0,
              545.0
            ],
            [
              1908.0,
              545.0
            ],
            [
              1847.0,
              431.0
            ],
            [
              1855.0,
              372.0
            ],
            [
              1946.0,
              292.0
            ],
            [
              1964.0,
              292.0
            ]
          ]
        ]
      },
      "properties": {
        "parcel_id": "CAD-0388",
        "feature_type": "Vacant / Open Land",
        "category": "Land",
        "color_hex": "#D2B48C",
        "area_px": 16413.5,
        "area_sqm": 105.05,
        "area_hectares": 0.0105,
        "area_acres": 0.026,
        "area_gaj": 125.64,
        "perimeter_m": 49.39,
        "vertex_count": 8,
        "confidence": 0.75,
        "verification_status": "Pending Review"
      }
    },
    {
      "type": "Feature",
      "id": "CAD-0389",
      "geometry": {
        "type": "Polygon",
        "coordinates": [
          [
            [
              5237.0,
              130.0
            ],
            [
              5239.0,
              225.0
            ],
            [
              5026.0,
              370.0
            ],
            [
              4720.0,
              377.0
            ],
            [
              4729.0,
              219.0
            ],
            [
              5166.0,
              134.0
            ],
            [
              5237.0,
              130.0
            ]
          ]
        ]
      },
      "properties": {
        "parcel_id": "CAD-0389",
        "feature_type": "Vacant / Open Land",
        "category": "Land",
        "color_hex": "#D2B48C",
        "area_px": 62542.0,
        "area_sqm": 400.27,
        "area_hectares": 0.04,
        "area_acres": 0.0989,
        "area_gaj": 478.72,
        "perimeter_m": 106.67,
        "vertex_count": 7,
        "confidence": 0.75,
        "verification_status": "Pending Review"
      }
    },
    {
      "type": "Feature",
      "id": "CAD-0390",
      "geometry": {
        "type": "Polygon",
        "coordinates": [
          [
            [
              1925.0,
              108.0
            ],
            [
              1965.0,
              107.0
            ],
            [
              2103.0,
              192.0
            ],
            [
              2103.0,
              238.0
            ],
            [
              1950.0,
              238.0
            ],
            [
              1925.0,
              126.0
            ],
            [
              1925.0,
              108.0
            ]
          ]
        ]
      },
      "properties": {
        "parcel_id": "CAD-0390",
        "feature_type": "Vacant / Open Land",
        "category": "Land",
        "color_hex": "#D2B48C",
        "area_px": 9739.5,
        "area_sqm": 62.33,
        "area_hectares": 0.0062,
        "area_acres": 0.0154,
        "area_gaj": 74.55,
        "perimeter_m": 42.71,
        "vertex_count": 7,
        "confidence": 0.75,
        "verification_status": "Pending Review"
      }
    },
    {
      "type": "Feature",
      "id": "CAD-0391",
      "geometry": {
        "type": "Polygon",
        "coordinates": [
          [
            [
              6047.0,
              0.0
            ],
            [
              6047.0,
              546.0
            ],
            [
              6036.0,
              546.0
            ],
            [
              6030.0,
              0.0
            ],
            [
              6047.0,
              0.0
            ]
          ]
        ]
      },
      "properties": {
        "parcel_id": "CAD-0391",
        "feature_type": "Vacant / Open Land",
        "category": "Land",
        "color_hex": "#D2B48C",
        "area_px": 6072.5,
        "area_sqm": 38.86,
        "area_hectares": 0.0039,
        "area_acres": 0.0096,
        "area_gaj": 46.48,
        "perimeter_m": 89.6,
        "vertex_count": 5,
        "confidence": 0.75,
        "verification_status": "Pending Review"
      }
    },
    {
      "type": "Feature",
      "id": "CAD-0392",
      "geometry": {
        "type": "Polygon",
        "coordinates": [
          [
            [
              5048.0,
              0.0
            ],
            [
              5048.0,
              11.0
            ],
            [
              5034.0,
              74.0
            ],
            [
              4965.0,
              75.0
            ],
            [
              4965.0,
              0.0
            ],
            [
              5048.0,
              0.0
            ]
          ]
        ]
      },
      "properties": {
        "parcel_id": "CAD-0392",
        "feature_type": "Vacant / Open Land",
        "category": "Land",
        "color_hex": "#D2B48C",
        "area_px": 5773.5,
        "area_sqm": 36.95,
        "area_hectares": 0.0037,
        "area_acres": 0.0091,
        "area_gaj": 44.19,
        "perimeter_m": 24.2,
        "vertex_count": 6,
        "confidence": 0.75,
        "verification_status": "Pending Review"
      }
    },
    {
      "type": "Feature",
      "id": "CAD-0393",
      "geometry": {
        "type": "Polygon",
        "coordinates": [
          [
            [
              4662.0,
              0.0
            ],
            [
              4711.0,
              0.0
            ],
            [
              4717.0,
              235.0
            ],
            [
              4707.0,
              511.0
            ],
            [
              4630.0,
              491.0
            ],
            [
              4662.0,
              0.0
            ]
          ]
        ]
      },
      "properties": {
        "parcel_id": "CAD-0393",
        "feature_type": "Vacant / Open Land",
        "category": "Land",
        "color_hex": "#D2B48C",
        "area_px": 27550.5,
        "area_sqm": 176.32,
        "area_hectares": 0.0176,
        "area_acres": 0.0436,
        "area_gaj": 210.88,
        "perimeter_m": 90.55,
        "vertex_count": 6,
        "confidence": 0.75,
        "verification_status": "Pending Review"
      }
    },
    {
      "type": "Feature",
      "id": "CAD-0394",
      "geometry": {
        "type": "Polygon",
        "coordinates": [
          [
            [
              4180.0,
              0.0
            ],
            [
              4157.0,
              169.0
            ],
            [
              3964.0,
              216.0
            ],
            [
              3933.0,
              212.0
            ],
            [
              3974.0,
              0.0
            ],
            [
              4180.0,
              0.0
            ]
          ]
        ]
      },
      "properties": {
        "parcel_id": "CAD-0394",
        "feature_type": "Vacant / Open Land",
        "category": "Land",
        "color_hex": "#D2B48C",
        "area_px": 39833.0,
        "area_sqm": 254.93,
        "area_hectares": 0.0255,
        "area_acres": 0.063,
        "area_gaj": 304.9,
        "perimeter_m": 65.79,
        "vertex_count": 6,
        "confidence": 0.75,
        "verification_status": "Pending Review"
      }
    },
    {
      "type": "Feature",
      "id": "CAD-0395",
      "geometry": {
        "type": "Polygon",
        "coordinates": [
          [
            [
              3786.0,
              12.0
            ],
            [
              3786.0,
              30.0
            ],
            [
              3631.0,
              30.0
            ],
            [
              3633.0,
              0.0
            ],
            [
              3781.0,
              0.0
            ],
            [
              3786.0,
              12.0
            ]
          ]
        ]
      },
      "properties": {
        "parcel_id": "CAD-0395",
        "feature_type": "Vacant / Open Land",
        "category": "Land",
        "color_hex": "#D2B48C",
        "area_px": 4603.5,
        "area_sqm": 29.46,
        "area_hectares": 0.0029,
        "area_acres": 0.0073,
        "area_gaj": 35.23,
        "perimeter_m": 29.13,
        "vertex_count": 6,
        "confidence": 0.75,
        "verification_status": "Pending Review"
      }
    },
    {
      "type": "Feature",
      "id": "CAD-0396",
      "geometry": {
        "type": "Polygon",
        "coordinates": [
          [
            [
              3419.0,
              30.0
            ],
            [
              3209.0,
              30.0
            ],
            [
              3145.0,
              9.0
            ],
            [
              3145.0,
              0.0
            ],
            [
              3415.0,
              0.0
            ],
            [
              3419.0,
              30.0
            ]
          ]
        ]
      },
      "properties": {
        "parcel_id": "CAD-0396",
        "feature_type": "Vacant / Open Land",
        "category": "Land",
        "color_hex": "#D2B48C",
        "area_px": 7492.5,
        "area_sqm": 47.95,
        "area_hectares": 0.0048,
        "area_acres": 0.0118,
        "area_gaj": 57.35,
        "perimeter_m": 46.93,
        "vertex_count": 6,
        "confidence": 0.75,
        "verification_status": "Pending Review"
      }
    },
    {
      "type": "Feature",
      "id": "CAD-0397",
      "geometry": {
        "type": "Polygon",
        "coordinates": [
          [
            [
              2601.0,
              0.0
            ],
            [
              2601.0,
              9.0
            ],
            [
              2375.0,
              188.0
            ],
            [
              2155.0,
              125.0
            ],
            [
              2160.0,
              72.0
            ],
            [
              2557.0,
              0.0
            ],
            [
              2601.0,
              0.0
            ]
          ]
        ]
      },
      "properties": {
        "parcel_id": "CAD-0397",
        "feature_type": "Vacant / Open Land",
        "category": "Land",
        "color_hex": "#D2B48C",
        "area_px": 28360.5,
        "area_sqm": 181.51,
        "area_hectares": 0.0182,
        "area_acres": 0.0449,
        "area_gaj": 217.09,
        "perimeter_m": 82.15,
        "vertex_count": 7,
        "confidence": 0.75,
        "verification_status": "Pending Review"
      }
    },
    {
      "type": "Feature",
      "id": "CAD-0398",
      "geometry": {
        "type": "Polygon",
        "coordinates": [
          [
            [
              1388.0,
              0.0
            ],
            [
              1382.0,
              74.0
            ],
            [
              1201.0,
              74.0
            ],
            [
              1201.0,
              55.0
            ],
            [
              1235.0,
              0.0
            ],
            [
              1388.0,
              0.0
            ]
          ]
        ]
      },
      "properties": {
        "parcel_id": "CAD-0398",
        "feature_type": "Vacant / Open Land",
        "category": "Land",
        "color_hex": "#D2B48C",
        "area_px": 12574.0,
        "area_sqm": 80.47,
        "area_hectares": 0.008,
        "area_acres": 0.0199,
        "area_gaj": 96.24,
        "perimeter_m": 39.35,
        "vertex_count": 6,
        "confidence": 0.75,
        "verification_status": "Pending Review"
      }
    },
    {
      "type": "Feature",
      "id": "CAD-0399",
      "geometry": {
        "type": "Polygon",
        "coordinates": [
          [
            [
              1040.0,
              0.0
            ],
            [
              1039.0,
              74.0
            ],
            [
              937.0,
              183.0
            ],
            [
              341.0,
              74.0
            ],
            [
              341.0,
              0.0
            ],
            [
              1040.0,
              0.0
            ]
          ]
        ]
      },
      "properties": {
        "parcel_id": "CAD-0399",
        "feature_type": "Vacant / Open Land",
        "category": "Land",
        "color_hex": "#D2B48C",
        "area_px": 51298.5,
        "area_sqm": 328.31,
        "area_hectares": 0.0328,
        "area_acres": 0.0811,
        "area_gaj": 392.66,
        "perimeter_m": 128.17,
        "vertex_count": 6,
        "confidence": 0.75,
        "verification_status": "Pending Review"
      }
    }
  ]
}