{
  "type": "FeatureCollection",
  "name": "Cadastral_Features_Paridhi",
  "crs": {
    "type": "name",
    "properties": {
      "name": "urn:ogc:def:crs:OGC:1.3:CRS84"
    }
  },
  "features": [
    {
      "type": "Feature",
      "id": "P-0008",
      "geometry": {
        "type": "Polygon",
        "coordinates": [
          [
            [
              77.209001,
              28.613866
            ],
            [
              77.209001,
              28.613771
            ],
            [
              77.209007,
              28.613774
            ],
            [
              77.209006,
              28.613783
            ],
            [
              77.209009,
              28.613786
            ],
            [
              77.209021,
              28.613786
            ],
            [
              77.209023,
              28.61379
            ],
            [
              77.20902,
              28.613794
            ],
            [
              77.20902,
              28.613799
            ],
            [
              77.209025,
              28.613804
            ],
            [
              77.20902,
              28.613821
            ],
            [
              77.209014,
              28.613825
            ],
            [
              77.209014,
              28.61383
            ],
            [
              77.209016,
              28.613835
            ],
            [
              77.209031,
              28.613845
            ],
            [
              77.209024,
              28.613848
            ],
            [
              77.209024,
              28.613855
            ],
            [
              77.209027,
              28.613859
            ],
            [
              77.209009,
              28.61386
            ],
            [
              77.209001,
              28.613866
            ]
          ]
        ]
      },
      "properties": {
        "parcel_id": "P-0008",
        "numeric_id": 8,
        "area_sqm": 17.51,
        "area_hectares": 0.0018,
        "area_acres": 0.0043,
        "area_gaj": 20.94,
        "perimeter_m": 26.8,
        "compactness": 0.306,
        "builtup_area_sqm": 0.0,
        "builtup_pct": 0.0,
        "building_count": 0,
        "land_use": "Residential",
        "confidence": 0.81,
        "verification_status": "Verified",
        "centroid_px": [
          13.4,
          108.2
        ],
        "centroid_geo": [
          77.209011,
          28.613822
        ],
        "feature_type": "parcel"
      }
    },
    {
      "type": "Feature",
      "id": "P-0014",
      "geometry": {
        "type": "Polygon",
        "coordinates": [
          [
            [
              77.209413,
              28.613812
            ],
            [
              77.209366,
              28.613812
            ],
            [
              77.209364,
              28.613801
            ],
            [
              77.209411,
              28.6138
            ],
            [
              77.209413,
              28.613812
            ]
          ]
        ]
      },
      "properties": {
        "parcel_id": "P-0014",
        "numeric_id": 14,
        "area_sqm": 5.66,
        "area_hectares": 0.0006,
        "area_acres": 0.0014,
        "area_gaj": 6.77,
        "perimeter_m": 11.62,
        "compactness": 0.527,
        "builtup_area_sqm": 0.0,
        "builtup_pct": 0.0,
        "building_count": 0,
        "land_use": "Vacant / Open Plot",
        "confidence": 0.86,
        "verification_status": "Pending Review",
        "centroid_px": [
          474.8,
          130.8
        ],
        "centroid_geo": [
          77.209389,
          28.613806
        ],
        "feature_type": "parcel"
      }
    },
    {
      "type": "Feature",
      "id": "P-0004",
      "geometry": {
        "type": "Polygon",
        "coordinates": [
          [
            [
              77.209372,
              28.613895
            ],
            [
              77.209372,
              28.613871
            ],
            [
              77.209368,
              28.613863
            ],
            [
              77.209375,
              28.613863
            ],
            [
              77.209381,
              28.613874
            ],
            [
              77.209377,
              28.613876
            ],
            [
              77.209377,
              28.613882
            ],
            [
              77.209382,
              28.613886
            ],
            [
              77.209384,
              28.613895
            ],
            [
              77.209372,
              28.613895
            ]
          ]
        ]
      },
      "properties": {
        "parcel_id": "P-0004",
        "numeric_id": 4,
        "area_sqm": 2.68,
        "area_hectares": 0.0003,
        "area_acres": 0.0007,
        "area_gaj": 3.2,
        "perimeter_m": 9.51,
        "compactness": 0.372,
        "builtup_area_sqm": 0.0,
        "builtup_pct": 0.0,
        "building_count": 0,
        "land_use": "Vacant / Open Plot",
        "confidence": 0.82,
        "verification_status": "Pending Review",
        "centroid_px": [
          459.2,
          26.7
        ],
        "centroid_geo": [
          77.209376,
          28.613881
        ],
        "feature_type": "parcel"
      }
    },
    {
      "type": "Feature",
      "id": "P-0023",
      "geometry": {
        "type": "Polygon",
        "coordinates": [
          [
            [
              77.209364,
              28.613626
            ],
            [
              77.209362,
              28.613619
            ],
            [
              77.209367,
              28.613617
            ],
            [
              77.209368,
              28.613609
            ],
            [
              77.209377,
              28.613609
            ],
            [
              77.209378,
              28.613625
            ],
            [
              77.209364,
              28.613626
            ]
          ]
        ]
      },
      "properties": {
        "parcel_id": "P-0023",
        "numeric_id": 23,
        "area_sqm": 2.18,
        "area_hectares": 0.0002,
        "area_acres": 0.0005,
        "area_gaj": 2.6,
        "perimeter_m": 6.2,
        "compactness": 0.711,
        "builtup_area_sqm": 0.0,
        "builtup_pct": 0.0,
        "building_count": 0,
        "land_use": "Vacant / Open Plot",
        "confidence": 0.89,
        "verification_status": "Pending Review",
        "centroid_px": [
          453.3,
          392.1
        ],
        "centroid_geo": [
          77.209371,
          28.613618
        ],
        "feature_type": "parcel"
      }
    },
    {
      "type": "Feature",
      "id": "P-0021",
      "geometry": {
        "type": "Polygon",
        "coordinates": [
          [
            [
              77.209418,
              28.61364
            ],
            [
              77.209404,
              28.613639
            ],
            [
              77.209402,
              28.613626
            ],
            [
              77.209418,
              28.613626
            ],
            [
              77.209418,
              28.61364
            ]
          ]
        ]
      },
      "properties": {
        "parcel_id": "P-0021",
        "numeric_id": 21,
        "area_sqm": 2.13,
        "area_hectares": 0.0002,
        "area_acres": 0.0005,
        "area_gaj": 2.55,
        "perimeter_m": 5.85,
        "compactness": 0.781,
        "builtup_area_sqm": 0.0,
        "builtup_pct": 0.0,
        "building_count": 0,
        "land_use": "Vacant / Open Plot",
        "confidence": 0.91,
        "verification_status": "Pending Review",
        "centroid_px": [
          501.1,
          371.9
        ],
        "centroid_geo": [
          77.20941,
          28.613633
        ],
        "feature_type": "parcel"
      }
    },
    {
      "type": "Feature",
      "id": "P-0022",
      "geometry": {
        "type": "Polygon",
        "coordinates": [
          [
            [
              77.209041,
              28.613629
            ],
            [
              77.209037,
              28.613625
            ],
            [
              77.209036,
              28.613615
            ],
            [
              77.209043,
              28.613608
            ],
            [
              77.209046,
              28.61361
            ],
            [
              77.209047,
              28.613616
            ],
            [
              77.209051,
              28.613618
            ],
            [
              77.209045,
              28.613621
            ],
            [
              77.209045,
              28.613628
            ],
            [
              77.209041,
              28.613629
            ]
          ]
        ]
      },
      "properties": {
        "parcel_id": "P-0022",
        "numeric_id": 22,
        "area_sqm": 1.9,
        "area_hectares": 0.0002,
        "area_acres": 0.0005,
        "area_gaj": 2.28,
        "perimeter_m": 6.22,
        "compactness": 0.619,
        "builtup_area_sqm": 0.0,
        "builtup_pct": 0.0,
        "building_count": 0,
        "land_use": "Vacant / Open Plot",
        "confidence": 0.87,
        "verification_status": "Pending Review",
        "centroid_px": [
          51.2,
          391.7
        ],
        "centroid_geo": [
          77.209042,
          28.613618
        ],
        "feature_type": "parcel"
      }
    },
    {
      "type": "Feature",
      "id": "P-0016",
      "geometry": {
        "type": "Polygon",
        "coordinates": [
          [
            [
              77.209321,
              28.613738
            ],
            [
              77.2093,
              28.613736
            ],
            [
              77.2093,
              28.613731
            ],
            [
              77.20932,
              28.613731
            ],
            [
              77.209321,
              28.613738
            ]
          ]
        ]
      },
      "properties": {
        "parcel_id": "P-0016",
        "numeric_id": 16,
        "area_sqm": 1.25,
        "area_hectares": 0.0001,
        "area_acres": 0.0003,
        "area_gaj": 1.5,
        "perimeter_m": 5.21,
        "compactness": 0.579,
        "builtup_area_sqm": 0.0,
        "builtup_pct": 0.0,
        "building_count": 0,
        "land_use": "Vacant / Open Plot",
        "confidence": 0.87,
        "verification_status": "Pending Review",
        "centroid_px": [
          379.8,
          231.0
        ],
        "centroid_geo": [
          77.209311,
          28.613734
        ],
        "feature_type": "parcel"
      }
    },
    {
      "type": "Feature",
      "id": "P-0001",
      "geometry": {
        "type": "Polygon",
        "coordinates": [
          [
            [
              77.209056,
              28.613899
            ],
            [
              77.209056,
              28.613893
            ],
            [
              77.209061,
              28.613891
            ],
            [
              77.209061,
              28.613888
            ],
            [
              77.209069,
              28.613888
            ],
            [
              77.209068,
              28.613899
            ],
            [
              77.209056,
              28.613899
            ]
          ]
        ]
      },
      "properties": {
        "parcel_id": "P-0001",
        "numeric_id": 1,
        "area_sqm": 1.34,
        "area_hectares": 0.0001,
        "area_acres": 0.0003,
        "area_gaj": 1.6,
        "perimeter_m": 4.79,
        "compactness": 0.732,
        "builtup_area_sqm": 0.0,
        "builtup_pct": 0.0,
        "building_count": 0,
        "land_use": "Vacant / Open Plot",
        "confidence": 0.9,
        "verification_status": "Pending Review",
        "centroid_px": [
          76.7,
          8.3
        ],
        "centroid_geo": [
          77.209063,
          28.613894
        ],
        "feature_type": "parcel"
      }
    },
    {
      "type": "Feature",
      "id": "P-0025",
      "geometry": {
        "type": "Polygon",
        "coordinates": [
          [
            [
              77.209054,
              28.613588
            ],
            [
              77.209054,
              28.613586
            ],
            [
              77.209048,
              28.613583
            ],
            [
              77.209046,
              28.613571
            ],
            [
              77.209052,
              28.613572
            ],
            [
              77.209052,
              28.61358
            ],
            [
              77.209057,
              28.613582
            ],
            [
              77.209057,
              28.613587
            ],
            [
              77.20906,
              28.61359
            ],
            [
              77.209054,
              28.613588
            ]
          ]
        ]
      },
      "properties": {
        "parcel_id": "P-0025",
        "numeric_id": 25,
        "area_sqm": 1.04,
        "area_hectares": 0.0001,
        "area_acres": 0.0003,
        "area_gaj": 1.24,
        "perimeter_m": 5.81,
        "compactness": 0.387,
        "builtup_area_sqm": 0.0,
        "builtup_pct": 0.0,
        "building_count": 0,
        "land_use": "Vacant / Open Plot",
        "confidence": 0.83,
        "verification_status": "Pending Review",
        "centroid_px": [
          62.9,
          445.5
        ],
        "centroid_geo": [
          77.209052,
          28.61358
        ],
        "feature_type": "parcel"
      }
    },
    {
      "type": "Feature",
      "id": "P-0013",
      "geometry": {
        "type": "Polygon",
        "coordinates": [
          [
            [
              77.209256,
              28.613817
            ],
            [
              77.209256,
              28.613805
            ],
            [
              77.209264,
              28.613805
            ],
            [
              77.209264,
              28.613817
            ],
            [
              77.209256,
              28.613817
            ]
          ]
        ]
      },
      "properties": {
        "parcel_id": "P-0013",
        "numeric_id": 13,
        "area_sqm": 1.0,
        "area_hectares": 0.0001,
        "area_acres": 0.0002,
        "area_gaj": 1.2,
        "perimeter_m": 4.17,
        "compactness": 0.727,
        "builtup_area_sqm": 0.0,
        "builtup_pct": 0.0,
        "building_count": 0,
        "land_use": "Vacant / Open Plot",
        "confidence": 0.9,
        "verification_status": "Pending Review",
        "centroid_px": [
          317.7,
          123.6
        ],
        "centroid_geo": [
          77.20926,
          28.613811
        ],
        "feature_type": "parcel"
      }
    },
    {
      "type": "Feature",
      "id": "P-0027",
      "geometry": {
        "type": "Polygon",
        "coordinates": [
          [
            [
              77.209047,
              28.613539
            ],
            [
              77.209029,
              28.613537
            ],
            [
              77.209028,
              28.613533
            ],
            [
              77.209048,
              28.613533
            ],
            [
              77.209047,
              28.613539
            ]
          ]
        ]
      },
      "properties": {
        "parcel_id": "P-0027",
        "numeric_id": 27,
        "area_sqm": 0.9,
        "area_hectares": 0.0001,
        "area_acres": 0.0002,
        "area_gaj": 1.08,
        "perimeter_m": 4.76,
        "compactness": 0.498,
        "builtup_area_sqm": 0.0,
        "builtup_pct": 0.0,
        "building_count": 0,
        "land_use": "Vacant / Open Plot",
        "confidence": 0.85,
        "verification_status": "Pending Review",
        "centroid_px": [
          47.4,
          507.0
        ],
        "centroid_geo": [
          77.209039,
          28.613536
        ],
        "feature_type": "parcel"
      }
    },
    {
      "type": "Feature",
      "id": "P-0017",
      "geometry": {
        "type": "Polygon",
        "coordinates": [
          [
            [
              77.209014,
              28.613734
            ],
            [
              77.209009,
              28.613728
            ],
            [
              77.209001,
              28.61373
            ],
            [
              77.209001,
              28.613723
            ],
            [
              77.209007,
              28.613722
            ],
            [
              77.20901,
              28.613727
            ],
            [
              77.209017,
              28.613725
            ],
            [
              77.209017,
              28.613733
            ],
            [
              77.209014,
              28.613734
            ]
          ]
        ]
      },
      "properties": {
        "parcel_id": "P-0017",
        "numeric_id": 17,
        "area_sqm": 1.08,
        "area_hectares": 0.0001,
        "area_acres": 0.0003,
        "area_gaj": 1.29,
        "perimeter_m": 5.51,
        "compactness": 0.447,
        "builtup_area_sqm": 0.0,
        "builtup_pct": 0.0,
        "building_count": 0,
        "land_use": "Vacant / Open Plot",
        "confidence": 0.84,
        "verification_status": "Pending Review",
        "centroid_px": [
          11.1,
          239.8
        ],
        "centroid_geo": [
          77.209009,
          28.613728
        ],
        "feature_type": "parcel"
      }
    },
    {
      "type": "Feature",
      "id": "P-0015",
      "geometry": {
        "type": "Polygon",
        "coordinates": [
          [
            [
              77.209151,
              28.613737
            ],
            [
              77.209145,
              28.613735
            ],
            [
              77.209143,
              28.613733
            ],
            [
              77.209154,
              28.613728
            ],
            [
              77.209156,
              28.613733
            ],
            [
              77.209151,
              28.613737
            ]
          ]
        ]
      },
      "properties": {
        "parcel_id": "P-0015",
        "numeric_id": 15,
        "area_sqm": 0.71,
        "area_hectares": 0.0001,
        "area_acres": 0.0002,
        "area_gaj": 0.85,
        "perimeter_m": 3.41,
        "compactness": 0.773,
        "builtup_area_sqm": 0.0,
        "builtup_pct": 0.0,
        "building_count": 0,
        "land_use": "Vacant / Open Plot",
        "confidence": 0.9,
        "verification_status": "Pending Review",
        "centroid_px": [
          183.2,
          232.9
        ],
        "centroid_geo": [
          77.20915,
          28.613733
        ],
        "feature_type": "parcel"
      }
    },
    {
      "type": "Feature",
      "id": "P-0009",
      "geometry": {
        "type": "Polygon",
        "coordinates": [
          [
            [
              77.20924,
              28.61383
            ],
            [
              77.209237,
              28.613821
            ],
            [
              77.209244,
              28.613821
            ],
            [
              77.209247,
              28.613825
            ],
            [
              77.209247,
              28.61383
            ],
            [
              77.20924,
              28.61383
            ]
          ]
        ]
      },
      "properties": {
        "parcel_id": "P-0009",
        "numeric_id": 9,
        "area_sqm": 0.78,
        "area_hectares": 0.0001,
        "area_acres": 0.0002,
        "area_gaj": 0.93,
        "perimeter_m": 3.5,
        "compactness": 0.799,
        "builtup_area_sqm": 0.0,
        "builtup_pct": 0.0,
        "building_count": 0,
        "land_use": "Vacant / Open Plot",
        "confidence": 0.91,
        "verification_status": "Pending Review",
        "centroid_px": [
          296.3,
          103.7
        ],
        "centroid_geo": [
          77.209243,
          28.613825
        ],
        "feature_type": "parcel"
      }
    },
    {
      "type": "Feature",
      "id": "P-0019",
      "geometry": {
        "type": "Polygon",
        "coordinates": [
          [
            [
              77.209382,
              28.613717
            ],
            [
              77.209384,
              28.613712
            ],
            [
              77.20939,
              28.613712
            ],
            [
              77.209393,
              28.613708
            ],
            [
              77.209396,
              28.613708
            ],
            [
              77.209399,
              28.613715
            ],
            [
              77.209382,
              28.613717
            ]
          ]
        ]
      },
      "properties": {
        "parcel_id": "P-0019",
        "numeric_id": 19,
        "area_sqm": 0.84,
        "area_hectares": 0.0001,
        "area_acres": 0.0002,
        "area_gaj": 1.0,
        "perimeter_m": 4.47,
        "compactness": 0.525,
        "builtup_area_sqm": 0.0,
        "builtup_pct": 0.0,
        "building_count": 0,
        "land_use": "Vacant / Open Plot",
        "confidence": 0.86,
        "verification_status": "Pending Review",
        "centroid_px": [
          477.8,
          259.9
        ],
        "centroid_geo": [
          77.209391,
          28.613713
        ],
        "feature_type": "parcel"
      }
    },
    {
      "type": "Feature",
      "id": "P-0012",
      "geometry": {
        "type": "Polygon",
        "coordinates": [
          [
            [
              77.209108,
              28.61382
            ],
            [
              77.209101,
              28.613818
            ],
            [
              77.209105,
              28.61381
            ],
            [
              77.209104,
              28.613804
            ],
            [
              77.209106,
              28.613804
            ],
            [
              77.209109,
              28.613814
            ],
            [
              77.209108,
              28.61382
            ]
          ]
        ]
      },
      "properties": {
        "parcel_id": "P-0012",
        "numeric_id": 12,
        "area_sqm": 0.73,
        "area_hectares": 0.0001,
        "area_acres": 0.0002,
        "area_gaj": 0.87,
        "perimeter_m": 4.3,
        "compactness": 0.496,
        "builtup_area_sqm": 0.0,
        "builtup_pct": 0.0,
        "building_count": 0,
        "land_use": "Vacant / Open Plot",
        "confidence": 0.85,
        "verification_status": "Pending Review",
        "centroid_px": [
          129.0,
          120.8
        ],
        "centroid_geo": [
          77.209106,
          28.613813
        ],
        "feature_type": "parcel"
      }
    },
    {
      "type": "Feature",
      "id": "P-0005",
      "geometry": {
        "type": "Polygon",
        "coordinates": [
          [
            [
              77.209092,
              28.613891
            ],
            [
              77.209092,
              28.613881
            ],
            [
              77.209093,
              28.613872
            ],
            [
              77.209097,
              28.613876
            ],
            [
              77.209094,
              28.613884
            ],
            [
              77.209098,
              28.613889
            ],
            [
              77.209097,
              28.613891
            ],
            [
              77.209092,
              28.613891
            ]
          ]
        ]
      },
      "properties": {
        "parcel_id": "P-0005",
        "numeric_id": 5,
        "area_sqm": 0.79,
        "area_hectares": 0.0001,
        "area_acres": 0.0002,
        "area_gaj": 0.94,
        "perimeter_m": 5.14,
        "compactness": 0.375,
        "builtup_area_sqm": 0.0,
        "builtup_pct": 0.0,
        "building_count": 0,
        "land_use": "Vacant / Open Plot",
        "confidence": 0.82,
        "verification_status": "Pending Review",
        "centroid_px": [
          114.9,
          23.2
        ],
        "centroid_geo": [
          77.209094,
          28.613883
        ],
        "feature_type": "parcel"
      }
    },
    {
      "type": "Feature",
      "id": "P-0006",
      "geometry": {
        "type": "Polygon",
        "coordinates": [
          [
            [
              77.209269,
              28.613886
            ],
            [
              77.20926,
              28.613883
            ],
            [
              77.209258,
              28.613878
            ],
            [
              77.209268,
              28.613878
            ],
            [
              77.209269,
              28.613886
            ]
          ]
        ]
      },
      "properties": {
        "parcel_id": "P-0006",
        "numeric_id": 6,
        "area_sqm": 0.57,
        "area_hectares": 0.0001,
        "area_acres": 0.0001,
        "area_gaj": 0.68,
        "perimeter_m": 3.27,
        "compactness": 0.664,
        "builtup_area_sqm": 0.0,
        "builtup_pct": 0.0,
        "building_count": 0,
        "land_use": "Vacant / Open Plot",
        "confidence": 0.88,
        "verification_status": "Pending Review",
        "centroid_px": [
          322.6,
          25.8
        ],
        "centroid_geo": [
          77.209264,
          28.613881
        ],
        "feature_type": "parcel"
      }
    },
    {
      "type": "Feature",
      "id": "P-0026",
      "geometry": {
        "type": "Polygon",
        "coordinates": [
          [
            [
              77.209238,
              28.613583
            ],
            [
              77.209238,
              28.613576
            ],
            [
              77.209246,
              28.613576
            ],
            [
              77.209246,
              28.613582
            ],
            [
              77.209238,
              28.613583
            ]
          ]
        ]
      },
      "properties": {
        "parcel_id": "P-0026",
        "numeric_id": 26,
        "area_sqm": 0.58,
        "area_hectares": 0.0001,
        "area_acres": 0.0001,
        "area_gaj": 0.69,
        "perimeter_m": 3.05,
        "compactness": 0.779,
        "builtup_area_sqm": 0.0,
        "builtup_pct": 0.0,
        "building_count": 0,
        "land_use": "Vacant / Open Plot",
        "confidence": 0.91,
        "verification_status": "Pending Review",
        "centroid_px": [
          295.7,
          446.3
        ],
        "centroid_geo": [
          77.209242,
          28.613579
        ],
        "feature_type": "parcel"
      }
    },
    {
      "type": "Feature",
      "id": "R-0001",
      "geometry": {
        "type": "LineString",
        "coordinates": [
          [
            77.209403,
            28.613536
          ],
          [
            77.209401,
            28.613533
          ],
          [
            77.209399,
            28.613533
          ],
          [
            77.209397,
            28.613535
          ],
          [
            77.209394,
            28.613533
          ],
          [
            77.209392,
            28.613533
          ],
          [
            77.20939,
            28.613534
          ],
          [
            77.209375,
            28.613533
          ],
          [
            77.209369,
            28.613534
          ],
          [
            77.209368,
            28.613534
          ],
          [
            77.209359,
            28.613533
          ],
          [
            77.209354,
            28.613533
          ],
          [
            77.209336,
            28.613533
          ],
          [
            77.209334,
            28.613533
          ],
          [
            77.20933,
            28.613534
          ],
          [
            77.209326,
            28.613534
          ],
          [
            77.209325,
            28.613533
          ],
          [
            77.209418,
            28.613533
          ],
          [
            77.209415,
            28.613534
          ],
          [
            77.209414,
            28.613533
          ],
          [
            77.209413,
            28.613534
          ],
          [
            77.209411,
            28.613533
          ],
          [
            77.209403,
            28.613534
          ]
        ]
      },
      "properties": {
        "road_id": "R-0001",
        "length_m": 18.69,
        "feature_type": "road"
      }
    },
    {
      "type": "Feature",
      "id": "R-0002",
      "geometry": {
        "type": "LineString",
        "coordinates": [
          [
            77.209057,
            28.613538
          ],
          [
            77.209057,
            28.613536
          ],
          [
            77.209056,
            28.613536
          ],
          [
            77.209056,
            28.613533
          ],
          [
            77.209052,
            28.613533
          ],
          [
            77.209046,
            28.613533
          ],
          [
            77.209043,
            28.613533
          ],
          [
            77.209036,
            28.613533
          ],
          [
            77.209078,
            28.613533
          ],
          [
            77.209079,
            28.613533
          ],
          [
            77.209082,
            28.613533
          ],
          [
            77.209106,
            28.613533
          ],
          [
            77.209106,
            28.613535
          ],
          [
            77.209105,
            28.613533
          ],
          [
            77.2091,
            28.613533
          ],
          [
            77.209102,
            28.613535
          ],
          [
            77.209101,
            28.613536
          ],
          [
            77.209099,
            28.613534
          ],
          [
            77.209097,
            28.613534
          ],
          [
            77.209092,
            28.613535
          ],
          [
            77.20909,
            28.613533
          ],
          [
            77.209079,
            28.613533
          ],
          [
            77.209077,
            28.613535
          ],
          [
            77.209073,
            28.613534
          ],
          [
            77.209073,
            28.613536
          ],
          [
            77.209073,
            28.613534
          ],
          [
            77.20907,
            28.613533
          ],
          [
            77.20907,
            28.613534
          ],
          [
            77.209069,
            28.613534
          ],
          [
            77.209066,
            28.613533
          ],
          [
            77.209059,
            28.613533
          ],
          [
            77.209057,
            28.613536
          ]
        ]
      },
      "properties": {
        "road_id": "R-0002",
        "length_m": 16.17,
        "feature_type": "road"
      }
    },
    {
      "type": "Feature",
      "id": "R-0003",
      "geometry": {
        "type": "LineString",
        "coordinates": [
          [
            77.209183,
            28.613541
          ],
          [
            77.209183,
            28.613538
          ],
          [
            77.209183,
            28.613536
          ],
          [
            77.209184,
            28.613535
          ],
          [
            77.20918,
            28.613535
          ],
          [
            77.209179,
            28.613533
          ],
          [
            77.209178,
            28.613534
          ],
          [
            77.209177,
            28.613533
          ],
          [
            77.209174,
            28.613536
          ],
          [
            77.209174,
            28.613533
          ],
          [
            77.209171,
            28.613534
          ],
          [
            77.209169,
            28.613533
          ],
          [
            77.209167,
            28.613533
          ],
          [
            77.209167,
            28.613537
          ],
          [
            77.209165,
            28.613536
          ],
          [
            77.209163,
            28.613534
          ],
          [
            77.209165,
            28.613533
          ],
          [
            77.209162,
            28.613533
          ],
          [
            77.209161,
            28.613533
          ],
          [
            77.209159,
            28.613534
          ],
          [
            77.209161,
            28.613535
          ],
          [
            77.209154,
            28.613535
          ],
          [
            77.209154,
            28.613533
          ],
          [
            77.209151,
            28.613533
          ],
          [
            77.209149,
            28.613535
          ],
          [
            77.209147,
            28.613533
          ],
          [
            77.209146,
            28.613533
          ],
          [
            77.209143,
            28.613533
          ],
          [
            77.209141,
            28.613533
          ],
          [
            77.209139,
            28.613533
          ],
          [
            77.209138,
            28.613533
          ],
          [
            77.209134,
            28.613533
          ],
          [
            77.209133,
            28.613533
          ],
          [
            77.209133,
            28.613535
          ],
          [
            77.209132,
            28.613533
          ],
          [
            77.209129,
            28.613533
          ],
          [
            77.209127,
            28.613534
          ],
          [
            77.209119,
            28.613534
          ],
          [
            77.209119,
            28.613536
          ],
          [
            77.20912,
            28.613535
          ],
          [
            77.209118,
            28.613533
          ],
          [
            77.209115,
            28.613533
          ],
          [
            77.209112,
            28.613533
          ],
          [
            77.209108,
            28.613533
          ],
          [
            77.209141,
            28.613533
          ],
          [
            77.20915,
            28.613533
          ],
          [
            77.209154,
            28.613533
          ],
          [
            77.20926,
            28.613533
          ],
          [
            77.209323,
            28.613533
          ],
          [
            77.209322,
            28.613533
          ],
          [
            77.209318,
            28.613533
          ],
          [
            77.209317,
            28.613533
          ],
          [
            77.209315,
            28.613534
          ],
          [
            77.209313,
            28.613534
          ],
          [
            77.209309,
            28.613533
          ],
          [
            77.209305,
            28.613536
          ],
          [
            77.209305,
            28.613534
          ],
          [
            77.209303,
            28.613535
          ],
          [
            77.209302,
            28.613533
          ],
          [
            77.2093,
            28.613533
          ],
          [
            77.2093,
            28.613535
          ],
          [
            77.20929,
            28.613535
          ],
          [
            77.209289,
            28.613533
          ],
          [
            77.209287,
            28.613535
          ],
          [
            77.209286,
            28.613533
          ],
          [
            77.209284,
            28.613537
          ],
          [
            77.209284,
            28.613535
          ],
          [
            77.209285,
            28.613533
          ],
          [
            77.209283,
            28.613533
          ],
          [
            77.209282,
            28.613533
          ],
          [
            77.209275,
            28.613534
          ],
          [
            77.209272,
            28.613533
          ],
          [
            77.209266,
            28.613533
          ],
          [
            77.209263,
            28.613536
          ],
          [
            77.209262,
            28.613533
          ],
          [
            77.20926,
            28.613533
          ],
          [
            77.209257,
            28.613533
          ],
          [
            77.209253,
            28.613533
          ],
          [
            77.209251,
            28.613534
          ],
          [
            77.209246,
            28.613534
          ],
          [
            77.209242,
            28.613533
          ],
          [
            77.209241,
            28.613533
          ],
          [
            77.209235,
            28.613533
          ],
          [
            77.209231,
            28.613534
          ],
          [
            77.209229,
            28.613533
          ],
          [
            77.209224,
            28.613533
          ],
          [
            77.209224,
            28.613534
          ],
          [
            77.209222,
            28.613536
          ],
          [
            77.209223,
            28.613535
          ],
          [
            77.209222,
            28.613533
          ],
          [
            77.20922,
            28.613534
          ],
          [
            77.209222,
            28.613533
          ],
          [
            77.209219,
            28.613535
          ],
          [
            77.209217,
            28.613533
          ],
          [
            77.209215,
            28.613534
          ],
          [
            77.209214,
            28.613533
          ],
          [
            77.209213,
            28.613534
          ],
          [
            77.20921,
            28.613534
          ],
          [
            77.20921,
            28.613533
          ],
          [
            77.209209,
            28.613533
          ],
          [
            77.209208,
            28.613533
          ],
          [
            77.209203,
            28.613535
          ],
          [
            77.209201,
            28.613533
          ],
          [
            77.209193,
            28.613533
          ],
          [
            77.20919,
            28.613533
          ],
          [
            77.209188,
            28.613533
          ],
          [
            77.209187,
            28.613536
          ],
          [
            77.209187,
            28.613533
          ],
          [
            77.209184,
            28.613535
          ],
          [
            77.209183,
            28.613537
          ],
          [
            77.209185,
            28.613539
          ],
          [
            77.209183,
            28.613539
          ]
        ]
      },
      "properties": {
        "road_id": "R-0003",
        "length_m": 51.02,
        "feature_type": "road"
      }
    },
    {
      "type": "Feature",
      "id": "R-0004",
      "geometry": {
        "type": "LineString",
        "coordinates": [
          [
            77.209408,
            28.613546
          ],
          [
            77.209408,
            28.61354
          ],
          [
            77.20941,
            28.613539
          ],
          [
            77.209412,
            28.613539
          ],
          [
            77.209413,
            28.613539
          ],
          [
            77.209413,
            28.613542
          ],
          [
            77.209414,
            28.613544
          ],
          [
            77.209411,
            28.613543
          ],
          [
            77.209412,
            28.613544
          ],
          [
            77.20941,
            28.613544
          ]
        ]
      },
      "properties": {
        "road_id": "R-0004",
        "length_m": 2.43,
        "feature_type": "road"
      }
    },
    {
      "type": "Feature",
      "id": "R-0005",
      "geometry": {
        "type": "LineString",
        "coordinates": [
          [
            77.209368,
            28.613548
          ],
          [
            77.20937,
            28.613546
          ],
          [
            77.209368,
            28.613545
          ],
          [
            77.20937,
            28.613545
          ],
          [
            77.209372,
            28.613544
          ],
          [
            77.20937,
            28.613542
          ],
          [
            77.209372,
            28.613544
          ],
          [
            77.209372,
            28.61354
          ],
          [
            77.209373,
            28.613541
          ],
          [
            77.209373,
            28.613543
          ],
          [
            77.209373,
            28.613545
          ],
          [
            77.209372,
            28.613546
          ],
          [
            77.209369,
            28.613546
          ]
        ]
      },
      "properties": {
        "road_id": "R-0005",
        "length_m": 2.81,
        "feature_type": "road"
      }
    },
    {
      "type": "Feature",
      "id": "R-0006",
      "geometry": {
        "type": "LineString",
        "coordinates": [
          [
            77.20921,
            28.61355
          ],
          [
            77.209209,
            28.613549
          ],
          [
            77.209208,
            28.613547
          ],
          [
            77.209205,
            28.613548
          ],
          [
            77.209206,
            28.613546
          ],
          [
            77.209207,
            28.613545
          ],
          [
            77.20921,
            28.613549
          ],
          [
            77.20921,
            28.613547
          ],
          [
            77.20921,
            28.613549
          ]
        ]
      },
      "properties": {
        "road_id": "R-0006",
        "length_m": 1.85,
        "feature_type": "road"
      }
    },
    {
      "type": "Feature",
      "id": "R-0007",
      "geometry": {
        "type": "LineString",
        "coordinates": [
          [
            77.209125,
            28.61355
          ],
          [
            77.209124,
            28.613549
          ],
          [
            77.209125,
            28.613547
          ],
          [
            77.209129,
            28.613547
          ],
          [
            77.209129,
            28.613549
          ],
          [
            77.209128,
            28.613549
          ],
          [
            77.20913,
            28.61355
          ],
          [
            77.209129,
            28.61355
          ],
          [
            77.209126,
            28.613548
          ],
          [
            77.209125,
            28.613549
          ],
          [
            77.209127,
            28.613551
          ]
        ]
      },
      "properties": {
        "road_id": "R-0007",
        "length_m": 2.19,
        "feature_type": "road"
      }
    },
    {
      "type": "Feature",
      "id": "R-0008",
      "geometry": {
        "type": "LineString",
        "coordinates": [
          [
            77.2091,
            28.61355
          ],
          [
            77.209102,
            28.613549
          ],
          [
            77.209103,
            28.613549
          ],
          [
            77.209105,
            28.613547
          ],
          [
            77.209105,
            28.613546
          ],
          [
            77.209106,
            28.613545
          ],
          [
            77.209106,
            28.613544
          ],
          [
            77.209107,
            28.613543
          ],
          [
            77.209105,
            28.61354
          ],
          [
            77.209104,
            28.613539
          ],
          [
            77.209103,
            28.613538
          ],
          [
            77.209106,
            28.613539
          ],
          [
            77.209108,
            28.613541
          ],
          [
            77.209108,
            28.613543
          ],
          [
            77.20911,
            28.613544
          ],
          [
            77.209111,
            28.613545
          ],
          [
            77.209111,
            28.613547
          ],
          [
            77.20911,
            28.613546
          ],
          [
            77.209108,
            28.613544
          ],
          [
            77.209107,
            28.613546
          ],
          [
            77.209106,
            28.613547
          ],
          [
            77.209106,
            28.613549
          ],
          [
            77.209108,
            28.613549
          ],
          [
            77.209108,
            28.613551
          ],
          [
            77.209102,
            28.613551
          ]
        ]
      },
      "properties": {
        "road_id": "R-0008",
        "length_m": 5.22,
        "feature_type": "road"
      }
    },
    {
      "type": "Feature",
      "id": "R-0009",
      "geometry": {
        "type": "LineString",
        "coordinates": [
          [
            77.209037,
            28.613551
          ],
          [
            77.209037,
            28.613549
          ],
          [
            77.209039,
            28.613549
          ],
          [
            77.209036,
            28.613548
          ],
          [
            77.209037,
            28.613546
          ],
          [
            77.209041,
            28.613548
          ],
          [
            77.209038,
            28.613545
          ],
          [
            77.209043,
            28.613546
          ],
          [
            77.20904,
            28.613547
          ],
          [
            77.209042,
            28.613549
          ],
          [
            77.20904,
            28.613549
          ],
          [
            77.20904,
            28.613551
          ],
          [
            77.209038,
            28.61355
          ]
        ]
      },
      "properties": {
        "road_id": "R-0009",
        "length_m": 3.24,
        "feature_type": "road"
      }
    },
    {
      "type": "Feature",
      "id": "R-0010",
      "geometry": {
        "type": "LineString",
        "coordinates": [
          [
            77.209053,
            28.613551
          ],
          [
            77.209053,
            28.61355
          ],
          [
            77.209052,
            28.613549
          ],
          [
            77.209043,
            28.61355
          ],
          [
            77.209047,
            28.613549
          ],
          [
            77.209044,
            28.613548
          ],
          [
            77.209046,
            28.613548
          ],
          [
            77.209047,
            28.613546
          ],
          [
            77.20905,
            28.613547
          ],
          [
            77.209051,
            28.613549
          ],
          [
            77.209052,
            28.613549
          ],
          [
            77.209054,
            28.613551
          ],
          [
            77.209056,
            28.613549
          ],
          [
            77.209056,
            28.613548
          ],
          [
            77.209056,
            28.613546
          ],
          [
            77.209057,
            28.613545
          ],
          [
            77.209057,
            28.613544
          ],
          [
            77.209057,
            28.613545
          ],
          [
            77.209057,
            28.613548
          ],
          [
            77.209056,
            28.613549
          ]
        ]
      },
      "properties": {
        "road_id": "R-0010",
        "length_m": 4.59,
        "feature_type": "road"
      }
    },
    {
      "type": "Feature",
      "id": "R-0011",
      "geometry": {
        "type": "LineString",
        "coordinates": [
          [
            77.209308,
            28.613553
          ],
          [
            77.209306,
            28.613551
          ],
          [
            77.209307,
            28.613551
          ],
          [
            77.209305,
            28.613549
          ],
          [
            77.209308,
            28.613549
          ],
          [
            77.209308,
            28.613547
          ],
          [
            77.209306,
            28.613546
          ],
          [
            77.209308,
            28.613546
          ],
          [
            77.209309,
            28.613544
          ],
          [
            77.209312,
            28.613543
          ],
          [
            77.20931,
            28.613544
          ],
          [
            77.209313,
            28.613546
          ],
          [
            77.209311,
            28.613549
          ],
          [
            77.209309,
            28.613549
          ],
          [
            77.209308,
            28.61355
          ],
          [
            77.209308,
            28.613551
          ]
        ]
      },
      "properties": {
        "road_id": "R-0011",
        "length_m": 3.3,
        "feature_type": "road"
      }
    },
    {
      "type": "Feature",
      "id": "R-0012",
      "geometry": {
        "type": "LineString",
        "coordinates": [
          [
            77.209093,
            28.613556
          ],
          [
            77.209092,
            28.613554
          ],
          [
            77.209096,
            28.613554
          ],
          [
            77.209094,
            28.613553
          ],
          [
            77.209093,
            28.613552
          ],
          [
            77.209088,
            28.613552
          ],
          [
            77.20909,
            28.613551
          ],
          [
            77.209097,
            28.613552
          ],
          [
            77.209099,
            28.613554
          ],
          [
            77.209098,
            28.613555
          ],
          [
            77.209097,
            28.613554
          ],
          [
            77.209097,
            28.613556
          ],
          [
            77.209095,
            28.613556
          ]
        ]
      },
      "properties": {
        "road_id": "R-0012",
        "length_m": 3.17,
        "feature_type": "road"
      }
    },
    {
      "type": "Feature",
      "id": "R-0013",
      "geometry": {
        "type": "LineString",
        "coordinates": [
          [
            77.209341,
            28.613558
          ],
          [
            77.20934,
            28.613556
          ],
          [
            77.209341,
            28.613555
          ],
          [
            77.209342,
            28.613553
          ],
          [
            77.209341,
            28.613552
          ],
          [
            77.209339,
            28.613549
          ],
          [
            77.209341,
            28.613549
          ],
          [
            77.209343,
            28.613552
          ],
          [
            77.209343,
            28.613556
          ],
          [
            77.209343,
            28.613557
          ]
        ]
      },
      "properties": {
        "road_id": "R-0013",
        "length_m": 2.36,
        "feature_type": "road"
      }
    },
    {
      "type": "Feature",
      "id": "R-0014",
      "geometry": {
        "type": "LineString",
        "coordinates": [
          [
            77.209178,
            28.613558
          ],
          [
            77.209177,
            28.613556
          ],
          [
            77.209175,
            28.613556
          ],
          [
            77.209175,
            28.613554
          ],
          [
            77.209178,
            28.613552
          ],
          [
            77.209178,
            28.61355
          ],
          [
            77.209178,
            28.613552
          ],
          [
            77.209179,
            28.613553
          ],
          [
            77.209179,
            28.613555
          ],
          [
            77.209178,
            28.613556
          ]
        ]
      },
      "properties": {
        "road_id": "R-0014",
        "length_m": 1.98,
        "feature_type": "road"
      }
    },
    {
      "type": "Feature",
      "id": "R-0015",
      "geometry": {
        "type": "LineString",
        "coordinates": [
          [
            77.20926,
            28.613559
          ],
          [
            77.20926,
            28.613556
          ],
          [
            77.209258,
            28.613556
          ],
          [
            77.209258,
            28.613554
          ],
          [
            77.20926,
            28.613554
          ],
          [
            77.20926,
            28.613551
          ],
          [
            77.209258,
            28.613551
          ],
          [
            77.20926,
            28.613551
          ]
        ]
      },
      "properties": {
        "road_id": "R-0015",
        "length_m": 1.71,
        "feature_type": "road"
      }
    },
    {
      "type": "Feature",
      "id": "R-0016",
      "geometry": {
        "type": "LineString",
        "coordinates": [
          [
            77.209296,
            28.61355
          ],
          [
            77.209291,
            28.61355
          ],
          [
            77.209296,
            28.613549
          ],
          [
            77.209291,
            28.613548
          ],
          [
            77.209291,
            28.613546
          ],
          [
            77.209288,
            28.613546
          ],
          [
            77.209288,
            28.613544
          ],
          [
            77.20929,
            28.613544
          ],
          [
            77.209291,
            28.613544
          ],
          [
            77.209293,
            28.613546
          ],
          [
            77.209295,
            28.613544
          ],
          [
            77.209296,
            28.613546
          ],
          [
            77.209301,
            28.613546
          ],
          [
            77.209301,
            28.613549
          ],
          [
            77.2093,
            28.613549
          ],
          [
            77.2093,
            28.613551
          ],
          [
            77.209302,
            28.613553
          ],
          [
            77.209301,
            28.613554
          ],
          [
            77.2093,
            28.613555
          ],
          [
            77.2093,
            28.613556
          ],
          [
            77.209299,
            28.613558
          ],
          [
            77.209297,
            28.613559
          ],
          [
            77.209297,
            28.613561
          ]
        ]
      },
      "properties": {
        "road_id": "R-0016",
        "length_m": 5.59,
        "feature_type": "road"
      }
    },
    {
      "type": "Feature",
      "id": "R-0017",
      "geometry": {
        "type": "LineString",
        "coordinates": [
          [
            77.209184,
            28.613564
          ],
          [
            77.209186,
            28.613563
          ],
          [
            77.209186,
            28.613559
          ],
          [
            77.209185,
            28.613556
          ],
          [
            77.209187,
            28.613552
          ],
          [
            77.209188,
            28.613551
          ],
          [
            77.209192,
            28.613553
          ],
          [
            77.209192,
            28.613551
          ],
          [
            77.209192,
            28.613557
          ],
          [
            77.209192,
            28.613553
          ],
          [
            77.20919,
            28.613554
          ],
          [
            77.209188,
            28.613555
          ],
          [
            77.209189,
            28.613558
          ],
          [
            77.20919,
            28.613561
          ],
          [
            77.209189,
            28.613562
          ],
          [
            77.209187,
            28.613563
          ],
          [
            77.209186,
            28.613564
          ]
        ]
      },
      "properties": {
        "road_id": "R-0017",
        "length_m": 4.97,
        "feature_type": "road"
      }
    },
    {
      "type": "Feature",
      "id": "R-0018",
      "geometry": {
        "type": "LineString",
        "coordinates": [
          [
            77.209102,
            28.613564
          ],
          [
            77.209102,
            28.613562
          ],
          [
            77.2091,
            28.613559
          ],
          [
            77.209102,
            28.613558
          ],
          [
            77.2091,
            28.613558
          ],
          [
            77.209101,
            28.613556
          ],
          [
            77.2091,
            28.613556
          ],
          [
            77.209102,
            28.613554
          ],
          [
            77.209104,
            28.613555
          ],
          [
            77.209106,
            28.613554
          ],
          [
            77.209107,
            28.613554
          ],
          [
            77.209109,
            28.613554
          ],
          [
            77.209111,
            28.613553
          ],
          [
            77.20911,
            28.613554
          ],
          [
            77.209109,
            28.613554
          ],
          [
            77.209107,
            28.61356
          ],
          [
            77.209106,
            28.613556
          ],
          [
            77.209106,
            28.613558
          ],
          [
            77.209103,
            28.613559
          ],
          [
            77.209106,
            28.613559
          ],
          [
            77.209104,
            28.613559
          ],
          [
            77.209103,
            28.613562
          ],
          [
            77.209102,
            28.613563
          ]
        ]
      },
      "properties": {
        "road_id": "R-0018",
        "length_m": 5.47,
        "feature_type": "road"
      }
    },
    {
      "type": "Feature",
      "id": "R-0019",
      "geometry": {
        "type": "LineString",
        "coordinates": [
          [
            77.209327,
            28.613565
          ],
          [
            77.209328,
            28.613563
          ],
          [
            77.209327,
            28.613562
          ],
          [
            77.209329,
            28.613561
          ],
          [
            77.209327,
            28.61356
          ],
          [
            77.209329,
            28.613561
          ],
          [
            77.209331,
            28.61356
          ],
          [
            77.209328,
            28.613562
          ],
          [
            77.209327,
            28.613564
          ]
        ]
      },
      "properties": {
        "road_id": "R-0019",
        "length_m": 1.69,
        "feature_type": "road"
      }
    },
    {
      "type": "Feature",
      "id": "R-0020",
      "geometry": {
        "type": "LineString",
        "coordinates": [
          [
            77.209319,
            28.613565
          ],
          [
            77.209318,
            28.613564
          ],
          [
            77.209318,
            28.613563
          ],
          [
            77.209316,
            28.613561
          ],
          [
            77.209318,
            28.613559
          ],
          [
            77.209316,
            28.613558
          ],
          [
            77.209318,
            28.613556
          ],
          [
            77.209319,
            28.613556
          ],
          [
            77.209319,
            28.613557
          ],
          [
            77.209317,
            28.613561
          ],
          [
            77.209319,
            28.613562
          ],
          [
            77.209319,
            28.613561
          ],
          [
            77.209319,
            28.613562
          ],
          [
            77.209321,
            28.613563
          ],
          [
            77.209319,
            28.613564
          ]
        ]
      },
      "properties": {
        "road_id": "R-0020",
        "length_m": 3.13,
        "feature_type": "road"
      }
    },
    {
      "type": "Feature",
      "id": "R-0021",
      "geometry": {
        "type": "LineString",
        "coordinates": [
          [
            77.209094,
            28.613573
          ],
          [
            77.209093,
            28.613572
          ],
          [
            77.209092,
            28.613571
          ],
          [
            77.209093,
            28.61357
          ],
          [
            77.209091,
            28.613569
          ],
          [
            77.20909,
            28.613568
          ],
          [
            77.209088,
            28.613569
          ],
          [
            77.209091,
            28.613567
          ],
          [
            77.20909,
            28.613566
          ],
          [
            77.209093,
            28.613567
          ],
          [
            77.209095,
            28.613566
          ],
          [
            77.209094,
            28.613571
          ]
        ]
      },
      "properties": {
        "road_id": "R-0021",
        "length_m": 2.55,
        "feature_type": "road"
      }
    },
    {
      "type": "Feature",
      "id": "R-0022",
      "geometry": {
        "type": "LineString",
        "coordinates": [
          [
            77.209107,
            28.613574
          ],
          [
            77.209108,
            28.613562
          ],
          [
            77.209108,
            28.613566
          ],
          [
            77.209107,
            28.613567
          ],
          [
            77.209108,
            28.613572
          ],
          [
            77.209108,
            28.613573
          ]
        ]
      },
      "properties": {
        "road_id": "R-0022",
        "length_m": 2.76,
        "feature_type": "road"
      }
    },
    {
      "type": "Feature",
      "id": "R-0023",
      "geometry": {
        "type": "LineString",
        "coordinates": [
          [
            77.209297,
            28.613575
          ],
          [
            77.209297,
            28.613574
          ],
          [
            77.209298,
            28.613572
          ],
          [
            77.209296,
            28.613569
          ],
          [
            77.209298,
            28.613567
          ],
          [
            77.209296,
            28.613566
          ],
          [
            77.209298,
            28.613565
          ],
          [
            77.209296,
            28.613566
          ],
          [
            77.209299,
            28.613567
          ],
          [
            77.209296,
            28.613569
          ],
          [
            77.2093,
            28.613571
          ],
          [
            77.2093,
            28.613573
          ],
          [
            77.209299,
            28.613574
          ]
        ]
      },
      "properties": {
        "road_id": "R-0023",
        "length_m": 2.98,
        "feature_type": "road"
      }
    },
    {
      "type": "Feature",
      "id": "R-0024",
      "geometry": {
        "type": "LineString",
        "coordinates": [
          [
            77.209251,
            28.613575
          ],
          [
            77.209252,
            28.613573
          ],
          [
            77.209252,
            28.613571
          ],
          [
            77.209251,
            28.61357
          ],
          [
            77.209252,
            28.613569
          ],
          [
            77.209252,
            28.613567
          ],
          [
            77.209251,
            28.613564
          ],
          [
            77.209251,
            28.613564
          ],
          [
            77.209251,
            28.613562
          ],
          [
            77.209252,
            28.613564
          ],
          [
            77.209253,
            28.613562
          ],
          [
            77.209255,
            28.613562
          ],
          [
            77.209252,
            28.613569
          ],
          [
            77.209254,
            28.61357
          ],
          [
            77.209253,
            28.613574
          ],
          [
            77.209251,
            28.613574
          ]
        ]
      },
      "properties": {
        "road_id": "R-0024",
        "length_m": 3.87,
        "feature_type": "road"
      }
    },
    {
      "type": "Feature",
      "id": "R-0025",
      "geometry": {
        "type": "LineString",
        "coordinates": [
          [
            77.209216,
            28.613577
          ],
          [
            77.209217,
            28.613574
          ],
          [
            77.209216,
            28.613574
          ],
          [
            77.209218,
            28.613573
          ],
          [
            77.209219,
            28.613569
          ],
          [
            77.209219,
            28.613567
          ],
          [
            77.209219,
            28.613574
          ],
          [
            77.209221,
            28.613572
          ],
          [
            77.209221,
            28.613569
          ],
          [
            77.209221,
            28.613574
          ],
          [
            77.209219,
            28.613574
          ],
          [
            77.209219,
            28.613575
          ],
          [
            77.209218,
            28.613576
          ]
        ]
      },
      "properties": {
        "road_id": "R-0025",
        "length_m": 3.39,
        "feature_type": "road"
      }
    },
    {
      "type": "Feature",
      "id": "R-0026",
      "geometry": {
        "type": "LineString",
        "coordinates": [
          [
            77.209102,
            28.613579
          ],
          [
            77.209101,
            28.613577
          ],
          [
            77.209102,
            28.613576
          ],
          [
            77.209103,
            28.613573
          ],
          [
            77.209102,
            28.613572
          ],
          [
            77.209101,
            28.613569
          ],
          [
            77.209102,
            28.613569
          ],
          [
            77.209104,
            28.613568
          ],
          [
            77.209103,
            28.613567
          ],
          [
            77.209104,
            28.613564
          ],
          [
            77.209105,
            28.613563
          ],
          [
            77.209106,
            28.613562
          ],
          [
            77.209104,
            28.613564
          ],
          [
            77.209105,
            28.613571
          ],
          [
            77.209102,
            28.613572
          ],
          [
            77.209106,
            28.613574
          ],
          [
            77.209106,
            28.613575
          ],
          [
            77.209107,
            28.613577
          ],
          [
            77.209107,
            28.613578
          ],
          [
            77.209104,
            28.613577
          ]
        ]
      },
      "properties": {
        "road_id": "R-0026",
        "length_m": 5.06,
        "feature_type": "road"
      }
    },
    {
      "type": "Feature",
      "id": "R-0027",
      "geometry": {
        "type": "LineString",
        "coordinates": [
          [
            77.209405,
            28.613584
          ],
          [
            77.209406,
            28.613582
          ],
          [
            77.209406,
            28.613579
          ],
          [
            77.209407,
            28.61358
          ],
          [
            77.209408,
            28.613578
          ],
          [
            77.209406,
            28.613577
          ],
          [
            77.209408,
            28.613576
          ],
          [
            77.209408,
            28.613575
          ],
          [
            77.20941,
            28.613574
          ],
          [
            77.20941,
            28.613579
          ],
          [
            77.209411,
            28.613578
          ],
          [
            77.209414,
            28.613578
          ],
          [
            77.209414,
            28.613579
          ],
          [
            77.209414,
            28.613581
          ],
          [
            77.209412,
            28.613582
          ],
          [
            77.209409,
            28.613582
          ],
          [
            77.209408,
            28.613584
          ],
          [
            77.209407,
            28.613582
          ],
          [
            77.209407,
            28.613584
          ]
        ]
      },
      "properties": {
        "road_id": "R-0027",
        "length_m": 4.22,
        "feature_type": "road"
      }
    },
    {
      "type": "Feature",
      "id": "R-0028",
      "geometry": {
        "type": "LineString",
        "coordinates": [
          [
            77.209337,
            28.613584
          ],
          [
            77.209338,
            28.613583
          ],
          [
            77.209336,
            28.613582
          ],
          [
            77.209335,
            28.613582
          ],
          [
            77.209336,
            28.61358
          ],
          [
            77.209337,
            28.613582
          ],
          [
            77.209339,
            28.613581
          ],
          [
            77.209342,
            28.613582
          ],
          [
            77.209341,
            28.613584
          ],
          [
            77.209343,
            28.613584
          ]
        ]
      },
      "properties": {
        "road_id": "R-0028",
        "length_m": 1.8,
        "feature_type": "road"
      }
    },
    {
      "type": "Feature",
      "id": "R-0029",
      "geometry": {
        "type": "LineString",
        "coordinates": [
          [
            77.209352,
            28.613585
          ],
          [
            77.20935,
            28.613585
          ],
          [
            77.209351,
            28.613583
          ],
          [
            77.209351,
            28.613582
          ],
          [
            77.209352,
            28.613582
          ],
          [
            77.209353,
            28.613582
          ],
          [
            77.209354,
            28.61358
          ],
          [
            77.209352,
            28.61358
          ],
          [
            77.209351,
            28.613577
          ],
          [
            77.209349,
            28.613575
          ],
          [
            77.209348,
            28.613577
          ],
          [
            77.209346,
            28.613577
          ],
          [
            77.209345,
            28.613577
          ],
          [
            77.209345,
            28.613579
          ],
          [
            77.209344,
            28.613579
          ],
          [
            77.209341,
            28.613579
          ],
          [
            77.209341,
            28.613577
          ],
          [
            77.209339,
            28.613577
          ],
          [
            77.209341,
            28.613577
          ],
          [
            77.209341,
            28.613574
          ],
          [
            77.209343,
            28.613572
          ],
          [
            77.209341,
            28.613571
          ],
          [
            77.209342,
            28.61357
          ],
          [
            77.209343,
            28.613569
          ],
          [
            77.209341,
            28.613567
          ],
          [
            77.209337,
            28.613567
          ],
          [
            77.209338,
            28.613567
          ],
          [
            77.209336,
            28.613564
          ],
          [
            77.209339,
            28.613564
          ],
          [
            77.209338,
            28.613564
          ],
          [
            77.20934,
            28.613562
          ],
          [
            77.209342,
            28.613562
          ],
          [
            77.20934,
            28.61356
          ],
          [
            77.209343,
            28.613559
          ],
          [
            77.209344,
            28.613561
          ],
          [
            77.209342,
            28.613562
          ],
          [
            77.209344,
            28.613563
          ],
          [
            77.209345,
            28.613565
          ],
          [
            77.209346,
            28.613565
          ],
          [
            77.209347,
            28.613568
          ],
          [
            77.209346,
            28.613569
          ],
          [
            77.209349,
            28.613569
          ],
          [
            77.20935,
            28.613568
          ],
          [
            77.20935,
            28.613569
          ],
          [
            77.20935,
            28.613572
          ],
          [
            77.209352,
            28.613572
          ],
          [
            77.209354,
            28.613574
          ],
          [
            77.209355,
            28.613574
          ],
          [
            77.209355,
            28.613576
          ],
          [
            77.209357,
            28.613576
          ],
          [
            77.209358,
            28.613576
          ],
          [
            77.209359,
            28.613577
          ],
          [
            77.209357,
            28.613577
          ],
          [
            77.209358,
            28.613578
          ],
          [
            77.209357,
            28.61358
          ],
          [
            77.209354,
            28.613579
          ],
          [
            77.209355,
            28.613582
          ],
          [
            77.209355,
            28.613584
          ],
          [
            77.209354,
            28.613584
          ],
          [
            77.209353,
            28.613585
          ]
        ]
      },
      "properties": {
        "road_id": "R-0029",
        "length_m": 12.76,
        "feature_type": "road"
      }
    },
    {
      "type": "Feature",
      "id": "R-0030",
      "geometry": {
        "type": "LineString",
        "coordinates": [
          [
            77.20905,
            28.613587
          ],
          [
            77.209049,
            28.613585
          ],
          [
            77.209047,
            28.613583
          ],
          [
            77.209044,
            28.613582
          ],
          [
            77.209046,
            28.613582
          ],
          [
            77.209047,
            28.613583
          ],
          [
            77.209048,
            28.613582
          ],
          [
            77.20905,
            28.613584
          ],
          [
            77.209049,
            28.613585
          ],
          [
            77.209051,
            28.613586
          ]
        ]
      },
      "properties": {
        "road_id": "R-0030",
        "length_m": 1.92,
        "feature_type": "road"
      }
    },
    {
      "type": "Feature",
      "id": "R-0031",
      "geometry": {
        "type": "LineString",
        "coordinates": [
          [
            77.209361,
            28.613589
          ],
          [
            77.20936,
            28.613588
          ],
          [
            77.209362,
            28.613587
          ],
          [
            77.209357,
            28.613587
          ],
          [
            77.209356,
            28.613585
          ],
          [
            77.209354,
            28.613585
          ],
          [
            77.209357,
            28.613585
          ],
          [
            77.209357,
            28.613586
          ],
          [
            77.209359,
            28.613587
          ],
          [
            77.209361,
            28.613585
          ],
          [
            77.209363,
            28.613585
          ],
          [
            77.209363,
            28.613583
          ],
          [
            77.209364,
            28.613583
          ],
          [
            77.209364,
            28.613582
          ],
          [
            77.209365,
            28.613584
          ],
          [
            77.209365,
            28.613585
          ],
          [
            77.209363,
            28.613587
          ],
          [
            77.209363,
            28.613585
          ],
          [
            77.209361,
            28.613586
          ],
          [
            77.209362,
            28.613587
          ]
        ]
      },
      "properties": {
        "road_id": "R-0031",
        "length_m": 3.99,
        "feature_type": "road"
      }
    },
    {
      "type": "Feature",
      "id": "R-0032",
      "geometry": {
        "type": "LineString",
        "coordinates": [
          [
            77.209408,
            28.61359
          ],
          [
            77.209408,
            28.613587
          ],
          [
            77.209409,
            28.613587
          ],
          [
            77.20941,
            28.613589
          ],
          [
            77.209412,
            28.613588
          ],
          [
            77.209413,
            28.613587
          ],
          [
            77.209413,
            28.613585
          ],
          [
            77.209412,
            28.613583
          ],
          [
            77.209413,
            28.613582
          ],
          [
            77.209416,
            28.613584
          ],
          [
            77.209418,
            28.613584
          ],
          [
            77.209418,
            28.613585
          ],
          [
            77.209418,
            28.613588
          ],
          [
            77.209417,
            28.613587
          ],
          [
            77.209416,
            28.613586
          ],
          [
            77.209413,
            28.613587
          ],
          [
            77.209415,
            28.613589
          ],
          [
            77.209412,
            28.613589
          ],
          [
            77.209411,
            28.61359
          ]
        ]
      },
      "properties": {
        "road_id": "R-0032",
        "length_m": 3.87,
        "feature_type": "road"
      }
    },
    {
      "type": "Feature",
      "id": "R-0033",
      "geometry": {
        "type": "LineString",
        "coordinates": [
          [
            77.209273,
            28.61359
          ],
          [
            77.209272,
            28.613589
          ],
          [
            77.209272,
            28.613587
          ],
          [
            77.20927,
            28.613586
          ],
          [
            77.209269,
            28.613586
          ],
          [
            77.209267,
            28.613587
          ],
          [
            77.209263,
            28.613587
          ],
          [
            77.209262,
            28.613589
          ],
          [
            77.209261,
            28.613587
          ],
          [
            77.20926,
            28.613586
          ],
          [
            77.209261,
            28.613585
          ],
          [
            77.209263,
            28.613583
          ],
          [
            77.209264,
            28.613584
          ],
          [
            77.209265,
            28.613586
          ],
          [
            77.209267,
            28.613587
          ],
          [
            77.209269,
            28.613586
          ],
          [
            77.20927,
            28.613586
          ],
          [
            77.209272,
            28.613587
          ],
          [
            77.209274,
            28.613587
          ]
        ]
      },
      "properties": {
        "road_id": "R-0033",
        "length_m": 3.74,
        "feature_type": "road"
      }
    },
    {
      "type": "Feature",
      "id": "R-0034",
      "geometry": {
        "type": "LineString",
        "coordinates": [
          [
            77.209027,
            28.61359
          ],
          [
            77.209026,
            28.613587
          ],
          [
            77.209025,
            28.613588
          ],
          [
            77.209026,
            28.613587
          ],
          [
            77.209025,
            28.613585
          ],
          [
            77.209023,
            28.613585
          ],
          [
            77.209025,
            28.613584
          ],
          [
            77.209023,
            28.613585
          ],
          [
            77.209026,
            28.613587
          ],
          [
            77.209028,
            28.613586
          ],
          [
            77.209029,
            28.613587
          ],
          [
            77.209029,
            28.613587
          ],
          [
            77.209032,
            28.613586
          ],
          [
            77.209034,
            28.613587
          ],
          [
            77.209034,
            28.613589
          ],
          [
            77.209032,
            28.613588
          ],
          [
            77.20903,
            28.613589
          ]
        ]
      },
      "properties": {
        "road_id": "R-0034",
        "length_m": 3.39,
        "feature_type": "road"
      }
    },
    {
      "type": "Feature",
      "id": "R-0035",
      "geometry": {
        "type": "LineString",
        "coordinates": [
          [
            77.20937,
            28.613592
          ],
          [
            77.209368,
            28.61359
          ],
          [
            77.209371,
            28.613592
          ],
          [
            77.209372,
            28.61359
          ],
          [
            77.209375,
            28.613588
          ],
          [
            77.209375,
            28.613592
          ],
          [
            77.209374,
            28.61359
          ],
          [
            77.209372,
            28.61359
          ],
          [
            77.209372,
            28.613592
          ]
        ]
      },
      "properties": {
        "road_id": "R-0035",
        "length_m": 2.07,
        "feature_type": "road"
      }
    },
    {
      "type": "Feature",
      "id": "R-0036",
      "geometry": {
        "type": "LineString",
        "coordinates": [
          [
            77.209171,
            28.61359
          ],
          [
            77.209171,
            28.613587
          ],
          [
            77.209173,
            28.613587
          ],
          [
            77.209177,
            28.613588
          ],
          [
            77.209178,
            28.613588
          ],
          [
            77.209178,
            28.61359
          ],
          [
            77.209175,
            28.61359
          ],
          [
            77.209173,
            28.61359
          ],
          [
            77.209172,
            28.613592
          ]
        ]
      },
      "properties": {
        "road_id": "R-0036",
        "length_m": 1.97,
        "feature_type": "road"
      }
    },
    {
      "type": "Feature",
      "id": "R-0037",
      "geometry": {
        "type": "LineString",
        "coordinates": [
          [
            77.209399,
            28.613594
          ],
          [
            77.2094,
            28.613592
          ],
          [
            77.209396,
            28.61359
          ],
          [
            77.209396,
            28.613588
          ],
          [
            77.209396,
            28.613587
          ],
          [
            77.209399,
            28.613586
          ],
          [
            77.209397,
            28.613585
          ],
          [
            77.209395,
            28.613585
          ],
          [
            77.209397,
            28.613585
          ],
          [
            77.209398,
            28.613585
          ],
          [
            77.209399,
            28.613582
          ],
          [
            77.209399,
            28.613584
          ],
          [
            77.209399,
            28.613587
          ],
          [
            77.209398,
            28.613587
          ],
          [
            77.209399,
            28.613588
          ],
          [
            77.209397,
            28.61359
          ],
          [
            77.209399,
            28.61359
          ],
          [
            77.209402,
            28.613592
          ],
          [
            77.209401,
            28.613594
          ]
        ]
      },
      "properties": {
        "road_id": "R-0037",
        "length_m": 4.22,
        "feature_type": "road"
      }
    },
    {
      "type": "Feature",
      "id": "R-0038",
      "geometry": {
        "type": "LineString",
        "coordinates": [
          [
            77.209363,
            28.6136
          ],
          [
            77.209364,
            28.613599
          ],
          [
            77.209363,
            28.613599
          ],
          [
            77.209364,
            28.613597
          ],
          [
            77.209363,
            28.613596
          ],
          [
            77.209362,
            28.613594
          ],
          [
            77.209363,
            28.613594
          ],
          [
            77.209364,
            28.613595
          ],
          [
            77.209364,
            28.613597
          ],
          [
            77.209364,
            28.613597
          ],
          [
            77.209366,
            28.613599
          ],
          [
            77.209367,
            28.613597
          ],
          [
            77.209369,
            28.613597
          ],
          [
            77.209371,
            28.613599
          ],
          [
            77.20937,
            28.6136
          ],
          [
            77.209368,
            28.6136
          ]
        ]
      },
      "properties": {
        "road_id": "R-0038",
        "length_m": 2.94,
        "feature_type": "road"
      }
    },
    {
      "type": "Feature",
      "id": "R-0039",
      "geometry": {
        "type": "LineString",
        "coordinates": [
          [
            77.209395,
            28.613601
          ],
          [
            77.209394,
            28.6136
          ],
          [
            77.209395,
            28.613598
          ],
          [
            77.209399,
            28.613598
          ],
          [
            77.209399,
            28.6136
          ],
          [
            77.209396,
            28.6136
          ],
          [
            77.209395,
            28.613599
          ],
          [
            77.209394,
            28.6136
          ],
          [
            77.209395,
            28.613604
          ]
        ]
      },
      "properties": {
        "road_id": "R-0039",
        "length_m": 1.99,
        "feature_type": "road"
      }
    },
    {
      "type": "Feature",
      "id": "R-0040",
      "geometry": {
        "type": "LineString",
        "coordinates": [
          [
            77.20934,
            28.613605
          ],
          [
            77.209338,
            28.613603
          ],
          [
            77.209336,
            28.613602
          ],
          [
            77.209337,
            28.613601
          ],
          [
            77.209336,
            28.6136
          ],
          [
            77.209337,
            28.613598
          ],
          [
            77.209337,
            28.6136
          ],
          [
            77.20934,
            28.6136
          ],
          [
            77.209338,
            28.613601
          ],
          [
            77.209341,
            28.613603
          ]
        ]
      },
      "properties": {
        "road_id": "R-0040",
        "length_m": 1.92,
        "feature_type": "road"
      }
    },
    {
      "type": "Feature",
      "id": "R-0041",
      "geometry": {
        "type": "LineString",
        "coordinates": [
          [
            77.209186,
            28.613607
          ],
          [
            77.209186,
            28.613605
          ],
          [
            77.209184,
            28.613604
          ],
          [
            77.209186,
            28.613602
          ],
          [
            77.209185,
            28.613602
          ],
          [
            77.209186,
            28.6136
          ],
          [
            77.209184,
            28.6136
          ],
          [
            77.209184,
            28.613598
          ],
          [
            77.209185,
            28.6136
          ],
          [
            77.209186,
            28.613597
          ],
          [
            77.209184,
            28.613595
          ],
          [
            77.209185,
            28.613592
          ],
          [
            77.209186,
            28.61359
          ],
          [
            77.209187,
            28.613592
          ],
          [
            77.209187,
            28.6136
          ],
          [
            77.209189,
            28.613602
          ],
          [
            77.209188,
            28.613604
          ],
          [
            77.209188,
            28.613605
          ]
        ]
      },
      "properties": {
        "road_id": "R-0041",
        "length_m": 4.41,
        "feature_type": "road"
      }
    },
    {
      "type": "Feature",
      "id": "R-0042",
      "geometry": {
        "type": "LineString",
        "coordinates": [
          [
            77.209308,
            28.613612
          ],
          [
            77.209308,
            28.61361
          ],
          [
            77.209308,
            28.613609
          ],
          [
            77.209309,
            28.613609
          ],
          [
            77.209308,
            28.613605
          ],
          [
            77.20931,
            28.613605
          ],
          [
            77.20931,
            28.613607
          ],
          [
            77.209312,
            28.613609
          ],
          [
            77.209312,
            28.613608
          ],
          [
            77.209315,
            28.613608
          ],
          [
            77.209316,
            28.613609
          ],
          [
            77.209317,
            28.61361
          ],
          [
            77.209315,
            28.61361
          ],
          [
            77.209314,
            28.61361
          ],
          [
            77.209313,
            28.613609
          ],
          [
            77.20931,
            28.61361
          ],
          [
            77.209312,
            28.61361
          ],
          [
            77.209309,
            28.613612
          ]
        ]
      },
      "properties": {
        "road_id": "R-0042",
        "length_m": 3.79,
        "feature_type": "road"
      }
    },
    {
      "type": "Feature",
      "id": "R-0043",
      "geometry": {
        "type": "LineString",
        "coordinates": [
          [
            77.209223,
            28.613617
          ],
          [
            77.209222,
            28.613618
          ],
          [
            77.209221,
            28.613616
          ],
          [
            77.209221,
            28.613615
          ],
          [
            77.209219,
            28.613615
          ],
          [
            77.209221,
            28.613615
          ],
          [
            77.209223,
            28.613613
          ],
          [
            77.209223,
            28.61361
          ],
          [
            77.209222,
            28.613607
          ],
          [
            77.209223,
            28.613605
          ],
          [
            77.209222,
            28.6136
          ],
          [
            77.209224,
            28.6136
          ],
          [
            77.209224,
            28.613602
          ],
          [
            77.209223,
            28.613602
          ],
          [
            77.209223,
            28.613604
          ],
          [
            77.209225,
            28.613608
          ],
          [
            77.209224,
            28.613611
          ],
          [
            77.209223,
            28.613614
          ],
          [
            77.209225,
            28.613615
          ],
          [
            77.209223,
            28.613615
          ],
          [
            77.209223,
            28.613617
          ],
          [
            77.209225,
            28.613618
          ]
        ]
      },
      "properties": {
        "road_id": "R-0043",
        "length_m": 5.29,
        "feature_type": "road"
      }
    },
    {
      "type": "Feature",
      "id": "R-0044",
      "geometry": {
        "type": "LineString",
        "coordinates": [
          [
            77.20939,
            28.61362
          ],
          [
            77.209391,
            28.613618
          ],
          [
            77.20939,
            28.613617
          ],
          [
            77.209392,
            28.613614
          ],
          [
            77.20939,
            28.613613
          ],
          [
            77.209391,
            28.61361
          ],
          [
            77.20939,
            28.613609
          ],
          [
            77.209388,
            28.613607
          ],
          [
            77.209386,
            28.61361
          ],
          [
            77.209385,
            28.613608
          ],
          [
            77.209386,
            28.613608
          ],
          [
            77.209387,
            28.613607
          ],
          [
            77.209388,
            28.613605
          ],
          [
            77.20939,
            28.613605
          ],
          [
            77.20939,
            28.613602
          ],
          [
            77.209388,
            28.613602
          ],
          [
            77.209388,
            28.613604
          ],
          [
            77.209383,
            28.613605
          ],
          [
            77.209381,
            28.613602
          ],
          [
            77.209382,
            28.613601
          ],
          [
            77.209386,
            28.613602
          ],
          [
            77.209386,
            28.6136
          ],
          [
            77.209384,
            28.613597
          ],
          [
            77.209386,
            28.613597
          ],
          [
            77.209384,
            28.613595
          ],
          [
            77.209386,
            28.613595
          ],
          [
            77.209385,
            28.613592
          ],
          [
            77.209383,
            28.613592
          ],
          [
            77.209381,
            28.613594
          ],
          [
            77.209381,
            28.613595
          ],
          [
            77.209382,
            28.613597
          ],
          [
            77.209382,
            28.613598
          ],
          [
            77.209381,
            28.613597
          ],
          [
            77.20938,
            28.613597
          ],
          [
            77.209377,
            28.613597
          ],
          [
            77.209381,
            28.613599
          ],
          [
            77.20938,
            28.6136
          ],
          [
            77.209377,
            28.613602
          ],
          [
            77.209379,
            28.613602
          ],
          [
            77.209377,
            28.613602
          ],
          [
            77.209376,
            28.613604
          ],
          [
            77.209374,
            28.613604
          ],
          [
            77.209376,
            28.613603
          ],
          [
            77.209374,
            28.613602
          ],
          [
            77.209377,
            28.613602
          ],
          [
            77.209375,
            28.613601
          ],
          [
            77.209375,
            28.6136
          ],
          [
            77.209377,
            28.613597
          ],
          [
            77.209377,
            28.613595
          ],
          [
            77.209376,
            28.613594
          ],
          [
            77.209379,
            28.613591
          ],
          [
            77.209377,
            28.613587
          ],
          [
            77.209378,
            28.613586
          ],
          [
            77.209377,
            28.613585
          ],
          [
            77.209378,
            28.613582
          ],
          [
            77.209377,
            28.61358
          ],
          [
            77.209379,
            28.613579
          ],
          [
            77.209378,
            28.613578
          ],
          [
            77.209376,
            28.613577
          ],
          [
            77.209374,
            28.613575
          ],
          [
            77.209375,
            28.613573
          ],
          [
            77.209378,
            28.613572
          ],
          [
            77.209377,
            28.613569
          ],
          [
            77.209379,
            28.613569
          ],
          [
            77.209378,
            28.613571
          ],
          [
            77.209381,
            28.613571
          ],
          [
            77.209381,
            28.613569
          ],
          [
            77.209383,
            28.613569
          ],
          [
            77.209381,
            28.613564
          ],
          [
            77.20938,
            28.613565
          ],
          [
            77.209381,
            28.613564
          ],
          [
            77.209383,
            28.613565
          ],
          [
            77.209385,
            28.613564
          ],
          [
            77.209386,
            28.613562
          ],
          [
            77.209382,
            28.613562
          ],
          [
            77.209385,
            28.613561
          ],
          [
            77.209384,
            28.61356
          ],
          [
            77.209386,
            28.613559
          ],
          [
            77.209386,
            28.613559
          ],
          [
            77.209387,
            28.613556
          ],
          [
            77.209386,
            28.613556
          ],
          [
            77.209384,
            28.613556
          ],
          [
            77.209386,
            28.613554
          ],
          [
            77.209388,
            28.613554
          ],
          [
            77.209388,
            28.613553
          ],
          [
            77.209389,
            28.613555
          ],
          [
            77.20939,
            28.613555
          ],
          [
            77.209391,
            28.613557
          ],
          [
            77.20939,
            28.613559
          ],
          [
            77.209396,
            28.613559
          ],
          [
            77.209396,
            28.613557
          ],
          [
            77.209395,
            28.613557
          ],
          [
            77.209396,
            28.613556
          ],
          [
            77.209392,
            28.613555
          ],
          [
            77.209392,
            28.613554
          ],
          [
            77.209391,
            28.613553
          ],
          [
            77.209393,
            28.613555
          ],
          [
            77.209395,
            28.613555
          ],
          [
            77.209395,
            28.613551
          ],
          [
            77.209396,
            28.61355
          ],
          [
            77.209397,
            28.613549
          ],
          [
            77.209399,
            28.613549
          ],
          [
            77.209399,
            28.613546
          ],
          [
            77.209397,
            28.613545
          ],
          [
            77.209396,
            28.613544
          ],
          [
            77.209395,
            28.613546
          ],
          [
            77.209394,
            28.613545
          ],
          [
            77.209392,
            28.613548
          ],
          [
            77.209391,
            28.613547
          ],
          [
            77.20939,
            28.613548
          ],
          [
            77.20939,
            28.613546
          ],
          [
            77.209392,
            28.613545
          ],
          [
            77.20939,
            28.613544
          ],
          [
            77.209392,
            28.613545
          ],
          [
            77.209394,
            28.613542
          ],
          [
            77.209397,
            28.613541
          ],
          [
            77.209395,
            28.61354
          ],
          [
            77.209398,
            28.613539
          ],
          [
            77.209397,
            28.613539
          ],
          [
            77.209399,
            28.613537
          ],
          [
            77.209403,
            28.613539
          ],
          [
            77.209404,
            28.61354
          ],
          [
            77.209406,
            28.613542
          ],
          [
            77.209405,
            28.613545
          ],
          [
            77.209404,
            28.613545
          ],
          [
            77.209403,
            28.613545
          ],
          [
            77.209403,
            28.613549
          ],
          [
            77.2094,
            28.61355
          ],
          [
            77.209403,
            28.613552
          ],
          [
            77.209408,
            28.613551
          ],
          [
            77.209404,
            28.613551
          ],
          [
            77.209405,
            28.613551
          ],
          [
            77.209407,
            28.613549
          ],
          [
            77.209407,
            28.613551
          ],
          [
            77.209409,
            28.61355
          ],
          [
            77.209408,
            28.613549
          ],
          [
            77.209408,
            28.613548
          ],
          [
            77.20941,
            28.613549
          ],
          [
            77.209412,
            28.61355
          ],
          [
            77.209413,
            28.613549
          ],
          [
            77.209414,
            28.613549
          ],
          [
            77.209414,
            28.613551
          ],
          [
            77.209413,
            28.613553
          ],
          [
            77.209415,
            28.61356
          ],
          [
            77.209413,
            28.613566
          ],
          [
            77.209415,
            28.613569
          ],
          [
            77.209413,
            28.613572
          ],
          [
            77.209416,
            28.613572
          ],
          [
            77.209413,
            28.613572
          ],
          [
            77.20941,
            28.613573
          ],
          [
            77.20941,
            28.613569
          ],
          [
            77.209408,
            28.613567
          ],
          [
            77.209407,
            28.613563
          ],
          [
            77.209405,
            28.613565
          ],
          [
            77.209405,
            28.613564
          ],
          [
            77.209404,
            28.613562
          ],
          [
            77.209406,
            28.613561
          ],
          [
            77.209405,
            28.613557
          ],
          [
            77.209407,
            28.613556
          ],
          [
            77.209405,
            28.613554
          ],
          [
            77.209406,
            28.613554
          ],
          [
            77.209404,
            28.613552
          ],
          [
            77.209401,
            28.613554
          ],
          [
            77.209404,
            28.613556
          ],
          [
            77.209401,
            28.613556
          ],
          [
            77.209399,
            28.613557
          ],
          [
            77.2094,
            28.613559
          ],
          [
            77.209399,
            28.613558
          ],
          [
            77.209398,
            28.61356
          ],
          [
            77.209396,
            28.613561
          ],
          [
            77.209395,
            28.61356
          ],
          [
            77.209391,
            28.613561
          ],
          [
            77.20939,
            28.613559
          ],
          [
            77.20939,
            28.613559
          ],
          [
            77.209387,
            28.613559
          ],
          [
            77.209388,
            28.613561
          ],
          [
            77.209386,
            28.613562
          ],
          [
            77.209385,
            28.613564
          ],
          [
            77.209386,
            28.613566
          ],
          [
            77.209388,
            28.613568
          ],
          [
            77.209386,
            28.613568
          ],
          [
            77.209387,
            28.61357
          ],
          [
            77.20939,
            28.613569
          ],
          [
            77.209392,
            28.613571
          ],
          [
            77.209389,
            28.613573
          ],
          [
            77.209388,
            28.613573
          ],
          [
            77.209386,
            28.613575
          ],
          [
            77.209388,
            28.613575
          ],
          [
            77.209389,
            28.613577
          ],
          [
            77.20939,
            28.613579
          ],
          [
            77.209391,
            28.613577
          ],
          [
            77.209393,
            28.613577
          ],
          [
            77.209392,
            28.613579
          ],
          [
            77.209395,
            28.613579
          ],
          [
            77.209393,
            28.613581
          ],
          [
            77.209393,
            28.613584
          ],
          [
            77.209392,
            28.613581
          ],
          [
            77.20939,
            28.613583
          ],
          [
            77.20939,
            28.613582
          ],
          [
            77.209391,
            28.613579
          ],
          [
            77.20939,
            28.61358
          ],
          [
            77.20939,
            28.613579
          ],
          [
            77.209389,
            28.613581
          ],
          [
            77.209387,
            28.61358
          ],
          [
            77.209386,
            28.613584
          ],
          [
            77.209386,
            28.613587
          ],
          [
            77.209387,
            28.61359
          ],
          [
            77.209386,
            28.613592
          ],
          [
            77.209387,
            28.613593
          ],
          [
            77.209387,
            28.613595
          ],
          [
            77.209388,
            28.613595
          ],
          [
            77.20939,
            28.613595
          ],
          [
            77.20939,
            28.613599
          ],
          [
            77.209392,
            28.6136
          ],
          [
            77.209391,
            28.613607
          ],
          [
            77.209391,
            28.613611
          ],
          [
            77.209393,
            28.613615
          ],
          [
            77.209393,
            28.61362
          ]
        ]
      },
      "properties": {
        "road_id": "R-0044",
        "length_m": 54.9,
        "feature_type": "road"
      }
    },
    {
      "type": "Feature",
      "id": "R-0045",
      "geometry": {
        "type": "LineString",
        "coordinates": [
          [
            77.209417,
            28.613623
          ],
          [
            77.209415,
            28.613621
          ],
          [
            77.209408,
            28.613621
          ],
          [
            77.209408,
            28.613619
          ],
          [
            77.209411,
            28.613618
          ],
          [
            77.209408,
            28.613616
          ],
          [
            77.209408,
            28.613615
          ],
          [
            77.209407,
            28.613615
          ],
          [
            77.209405,
            28.613616
          ],
          [
            77.209406,
            28.613617
          ],
          [
            77.209406,
            28.61362
          ],
          [
            77.209404,
            28.613618
          ],
          [
            77.209403,
            28.61362
          ],
          [
            77.209403,
            28.613622
          ],
          [
            77.209401,
            28.613617
          ],
          [
            77.209401,
            28.613612
          ],
          [
            77.2094,
            28.613608
          ],
          [
            77.209399,
            28.613606
          ],
          [
            77.2094,
            28.613605
          ],
          [
            77.209396,
            28.613603
          ],
          [
            77.2094,
            28.613602
          ],
          [
            77.209401,
            28.613601
          ],
          [
            77.209404,
            28.6136
          ],
          [
            77.209404,
            28.6136
          ],
          [
            77.209406,
            28.613598
          ],
          [
            77.209405,
            28.613597
          ],
          [
            77.209404,
            28.613595
          ],
          [
            77.209401,
            28.613596
          ],
          [
            77.209404,
            28.613596
          ],
          [
            77.20941,
            28.613594
          ],
          [
            77.209413,
            28.613594
          ],
          [
            77.209414,
            28.613595
          ],
          [
            77.209413,
            28.613596
          ],
          [
            77.209415,
            28.613598
          ],
          [
            77.209413,
            28.613602
          ],
          [
            77.209413,
            28.613603
          ],
          [
            77.209413,
            28.613607
          ],
          [
            77.209413,
            28.613612
          ],
          [
            77.209415,
            28.613615
          ],
          [
            77.209417,
            28.613614
          ],
          [
            77.209416,
            28.613615
          ],
          [
            77.209415,
            28.613615
          ],
          [
            77.209415,
            28.613618
          ],
          [
            77.209413,
            28.61362
          ],
          [
            77.209418,
            28.61362
          ],
          [
            77.209417,
            28.613621
          ]
        ]
      },
      "properties": {
        "road_id": "R-0045",
        "length_m": 13.23,
        "feature_type": "road"
      }
    },
    {
      "type": "Feature",
      "id": "R-0046",
      "geometry": {
        "type": "LineString",
        "coordinates": [
          [
            77.209273,
            28.613622
          ],
          [
            77.209273,
            28.61362
          ],
          [
            77.209273,
            28.613617
          ],
          [
            77.209273,
            28.613615
          ],
          [
            77.209273,
            28.61362
          ],
          [
            77.209274,
            28.613621
          ],
          [
            77.209274,
            28.613624
          ]
        ]
      },
      "properties": {
        "road_id": "R-0046",
        "length_m": 1.72,
        "feature_type": "road"
      }
    },
    {
      "type": "Feature",
      "id": "R-0047",
      "geometry": {
        "type": "LineString",
        "coordinates": [
          [
            77.209309,
            28.613627
          ],
          [
            77.209309,
            28.613625
          ],
          [
            77.209309,
            28.613623
          ],
          [
            77.209308,
            28.613622
          ],
          [
            77.209309,
            28.613621
          ],
          [
            77.209309,
            28.613619
          ],
          [
            77.209308,
            28.61362
          ],
          [
            77.209311,
            28.613621
          ],
          [
            77.209312,
            28.613618
          ],
          [
            77.20931,
            28.613618
          ],
          [
            77.209314,
            28.613619
          ],
          [
            77.209317,
            28.613623
          ],
          [
            77.209318,
            28.613623
          ],
          [
            77.209314,
            28.613623
          ],
          [
            77.209315,
            28.613625
          ],
          [
            77.20931,
            28.613625
          ]
        ]
      },
      "properties": {
        "road_id": "R-0047",
        "length_m": 4.08,
        "feature_type": "road"
      }
    },
    {
      "type": "Feature",
      "id": "R-0048",
      "geometry": {
        "type": "LineString",
        "coordinates": [
          [
            77.209099,
            28.613628
          ],
          [
            77.209098,
            28.613626
          ],
          [
            77.209099,
            28.613625
          ],
          [
            77.209097,
            28.613623
          ],
          [
            77.209098,
            28.613621
          ],
          [
            77.209097,
            28.61362
          ],
          [
            77.209099,
            28.613618
          ],
          [
            77.2091,
            28.61362
          ],
          [
            77.209101,
            28.613621
          ],
          [
            77.209101,
            28.613623
          ],
          [
            77.209099,
            28.613625
          ]
        ]
      },
      "properties": {
        "road_id": "R-0048",
        "length_m": 2.23,
        "feature_type": "road"
      }
    },
    {
      "type": "Feature",
      "id": "R-0049",
      "geometry": {
        "type": "LineString",
        "coordinates": [
          [
            77.209038,
            28.613631
          ],
          [
            77.209038,
            28.613629
          ],
          [
            77.209036,
            28.613628
          ],
          [
            77.209036,
            28.613629
          ],
          [
            77.209034,
            28.613629
          ],
          [
            77.209036,
            28.613628
          ],
          [
            77.209036,
            28.613626
          ],
          [
            77.209037,
            28.613628
          ],
          [
            77.209038,
            28.613626
          ],
          [
            77.209038,
            28.613628
          ],
          [
            77.209039,
            28.613629
          ]
        ]
      },
      "properties": {
        "road_id": "R-0049",
        "length_m": 1.9,
        "feature_type": "road"
      }
    },
    {
      "type": "Feature",
      "id": "R-0050",
      "geometry": {
        "type": "LineString",
        "coordinates": [
          [
            77.209325,
            28.613636
          ],
          [
            77.209323,
            28.613635
          ],
          [
            77.209325,
            28.613634
          ],
          [
            77.209325,
            28.613633
          ],
          [
            77.209323,
            28.613631
          ],
          [
            77.209325,
            28.61363
          ],
          [
            77.209324,
            28.613626
          ],
          [
            77.209325,
            28.613625
          ],
          [
            77.209325,
            28.613622
          ],
          [
            77.209327,
            28.613624
          ],
          [
            77.209326,
            28.613633
          ],
          [
            77.209325,
            28.613634
          ]
        ]
      },
      "properties": {
        "road_id": "R-0050",
        "length_m": 3.49,
        "feature_type": "road"
      }
    },
    {
      "type": "Feature",
      "id": "R-0051",
      "geometry": {
        "type": "LineString",
        "coordinates": [
          [
            77.20931,
            28.613637
          ],
          [
            77.209309,
            28.613636
          ],
          [
            77.209309,
            28.613632
          ],
          [
            77.209313,
            28.613632
          ],
          [
            77.209314,
            28.613632
          ],
          [
            77.209312,
            28.613633
          ],
          [
            77.209313,
            28.613636
          ],
          [
            77.209315,
            28.613636
          ],
          [
            77.209314,
            28.613636
          ],
          [
            77.209312,
            28.613638
          ],
          [
            77.209314,
            28.613638
          ]
        ]
      },
      "properties": {
        "road_id": "R-0051",
        "length_m": 2.56,
        "feature_type": "road"
      }
    },
    {
      "type": "Feature",
      "id": "R-0052",
      "geometry": {
        "type": "LineString",
        "coordinates": [
          [
            77.209222,
            28.613638
          ],
          [
            77.209224,
            28.613636
          ],
          [
            77.209223,
            28.613636
          ],
          [
            77.209224,
            28.613635
          ],
          [
            77.209223,
            28.613632
          ],
          [
            77.209224,
            28.613631
          ],
          [
            77.209222,
            28.613628
          ],
          [
            77.209223,
            28.613627
          ],
          [
            77.209222,
            28.613625
          ],
          [
            77.209222,
            28.613624
          ],
          [
            77.209223,
            28.613621
          ],
          [
            77.209222,
            28.613621
          ],
          [
            77.209224,
            28.61362
          ],
          [
            77.209224,
            28.613621
          ],
          [
            77.209223,
            28.613623
          ],
          [
            77.209226,
            28.613623
          ],
          [
            77.209224,
            28.613628
          ],
          [
            77.209226,
            28.613629
          ],
          [
            77.209226,
            28.613631
          ],
          [
            77.209225,
            28.613634
          ],
          [
            77.209224,
            28.613636
          ],
          [
            77.209223,
            28.613638
          ]
        ]
      },
      "properties": {
        "road_id": "R-0052",
        "length_m": 5.41,
        "feature_type": "road"
      }
    },
    {
      "type": "Feature",
      "id": "R-0053",
      "geometry": {
        "type": "LineString",
        "coordinates": [
          [
            77.209056,
            28.613635
          ],
          [
            77.209056,
            28.613636
          ],
          [
            77.209056,
            28.613635
          ],
          [
            77.209057,
            28.613633
          ],
          [
            77.209056,
            28.613633
          ],
          [
            77.209057,
            28.613632
          ],
          [
            77.209057,
            28.61363
          ],
          [
            77.209058,
            28.613632
          ],
          [
            77.209058,
            28.61364
          ]
        ]
      },
      "properties": {
        "road_id": "R-0053",
        "length_m": 2.3,
        "feature_type": "road"
      }
    },
    {
      "type": "Feature",
      "id": "R-0054",
      "geometry": {
        "type": "LineString",
        "coordinates": [
          [
            77.20923,
            28.613641
          ],
          [
            77.20923,
            28.613638
          ],
          [
            77.20923,
            28.613636
          ],
          [
            77.20923,
            28.613633
          ],
          [
            77.209229,
            28.613632
          ],
          [
            77.20923,
            28.613629
          ],
          [
            77.20923,
            28.613631
          ],
          [
            77.209232,
            28.613631
          ],
          [
            77.209232,
            28.613633
          ],
          [
            77.20923,
            28.613635
          ]
        ]
      },
      "properties": {
        "road_id": "R-0054",
        "length_m": 2.11,
        "feature_type": "road"
      }
    },
    {
      "type": "Feature",
      "id": "R-0055",
      "geometry": {
        "type": "LineString",
        "coordinates": [
          [
            77.209412,
            28.613644
          ],
          [
            77.209418,
            28.613643
          ],
          [
            77.209413,
            28.613642
          ],
          [
            77.209413,
            28.613638
          ],
          [
            77.209413,
            28.613638
          ],
          [
            77.209413,
            28.613633
          ],
          [
            77.209417,
            28.613633
          ],
          [
            77.209417,
            28.61364
          ],
          [
            77.209418,
            28.613641
          ],
          [
            77.209418,
            28.613644
          ],
          [
            77.209417,
            28.613645
          ]
        ]
      },
      "properties": {
        "road_id": "R-0055",
        "length_m": 4.15,
        "feature_type": "road"
      }
    },
    {
      "type": "Feature",
      "id": "R-0056",
      "geometry": {
        "type": "LineString",
        "coordinates": [
          [
            77.209101,
            28.613646
          ],
          [
            77.209101,
            28.613645
          ],
          [
            77.209101,
            28.613643
          ],
          [
            77.209103,
            28.613643
          ],
          [
            77.209101,
            28.613643
          ],
          [
            77.209103,
            28.613646
          ],
          [
            77.209105,
            28.613644
          ],
          [
            77.209105,
            28.613646
          ],
          [
            77.209103,
            28.613648
          ]
        ]
      },
      "properties": {
        "road_id": "R-0056",
        "length_m": 1.91,
        "feature_type": "road"
      }
    },
    {
      "type": "Feature",
      "id": "R-0057",
      "geometry": {
        "type": "LineString",
        "coordinates": [
          [
            77.209412,
            28.613659
          ],
          [
            77.20941,
            28.613657
          ],
          [
            77.209407,
            28.613658
          ],
          [
            77.209404,
            28.613657
          ],
          [
            77.209402,
            28.613656
          ],
          [
            77.209401,
            28.613658
          ],
          [
            77.209399,
            28.613658
          ],
          [
            77.209399,
            28.613656
          ],
          [
            77.209398,
            28.613655
          ],
          [
            77.209395,
            28.613656
          ],
          [
            77.209394,
            28.613655
          ],
          [
            77.209396,
            28.613654
          ],
          [
            77.209394,
            28.613654
          ],
          [
            77.209392,
            28.613654
          ],
          [
            77.209394,
            28.613654
          ],
          [
            77.209395,
            28.613652
          ],
          [
            77.209396,
            28.613651
          ],
          [
            77.209394,
            28.613651
          ],
          [
            77.209389,
            28.613655
          ],
          [
            77.209386,
            28.613656
          ],
          [
            77.209386,
            28.613656
          ],
          [
            77.209384,
            28.613658
          ],
          [
            77.209385,
            28.613656
          ],
          [
            77.209386,
            28.613656
          ],
          [
            77.209386,
            28.613654
          ],
          [
            77.209388,
            28.613652
          ],
          [
            77.20939,
            28.613651
          ],
          [
            77.209391,
            28.613651
          ],
          [
            77.209393,
            28.613649
          ],
          [
            77.209391,
            28.613651
          ],
          [
            77.209393,
            28.613651
          ],
          [
            77.209395,
            28.61365
          ],
          [
            77.209396,
            28.613651
          ],
          [
            77.209396,
            28.613654
          ],
          [
            77.209399,
            28.613654
          ],
          [
            77.2094,
            28.613655
          ],
          [
            77.209401,
            28.613654
          ],
          [
            77.209403,
            28.613654
          ],
          [
            77.209404,
            28.613652
          ],
          [
            77.209405,
            28.613652
          ],
          [
            77.209406,
            28.613654
          ],
          [
            77.209408,
            28.613652
          ],
          [
            77.209409,
            28.61365
          ],
          [
            77.209414,
            28.613648
          ],
          [
            77.209416,
            28.61365
          ],
          [
            77.209414,
            28.613651
          ],
          [
            77.209414,
            28.613652
          ],
          [
            77.209413,
            28.613654
          ],
          [
            77.209414,
            28.613656
          ],
          [
            77.209413,
            28.613658
          ]
        ]
      },
      "properties": {
        "road_id": "R-0057",
        "length_m": 11.51,
        "feature_type": "road"
      }
    },
    {
      "type": "Feature",
      "id": "R-0058",
      "geometry": {
        "type": "LineString",
        "coordinates": [
          [
            77.209117,
            28.613659
          ],
          [
            77.209116,
            28.613657
          ],
          [
            77.209115,
            28.613657
          ],
          [
            77.209115,
            28.613656
          ],
          [
            77.209114,
            28.613655
          ],
          [
            77.209115,
            28.613653
          ],
          [
            77.209114,
            28.613652
          ],
          [
            77.209116,
            28.613651
          ],
          [
            77.209119,
            28.613652
          ],
          [
            77.209121,
            28.613653
          ],
          [
            77.209117,
            28.613653
          ],
          [
            77.209119,
            28.613656
          ],
          [
            77.209117,
            28.613654
          ],
          [
            77.209115,
            28.613657
          ],
          [
            77.209118,
            28.613658
          ],
          [
            77.20912,
            28.613657
          ]
        ]
      },
      "properties": {
        "road_id": "R-0058",
        "length_m": 3.72,
        "feature_type": "road"
      }
    },
    {
      "type": "Feature",
      "id": "R-0059",
      "geometry": {
        "type": "LineString",
        "coordinates": [
          [
            77.209095,
            28.613661
          ],
          [
            77.209097,
            28.613659
          ],
          [
            77.209094,
            28.613659
          ],
          [
            77.209093,
            28.613657
          ],
          [
            77.209093,
            28.613655
          ],
          [
            77.209093,
            28.613657
          ],
          [
            77.209095,
            28.613659
          ],
          [
            77.209097,
            28.613659
          ],
          [
            77.209097,
            28.61366
          ]
        ]
      },
      "properties": {
        "road_id": "R-0059",
        "length_m": 1.78,
        "feature_type": "road"
      }
    },
    {
      "type": "Feature",
      "id": "R-0060",
      "geometry": {
        "type": "LineString",
        "coordinates": [
          [
            77.209223,
            28.613661
          ],
          [
            77.209223,
            28.613659
          ],
          [
            77.209223,
            28.613658
          ],
          [
            77.209223,
            28.613654
          ],
          [
            77.209223,
            28.613653
          ],
          [
            77.209223,
            28.613654
          ],
          [
            77.209224,
            28.613655
          ],
          [
            77.209225,
            28.613657
          ],
          [
            77.209228,
            28.613657
          ],
          [
            77.209224,
            28.613658
          ],
          [
            77.209224,
            28.613659
          ],
          [
            77.209223,
            28.61366
          ]
        ]
      },
      "properties": {
        "road_id": "R-0060",
        "length_m": 2.39,
        "feature_type": "road"
      }
    },
    {
      "type": "Feature",
      "id": "R-0061",
      "geometry": {
        "type": "LineString",
        "coordinates": [
          [
            77.209093,
            28.613671
          ],
          [
            77.209093,
            28.613669
          ],
          [
            77.209093,
            28.613667
          ],
          [
            77.209091,
            28.613666
          ],
          [
            77.209088,
            28.613668
          ],
          [
            77.209087,
            28.613668
          ],
          [
            77.209088,
            28.613666
          ],
          [
            77.209089,
            28.613666
          ],
          [
            77.209091,
            28.613666
          ],
          [
            77.209092,
            28.613664
          ],
          [
            77.20909,
            28.613664
          ],
          [
            77.209093,
            28.613666
          ],
          [
            77.209093,
            28.613668
          ],
          [
            77.209092,
            28.613669
          ]
        ]
      },
      "properties": {
        "road_id": "R-0061",
        "length_m": 2.67,
        "feature_type": "road"
      }
    },
    {
      "type": "Feature",
      "id": "R-0062",
      "geometry": {
        "type": "LineString",
        "coordinates": [
          [
            77.209159,
            28.613671
          ],
          [
            77.20916,
            28.613669
          ],
          [
            77.20916,
            28.613666
          ],
          [
            77.20916,
            28.613669
          ],
          [
            77.209164,
            28.613669
          ],
          [
            77.20916,
            28.613669
          ],
          [
            77.20916,
            28.613671
          ],
          [
            77.209164,
            28.613671
          ],
          [
            77.209165,
            28.613671
          ]
        ]
      },
      "properties": {
        "road_id": "R-0062",
        "length_m": 2.31,
        "feature_type": "road"
      }
    },
    {
      "type": "Feature",
      "id": "R-0063",
      "geometry": {
        "type": "LineString",
        "coordinates": [
          [
            77.209029,
            28.613673
          ],
          [
            77.209029,
            28.61367
          ],
          [
            77.209029,
            28.613669
          ],
          [
            77.209025,
            28.613669
          ],
          [
            77.209027,
            28.613669
          ],
          [
            77.209028,
            28.613668
          ],
          [
            77.209029,
            28.613668
          ],
          [
            77.209028,
            28.613669
          ],
          [
            77.209029,
            28.61367
          ],
          [
            77.20903,
            28.613671
          ],
          [
            77.209031,
            28.613672
          ]
        ]
      },
      "properties": {
        "road_id": "R-0063",
        "length_m": 1.89,
        "feature_type": "road"
      }
    },
    {
      "type": "Feature",
      "id": "R-0064",
      "geometry": {
        "type": "LineString",
        "coordinates": [
          [
            77.209276,
            28.613674
          ],
          [
            77.209275,
            28.613671
          ],
          [
            77.209276,
            28.613668
          ],
          [
            77.209278,
            28.613668
          ],
          [
            77.209278,
            28.613669
          ],
          [
            77.20928,
            28.613669
          ],
          [
            77.209279,
            28.613672
          ],
          [
            77.209278,
            28.613672
          ]
        ]
      },
      "properties": {
        "road_id": "R-0064",
        "length_m": 1.71,
        "feature_type": "road"
      }
    },
    {
      "type": "Feature",
      "id": "R-0065",
      "geometry": {
        "type": "LineString",
        "coordinates": [
          [
            77.209337,
            28.613675
          ],
          [
            77.209336,
            28.613674
          ],
          [
            77.209338,
            28.613673
          ],
          [
            77.209336,
            28.613672
          ],
          [
            77.209338,
            28.613669
          ],
          [
            77.209339,
            28.613671
          ],
          [
            77.209338,
            28.613671
          ],
          [
            77.20934,
            28.613673
          ],
          [
            77.209341,
            28.613672
          ],
          [
            77.209341,
            28.613674
          ],
          [
            77.20934,
            28.613673
          ],
          [
            77.209339,
            28.613675
          ]
        ]
      },
      "properties": {
        "road_id": "R-0065",
        "length_m": 2.25,
        "feature_type": "road"
      }
    },
    {
      "type": "Feature",
      "id": "R-0066",
      "geometry": {
        "type": "LineString",
        "coordinates": [
          [
            77.209124,
            28.613675
          ],
          [
            77.209123,
            28.613674
          ],
          [
            77.209123,
            28.613672
          ],
          [
            77.209121,
            28.613671
          ],
          [
            77.209119,
            28.613671
          ],
          [
            77.209121,
            28.61367
          ],
          [
            77.209123,
            28.613671
          ],
          [
            77.209124,
            28.613674
          ]
        ]
      },
      "properties": {
        "road_id": "R-0066",
        "length_m": 1.61,
        "feature_type": "road"
      }
    },
    {
      "type": "Feature",
      "id": "R-0067",
      "geometry": {
        "type": "LineString",
        "coordinates": [
          [
            77.209215,
            28.613678
          ],
          [
            77.209214,
            28.613677
          ],
          [
            77.209216,
            28.613677
          ],
          [
            77.209217,
            28.613678
          ],
          [
            77.20922,
            28.613677
          ],
          [
            77.20922,
            28.613676
          ],
          [
            77.20922,
            28.613678
          ],
          [
            77.209216,
            28.613677
          ]
        ]
      },
      "properties": {
        "road_id": "R-0067",
        "length_m": 1.66,
        "feature_type": "road"
      }
    },
    {
      "type": "Feature",
      "id": "R-0068",
      "geometry": {
        "type": "LineString",
        "coordinates": [
          [
            77.209379,
            28.613679
          ],
          [
            77.209377,
            28.613679
          ],
          [
            77.209377,
            28.613674
          ],
          [
            77.209375,
            28.613674
          ],
          [
            77.209376,
            28.613671
          ],
          [
            77.209374,
            28.61367
          ],
          [
            77.209374,
            28.613668
          ],
          [
            77.209376,
            28.613666
          ],
          [
            77.209374,
            28.613665
          ],
          [
            77.209376,
            28.613663
          ],
          [
            77.209374,
            28.613662
          ],
          [
            77.209373,
            28.613661
          ],
          [
            77.209375,
            28.613661
          ],
          [
            77.209375,
            28.613659
          ],
          [
            77.209374,
            28.613659
          ],
          [
            77.209374,
            28.613657
          ],
          [
            77.209376,
            28.613658
          ],
          [
            77.209377,
            28.613659
          ],
          [
            77.209379,
            28.613661
          ],
          [
            77.209382,
            28.613664
          ],
          [
            77.209381,
            28.613665
          ],
          [
            77.209378,
            28.613666
          ],
          [
            77.209377,
            28.613673
          ],
          [
            77.209377,
            28.613674
          ],
          [
            77.209379,
            28.613677
          ],
          [
            77.209381,
            28.613678
          ],
          [
            77.209382,
            28.613677
          ],
          [
            77.209381,
            28.613679
          ]
        ]
      },
      "properties": {
        "road_id": "R-0068",
        "length_m": 6.92,
        "feature_type": "road"
      }
    },
    {
      "type": "Feature",
      "id": "R-0069",
      "geometry": {
        "type": "LineString",
        "coordinates": [
          [
            77.209414,
            28.613682
          ],
          [
            77.209413,
            28.613681
          ],
          [
            77.209414,
            28.61368
          ],
          [
            77.209413,
            28.613679
          ],
          [
            77.209412,
            28.613678
          ],
          [
            77.209413,
            28.613678
          ],
          [
            77.209417,
            28.613678
          ],
          [
            77.209417,
            28.613679
          ],
          [
            77.209415,
            28.61368
          ],
          [
            77.209417,
            28.613681
          ],
          [
            77.209415,
            28.613683
          ]
        ]
      },
      "properties": {
        "road_id": "R-0069",
        "length_m": 2.0,
        "feature_type": "road"
      }
    },
    {
      "type": "Feature",
      "id": "R-0070",
      "geometry": {
        "type": "LineString",
        "coordinates": [
          [
            77.20909,
            28.613683
          ],
          [
            77.209091,
            28.613682
          ],
          [
            77.209093,
            28.61368
          ],
          [
            77.209093,
            28.613678
          ],
          [
            77.209091,
            28.613677
          ],
          [
            77.209089,
            28.613676
          ],
          [
            77.20909,
            28.613674
          ],
          [
            77.209093,
            28.613674
          ],
          [
            77.209092,
            28.613675
          ],
          [
            77.209093,
            28.613676
          ],
          [
            77.209093,
            28.613677
          ],
          [
            77.209094,
            28.613677
          ],
          [
            77.209094,
            28.613679
          ],
          [
            77.209094,
            28.61368
          ],
          [
            77.209093,
            28.61368
          ],
          [
            77.209091,
            28.613682
          ]
        ]
      },
      "properties": {
        "road_id": "R-0070",
        "length_m": 3.07,
        "feature_type": "road"
      }
    },
    {
      "type": "Feature",
      "id": "R-0071",
      "geometry": {
        "type": "LineString",
        "coordinates": [
          [
            77.209214,
            28.613692
          ],
          [
            77.209214,
            28.613686
          ],
          [
            77.209213,
            28.613684
          ],
          [
            77.209214,
            28.613682
          ],
          [
            77.209214,
            28.613685
          ],
          [
            77.209214,
            28.613686
          ],
          [
            77.209214,
            28.61369
          ],
          [
            77.209216,
            28.61369
          ]
        ]
      },
      "properties": {
        "road_id": "R-0071",
        "length_m": 2.27,
        "feature_type": "road"
      }
    },
    {
      "type": "Feature",
      "id": "R-0072",
      "geometry": {
        "type": "LineString",
        "coordinates": [
          [
            77.209088,
            28.613695
          ],
          [
            77.20909,
            28.613697
          ],
          [
            77.209092,
            28.613696
          ],
          [
            77.209093,
            28.613694
          ],
          [
            77.209091,
            28.613692
          ],
          [
            77.209093,
            28.613693
          ],
          [
            77.209095,
            28.613692
          ],
          [
            77.209097,
            28.61369
          ],
          [
            77.209095,
            28.613689
          ],
          [
            77.209094,
            28.613688
          ],
          [
            77.209097,
            28.613689
          ],
          [
            77.209098,
            28.613688
          ],
          [
            77.2091,
            28.613686
          ],
          [
            77.209099,
            28.613688
          ],
          [
            77.209101,
            28.613688
          ],
          [
            77.2091,
            28.613695
          ],
          [
            77.209098,
            28.613694
          ],
          [
            77.209094,
            28.613693
          ],
          [
            77.209093,
            28.613694
          ],
          [
            77.209092,
            28.613695
          ],
          [
            77.209092,
            28.613699
          ]
        ]
      },
      "properties": {
        "road_id": "R-0072",
        "length_m": 5.42,
        "feature_type": "road"
      }
    },
    {
      "type": "Feature",
      "id": "R-0073",
      "geometry": {
        "type": "LineString",
        "coordinates": [
          [
            77.209034,
            28.613704
          ],
          [
            77.209034,
            28.613692
          ],
          [
            77.209034,
            28.613693
          ],
          [
            77.209034,
            28.613694
          ],
          [
            77.209034,
            28.613696
          ]
        ]
      },
      "properties": {
        "road_id": "R-0073",
        "length_m": 1.87,
        "feature_type": "road"
      }
    },
    {
      "type": "Feature",
      "id": "R-0074",
      "geometry": {
        "type": "LineString",
        "coordinates": [
          [
            77.209246,
            28.613714
          ],
          [
            77.209248,
            28.613713
          ],
          [
            77.209254,
            28.613712
          ],
          [
            77.209255,
            28.613711
          ],
          [
            77.209255,
            28.613709
          ],
          [
            77.209255,
            28.613712
          ],
          [
            77.209255,
            28.613714
          ],
          [
            77.209251,
            28.613713
          ],
          [
            77.20925,
            28.613713
          ],
          [
            77.209248,
            28.613713
          ]
        ]
      },
      "properties": {
        "road_id": "R-0074",
        "length_m": 2.4,
        "feature_type": "road"
      }
    },
    {
      "type": "Feature",
      "id": "R-0075",
      "geometry": {
        "type": "LineString",
        "coordinates": [
          [
            77.209276,
            28.613719
          ],
          [
            77.209274,
            28.613717
          ],
          [
            77.209269,
            28.613717
          ],
          [
            77.209271,
            28.613717
          ],
          [
            77.209273,
            28.613715
          ],
          [
            77.209271,
            28.613715
          ],
          [
            77.209273,
            28.613713
          ],
          [
            77.209273,
            28.613711
          ],
          [
            77.209274,
            28.613713
          ],
          [
            77.209276,
            28.613712
          ],
          [
            77.209277,
            28.613715
          ],
          [
            77.209278,
            28.613715
          ],
          [
            77.209273,
            28.613716
          ],
          [
            77.209278,
            28.613717
          ],
          [
            77.209276,
            28.613717
          ],
          [
            77.209278,
            28.613718
          ]
        ]
      },
      "properties": {
        "road_id": "R-0075",
        "length_m": 4.11,
        "feature_type": "road"
      }
    },
    {
      "type": "Feature",
      "id": "R-0076",
      "geometry": {
        "type": "LineString",
        "coordinates": [
          [
            77.209074,
            28.613719
          ],
          [
            77.209073,
            28.613716
          ],
          [
            77.209071,
            28.613715
          ],
          [
            77.209071,
            28.613712
          ],
          [
            77.209073,
            28.613711
          ],
          [
            77.209076,
            28.613712
          ],
          [
            77.209075,
            28.613713
          ],
          [
            77.209073,
            28.613714
          ],
          [
            77.209074,
            28.613715
          ]
        ]
      },
      "properties": {
        "road_id": "R-0076",
        "length_m": 1.93,
        "feature_type": "road"
      }
    },
    {
      "type": "Feature",
      "id": "R-0077",
      "geometry": {
        "type": "LineString",
        "coordinates": [
          [
            77.209147,
            28.613727
          ],
          [
            77.209149,
            28.613726
          ],
          [
            77.209149,
            28.613725
          ],
          [
            77.209151,
            28.613725
          ],
          [
            77.209151,
            28.613727
          ],
          [
            77.209153,
            28.613725
          ],
          [
            77.209155,
            28.613725
          ],
          [
            77.209157,
            28.613727
          ],
          [
            77.209156,
            28.613727
          ],
          [
            77.209154,
            28.613728
          ],
          [
            77.209152,
            28.613728
          ],
          [
            77.20915,
            28.613726
          ],
          [
            77.209148,
            28.613728
          ]
        ]
      },
      "properties": {
        "road_id": "R-0077",
        "length_m": 2.38,
        "feature_type": "road"
      }
    },
    {
      "type": "Feature",
      "id": "R-0078",
      "geometry": {
        "type": "LineString",
        "coordinates": [
          [
            77.209021,
            28.613733
          ],
          [
            77.209021,
            28.613728
          ],
          [
            77.20902,
            28.613724
          ],
          [
            77.20902,
            28.613722
          ],
          [
            77.20902,
            28.613724
          ],
          [
            77.209022,
            28.613724
          ],
          [
            77.209022,
            28.61373
          ],
          [
            77.209021,
            28.61373
          ]
        ]
      },
      "properties": {
        "road_id": "R-0078",
        "length_m": 2.24,
        "feature_type": "road"
      }
    },
    {
      "type": "Feature",
      "id": "R-0079",
      "geometry": {
        "type": "LineString",
        "coordinates": [
          [
            77.209394,
            28.613734
          ],
          [
            77.209392,
            28.613732
          ],
          [
            77.209392,
            28.613731
          ],
          [
            77.209387,
            28.61373
          ],
          [
            77.209389,
            28.61373
          ],
          [
            77.209393,
            28.613729
          ],
          [
            77.209391,
            28.613728
          ],
          [
            77.209393,
            28.613729
          ],
          [
            77.209395,
            28.613728
          ],
          [
            77.209394,
            28.61373
          ],
          [
            77.209393,
            28.61373
          ],
          [
            77.209392,
            28.613732
          ],
          [
            77.209394,
            28.613733
          ]
        ]
      },
      "properties": {
        "road_id": "R-0079",
        "length_m": 2.67,
        "feature_type": "road"
      }
    },
    {
      "type": "Feature",
      "id": "R-0080",
      "geometry": {
        "type": "LineString",
        "coordinates": [
          [
            77.209192,
            28.613736
          ],
          [
            77.209192,
            28.613735
          ],
          [
            77.20919,
            28.613734
          ],
          [
            77.209192,
            28.613733
          ],
          [
            77.209191,
            28.613731
          ],
          [
            77.209195,
            28.613728
          ],
          [
            77.209195,
            28.613729
          ],
          [
            77.209195,
            28.61373
          ],
          [
            77.209193,
            28.613733
          ],
          [
            77.209193,
            28.613737
          ]
        ]
      },
      "properties": {
        "road_id": "R-0080",
        "length_m": 2.38,
        "feature_type": "road"
      }
    },
    {
      "type": "Feature",
      "id": "R-0081",
      "geometry": {
        "type": "LineString",
        "coordinates": [
          [
            77.20929,
            28.613738
          ],
          [
            77.20929,
            28.613736
          ],
          [
            77.209291,
            28.613733
          ],
          [
            77.209291,
            28.613731
          ],
          [
            77.209291,
            28.613738
          ]
        ]
      },
      "properties": {
        "road_id": "R-0081",
        "length_m": 1.64,
        "feature_type": "road"
      }
    },
    {
      "type": "Feature",
      "id": "R-0082",
      "geometry": {
        "type": "LineString",
        "coordinates": [
          [
            77.209158,
            28.613739
          ],
          [
            77.209156,
            28.613737
          ],
          [
            77.209158,
            28.613738
          ],
          [
            77.209159,
            28.613733
          ],
          [
            77.20916,
            28.613733
          ],
          [
            77.209161,
            28.61373
          ],
          [
            77.209161,
            28.613729
          ],
          [
            77.20916,
            28.613726
          ],
          [
            77.209164,
            28.613726
          ],
          [
            77.209164,
            28.613728
          ],
          [
            77.209161,
            28.613729
          ],
          [
            77.20916,
            28.613732
          ],
          [
            77.20916,
            28.613734
          ],
          [
            77.209159,
            28.613734
          ]
        ]
      },
      "properties": {
        "road_id": "R-0082",
        "length_m": 3.59,
        "feature_type": "road"
      }
    },
    {
      "type": "Feature",
      "id": "R-0083",
      "geometry": {
        "type": "LineString",
        "coordinates": [
          [
            77.209359,
            28.613742
          ],
          [
            77.209359,
            28.61374
          ],
          [
            77.209357,
            28.613741
          ],
          [
            77.209357,
            28.61374
          ],
          [
            77.209359,
            28.613739
          ],
          [
            77.209359,
            28.613738
          ],
          [
            77.20936,
            28.61374
          ],
          [
            77.209362,
            28.61374
          ],
          [
            77.209361,
            28.613742
          ]
        ]
      },
      "properties": {
        "road_id": "R-0083",
        "length_m": 1.72,
        "feature_type": "road"
      }
    },
    {
      "type": "Feature",
      "id": "R-0084",
      "geometry": {
        "type": "LineString",
        "coordinates": [
          [
            77.209412,
            28.613745
          ],
          [
            77.209411,
            28.613744
          ],
          [
            77.20941,
            28.613742
          ],
          [
            77.209408,
            28.613742
          ],
          [
            77.209408,
            28.61374
          ],
          [
            77.209409,
            28.613735
          ],
          [
            77.209407,
            28.613732
          ],
          [
            77.209407,
            28.613729
          ],
          [
            77.209405,
            28.613728
          ],
          [
            77.209405,
            28.613726
          ],
          [
            77.209405,
            28.613724
          ],
          [
            77.209407,
            28.613725
          ],
          [
            77.209408,
            28.613722
          ],
          [
            77.209409,
            28.61372
          ],
          [
            77.209407,
            28.61372
          ],
          [
            77.209406,
            28.613718
          ],
          [
            77.209405,
            28.61372
          ],
          [
            77.209403,
            28.61372
          ],
          [
            77.209405,
            28.613719
          ],
          [
            77.209405,
            28.613717
          ],
          [
            77.209408,
            28.613717
          ],
          [
            77.209407,
            28.613717
          ],
          [
            77.209408,
            28.613714
          ],
          [
            77.209406,
            28.613713
          ],
          [
            77.209406,
            28.613711
          ],
          [
            77.209406,
            28.613709
          ],
          [
            77.209404,
            28.61371
          ],
          [
            77.209408,
            28.613707
          ],
          [
            77.20941,
            28.613707
          ],
          [
            77.209412,
            28.613706
          ],
          [
            77.209411,
            28.613705
          ],
          [
            77.209413,
            28.613704
          ],
          [
            77.209413,
            28.613702
          ],
          [
            77.209415,
            28.613703
          ],
          [
            77.209413,
            28.613704
          ],
          [
            77.209415,
            28.613705
          ],
          [
            77.209414,
            28.613709
          ],
          [
            77.209416,
            28.613716
          ],
          [
            77.209414,
            28.613721
          ],
          [
            77.209416,
            28.613723
          ],
          [
            77.209414,
            28.613724
          ],
          [
            77.209414,
            28.613725
          ],
          [
            77.209413,
            28.613728
          ],
          [
            77.209415,
            28.613728
          ],
          [
            77.209413,
            28.613728
          ],
          [
            77.209414,
            28.613729
          ],
          [
            77.209413,
            28.61373
          ],
          [
            77.209411,
            28.613728
          ],
          [
            77.209411,
            28.613733
          ],
          [
            77.209412,
            28.613731
          ],
          [
            77.209414,
            28.613732
          ],
          [
            77.209413,
            28.613733
          ],
          [
            77.209414,
            28.613735
          ],
          [
            77.209414,
            28.613737
          ],
          [
            77.209413,
            28.613738
          ],
          [
            77.209414,
            28.61374
          ],
          [
            77.209414,
            28.613741
          ],
          [
            77.209412,
            28.613744
          ],
          [
            77.209418,
            28.613745
          ],
          [
            77.209413,
            28.613745
          ]
        ]
      },
      "properties": {
        "road_id": "R-0084",
        "length_m": 16.09,
        "feature_type": "road"
      }
    },
    {
      "type": "Feature",
      "id": "R-0085",
      "geometry": {
        "type": "LineString",
        "coordinates": [
          [
            77.209225,
            28.613747
          ],
          [
            77.209226,
            28.613745
          ],
          [
            77.209225,
            28.613744
          ],
          [
            77.209223,
            28.613743
          ],
          [
            77.209222,
            28.613743
          ],
          [
            77.20922,
            28.613743
          ],
          [
            77.209222,
            28.613743
          ],
          [
            77.209222,
            28.613742
          ],
          [
            77.209223,
            28.61374
          ],
          [
            77.209223,
            28.613743
          ],
          [
            77.209224,
            28.613742
          ],
          [
            77.209225,
            28.613743
          ],
          [
            77.209227,
            28.613742
          ],
          [
            77.209227,
            28.61374
          ],
          [
            77.209227,
            28.613738
          ],
          [
            77.209226,
            28.613735
          ],
          [
            77.209227,
            28.613733
          ],
          [
            77.209226,
            28.613735
          ],
          [
            77.209225,
            28.613736
          ],
          [
            77.209228,
            28.613738
          ],
          [
            77.209228,
            28.61374
          ],
          [
            77.209228,
            28.613743
          ],
          [
            77.209228,
            28.613745
          ],
          [
            77.209228,
            28.613746
          ],
          [
            77.209225,
            28.613747
          ],
          [
            77.209227,
            28.613748
          ]
        ]
      },
      "properties": {
        "road_id": "R-0085",
        "length_m": 5.63,
        "feature_type": "road"
      }
    },
    {
      "type": "Feature",
      "id": "R-0086",
      "geometry": {
        "type": "LineString",
        "coordinates": [
          [
            77.209314,
            28.613756
          ],
          [
            77.209314,
            28.613754
          ],
          [
            77.20931,
            28.613754
          ],
          [
            77.209311,
            28.613753
          ],
          [
            77.209313,
            28.613753
          ],
          [
            77.209314,
            28.613755
          ],
          [
            77.209314,
            28.613753
          ],
          [
            77.209314,
            28.613751
          ],
          [
            77.209317,
            28.613753
          ]
        ]
      },
      "properties": {
        "road_id": "R-0086",
        "length_m": 1.88,
        "feature_type": "road"
      }
    },
    {
      "type": "Feature",
      "id": "R-0087",
      "geometry": {
        "type": "LineString",
        "coordinates": [
          [
            77.209399,
            28.613763
          ],
          [
            77.209399,
            28.613756
          ],
          [
            77.209399,
            28.613754
          ],
          [
            77.209401,
            28.613758
          ],
          [
            77.209403,
            28.613756
          ],
          [
            77.209402,
            28.613758
          ],
          [
            77.209404,
            28.61376
          ],
          [
            77.209403,
            28.613761
          ],
          [
            77.209403,
            28.61376
          ],
          [
            77.209401,
            28.613759
          ]
        ]
      },
      "properties": {
        "road_id": "R-0087",
        "length_m": 2.63,
        "feature_type": "road"
      }
    },
    {
      "type": "Feature",
      "id": "R-0088",
      "geometry": {
        "type": "LineString",
        "coordinates": [
          [
            77.209136,
            28.613763
          ],
          [
            77.209134,
            28.613761
          ],
          [
            77.209134,
            28.613758
          ],
          [
            77.209134,
            28.613757
          ],
          [
            77.209134,
            28.613756
          ],
          [
            77.209135,
            28.61375
          ],
          [
            77.209136,
            28.613749
          ],
          [
            77.209137,
            28.613746
          ],
          [
            77.209138,
            28.613755
          ],
          [
            77.209136,
            28.613761
          ],
          [
            77.209138,
            28.613763
          ],
          [
            77.20914,
            28.613763
          ]
        ]
      },
      "properties": {
        "road_id": "R-0088",
        "length_m": 4.1,
        "feature_type": "road"
      }
    },
    {
      "type": "Feature",
      "id": "R-0089",
      "geometry": {
        "type": "LineString",
        "coordinates": [
          [
            77.209399,
            28.613777
          ],
          [
            77.209401,
            28.613776
          ],
          [
            77.2094,
            28.613774
          ],
          [
            77.209402,
            28.613774
          ],
          [
            77.209401,
            28.613771
          ],
          [
            77.209404,
            28.613771
          ],
          [
            77.209405,
            28.613774
          ],
          [
            77.209403,
            28.613772
          ],
          [
            77.209404,
            28.613774
          ],
          [
            77.209403,
            28.613777
          ],
          [
            77.209401,
            28.613776
          ]
        ]
      },
      "properties": {
        "road_id": "R-0089",
        "length_m": 2.44,
        "feature_type": "road"
      }
    },
    {
      "type": "Feature",
      "id": "R-0090",
      "geometry": {
        "type": "LineString",
        "coordinates": [
          [
            77.209379,
            28.61379
          ],
          [
            77.209377,
            28.613788
          ],
          [
            77.209375,
            28.613788
          ],
          [
            77.209373,
            28.613789
          ],
          [
            77.209376,
            28.613787
          ],
          [
            77.209374,
            28.613786
          ],
          [
            77.209375,
            28.613785
          ],
          [
            77.209377,
            28.613786
          ],
          [
            77.209377,
            28.613787
          ],
          [
            77.209379,
            28.613789
          ]
        ]
      },
      "properties": {
        "road_id": "R-0090",
        "length_m": 1.95,
        "feature_type": "road"
      }
    },
    {
      "type": "Feature",
      "id": "R-0091",
      "geometry": {
        "type": "LineString",
        "coordinates": [
          [
            77.209401,
            28.613794
          ],
          [
            77.209403,
            28.613792
          ],
          [
            77.209402,
            28.613791
          ],
          [
            77.209404,
            28.61379
          ],
          [
            77.209402,
            28.613789
          ],
          [
            77.209404,
            28.61379
          ],
          [
            77.209405,
            28.613789
          ],
          [
            77.209402,
            28.613791
          ],
          [
            77.209405,
            28.613792
          ],
          [
            77.209403,
            28.613792
          ]
        ]
      },
      "properties": {
        "road_id": "R-0091",
        "length_m": 2.09,
        "feature_type": "road"
      }
    },
    {
      "type": "Feature",
      "id": "R-0092",
      "geometry": {
        "type": "LineString",
        "coordinates": [
          [
            77.209389,
            28.613794
          ],
          [
            77.209388,
            28.613793
          ],
          [
            77.209387,
            28.613792
          ],
          [
            77.209385,
            28.613791
          ],
          [
            77.209382,
            28.613791
          ],
          [
            77.209381,
            28.61379
          ],
          [
            77.209383,
            28.613787
          ],
          [
            77.209386,
            28.613788
          ],
          [
            77.209386,
            28.613789
          ],
          [
            77.209389,
            28.613789
          ],
          [
            77.209387,
            28.613788
          ],
          [
            77.20939,
            28.613788
          ],
          [
            77.209389,
            28.613789
          ],
          [
            77.20939,
            28.613791
          ],
          [
            77.209392,
            28.613791
          ],
          [
            77.209391,
            28.613793
          ]
        ]
      },
      "properties": {
        "road_id": "R-0092",
        "length_m": 3.27,
        "feature_type": "road"
      }
    },
    {
      "type": "Feature",
      "id": "R-0093",
      "geometry": {
        "type": "LineString",
        "coordinates": [
          [
            77.209268,
            28.613794
          ],
          [
            77.209269,
            28.613793
          ],
          [
            77.209267,
            28.613792
          ],
          [
            77.209269,
            28.613791
          ],
          [
            77.209269,
            28.613793
          ],
          [
            77.209273,
            28.613793
          ],
          [
            77.209273,
            28.613791
          ],
          [
            77.209273,
            28.613789
          ],
          [
            77.209273,
            28.61379
          ],
          [
            77.209275,
            28.613791
          ],
          [
            77.209273,
            28.613794
          ],
          [
            77.209275,
            28.613793
          ],
          [
            77.209274,
            28.613794
          ],
          [
            77.209269,
            28.613794
          ]
        ]
      },
      "properties": {
        "road_id": "R-0093",
        "length_m": 3.19,
        "feature_type": "road"
      }
    },
    {
      "type": "Feature",
      "id": "R-0094",
      "geometry": {
        "type": "LineString",
        "coordinates": [
          [
            77.209413,
            28.613795
          ],
          [
            77.209413,
            28.613794
          ],
          [
            77.209412,
            28.613793
          ],
          [
            77.209409,
            28.613792
          ],
          [
            77.209408,
            28.613793
          ],
          [
            77.209408,
            28.613791
          ],
          [
            77.209406,
            28.613791
          ],
          [
            77.209408,
            28.613788
          ],
          [
            77.20941,
            28.613787
          ],
          [
            77.209411,
            28.613786
          ],
          [
            77.20941,
            28.613784
          ],
          [
            77.209411,
            28.613783
          ],
          [
            77.209411,
            28.613781
          ],
          [
            77.20941,
            28.613778
          ],
          [
            77.209408,
            28.613776
          ],
          [
            77.209411,
            28.613774
          ],
          [
            77.20941,
            28.613773
          ],
          [
            77.209409,
            28.613771
          ],
          [
            77.20941,
            28.613769
          ],
          [
            77.20941,
            28.613771
          ],
          [
            77.209413,
            28.613773
          ],
          [
            77.209414,
            28.613772
          ],
          [
            77.209414,
            28.613776
          ],
          [
            77.209415,
            28.613777
          ],
          [
            77.209415,
            28.613779
          ],
          [
            77.209415,
            28.613785
          ],
          [
            77.209413,
            28.613787
          ],
          [
            77.209413,
            28.613789
          ],
          [
            77.209414,
            28.613792
          ],
          [
            77.209414,
            28.613794
          ]
        ]
      },
      "properties": {
        "road_id": "R-0094",
        "length_m": 7.17,
        "feature_type": "road"
      }
    },
    {
      "type": "Feature",
      "id": "R-0095",
      "geometry": {
        "type": "LineString",
        "coordinates": [
          [
            77.209337,
            28.613799
          ],
          [
            77.209336,
            28.613797
          ],
          [
            77.209335,
            28.613797
          ],
          [
            77.209336,
            28.613795
          ],
          [
            77.209335,
            28.613794
          ],
          [
            77.209332,
            28.613793
          ],
          [
            77.209331,
            28.613794
          ],
          [
            77.209331,
            28.613793
          ],
          [
            77.209332,
            28.613793
          ],
          [
            77.209334,
            28.613791
          ],
          [
            77.209335,
            28.613794
          ],
          [
            77.209339,
            28.613792
          ],
          [
            77.209339,
            28.613794
          ],
          [
            77.209337,
            28.613794
          ],
          [
            77.209337,
            28.613797
          ]
        ]
      },
      "properties": {
        "road_id": "R-0095",
        "length_m": 3.23,
        "feature_type": "road"
      }
    },
    {
      "type": "Feature",
      "id": "R-0096",
      "geometry": {
        "type": "LineString",
        "coordinates": [
          [
            77.209415,
            28.613808
          ],
          [
            77.209413,
            28.613807
          ],
          [
            77.209413,
            28.613806
          ],
          [
            77.209413,
            28.613803
          ],
          [
            77.209414,
            28.613802
          ],
          [
            77.209413,
            28.6138
          ],
          [
            77.209413,
            28.613799
          ],
          [
            77.209417,
            28.613799
          ],
          [
            77.209417,
            28.613802
          ],
          [
            77.209416,
            28.613805
          ],
          [
            77.209415,
            28.613806
          ]
        ]
      },
      "properties": {
        "road_id": "R-0096",
        "length_m": 2.47,
        "feature_type": "road"
      }
    },
    {
      "type": "Feature",
      "id": "R-0097",
      "geometry": {
        "type": "LineString",
        "coordinates": [
          [
            77.209187,
            28.613811
          ],
          [
            77.209186,
            28.613809
          ],
          [
            77.209184,
            28.613809
          ],
          [
            77.209187,
            28.613809
          ],
          [
            77.209185,
            28.613808
          ],
          [
            77.209187,
            28.613807
          ],
          [
            77.209185,
            28.613807
          ],
          [
            77.209187,
            28.613807
          ],
          [
            77.209187,
            28.613809
          ],
          [
            77.209188,
            28.613809
          ],
          [
            77.209188,
            28.613811
          ]
        ]
      },
      "properties": {
        "road_id": "R-0097",
        "length_m": 1.99,
        "feature_type": "road"
      }
    },
    {
      "type": "Feature",
      "id": "R-0098",
      "geometry": {
        "type": "LineString",
        "coordinates": [
          [
            77.209169,
            28.613823
          ],
          [
            77.20917,
            28.613822
          ],
          [
            77.209171,
            28.61382
          ],
          [
            77.209169,
            28.61382
          ],
          [
            77.20917,
            28.613819
          ],
          [
            77.209171,
            28.613817
          ],
          [
            77.20917,
            28.613818
          ],
          [
            77.209171,
            28.613822
          ],
          [
            77.209171,
            28.613822
          ]
        ]
      },
      "properties": {
        "road_id": "R-0098",
        "length_m": 1.71,
        "feature_type": "road"
      }
    },
    {
      "type": "Feature",
      "id": "R-0099",
      "geometry": {
        "type": "LineString",
        "coordinates": [
          [
            77.209249,
            28.613824
          ],
          [
            77.209251,
            28.613822
          ],
          [
            77.209251,
            28.613821
          ],
          [
            77.209251,
            28.613817
          ],
          [
            77.209251,
            28.613813
          ],
          [
            77.209249,
            28.613812
          ],
          [
            77.209249,
            28.613807
          ],
          [
            77.20925,
            28.613805
          ],
          [
            77.209251,
            28.613804
          ],
          [
            77.20925,
            28.613806
          ],
          [
            77.20925,
            28.613809
          ],
          [
            77.209251,
            28.613811
          ],
          [
            77.209251,
            28.613812
          ],
          [
            77.209252,
            28.613815
          ],
          [
            77.209252,
            28.613817
          ],
          [
            77.209251,
            28.613819
          ],
          [
            77.209252,
            28.613819
          ],
          [
            77.209254,
            28.613822
          ],
          [
            77.209251,
            28.613823
          ],
          [
            77.209251,
            28.613825
          ]
        ]
      },
      "properties": {
        "road_id": "R-0099",
        "length_m": 5.29,
        "feature_type": "road"
      }
    },
    {
      "type": "Feature",
      "id": "R-0100",
      "geometry": {
        "type": "LineString",
        "coordinates": [
          [
            77.209224,
            28.613825
          ],
          [
            77.209224,
            28.613823
          ],
          [
            77.209223,
            28.613822
          ],
          [
            77.209224,
            28.613821
          ],
          [
            77.209224,
            28.61382
          ],
          [
            77.209224,
            28.613817
          ],
          [
            77.209224,
            28.613816
          ],
          [
            77.209223,
            28.613813
          ],
          [
            77.209226,
            28.613814
          ],
          [
            77.209224,
            28.613816
          ],
          [
            77.209225,
            28.61382
          ],
          [
            77.209226,
            28.613818
          ],
          [
            77.209225,
            28.61382
          ],
          [
            77.209227,
            28.613822
          ],
          [
            77.209228,
            28.613822
          ],
          [
            77.209228,
            28.613825
          ],
          [
            77.209227,
            28.613822
          ],
          [
            77.209225,
            28.613822
          ]
        ]
      },
      "properties": {
        "road_id": "R-0100",
        "length_m": 4.23,
        "feature_type": "road"
      }
    },
    {
      "type": "Feature",
      "id": "R-0101",
      "geometry": {
        "type": "LineString",
        "coordinates": [
          [
            77.209215,
            28.613827
          ],
          [
            77.209215,
            28.613825
          ],
          [
            77.209216,
            28.613824
          ],
          [
            77.209214,
            28.613822
          ],
          [
            77.209213,
            28.613824
          ],
          [
            77.209213,
            28.613825
          ],
          [
            77.20921,
            28.613824
          ],
          [
            77.209207,
            28.613825
          ],
          [
            77.209206,
            28.613824
          ],
          [
            77.209206,
            28.613826
          ],
          [
            77.209205,
            28.613826
          ],
          [
            77.209203,
            28.613823
          ],
          [
            77.209205,
            28.613822
          ],
          [
            77.209203,
            28.613821
          ],
          [
            77.209205,
            28.61382
          ],
          [
            77.209203,
            28.613819
          ],
          [
            77.209205,
            28.613818
          ],
          [
            77.209207,
            28.613819
          ],
          [
            77.209205,
            28.613822
          ],
          [
            77.209206,
            28.613824
          ],
          [
            77.209208,
            28.613822
          ],
          [
            77.209207,
            28.613822
          ],
          [
            77.209209,
            28.613821
          ],
          [
            77.20921,
            28.61382
          ],
          [
            77.209211,
            28.613817
          ],
          [
            77.20921,
            28.613819
          ],
          [
            77.209211,
            28.61382
          ],
          [
            77.209213,
            28.61382
          ],
          [
            77.209214,
            28.613815
          ],
          [
            77.209216,
            28.613814
          ],
          [
            77.209215,
            28.613816
          ],
          [
            77.209216,
            28.61382
          ],
          [
            77.209219,
            28.613823
          ],
          [
            77.209217,
            28.613824
          ],
          [
            77.209219,
            28.613825
          ],
          [
            77.209215,
            28.613825
          ]
        ]
      },
      "properties": {
        "road_id": "R-0101",
        "length_m": 8.46,
        "feature_type": "road"
      }
    },
    {
      "type": "Feature",
      "id": "R-0102",
      "geometry": {
        "type": "LineString",
        "coordinates": [
          [
            77.20916,
            28.613828
          ],
          [
            77.209162,
            28.613827
          ],
          [
            77.20916,
            28.613826
          ],
          [
            77.209162,
            28.613825
          ],
          [
            77.20916,
            28.613822
          ],
          [
            77.209164,
            28.613822
          ],
          [
            77.209162,
            28.613823
          ],
          [
            77.209163,
            28.613825
          ],
          [
            77.209165,
            28.613827
          ],
          [
            77.209163,
            28.613827
          ],
          [
            77.209165,
            28.613828
          ]
        ]
      },
      "properties": {
        "road_id": "R-0102",
        "length_m": 2.28,
        "feature_type": "road"
      }
    },
    {
      "type": "Feature",
      "id": "R-0103",
      "geometry": {
        "type": "LineString",
        "coordinates": [
          [
            77.20939,
            28.613829
          ],
          [
            77.20939,
            28.613828
          ],
          [
            77.209386,
            28.613828
          ],
          [
            77.209389,
            28.613826
          ],
          [
            77.209384,
            28.613827
          ],
          [
            77.209387,
            28.613826
          ],
          [
            77.209389,
            28.613825
          ],
          [
            77.209388,
            28.613822
          ],
          [
            77.209384,
            28.613822
          ],
          [
            77.209384,
            28.613821
          ],
          [
            77.209386,
            28.61382
          ],
          [
            77.209386,
            28.613819
          ],
          [
            77.209387,
            28.613819
          ],
          [
            77.20939,
            28.61382
          ],
          [
            77.20939,
            28.613822
          ],
          [
            77.209391,
            28.613824
          ],
          [
            77.209392,
            28.613823
          ],
          [
            77.209394,
            28.613825
          ],
          [
            77.209392,
            28.613824
          ],
          [
            77.209391,
            28.613825
          ],
          [
            77.20939,
            28.613826
          ],
          [
            77.20939,
            28.613827
          ],
          [
            77.209392,
            28.613829
          ]
        ]
      },
      "properties": {
        "road_id": "R-0103",
        "length_m": 5.31,
        "feature_type": "road"
      }
    },
    {
      "type": "Feature",
      "id": "R-0104",
      "geometry": {
        "type": "LineString",
        "coordinates": [
          [
            77.209376,
            28.613832
          ],
          [
            77.209374,
            28.61383
          ],
          [
            77.209375,
            28.613829
          ],
          [
            77.209376,
            28.613826
          ],
          [
            77.209376,
            28.613825
          ],
          [
            77.209374,
            28.613823
          ],
          [
            77.209374,
            28.613821
          ],
          [
            77.209375,
            28.61382
          ],
          [
            77.209377,
            28.61382
          ],
          [
            77.209378,
            28.613822
          ],
          [
            77.209381,
            28.61382
          ],
          [
            77.209381,
            28.613822
          ],
          [
            77.20938,
            28.613824
          ],
          [
            77.20938,
            28.613825
          ],
          [
            77.209381,
            28.613827
          ],
          [
            77.209381,
            28.613827
          ],
          [
            77.209382,
            28.61383
          ],
          [
            77.209379,
            28.61383
          ],
          [
            77.209378,
            28.613832
          ]
        ]
      },
      "properties": {
        "road_id": "R-0104",
        "length_m": 4.15,
        "feature_type": "road"
      }
    },
    {
      "type": "Feature",
      "id": "R-0105",
      "geometry": {
        "type": "LineString",
        "coordinates": [
          [
            77.209387,
            28.613837
          ],
          [
            77.209386,
            28.613836
          ],
          [
            77.209386,
            28.613834
          ],
          [
            77.209388,
            28.613833
          ],
          [
            77.209386,
            28.613831
          ],
          [
            77.209388,
            28.61383
          ],
          [
            77.20939,
            28.613831
          ],
          [
            77.209389,
            28.61383
          ],
          [
            77.209386,
            28.613832
          ],
          [
            77.209389,
            28.613835
          ]
        ]
      },
      "properties": {
        "road_id": "R-0105",
        "length_m": 2.45,
        "feature_type": "road"
      }
    },
    {
      "type": "Feature",
      "id": "R-0106",
      "geometry": {
        "type": "LineString",
        "coordinates": [
          [
            77.20939,
            28.613845
          ],
          [
            77.209388,
            28.613843
          ],
          [
            77.20939,
            28.613842
          ],
          [
            77.20939,
            28.61384
          ],
          [
            77.209392,
            28.613838
          ],
          [
            77.209395,
            28.613839
          ],
          [
            77.209393,
            28.61384
          ],
          [
            77.209392,
            28.61384
          ],
          [
            77.20939,
            28.613843
          ],
          [
            77.209392,
            28.613844
          ],
          [
            77.20939,
            28.613843
          ]
        ]
      },
      "properties": {
        "road_id": "R-0106",
        "length_m": 2.33,
        "feature_type": "road"
      }
    },
    {
      "type": "Feature",
      "id": "R-0107",
      "geometry": {
        "type": "LineString",
        "coordinates": [
          [
            77.209058,
            28.613846
          ],
          [
            77.209056,
            28.613844
          ],
          [
            77.209059,
            28.613843
          ],
          [
            77.209061,
            28.613842
          ],
          [
            77.209062,
            28.613842
          ],
          [
            77.20906,
            28.613843
          ],
          [
            77.209061,
            28.613843
          ],
          [
            77.209061,
            28.613845
          ],
          [
            77.209061,
            28.613843
          ],
          [
            77.209056,
            28.613844
          ]
        ]
      },
      "properties": {
        "road_id": "R-0107",
        "length_m": 2.23,
        "feature_type": "road"
      }
    },
    {
      "type": "Feature",
      "id": "R-0108",
      "geometry": {
        "type": "LineString",
        "coordinates": [
          [
            77.20905,
            28.613851
          ],
          [
            77.20905,
            28.613849
          ],
          [
            77.209049,
            28.613847
          ],
          [
            77.209051,
            28.613848
          ],
          [
            77.209053,
            28.613848
          ],
          [
            77.209055,
            28.613847
          ],
          [
            77.209054,
            28.613848
          ],
          [
            77.209052,
            28.613849
          ],
          [
            77.209051,
            28.613848
          ]
        ]
      },
      "properties": {
        "road_id": "R-0108",
        "length_m": 1.76,
        "feature_type": "road"
      }
    },
    {
      "type": "Feature",
      "id": "R-0109",
      "geometry": {
        "type": "LineString",
        "coordinates": [
          [
            77.209413,
            28.613855
          ],
          [
            77.209412,
            28.613855
          ],
          [
            77.209409,
            28.613855
          ],
          [
            77.209413,
            28.613854
          ],
          [
            77.209411,
            28.613853
          ],
          [
            77.209409,
            28.613853
          ],
          [
            77.209409,
            28.613851
          ],
          [
            77.209412,
            28.613851
          ],
          [
            77.209414,
            28.613849
          ],
          [
            77.209415,
            28.613848
          ],
          [
            77.209415,
            28.613846
          ],
          [
            77.209412,
            28.613845
          ],
          [
            77.209413,
            28.613843
          ],
          [
            77.209415,
            28.613845
          ],
          [
            77.209416,
            28.613847
          ],
          [
            77.209414,
            28.613848
          ],
          [
            77.209415,
            28.613849
          ],
          [
            77.209413,
            28.61385
          ],
          [
            77.209415,
            28.613851
          ],
          [
            77.209414,
            28.613854
          ],
          [
            77.209416,
            28.613855
          ],
          [
            77.209414,
            28.613855
          ]
        ]
      },
      "properties": {
        "road_id": "R-0109",
        "length_m": 4.82,
        "feature_type": "road"
      }
    },
    {
      "type": "Feature",
      "id": "R-0110",
      "geometry": {
        "type": "LineString",
        "coordinates": [
          [
            77.209025,
            28.613863
          ],
          [
            77.20902,
            28.613862
          ],
          [
            77.20902,
            28.61386
          ],
          [
            77.209021,
            28.613859
          ],
          [
            77.209021,
            28.613858
          ],
          [
            77.209024,
            28.613858
          ],
          [
            77.209024,
            28.613856
          ],
          [
            77.209024,
            28.613855
          ],
          [
            77.209025,
            28.613855
          ],
          [
            77.209028,
            28.613856
          ],
          [
            77.209029,
            28.613858
          ],
          [
            77.209028,
            28.613858
          ],
          [
            77.20903,
            28.61386
          ],
          [
            77.209033,
            28.613861
          ],
          [
            77.209031,
            28.613862
          ],
          [
            77.209029,
            28.613863
          ],
          [
            77.209028,
            28.613863
          ]
        ]
      },
      "properties": {
        "road_id": "R-0110",
        "length_m": 3.39,
        "feature_type": "road"
      }
    },
    {
      "type": "Feature",
      "id": "R-0111",
      "geometry": {
        "type": "LineString",
        "coordinates": [
          [
            77.20904,
            28.613868
          ],
          [
            77.209043,
            28.613866
          ],
          [
            77.209041,
            28.613866
          ],
          [
            77.209043,
            28.613864
          ],
          [
            77.209041,
            28.613862
          ],
          [
            77.209041,
            28.61386
          ],
          [
            77.209043,
            28.61386
          ],
          [
            77.209043,
            28.613862
          ],
          [
            77.209046,
            28.613859
          ],
          [
            77.209044,
            28.613859
          ],
          [
            77.209043,
            28.613858
          ],
          [
            77.209047,
            28.613854
          ],
          [
            77.209047,
            28.613857
          ],
          [
            77.209049,
            28.613854
          ],
          [
            77.20905,
            28.613856
          ],
          [
            77.209048,
            28.613857
          ],
          [
            77.209047,
            28.613858
          ],
          [
            77.209047,
            28.613861
          ],
          [
            77.209049,
            28.613862
          ],
          [
            77.209047,
            28.613862
          ],
          [
            77.209047,
            28.613862
          ],
          [
            77.209045,
            28.613863
          ],
          [
            77.209047,
            28.613865
          ],
          [
            77.209046,
            28.613866
          ],
          [
            77.209046,
            28.613866
          ],
          [
            77.209043,
            28.613868
          ],
          [
            77.209044,
            28.613867
          ],
          [
            77.209046,
            28.613866
          ],
          [
            77.209045,
            28.613863
          ],
          [
            77.209046,
            28.613863
          ],
          [
            77.209043,
            28.613863
          ],
          [
            77.209043,
            28.613864
          ],
          [
            77.209043,
            28.613866
          ]
        ]
      },
      "properties": {
        "road_id": "R-0111",
        "length_m": 7.71,
        "feature_type": "road"
      }
    },
    {
      "type": "Feature",
      "id": "R-0112",
      "geometry": {
        "type": "LineString",
        "coordinates": [
          [
            77.209079,
            28.613868
          ],
          [
            77.209078,
            28.613868
          ],
          [
            77.209077,
            28.613866
          ],
          [
            77.209079,
            28.613868
          ],
          [
            77.209081,
            28.613866
          ],
          [
            77.209083,
            28.613866
          ],
          [
            77.209083,
            28.613865
          ],
          [
            77.209084,
            28.613865
          ],
          [
            77.209084,
            28.613866
          ],
          [
            77.209081,
            28.613869
          ]
        ]
      },
      "properties": {
        "road_id": "R-0112",
        "length_m": 2.12,
        "feature_type": "road"
      }
    },
    {
      "type": "Feature",
      "id": "R-0113",
      "geometry": {
        "type": "LineString",
        "coordinates": [
          [
            77.209091,
            28.613875
          ],
          [
            77.209089,
            28.613873
          ],
          [
            77.209088,
            28.613872
          ],
          [
            77.20909,
            28.613873
          ],
          [
            77.20909,
            28.613871
          ],
          [
            77.20909,
            28.61387
          ],
          [
            77.209091,
            28.613868
          ],
          [
            77.209093,
            28.613868
          ],
          [
            77.209091,
            28.61387
          ],
          [
            77.209093,
            28.613871
          ],
          [
            77.209092,
            28.613873
          ]
        ]
      },
      "properties": {
        "road_id": "R-0113",
        "length_m": 2.08,
        "feature_type": "road"
      }
    },
    {
      "type": "Feature",
      "id": "R-0114",
      "geometry": {
        "type": "LineString",
        "coordinates": [
          [
            77.209332,
            28.613876
          ],
          [
            77.209332,
            28.613874
          ],
          [
            77.209331,
            28.613872
          ],
          [
            77.209331,
            28.613868
          ],
          [
            77.209332,
            28.613862
          ],
          [
            77.209333,
            28.613863
          ],
          [
            77.209335,
            28.613863
          ],
          [
            77.209333,
            28.613864
          ],
          [
            77.209332,
            28.613866
          ],
          [
            77.209335,
            28.613867
          ],
          [
            77.209335,
            28.613869
          ],
          [
            77.209336,
            28.613868
          ],
          [
            77.209336,
            28.613869
          ],
          [
            77.209334,
            28.61387
          ],
          [
            77.209336,
            28.613871
          ],
          [
            77.209336,
            28.613871
          ],
          [
            77.209338,
            28.613871
          ],
          [
            77.209338,
            28.613873
          ],
          [
            77.209336,
            28.613871
          ],
          [
            77.209335,
            28.613872
          ],
          [
            77.209332,
            28.613872
          ]
        ]
      },
      "properties": {
        "road_id": "R-0114",
        "length_m": 4.67,
        "feature_type": "road"
      }
    },
    {
      "type": "Feature",
      "id": "R-0115",
      "geometry": {
        "type": "LineString",
        "coordinates": [
          [
            77.209368,
            28.613882
          ],
          [
            77.209368,
            28.613881
          ],
          [
            77.209367,
            28.613881
          ],
          [
            77.209368,
            28.613878
          ],
          [
            77.209366,
            28.613878
          ],
          [
            77.209368,
            28.613877
          ],
          [
            77.209366,
            28.613876
          ],
          [
            77.209368,
            28.613872
          ],
          [
            77.209369,
            28.613874
          ],
          [
            77.209372,
            28.613874
          ],
          [
            77.209372,
            28.613877
          ],
          [
            77.209372,
            28.61388
          ],
          [
            77.209371,
            28.613878
          ],
          [
            77.209369,
            28.613878
          ]
        ]
      },
      "properties": {
        "road_id": "R-0115",
        "length_m": 3.3,
        "feature_type": "road"
      }
    },
    {
      "type": "Feature",
      "id": "R-0116",
      "geometry": {
        "type": "LineString",
        "coordinates": [
          [
            77.209043,
            28.613882
          ],
          [
            77.209043,
            28.613881
          ],
          [
            77.209043,
            28.613877
          ],
          [
            77.209046,
            28.613876
          ],
          [
            77.209047,
            28.613876
          ],
          [
            77.209048,
            28.613873
          ],
          [
            77.209049,
            28.613872
          ],
          [
            77.209051,
            28.613872
          ],
          [
            77.209051,
            28.613874
          ],
          [
            77.209047,
            28.613878
          ],
          [
            77.20905,
            28.613878
          ],
          [
            77.209048,
            28.613878
          ],
          [
            77.209047,
            28.613879
          ],
          [
            77.209047,
            28.61388
          ],
          [
            77.209045,
            28.613881
          ]
        ]
      },
      "properties": {
        "road_id": "R-0116",
        "length_m": 3.45,
        "feature_type": "road"
      }
    },
    {
      "type": "Feature",
      "id": "R-0117",
      "geometry": {
        "type": "LineString",
        "coordinates": [
          [
            77.209412,
            28.613883
          ],
          [
            77.209408,
            28.613883
          ],
          [
            77.209413,
            28.613882
          ],
          [
            77.209408,
            28.613881
          ],
          [
            77.209407,
            28.61388
          ],
          [
            77.209409,
            28.61388
          ],
          [
            77.209412,
            28.613879
          ],
          [
            77.209411,
            28.613877
          ],
          [
            77.209409,
            28.613877
          ],
          [
            77.209408,
            28.613876
          ],
          [
            77.209407,
            28.613876
          ],
          [
            77.209411,
            28.613876
          ],
          [
            77.20941,
            28.613874
          ],
          [
            77.209408,
            28.613874
          ],
          [
            77.20941,
            28.613872
          ],
          [
            77.209407,
            28.613871
          ],
          [
            77.209409,
            28.613871
          ],
          [
            77.209411,
            28.61387
          ],
          [
            77.209409,
            28.613868
          ],
          [
            77.209411,
            28.613869
          ],
          [
            77.209411,
            28.613867
          ],
          [
            77.209409,
            28.613867
          ],
          [
            77.209411,
            28.613866
          ],
          [
            77.209407,
            28.613865
          ],
          [
            77.209406,
            28.613866
          ],
          [
            77.209404,
            28.613865
          ],
          [
            77.209406,
            28.613864
          ],
          [
            77.209404,
            28.613863
          ],
          [
            77.209404,
            28.613862
          ],
          [
            77.209406,
            28.613861
          ],
          [
            77.209407,
            28.613858
          ],
          [
            77.209415,
            28.613858
          ],
          [
            77.209414,
            28.613861
          ],
          [
            77.209415,
            28.613866
          ],
          [
            77.209418,
            28.613868
          ],
          [
            77.209416,
            28.613867
          ],
          [
            77.209414,
            28.613869
          ],
          [
            77.209413,
            28.613871
          ],
          [
            77.209415,
            28.613873
          ],
          [
            77.209413,
            28.613873
          ],
          [
            77.209415,
            28.613874
          ],
          [
            77.209413,
            28.613876
          ],
          [
            77.209413,
            28.613878
          ],
          [
            77.209417,
            28.61388
          ],
          [
            77.209415,
            28.613881
          ],
          [
            77.209416,
            28.613883
          ],
          [
            77.209414,
            28.613885
          ]
        ]
      },
      "properties": {
        "road_id": "R-0117",
        "length_m": 12.67,
        "feature_type": "road"
      }
    },
    {
      "type": "Feature",
      "id": "R-0118",
      "geometry": {
        "type": "LineString",
        "coordinates": [
          [
            77.209215,
            28.613893
          ],
          [
            77.209214,
            28.613892
          ],
          [
            77.209214,
            28.613889
          ],
          [
            77.209214,
            28.613888
          ],
          [
            77.209214,
            28.613884
          ],
          [
            77.209216,
            28.613885
          ],
          [
            77.209215,
            28.613889
          ],
          [
            77.209217,
            28.61389
          ],
          [
            77.20922,
            28.61389
          ],
          [
            77.209216,
            28.613891
          ]
        ]
      },
      "properties": {
        "road_id": "R-0118",
        "length_m": 2.63,
        "feature_type": "road"
      }
    },
    {
      "type": "Feature",
      "id": "R-0119",
      "geometry": {
        "type": "LineString",
        "coordinates": [
          [
            77.209212,
            28.613896
          ],
          [
            77.209211,
            28.613895
          ],
          [
            77.20921,
            28.613894
          ],
          [
            77.209208,
            28.613894
          ],
          [
            77.209205,
            28.613895
          ],
          [
            77.209204,
            28.613896
          ],
          [
            77.209202,
            28.613896
          ],
          [
            77.209202,
            28.613894
          ],
          [
            77.209204,
            28.613893
          ],
          [
            77.209205,
            28.613895
          ],
          [
            77.209207,
            28.613894
          ],
          [
            77.209209,
            28.613893
          ],
          [
            77.20921,
            28.613894
          ],
          [
            77.209211,
            28.613892
          ],
          [
            77.209214,
            28.613894
          ],
          [
            77.209214,
            28.613896
          ]
        ]
      },
      "properties": {
        "road_id": "R-0119",
        "length_m": 3.19,
        "feature_type": "road"
      }
    },
    {
      "type": "Feature",
      "id": "R-0120",
      "geometry": {
        "type": "LineString",
        "coordinates": [
          [
            77.209,
            28.613899
          ],
          [
            77.209001,
            28.613874
          ],
          [
            77.209,
            28.613871
          ],
          [
            77.209002,
            28.613868
          ],
          [
            77.209,
            28.613863
          ],
          [
            77.209,
            28.613837
          ],
          [
            77.209001,
            28.61374
          ],
          [
            77.209001,
            28.613703
          ],
          [
            77.209001,
            28.613635
          ],
          [
            77.209001,
            28.613612
          ],
          [
            77.209001,
            28.61361
          ],
          [
            77.209001,
            28.613607
          ],
          [
            77.209001,
            28.613605
          ],
          [
            77.209001,
            28.613599
          ],
          [
            77.209001,
            28.613595
          ],
          [
            77.209001,
            28.613556
          ],
          [
            77.209,
            28.613533
          ],
          [
            77.209034,
            28.613533
          ],
          [
            77.209031,
            28.613533
          ],
          [
            77.20903,
            28.613533
          ],
          [
            77.209025,
            28.613533
          ],
          [
            77.209023,
            28.613535
          ],
          [
            77.209021,
            28.613536
          ],
          [
            77.209022,
            28.613533
          ],
          [
            77.20902,
            28.613533
          ],
          [
            77.209016,
            28.613534
          ],
          [
            77.209011,
            28.613533
          ],
          [
            77.20901,
            28.613533
          ],
          [
            77.209007,
            28.613533
          ],
          [
            77.209007,
            28.613533
          ],
          [
            77.209004,
            28.613533
          ],
          [
            77.209003,
            28.613533
          ],
          [
            77.209002,
            28.613535
          ],
          [
            77.209002,
            28.613536
          ],
          [
            77.209001,
            28.613538
          ],
          [
            77.209002,
            28.61354
          ],
          [
            77.209003,
            28.613537
          ],
          [
            77.209006,
            28.613537
          ],
          [
            77.209007,
            28.613536
          ],
          [
            77.209005,
            28.613538
          ],
          [
            77.209007,
            28.613538
          ],
          [
            77.209005,
            28.613538
          ],
          [
            77.209004,
            28.613541
          ],
          [
            77.209003,
            28.613539
          ],
          [
            77.209002,
            28.613541
          ],
          [
            77.209002,
            28.613544
          ],
          [
            77.209004,
            28.613546
          ],
          [
            77.209003,
            28.613548
          ],
          [
            77.209002,
            28.613548
          ],
          [
            77.209002,
            28.61355
          ],
          [
            77.209005,
            28.613551
          ],
          [
            77.209003,
            28.613549
          ],
          [
            77.209003,
            28.613551
          ],
          [
            77.209002,
            28.613551
          ],
          [
            77.209001,
            28.613554
          ],
          [
            77.209001,
            28.613556
          ],
          [
            77.209002,
            28.613559
          ],
          [
            77.209003,
            28.613557
          ],
          [
            77.209003,
            28.613562
          ],
          [
            77.209004,
            28.613562
          ],
          [
            77.209005,
            28.613564
          ],
          [
            77.209002,
            28.613566
          ],
          [
            77.209001,
            28.613567
          ],
          [
            77.209002,
            28.613568
          ],
          [
            77.209003,
            28.613569
          ],
          [
            77.209002,
            28.613571
          ],
          [
            77.209005,
            28.613572
          ],
          [
            77.209004,
            28.613573
          ],
          [
            77.209002,
            28.613574
          ],
          [
            77.209003,
            28.613581
          ],
          [
            77.209001,
            28.613582
          ],
          [
            77.209004,
            28.613582
          ],
          [
            77.209002,
            28.613583
          ],
          [
            77.209004,
            28.613585
          ],
          [
            77.209004,
            28.613584
          ],
          [
            77.209007,
            28.613585
          ],
          [
            77.209007,
            28.613586
          ],
          [
            77.209005,
            28.613585
          ],
          [
            77.209002,
            28.613586
          ],
          [
            77.209002,
            28.613587
          ],
          [
            77.209005,
            28.613587
          ],
          [
            77.209004,
            28.613589
          ],
          [
            77.209004,
            28.61359
          ],
          [
            77.209002,
            28.61359
          ],
          [
            77.209003,
            28.613592
          ],
          [
            77.209006,
            28.613591
          ],
          [
            77.209004,
            28.613592
          ],
          [
            77.209002,
            28.613592
          ],
          [
            77.209002,
            28.613595
          ],
          [
            77.209002,
            28.613596
          ],
          [
            77.209003,
            28.613596
          ],
          [
            77.209003,
            28.613597
          ],
          [
            77.209005,
            28.613598
          ],
          [
            77.209004,
            28.613601
          ],
          [
            77.209006,
            28.613602
          ],
          [
            77.209008,
            28.613602
          ],
          [
            77.209007,
            28.613602
          ],
          [
            77.209005,
            28.613602
          ],
          [
            77.209004,
            28.613605
          ],
          [
            77.209002,
            28.613608
          ],
          [
            77.209002,
            28.61361
          ],
          [
            77.209002,
            28.613614
          ],
          [
            77.209006,
            28.613615
          ],
          [
            77.209005,
            28.613617
          ],
          [
            77.209007,
            28.613619
          ],
          [
            77.209005,
            28.61362
          ],
          [
            77.209005,
            28.613622
          ],
          [
            77.209006,
            28.613619
          ],
          [
            77.209004,
            28.613615
          ],
          [
            77.209001,
            28.613616
          ],
          [
            77.209003,
            28.613618
          ],
          [
            77.209003,
            28.613621
          ],
          [
            77.209002,
            28.613626
          ],
          [
            77.209004,
            28.613629
          ],
          [
            77.209002,
            28.61363
          ],
          [
            77.209004,
            28.613631
          ],
          [
            77.209004,
            28.613637
          ],
          [
            77.209002,
            28.613638
          ],
          [
            77.209004,
            28.613639
          ],
          [
            77.209002,
            28.61364
          ],
          [
            77.209004,
            28.613641
          ],
          [
            77.209002,
            28.613643
          ],
          [
            77.209004,
            28.613644
          ],
          [
            77.209004,
            28.613646
          ],
          [
            77.209002,
            28.613647
          ],
          [
            77.209002,
            28.61365
          ],
          [
            77.209004,
            28.613652
          ],
          [
            77.209004,
            28.613656
          ],
          [
            77.209005,
            28.613656
          ],
          [
            77.209007,
            28.613657
          ],
          [
            77.209007,
            28.613655
          ],
          [
            77.209007,
            28.613651
          ],
          [
            77.209007,
            28.613655
          ],
          [
            77.209007,
            28.613657
          ],
          [
            77.209004,
            28.613656
          ],
          [
            77.209002,
            28.613658
          ],
          [
            77.209003,
            28.613659
          ],
          [
            77.209002,
            28.613661
          ],
          [
            77.209002,
            28.613664
          ],
          [
            77.209004,
            28.613664
          ],
          [
            77.209003,
            28.613666
          ],
          [
            77.209002,
            28.613667
          ],
          [
            77.209002,
            28.61367
          ],
          [
            77.209002,
            28.613673
          ],
          [
            77.209003,
            28.613674
          ],
          [
            77.209005,
            28.613674
          ],
          [
            77.209005,
            28.613682
          ],
          [
            77.209002,
            28.613683
          ],
          [
            77.209005,
            28.613685
          ],
          [
            77.209003,
            28.613685
          ],
          [
            77.209002,
            28.613687
          ],
          [
            77.209003,
            28.613689
          ],
          [
            77.209006,
            28.613689
          ],
          [
            77.209004,
            28.613689
          ],
          [
            77.209002,
            28.613692
          ],
          [
            77.209002,
            28.613692
          ],
          [
            77.209002,
            28.613696
          ],
          [
            77.209002,
            28.613698
          ],
          [
            77.209002,
            28.613699
          ],
          [
            77.209003,
            28.6137
          ],
          [
            77.209002,
            28.613705
          ],
          [
            77.209002,
            28.613707
          ],
          [
            77.209003,
            28.613708
          ],
          [
            77.209002,
            28.61371
          ],
          [
            77.209002,
            28.613715
          ],
          [
            77.209002,
            28.613716
          ],
          [
            77.209002,
            28.61372
          ],
          [
            77.209002,
            28.613721
          ],
          [
            77.209002,
            28.613727
          ],
          [
            77.209001,
            28.613728
          ],
          [
            77.209002,
            28.613732
          ],
          [
            77.209002,
            28.613733
          ],
          [
            77.209002,
            28.613737
          ],
          [
            77.209002,
            28.613738
          ],
          [
            77.209,
            28.613742
          ],
          [
            77.209001,
            28.613743
          ],
          [
            77.209002,
            28.613745
          ],
          [
            77.209002,
            28.613747
          ],
          [
            77.209002,
            28.61375
          ],
          [
            77.209002,
            28.613751
          ],
          [
            77.209003,
            28.613754
          ],
          [
            77.209002,
            28.613759
          ],
          [
            77.209002,
            28.61376
          ],
          [
            77.209003,
            28.613763
          ],
          [
            77.209002,
            28.613763
          ],
          [
            77.209002,
            28.613772
          ],
          [
            77.209002,
            28.613774
          ],
          [
            77.209002,
            28.613791
          ],
          [
            77.209003,
            28.613793
          ],
          [
            77.209005,
            28.613791
          ],
          [
            77.209004,
            28.613793
          ],
          [
            77.209002,
            28.613796
          ],
          [
            77.209002,
            28.613799
          ],
          [
            77.209003,
            28.613799
          ],
          [
            77.209002,
            28.613802
          ],
          [
            77.209002,
            28.613804
          ],
          [
            77.209003,
            28.613807
          ],
          [
            77.209002,
            28.613808
          ],
          [
            77.209003,
            28.613809
          ],
          [
            77.209003,
            28.613811
          ],
          [
            77.209002,
            28.613812
          ],
          [
            77.209003,
            28.613814
          ],
          [
            77.209001,
            28.613815
          ],
          [
            77.209002,
            28.613817
          ],
          [
            77.209004,
            28.613817
          ],
          [
            77.209002,
            28.613818
          ],
          [
            77.209004,
            28.613819
          ],
          [
            77.209005,
            28.61382
          ],
          [
            77.209008,
            28.61382
          ],
          [
            77.209005,
            28.613822
          ],
          [
            77.209003,
            28.613822
          ],
          [
            77.209005,
            28.613824
          ],
          [
            77.209002,
            28.613825
          ],
          [
            77.209002,
            28.613826
          ],
          [
            77.209005,
            28.613827
          ],
          [
            77.209007,
            28.613825
          ],
          [
            77.209007,
            28.613828
          ],
          [
            77.209006,
            28.613827
          ],
          [
            77.209003,
            28.61383
          ],
          [
            77.209002,
            28.613831
          ],
          [
            77.209004,
            28.613832
          ],
          [
            77.209005,
            28.613834
          ],
          [
            77.209007,
            28.613832
          ],
          [
            77.209005,
            28.613835
          ],
          [
            77.209007,
            28.613835
          ],
          [
            77.209006,
            28.613836
          ],
          [
            77.209007,
            28.613836
          ],
          [
            77.209008,
            28.613837
          ],
          [
            77.209006,
            28.613837
          ],
          [
            77.209003,
            28.61384
          ],
          [
            77.209004,
            28.613841
          ],
          [
            77.209003,
            28.613843
          ],
          [
            77.209005,
            28.613843
          ],
          [
            77.209005,
            28.613846
          ],
          [
            77.209003,
            28.613848
          ],
          [
            77.209004,
            28.613854
          ],
          [
            77.209003,
            28.613859
          ],
          [
            77.209002,
            28.613863
          ],
          [
            77.209001,
            28.613864
          ],
          [
            77.209001,
            28.613866
          ],
          [
            77.209003,
            28.61387
          ],
          [
            77.209002,
            28.613871
          ],
          [
            77.209004,
            28.613873
          ],
          [
            77.209007,
            28.613871
          ],
          [
            77.209008,
            28.61387
          ],
          [
            77.209006,
            28.613872
          ],
          [
            77.209003,
            28.613872
          ],
          [
            77.209002,
            28.613873
          ],
          [
            77.209002,
            28.613875
          ],
          [
            77.209002,
            28.613878
          ],
          [
            77.209002,
            28.613879
          ],
          [
            77.209002,
            28.613883
          ],
          [
            77.209003,
            28.613886
          ],
          [
            77.209003,
            28.613888
          ],
          [
            77.209002,
            28.613889
          ],
          [
            77.209001,
            28.613891
          ],
          [
            77.209004,
            28.613891
          ],
          [
            77.209002,
            28.613892
          ],
          [
            77.209002,
            28.613894
          ],
          [
            77.209001,
            28.613896
          ],
          [
            77.209002,
            28.613898
          ]
        ]
      },
      "properties": {
        "road_id": "R-0120",
        "length_m": 111.54,
        "feature_type": "road"
      }
    },
    {
      "type": "Feature",
      "id": "R-0121",
      "geometry": {
        "type": "LineString",
        "coordinates": [
          [
            77.209318,
            28.6139
          ],
          [
            77.209328,
            28.613899
          ],
          [
            77.209342,
            28.6139
          ]
        ]
      },
      "properties": {
        "road_id": "R-0121",
        "length_m": 2.33,
        "feature_type": "road"
      }
    },
    {
      "type": "Feature",
      "id": "R-0122",
      "geometry": {
        "type": "LineString",
        "coordinates": [
          [
            77.209233,
            28.613899
          ],
          [
            77.209248,
            28.613899
          ],
          [
            77.209257,
            28.613899
          ],
          [
            77.209273,
            28.6139
          ]
        ]
      },
      "properties": {
        "road_id": "R-0122",
        "length_m": 3.92,
        "feature_type": "road"
      }
    },
    {
      "type": "Feature",
      "id": "R-0123",
      "geometry": {
        "type": "LineString",
        "coordinates": [
          [
            77.209196,
            28.6139
          ],
          [
            77.209228,
            28.613899
          ],
          [
            77.209232,
            28.6139
          ]
        ]
      },
      "properties": {
        "road_id": "R-0123",
        "length_m": 3.53,
        "feature_type": "road"
      }
    },
    {
      "type": "Feature",
      "id": "R-0124",
      "geometry": {
        "type": "LineString",
        "coordinates": [
          [
            77.209088,
            28.6139
          ],
          [
            77.209099,
            28.613899
          ],
          [
            77.209101,
            28.613899
          ],
          [
            77.209106,
            28.613899
          ],
          [
            77.209108,
            28.613899
          ],
          [
            77.209109,
            28.6139
          ],
          [
            77.209111,
            28.613899
          ],
          [
            77.209132,
            28.613899
          ],
          [
            77.209133,
            28.6139
          ],
          [
            77.209135,
            28.6139
          ]
        ]
      },
      "properties": {
        "road_id": "R-0124",
        "length_m": 4.71,
        "feature_type": "road"
      }
    },
    {
      "type": "Feature",
      "id": "R-0125",
      "geometry": {
        "type": "LineString",
        "coordinates": [
          [
            77.209007,
            28.6139
          ],
          [
            77.209006,
            28.613899
          ],
          [
            77.209004,
            28.613898
          ],
          [
            77.209006,
            28.613898
          ],
          [
            77.209007,
            28.6139
          ],
          [
            77.209009,
            28.6139
          ],
          [
            77.209011,
            28.613898
          ],
          [
            77.209014,
            28.6139
          ],
          [
            77.209016,
            28.613899
          ],
          [
            77.209017,
            28.6139
          ],
          [
            77.209025,
            28.6139
          ],
          [
            77.209026,
            28.613899
          ],
          [
            77.209029,
            28.6139
          ],
          [
            77.209036,
            28.613899
          ],
          [
            77.209038,
            28.613899
          ],
          [
            77.209043,
            28.613899
          ],
          [
            77.209049,
            28.613899
          ],
          [
            77.209053,
            28.6139
          ],
          [
            77.209068,
            28.6139
          ],
          [
            77.20907,
            28.613899
          ],
          [
            77.209075,
            28.613899
          ],
          [
            77.209078,
            28.613899
          ],
          [
            77.209087,
            28.6139
          ],
          [
            77.20901,
            28.613899
          ]
        ]
      },
      "properties": {
        "road_id": "R-0125",
        "length_m": 16.58,
        "feature_type": "road"
      }
    }
  ]
}