{
  "type": "FeatureCollection",
  "name": "Cadastral_Features_Paridhi",
  "crs": {
    "type": "name",
    "properties": {
      "name": "urn:ogc:def:crs:OGC:1.3:CRS84"
    }
  },
  "features": [
    {
      "type": "Feature",
      "id": "P-0193",
      "geometry": {
        "type": "Polygon",
        "coordinates": [
          [
            [
              77.21124,
              28.612918
            ],
            [
              77.211236,
              28.612914
            ],
            [
              77.211221,
              28.612914
            ],
            [
              77.211204,
              28.61291
            ],
            [
              77.211202,
              28.612894
            ],
            [
              77.211211,
              28.612892
            ],
            [
              77.211217,
              28.612886
            ],
            [
              77.211217,
              28.612879
            ],
            [
              77.211211,
              28.612873
            ],
            [
              77.211202,
              28.612873
            ],
            [
              77.211202,
              28.612853
            ],
            [
              77.211211,
              28.612853
            ],
            [
              77.211213,
              28.612851
            ],
            [
              77.211221,
              28.612853
            ],
            [
              77.211268,
              28.612853
            ],
            [
              77.21127,
              28.612851
            ],
            [
              77.21128,
              28.612851
            ],
            [
              77.211282,
              28.612853
            ],
            [
              77.211323,
              28.612853
            ],
            [
              77.211325,
              28.612851
            ],
            [
              77.211327,
              28.612853
            ],
            [
              77.21134,
              28.612853
            ],
            [
              77.211342,
              28.612851
            ],
            [
              77.211356,
              28.612851
            ],
            [
              77.211359,
              28.612853
            ],
            [
              77.211373,
              28.612853
            ],
            [
              77.211376,
              28.612851
            ],
            [
              77.21138,
              28.612853
            ],
            [
              77.211392,
              28.612853
            ],
            [
              77.211395,
              28.612851
            ],
            [
              77.211399,
              28.612853
            ],
            [
              77.211411,
              28.612853
            ],
            [
              77.211414,
              28.612851
            ],
            [
              77.21142,
              28.612853
            ],
            [
              77.211447,
              28.612853
            ],
            [
              77.21145,
              28.612851
            ],
            [
              77.211456,
              28.612853
            ],
            [
              77.211469,
              28.612853
            ],
            [
              77.211471,
              28.612851
            ],
            [
              77.2116,
              28.612853
            ],
            [
              77.211593,
              28.612875
            ],
            [
              77.211593,
              28.612894
            ],
            [
              77.2116,
              28.612899
            ],
            [
              77.2116,
              28.612905
            ],
            [
              77.211593,
              28.612912
            ],
            [
              77.21153,
              28.612912
            ],
            [
              77.211524,
              28.612918
            ],
            [
              77.211496,
              28.612918
            ],
            [
              77.211492,
              28.612914
            ],
            [
              77.211479,
              28.612914
            ],
            [
              77.211473,
              28.612918
            ],
            [
              77.211466,
              28.612912
            ],
            [
              77.211399,
              28.612912
            ],
            [
              77.21139,
              28.612918
            ],
            [
              77.211352,
              28.612918
            ],
            [
              77.21135,
              28.612916
            ],
            [
              77.211323,
              28.612918
            ],
            [
              77.211314,
              28.612912
            ],
            [
              77.211266,
              28.612912
            ],
            [
              77.211257,
              28.612918
            ],
            [
              77.21124,
              28.612918
            ]
          ],
          [
            [
              77.211441,
              28.61289
            ],
            [
              77.211452,
              28.61289
            ],
            [
              77.211454,
              28.612888
            ],
            [
              77.211456,
              28.61289
            ],
            [
              77.211475,
              28.61289
            ],
            [
              77.211481,
              28.612884
            ],
            [
              77.211481,
              28.612877
            ],
            [
              77.211471,
              28.612869
            ],
            [
              77.211445,
              28.612868
            ],
            [
              77.211435,
              28.612877
            ],
            [
              77.211435,
              28.612884
            ],
            [
              77.211441,
              28.61289
            ]
          ]
        ]
      },
      "properties": {
        "parcel_id": "P-0193",
        "numeric_id": 193,
        "area_sqm": 253.4,
        "area_hectares": 0.0253,
        "area_acres": 0.0626,
        "area_gaj": 303.07,
        "perimeter_m": 107.59,
        "compactness": 0.275,
        "builtup_area_sqm": 0.0,
        "builtup_pct": 0.0,
        "building_count": 0,
        "land_use": "Vacant / Open Plot",
        "confidence": 0.81,
        "verification_status": "Pending Review",
        "centroid_px": [
          2930.1,
          1414.8
        ],
        "centroid_geo": [
          77.211399,
          28.612883
        ],
        "feature_type": "parcel"
      }
    },
    {
      "type": "Feature",
      "id": "P-0192",
      "geometry": {
        "type": "Polygon",
        "coordinates": [
          [
            [
              77.210405,
              28.612918
            ],
            [
              77.210405,
              28.612856
            ],
            [
              77.210802,
              28.612855
            ],
            [
              77.2108,
              28.612856
            ],
            [
              77.2108,
              28.612888
            ],
            [
              77.210796,
              28.612901
            ],
            [
              77.210796,
              28.612914
            ],
            [
              77.210559,
              28.612916
            ],
            [
              77.210559,
              28.612912
            ],
            [
              77.210553,
              28.612907
            ],
            [
              77.210557,
              28.612903
            ],
            [
              77.210557,
              28.612895
            ],
            [
              77.210551,
              28.61289
            ],
            [
              77.210542,
              28.61289
            ],
            [
              77.21054,
              28.612892
            ],
            [
              77.210527,
              28.61289
            ],
            [
              77.210521,
              28.612895
            ],
            [
              77.210521,
              28.612903
            ],
            [
              77.210527,
              28.612908
            ],
            [
              77.21054,
              28.612907
            ],
            [
              77.210542,
              28.612908
            ],
            [
              77.210538,
              28.612912
            ],
            [
              77.210538,
              28.612916
            ],
            [
              77.210405,
              28.612918
            ]
          ]
        ]
      },
      "properties": {
        "parcel_id": "P-0192",
        "numeric_id": 192,
        "area_sqm": 249.9,
        "area_hectares": 0.025,
        "area_acres": 0.0618,
        "area_gaj": 298.88,
        "perimeter_m": 99.71,
        "compactness": 0.316,
        "builtup_area_sqm": 0.0,
        "builtup_pct": 0.0,
        "building_count": 0,
        "land_use": "Vacant / Open Plot",
        "confidence": 0.81,
        "verification_status": "Pending Review",
        "centroid_px": [
          1957.7,
          1412.5
        ],
        "centroid_geo": [
          77.210603,
          28.612885
        ],
        "feature_type": "parcel"
      }
    },
    {
      "type": "Feature",
      "id": "P-0188",
      "geometry": {
        "type": "Polygon",
        "coordinates": [
          [
            [
              77.209613,
              28.612927
            ],
            [
              77.209613,
              28.612882
            ],
            [
              77.209611,
              28.612881
            ],
            [
              77.209611,
              28.612868
            ],
            [
              77.209613,
              28.612866
            ],
            [
              77.209628,
              28.612866
            ],
            [
              77.20963,
              28.612868
            ],
            [
              77.209679,
              28.612866
            ],
            [
              77.209681,
              28.612868
            ],
            [
              77.20969,
              28.612868
            ],
            [
              77.209692,
              28.612866
            ],
            [
              77.209791,
              28.612866
            ],
            [
              77.209793,
              28.612864
            ],
            [
              77.209797,
              28.612866
            ],
            [
              77.209817,
              28.612866
            ],
            [
              77.209819,
              28.612864
            ],
            [
              77.210022,
              28.612862
            ],
            [
              77.21002,
              28.612864
            ],
            [
              77.21002,
              28.612886
            ],
            [
              77.210017,
              28.612888
            ],
            [
              77.210017,
              28.612905
            ],
            [
              77.210022,
              28.612908
            ],
            [
              77.21002,
              28.612923
            ],
            [
              77.210011,
              28.612923
            ],
            [
              77.210011,
              28.612918
            ],
            [
              77.210007,
              28.612914
            ],
            [
              77.210007,
              28.612901
            ],
            [
              77.209998,
              28.612894
            ],
            [
              77.209986,
              28.612892
            ],
            [
              77.20999,
              28.612888
            ],
            [
              77.20999,
              28.612881
            ],
            [
              77.209984,
              28.612875
            ],
            [
              77.209975,
              28.612875
            ],
            [
              77.209969,
              28.612881
            ],
            [
              77.209969,
              28.612888
            ],
            [
              77.209971,
              28.61289
            ],
            [
              77.20996,
              28.612894
            ],
            [
              77.209886,
              28.612894
            ],
            [
              77.209878,
              28.612895
            ],
            [
              77.209869,
              28.612905
            ],
            [
              77.209869,
              28.612921
            ],
            [
              77.209867,
              28.612923
            ],
            [
              77.209855,
              28.612923
            ],
            [
              77.209852,
              28.612925
            ],
            [
              77.209717,
              28.612925
            ],
            [
              77.209715,
              28.612927
            ],
            [
              77.209713,
              28.612925
            ],
            [
              77.209666,
              28.612925
            ],
            [
              77.209664,
              28.612927
            ],
            [
              77.209613,
              28.612927
            ]
          ],
          [
            [
              77.209647,
              28.612914
            ],
            [
              77.209658,
              28.612914
            ],
            [
              77.20966,
              28.612912
            ],
            [
              77.209673,
              28.612914
            ],
            [
              77.209679,
              28.612908
            ],
            [
              77.209679,
              28.612901
            ],
            [
              77.209664,
              28.612892
            ],
            [
              77.209656,
              28.612892
            ],
            [
              77.209641,
              28.612901
            ],
            [
              77.209641,
              28.612908
            ],
            [
              77.209647,
              28.612914
            ]
          ]
        ]
      },
      "properties": {
        "parcel_id": "P-0188",
        "numeric_id": 188,
        "area_sqm": 210.91,
        "area_hectares": 0.0211,
        "area_acres": 0.0521,
        "area_gaj": 252.24,
        "perimeter_m": 113.77,
        "compactness": 0.205,
        "builtup_area_sqm": 0.0,
        "builtup_pct": 0.0,
        "building_count": 0,
        "land_use": "Vacant / Open Plot",
        "confidence": 0.79,
        "verification_status": "Pending Review",
        "centroid_px": [
          969.7,
          1403.5
        ],
        "centroid_geo": [
          77.209794,
          28.612891
        ],
        "feature_type": "parcel"
      }
    },
    {
      "type": "Feature",
      "id": "P-0187",
      "geometry": {
        "type": "Polygon",
        "coordinates": [
          [
            [
              77.209199,
              28.612934
            ],
            [
              77.209195,
              28.612929
            ],
            [
              77.209197,
              28.612918
            ],
            [
              77.209188,
              28.61291
            ],
            [
              77.209188,
              28.612884
            ],
            [
              77.209184,
              28.612879
            ],
            [
              77.209188,
              28.612853
            ],
            [
              77.209195,
              28.612856
            ],
            [
              77.20919,
              28.61286
            ],
            [
              77.20919,
              28.612868
            ],
            [
              77.209195,
              28.612871
            ],
            [
              77.209195,
              28.612886
            ],
            [
              77.209203,
              28.612894
            ],
            [
              77.209212,
              28.612894
            ],
            [
              77.209218,
              28.612888
            ],
            [
              77.209226,
              28.612894
            ],
            [
              77.20925,
              28.612894
            ],
            [
              77.20926,
              28.612882
            ],
            [
              77.20926,
              28.612875
            ],
            [
              77.209254,
              28.612869
            ],
            [
              77.209372,
              28.612869
            ],
            [
              77.209374,
              28.612868
            ],
            [
              77.209381,
              28.612869
            ],
            [
              77.209406,
              28.612869
            ],
            [
              77.209408,
              28.612868
            ],
            [
              77.209432,
              28.612869
            ],
            [
              77.209434,
              28.612868
            ],
            [
              77.209482,
              28.612868
            ],
            [
              77.209476,
              28.612875
            ],
            [
              77.209476,
              28.612882
            ],
            [
              77.20947,
              28.612888
            ],
            [
              77.20947,
              28.612899
            ],
            [
              77.209478,
              28.612907
            ],
            [
              77.209493,
              28.612907
            ],
            [
              77.209495,
              28.612908
            ],
            [
              77.209556,
              28.612907
            ],
            [
              77.209563,
              28.612901
            ],
            [
              77.209563,
              28.612892
            ],
            [
              77.209565,
              28.61289
            ],
            [
              77.209565,
              28.612879
            ],
            [
              77.209556,
              28.612868
            ],
            [
              77.209582,
              28.612868
            ],
            [
              77.209582,
              28.612879
            ],
            [
              77.209577,
              28.612882
            ],
            [
              77.209577,
              28.612888
            ],
            [
              77.209573,
              28.612894
            ],
            [
              77.209575,
              28.612908
            ],
            [
              77.20958,
              28.612912
            ],
            [
              77.20958,
              28.612927
            ],
            [
              77.209239,
              28.612929
            ],
            [
              77.209237,
              28.612931
            ],
            [
              77.209207,
              28.612929
            ],
            [
              77.209199,
              28.612934
            ]
          ]
        ]
      },
      "properties": {
        "parcel_id": "P-0187",
        "numeric_id": 187,
        "area_sqm": 198.75,
        "area_hectares": 0.0199,
        "area_acres": 0.0491,
        "area_gaj": 237.7,
        "perimeter_m": 111.16,
        "compactness": 0.202,
        "builtup_area_sqm": 0.0,
        "builtup_pct": 0.0,
        "building_count": 0,
        "land_use": "Vacant / Open Plot",
        "confidence": 0.79,
        "verification_status": "Pending Review",
        "centroid_px": [
          451.1,
          1389.5
        ],
        "centroid_geo": [
          77.209369,
          28.612901
        ],
        "feature_type": "parcel"
      }
    },
    {
      "type": "Feature",
      "id": "P-0194",
      "geometry": {
        "type": "Polygon",
        "coordinates": [
          [
            [
              77.210959,
              28.612916
            ],
            [
              77.210957,
              28.612914
            ],
            [
              77.210821,
              28.612914
            ],
            [
              77.210828,
              28.612892
            ],
            [
              77.210828,
              28.612869
            ],
            [
              77.210832,
              28.612855
            ],
            [
              77.21084,
              28.612853
            ],
            [
              77.210849,
              28.612855
            ],
            [
              77.210859,
              28.612855
            ],
            [
              77.210861,
              28.612853
            ],
            [
              77.210868,
              28.612855
            ],
            [
              77.210881,
              28.612855
            ],
            [
              77.210883,
              28.612853
            ],
            [
              77.211046,
              28.612853
            ],
            [
              77.211054,
              28.612855
            ],
            [
              77.211052,
              28.612871
            ],
            [
              77.211056,
              28.612882
            ],
            [
              77.211054,
              28.612884
            ],
            [
              77.21105,
              28.612912
            ],
            [
              77.210961,
              28.612914
            ],
            [
              77.210959,
              28.612916
            ]
          ]
        ]
      },
      "properties": {
        "parcel_id": "P-0194",
        "numeric_id": 194,
        "area_sqm": 148.65,
        "area_hectares": 0.0149,
        "area_acres": 0.0367,
        "area_gaj": 177.78,
        "perimeter_m": 57.83,
        "compactness": 0.559,
        "builtup_area_sqm": 0.0,
        "builtup_pct": 0.0,
        "building_count": 0,
        "land_use": "Vacant / Open Plot",
        "confidence": 0.86,
        "verification_status": "Pending Review",
        "centroid_px": [
          2369.5,
          1414.6
        ],
        "centroid_geo": [
          77.21094,
          28.612883
        ],
        "feature_type": "parcel"
      }
    },
    {
      "type": "Feature",
      "id": "P-0473",
      "geometry": {
        "type": "Polygon",
        "coordinates": [
          [
            [
              77.210352,
              28.611503
            ],
            [
              77.210345,
              28.611497
            ],
            [
              77.210322,
              28.611501
            ],
            [
              77.210322,
              28.611475
            ],
            [
              77.210316,
              28.611469
            ],
            [
              77.210316,
              28.611451
            ],
            [
              77.210314,
              28.611449
            ],
            [
              77.210314,
              28.61144
            ],
            [
              77.210316,
              28.611438
            ],
            [
              77.210343,
              28.611438
            ],
            [
              77.210345,
              28.611436
            ],
            [
              77.210354,
              28.611438
            ],
            [
              77.210367,
              28.611438
            ],
            [
              77.210369,
              28.611436
            ],
            [
              77.210373,
              28.611438
            ],
            [
              77.210381,
              28.611438
            ],
            [
              77.210383,
              28.611436
            ],
            [
              77.210464,
              28.611436
            ],
            [
              77.210464,
              28.611443
            ],
            [
              77.210466,
              28.611445
            ],
            [
              77.210464,
              28.611469
            ],
            [
              77.21047,
              28.611475
            ],
            [
              77.210474,
              28.611475
            ],
            [
              77.210474,
              28.61149
            ],
            [
              77.210468,
              28.611497
            ],
            [
              77.210413,
              28.611497
            ],
            [
              77.210409,
              28.611501
            ],
            [
              77.210405,
              28.611499
            ],
            [
              77.210377,
              28.611499
            ],
            [
              77.210375,
              28.611501
            ],
            [
              77.210362,
              28.611499
            ],
            [
              77.210358,
              28.611503
            ],
            [
              77.210352,
              28.611503
            ]
          ]
        ]
      },
      "properties": {
        "parcel_id": "P-0473",
        "numeric_id": 473,
        "area_sqm": 101.3,
        "area_hectares": 0.0101,
        "area_acres": 0.025,
        "area_gaj": 121.15,
        "perimeter_m": 45.1,
        "compactness": 0.626,
        "builtup_area_sqm": 0.0,
        "builtup_pct": 0.0,
        "building_count": 0,
        "land_use": "Vacant / Open Plot",
        "confidence": 0.88,
        "verification_status": "Pending Review",
        "centroid_px": [
          1701.5,
          3384.7
        ],
        "centroid_geo": [
          77.210393,
          28.611468
        ],
        "feature_type": "parcel"
      }
    },
    {
      "type": "Feature",
      "id": "P-0361",
      "geometry": {
        "type": "Polygon",
        "coordinates": [
          [
            [
              77.210168,
              28.612089
            ],
            [
              77.210168,
              28.612084
            ],
            [
              77.210161,
              28.612078
            ],
            [
              77.210149,
              28.612078
            ],
            [
              77.210142,
              28.612084
            ],
            [
              77.210142,
              28.612088
            ],
            [
              77.210134,
              28.612082
            ],
            [
              77.210115,
              28.612082
            ],
            [
              77.210106,
              28.612088
            ],
            [
              77.210098,
              28.612088
            ],
            [
              77.210089,
              28.612082
            ],
            [
              77.210068,
              28.612084
            ],
            [
              77.210066,
              28.612082
            ],
            [
              77.210075,
              28.612076
            ],
            [
              77.210075,
              28.612069
            ],
            [
              77.210079,
              28.612065
            ],
            [
              77.210079,
              28.612024
            ],
            [
              77.210072,
              28.612019
            ],
            [
              77.210066,
              28.612017
            ],
            [
              77.210075,
              28.61201
            ],
            [
              77.210142,
              28.61201
            ],
            [
              77.210147,
              28.612013
            ],
            [
              77.210155,
              28.612013
            ],
            [
              77.210161,
              28.61201
            ],
            [
              77.210178,
              28.61201
            ],
            [
              77.21018,
              28.612008
            ],
            [
              77.210199,
              28.61201
            ],
            [
              77.210199,
              28.612084
            ],
            [
              77.210191,
              28.612089
            ],
            [
              77.210168,
              28.612089
            ]
          ]
        ]
      },
      "properties": {
        "parcel_id": "P-0361",
        "numeric_id": 361,
        "area_sqm": 99.84,
        "area_hectares": 0.01,
        "area_acres": 0.0247,
        "area_gaj": 119.41,
        "perimeter_m": 46.05,
        "compactness": 0.592,
        "builtup_area_sqm": 0.0,
        "builtup_pct": 0.0,
        "building_count": 0,
        "land_use": "Vacant / Open Plot",
        "confidence": 0.87,
        "verification_status": "Pending Review",
        "centroid_px": [
          1390.4,
          2578.2
        ],
        "centroid_geo": [
          77.210138,
          28.612047
        ],
        "feature_type": "parcel"
      }
    },
    {
      "type": "Feature",
      "id": "P-0098",
      "geometry": {
        "type": "Polygon",
        "coordinates": [
          [
            [
              77.209491,
              28.613386
            ],
            [
              77.209487,
              28.613382
            ],
            [
              77.209493,
              28.613382
            ],
            [
              77.20951,
              28.613367
            ],
            [
              77.20951,
              28.61336
            ],
            [
              77.209499,
              28.613348
            ],
            [
              77.209732,
              28.61335
            ],
            [
              77.209734,
              28.613352
            ],
            [
              77.209808,
              28.613352
            ],
            [
              77.20981,
              28.613354
            ],
            [
              77.209823,
              28.613354
            ],
            [
              77.209831,
              28.61335
            ],
            [
              77.20984,
              28.61336
            ],
            [
              77.209848,
              28.613361
            ],
            [
              77.209886,
              28.61336
            ],
            [
              77.209888,
              28.613361
            ],
            [
              77.20992,
              28.613361
            ],
            [
              77.209929,
              28.613365
            ],
            [
              77.209929,
              28.613369
            ],
            [
              77.209924,
              28.613371
            ],
            [
              77.209912,
              28.613367
            ],
            [
              77.209893,
              28.613367
            ],
            [
              77.209882,
              28.613374
            ],
            [
              77.20988,
              28.613386
            ],
            [
              77.209867,
              28.613386
            ],
            [
              77.209861,
              28.613378
            ],
            [
              77.209852,
              28.613378
            ],
            [
              77.209848,
              28.613382
            ],
            [
              77.209838,
              28.613382
            ],
            [
              77.209833,
              28.613386
            ],
            [
              77.209827,
              28.613378
            ],
            [
              77.209819,
              28.613378
            ],
            [
              77.209819,
              28.613373
            ],
            [
              77.209812,
              28.613367
            ],
            [
              77.209787,
              28.613367
            ],
            [
              77.209781,
              28.613374
            ],
            [
              77.209768,
              28.613376
            ],
            [
              77.209757,
              28.613384
            ],
            [
              77.209755,
              28.613382
            ],
            [
              77.209745,
              28.613382
            ],
            [
              77.209738,
              28.613376
            ],
            [
              77.20973,
              28.613376
            ],
            [
              77.209726,
              28.61338
            ],
            [
              77.209721,
              28.61338
            ],
            [
              77.209719,
              28.613378
            ],
            [
              77.209709,
              28.613378
            ],
            [
              77.209704,
              28.613374
            ],
            [
              77.209696,
              28.613374
            ],
            [
              77.209692,
              28.613378
            ],
            [
              77.209683,
              28.613376
            ],
            [
              77.209675,
              28.613376
            ],
            [
              77.209673,
              28.613378
            ],
            [
              77.209668,
              28.613374
            ],
            [
              77.20966,
              28.613374
            ],
            [
              77.209658,
              28.613376
            ],
            [
              77.209624,
              28.613374
            ],
            [
              77.20962,
              28.613378
            ],
            [
              77.209597,
              28.613378
            ],
            [
              77.209597,
              28.613371
            ],
            [
              77.20959,
              28.613365
            ],
            [
              77.209582,
              28.613365
            ],
            [
              77.209571,
              28.613371
            ],
            [
              77.209563,
              28.613363
            ],
            [
              77.209544,
              28.613363
            ],
            [
              77.209535,
              28.613371
            ],
            [
              77.209529,
              28.613367
            ],
            [
              77.209512,
              28.613369
            ],
            [
              77.209506,
              28.613374
            ],
            [
              77.209506,
              28.613382
            ],
            [
              77.209497,
              28.613382
            ],
            [
              77.209491,
              28.613386
            ]
          ]
        ]
      },
      "properties": {
        "parcel_id": "P-0098",
        "numeric_id": 98,
        "area_sqm": 98.11,
        "area_hectares": 0.0098,
        "area_acres": 0.0242,
        "area_gaj": 117.34,
        "perimeter_m": 101.13,
        "compactness": 0.121,
        "builtup_area_sqm": 0.0,
        "builtup_pct": 0.0,
        "building_count": 0,
        "land_use": "Vacant / Open Plot",
        "confidence": 0.77,
        "verification_status": "Pending Review",
        "centroid_px": [
          858.8,
          746.2
        ],
        "centroid_geo": [
          77.209703,
          28.613364
        ],
        "feature_type": "parcel"
      }
    },
    {
      "type": "Feature",
      "id": "P-0220",
      "geometry": {
        "type": "Polygon",
        "coordinates": [
          [
            [
              77.210955,
              28.612791
            ],
            [
              77.210952,
              28.612721
            ],
            [
              77.210959,
              28.612721
            ],
            [
              77.210965,
              28.612717
            ],
            [
              77.21098,
              28.612704
            ],
            [
              77.210982,
              28.612697
            ],
            [
              77.210993,
              28.612686
            ],
            [
              77.210993,
              28.612678
            ],
            [
              77.211001,
              28.612678
            ],
            [
              77.211005,
              28.612674
            ],
            [
              77.21102,
              28.612674
            ],
            [
              77.211024,
              28.612671
            ],
            [
              77.211024,
              28.612678
            ],
            [
              77.211018,
              28.612684
            ],
            [
              77.211018,
              28.612691
            ],
            [
              77.211024,
              28.612697
            ],
            [
              77.211037,
              28.612699
            ],
            [
              77.211033,
              28.612704
            ],
            [
              77.211033,
              28.612712
            ],
            [
              77.211037,
              28.612715
            ],
            [
              77.211037,
              28.612747
            ],
            [
              77.211039,
              28.612749
            ],
            [
              77.211039,
              28.612778
            ],
            [
              77.211041,
              28.61278
            ],
            [
              77.211039,
              28.612788
            ],
            [
              77.211033,
              28.612791
            ],
            [
              77.210955,
              28.612791
            ]
          ]
        ]
      },
      "properties": {
        "parcel_id": "P-0220",
        "numeric_id": 220,
        "area_sqm": 88.22,
        "area_hectares": 0.0088,
        "area_acres": 0.0218,
        "area_gaj": 105.51,
        "perimeter_m": 41.48,
        "compactness": 0.644,
        "builtup_area_sqm": 0.0,
        "builtup_pct": 0.0,
        "building_count": 0,
        "land_use": "Vacant / Open Plot",
        "confidence": 0.88,
        "verification_status": "Pending Review",
        "centroid_px": [
          2440.8,
          1611.2
        ],
        "centroid_geo": [
          77.210998,
          28.612742
        ],
        "feature_type": "parcel"
      }
    },
    {
      "type": "Feature",
      "id": "P-0363",
      "geometry": {
        "type": "Polygon",
        "coordinates": [
          [
            [
              77.211067,
              28.612082
            ],
            [
              77.21106,
              28.612075
            ],
            [
              77.211033,
              28.612076
            ],
            [
              77.211033,
              28.612073
            ],
            [
              77.211043,
              28.612071
            ],
            [
              77.211054,
              28.612063
            ],
            [
              77.211056,
              28.612036
            ],
            [
              77.211054,
              28.612034
            ],
            [
              77.211054,
              28.612019
            ],
            [
              77.211048,
              28.612013
            ],
            [
              77.211033,
              28.612011
            ],
            [
              77.211031,
              28.612008
            ],
            [
              77.211035,
              28.612008
            ],
            [
              77.211039,
              28.612004
            ],
            [
              77.211048,
              28.612011
            ],
            [
              77.211058,
              28.612011
            ],
            [
              77.211067,
              28.612002
            ],
            [
              77.211088,
              28.612002
            ],
            [
              77.211092,
              28.612006
            ],
            [
              77.211111,
              28.612008
            ],
            [
              77.211115,
              28.612011
            ],
            [
              77.21113,
              28.612011
            ],
            [
              77.211136,
              28.612006
            ],
            [
              77.211139,
              28.612
            ],
            [
              77.211164,
              28.612
            ],
            [
              77.211164,
              28.612052
            ],
            [
              77.211158,
              28.612052
            ],
            [
              77.211149,
              28.61206
            ],
            [
              77.211149,
              28.612071
            ],
            [
              77.211158,
              28.612078
            ],
            [
              77.211156,
              28.61208
            ],
            [
              77.211151,
              28.61208
            ],
            [
              77.211145,
              28.612075
            ],
            [
              77.211136,
              28.612075
            ],
            [
              77.211128,
              28.612076
            ],
            [
              77.211124,
              28.61208
            ],
            [
              77.211086,
              28.612082
            ],
            [
              77.211081,
              28.612078
            ],
            [
              77.211073,
              28.612078
            ],
            [
              77.211067,
              28.612082
            ]
          ]
        ]
      },
      "properties": {
        "parcel_id": "P-0363",
        "numeric_id": 363,
        "area_sqm": 86.77,
        "area_hectares": 0.0087,
        "area_acres": 0.0214,
        "area_gaj": 103.77,
        "perimeter_m": 49.18,
        "compactness": 0.451,
        "builtup_area_sqm": 0.0,
        "builtup_pct": 0.0,
        "building_count": 0,
        "land_use": "Vacant / Open Plot",
        "confidence": 0.84,
        "verification_status": "Pending Review",
        "centroid_px": [
          2572.0,
          2586.7
        ],
        "centroid_geo": [
          77.211106,
          28.612041
        ],
        "feature_type": "parcel"
      }
    },
    {
      "type": "Feature",
      "id": "P-0424",
      "geometry": {
        "type": "Polygon",
        "coordinates": [
          [
            [
              77.209334,
              28.611761
            ],
            [
              77.209334,
              28.611757
            ],
            [
              77.209322,
              28.611748
            ],
            [
              77.209311,
              28.611748
            ],
            [
              77.209305,
              28.611753
            ],
            [
              77.209305,
              28.611746
            ],
            [
              77.209298,
              28.61174
            ],
            [
              77.209298,
              28.611733
            ],
            [
              77.209307,
              28.611725
            ],
            [
              77.209307,
              28.611716
            ],
            [
              77.2093,
              28.611707
            ],
            [
              77.209305,
              28.611701
            ],
            [
              77.209305,
              28.611685
            ],
            [
              77.209296,
              28.611677
            ],
            [
              77.209288,
              28.611677
            ],
            [
              77.209288,
              28.611673
            ],
            [
              77.209279,
              28.611666
            ],
            [
              77.209271,
              28.611666
            ],
            [
              77.209264,
              28.611672
            ],
            [
              77.209264,
              28.611675
            ],
            [
              77.209214,
              28.611677
            ],
            [
              77.209212,
              28.611672
            ],
            [
              77.209214,
              28.61167
            ],
            [
              77.209214,
              28.611659
            ],
            [
              77.209207,
              28.611653
            ],
            [
              77.209209,
              28.611651
            ],
            [
              77.209209,
              28.611644
            ],
            [
              77.209207,
              28.611642
            ],
            [
              77.209216,
              28.61164
            ],
            [
              77.209362,
              28.611638
            ],
            [
              77.209362,
              28.611647
            ],
            [
              77.209366,
              28.611651
            ],
            [
              77.209364,
              28.611668
            ],
            [
              77.209355,
              28.611675
            ],
            [
              77.209334,
              28.611673
            ],
            [
              77.209326,
              28.611675
            ],
            [
              77.209319,
              28.611681
            ],
            [
              77.209322,
              28.611701
            ],
            [
              77.209326,
              28.611705
            ],
            [
              77.209322,
              28.611712
            ],
            [
              77.209322,
              28.611724
            ],
            [
              77.209343,
              28.61174
            ],
            [
              77.209347,
              28.61174
            ],
            [
              77.209351,
              28.611744
            ],
            [
              77.209357,
              28.611744
            ],
            [
              77.209349,
              28.611759
            ],
            [
              77.209334,
              28.611761
            ]
          ]
        ]
      },
      "properties": {
        "parcel_id": "P-0424",
        "numeric_id": 424,
        "area_sqm": 80.68,
        "area_hectares": 0.0081,
        "area_acres": 0.0199,
        "area_gaj": 96.49,
        "perimeter_m": 63.95,
        "compactness": 0.248,
        "builtup_area_sqm": 0.0,
        "builtup_pct": 0.0,
        "building_count": 0,
        "land_use": "Vacant / Open Plot",
        "confidence": 0.8,
        "verification_status": "Pending Review",
        "centroid_px": [
          362.2,
          3095.7
        ],
        "centroid_geo": [
          77.209297,
          28.611675
        ],
        "feature_type": "parcel"
      }
    },
    {
      "type": "Feature",
      "id": "P-0190",
      "geometry": {
        "type": "Polygon",
        "coordinates": [
          [
            [
              77.210301,
              28.612923
            ],
            [
              77.21029,
              28.612918
            ],
            [
              77.210227,
              28.61292
            ],
            [
              77.210229,
              28.612903
            ],
            [
              77.210244,
              28.612903
            ],
            [
              77.210248,
              28.612899
            ],
            [
              77.21029,
              28.612897
            ],
            [
              77.210297,
              28.612892
            ],
            [
              77.210297,
              28.612884
            ],
            [
              77.21029,
              28.612879
            ],
            [
              77.210252,
              28.612881
            ],
            [
              77.210244,
              28.612877
            ],
            [
              77.210229,
              28.612875
            ],
            [
              77.210229,
              28.61286
            ],
            [
              77.210257,
              28.61286
            ],
            [
              77.210259,
              28.612858
            ],
            [
              77.210369,
              28.612858
            ],
            [
              77.210377,
              28.612856
            ],
            [
              77.210373,
              28.612862
            ],
            [
              77.210367,
              28.612862
            ],
            [
              77.21036,
              28.612868
            ],
            [
              77.21036,
              28.612875
            ],
            [
              77.210371,
              28.612882
            ],
            [
              77.210377,
              28.612892
            ],
            [
              77.210377,
              28.612918
            ],
            [
              77.210339,
              28.612918
            ],
            [
              77.210335,
              28.612921
            ],
            [
              77.210326,
              28.612921
            ],
            [
              77.210324,
              28.612923
            ],
            [
              77.210301,
              28.612923
            ]
          ]
        ]
      },
      "properties": {
        "parcel_id": "P-0190",
        "numeric_id": 190,
        "area_sqm": 79.85,
        "area_hectares": 0.008,
        "area_acres": 0.0197,
        "area_gaj": 95.49,
        "perimeter_m": 56.57,
        "compactness": 0.313,
        "builtup_area_sqm": 0.0,
        "builtup_pct": 0.0,
        "building_count": 0,
        "land_use": "Vacant / Open Plot",
        "confidence": 0.81,
        "verification_status": "Pending Review",
        "centroid_px": [
          1598.3,
          1405.7
        ],
        "centroid_geo": [
          77.210308,
          28.61289
        ],
        "feature_type": "parcel"
      }
    },
    {
      "type": "Feature",
      "id": "P-0248",
      "geometry": {
        "type": "Polygon",
        "coordinates": [
          [
            [
              77.209594,
              28.612648
            ],
            [
              77.209597,
              28.612645
            ],
            [
              77.209594,
              28.612626
            ],
            [
              77.209599,
              28.612611
            ],
            [
              77.209603,
              28.612615
            ],
            [
              77.209721,
              28.612615
            ],
            [
              77.209732,
              28.612604
            ],
            [
              77.209742,
              28.612609
            ],
            [
              77.209757,
              28.612609
            ],
            [
              77.209759,
              28.612608
            ],
            [
              77.209793,
              28.612609
            ],
            [
              77.209795,
              28.612611
            ],
            [
              77.209819,
              28.612609
            ],
            [
              77.209821,
              28.612608
            ],
            [
              77.209833,
              28.612609
            ],
            [
              77.209836,
              28.612632
            ],
            [
              77.209831,
              28.612635
            ],
            [
              77.209831,
              28.612648
            ],
            [
              77.209791,
              28.612648
            ],
            [
              77.209789,
              28.612647
            ],
            [
              77.209751,
              28.612647
            ],
            [
              77.209749,
              28.612648
            ],
            [
              77.209681,
              28.612648
            ],
            [
              77.209679,
              28.612647
            ],
            [
              77.209671,
              28.612647
            ],
            [
              77.209668,
              28.612648
            ],
            [
              77.209594,
              28.612648
            ]
          ],
          [
            [
              77.209789,
              28.612637
            ],
            [
              77.209797,
              28.612637
            ],
            [
              77.209804,
              28.612632
            ],
            [
              77.209804,
              28.612624
            ],
            [
              77.209795,
              28.612617
            ],
            [
              77.209787,
              28.612617
            ],
            [
              77.209781,
              28.612622
            ],
            [
              77.209781,
              28.61263
            ],
            [
              77.209789,
              28.612637
            ]
          ],
          [
            [
              77.209734,
              28.612639
            ],
            [
              77.209736,
              28.612641
            ],
            [
              77.209755,
              28.612639
            ],
            [
              77.209762,
              28.612634
            ],
            [
              77.209759,
              28.612622
            ],
            [
              77.209753,
              28.612617
            ],
            [
              77.209745,
              28.612617
            ],
            [
              77.209742,
              28.612619
            ],
            [
              77.209728,
              28.612617
            ],
            [
              77.209726,
              28.612619
            ],
            [
              77.209717,
              28.612619
            ],
            [
              77.209711,
              28.612624
            ],
            [
              77.209711,
              28.612634
            ],
            [
              77.209717,
              28.612639
            ],
            [
              77.209734,
              28.612639
            ]
          ]
        ]
      },
      "properties": {
        "parcel_id": "P-0248",
        "numeric_id": 248,
        "area_sqm": 77.77,
        "area_hectares": 0.0078,
        "area_acres": 0.0192,
        "area_gaj": 93.02,
        "perimeter_m": 77.14,
        "compactness": 0.164,
        "builtup_area_sqm": 0.0,
        "builtup_pct": 0.0,
        "building_count": 0,
        "land_use": "Vacant / Open Plot",
        "confidence": 0.78,
        "verification_status": "Pending Review",
        "centroid_px": [
          870.3,
          1767.0
        ],
        "centroid_geo": [
          77.209712,
          28.61263
        ],
        "feature_type": "parcel"
      }
    },
    {
      "type": "Feature",
      "id": "P-0367",
      "geometry": {
        "type": "Polygon",
        "coordinates": [
          [
            [
              77.211526,
              28.612063
            ],
            [
              77.211517,
              28.612058
            ],
            [
              77.211507,
              28.612056
            ],
            [
              77.211494,
              28.612047
            ],
            [
              77.211483,
              28.612043
            ],
            [
              77.211473,
              28.612043
            ],
            [
              77.211464,
              28.61205
            ],
            [
              77.21146,
              28.61205
            ],
            [
              77.211456,
              28.612047
            ],
            [
              77.211441,
              28.612047
            ],
            [
              77.211437,
              28.612043
            ],
            [
              77.21142,
              28.612043
            ],
            [
              77.211409,
              28.61205
            ],
            [
              77.211401,
              28.612045
            ],
            [
              77.211382,
              28.612045
            ],
            [
              77.211352,
              28.61205
            ],
            [
              77.211344,
              28.612045
            ],
            [
              77.211304,
              28.612043
            ],
            [
              77.211293,
              28.61205
            ],
            [
              77.211285,
              28.612047
            ],
            [
              77.21128,
              28.612036
            ],
            [
              77.21128,
              28.612028
            ],
            [
              77.211291,
              28.612028
            ],
            [
              77.211293,
              28.612026
            ],
            [
              77.211306,
              28.612026
            ],
            [
              77.211308,
              28.612028
            ],
            [
              77.211327,
              28.612028
            ],
            [
              77.211329,
              28.612026
            ],
            [
              77.211369,
              28.612028
            ],
            [
              77.211384,
              28.612024
            ],
            [
              77.211386,
              28.612026
            ],
            [
              77.211431,
              28.612024
            ],
            [
              77.211431,
              28.61203
            ],
            [
              77.211437,
              28.612036
            ],
            [
              77.211445,
              28.612036
            ],
            [
              77.211452,
              28.61203
            ],
            [
              77.211454,
              28.612032
            ],
            [
              77.211462,
              28.612032
            ],
            [
              77.211471,
              28.612023
            ],
            [
              77.211475,
              28.612024
            ],
            [
              77.211498,
              28.612024
            ],
            [
              77.2115,
              28.612023
            ],
            [
              77.211502,
              28.612024
            ],
            [
              77.211521,
              28.612024
            ],
            [
              77.211524,
              28.612023
            ],
            [
              77.211598,
              28.612023
            ],
            [
              77.211598,
              28.612039
            ],
            [
              77.211593,
              28.612041
            ],
            [
              77.211564,
              28.612041
            ],
            [
              77.211555,
              28.612043
            ],
            [
              77.211547,
              28.61205
            ],
            [
              77.211545,
              28.612058
            ],
            [
              77.211543,
              28.612056
            ],
            [
              77.211534,
              28.612056
            ],
            [
              77.211526,
              28.612063
            ]
          ]
        ]
      },
      "properties": {
        "parcel_id": "P-0367",
        "numeric_id": 367,
        "area_sqm": 72.28,
        "area_hectares": 0.0072,
        "area_acres": 0.0179,
        "area_gaj": 86.45,
        "perimeter_m": 72.05,
        "compactness": 0.175,
        "builtup_area_sqm": 0.0,
        "builtup_pct": 0.0,
        "building_count": 0,
        "land_use": "Vacant / Open Plot",
        "confidence": 0.78,
        "verification_status": "Pending Review",
        "centroid_px": [
          2992.3,
          2592.6
        ],
        "centroid_geo": [
          77.21145,
          28.612037
        ],
        "feature_type": "parcel"
      }
    },
    {
      "type": "Feature",
      "id": "P-0096",
      "geometry": {
        "type": "Polygon",
        "coordinates": [
          [
            [
              77.209076,
              28.613406
            ],
            [
              77.20908,
              28.613399
            ],
            [
              77.20908,
              28.613391
            ],
            [
              77.209074,
              28.613386
            ],
            [
              77.209066,
              28.613386
            ],
            [
              77.209055,
              28.613378
            ],
            [
              77.209049,
              28.613378
            ],
            [
              77.209049,
              28.613369
            ],
            [
              77.209055,
              28.613363
            ],
            [
              77.209055,
              28.613356
            ],
            [
              77.209049,
              28.61335
            ],
            [
              77.209049,
              28.613332
            ],
            [
              77.209051,
              28.61333
            ],
            [
              77.209051,
              28.613321
            ],
            [
              77.209049,
              28.613319
            ],
            [
              77.209051,
              28.613315
            ],
            [
              77.209049,
              28.613207
            ],
            [
              77.209053,
              28.613204
            ],
            [
              77.209053,
              28.613189
            ],
            [
              77.209049,
              28.613183
            ],
            [
              77.209049,
              28.613144
            ],
            [
              77.209076,
              28.613144
            ],
            [
              77.209082,
              28.61314
            ],
            [
              77.209082,
              28.613161
            ],
            [
              77.209068,
              28.613172
            ],
            [
              77.209068,
              28.613179
            ],
            [
              77.20907,
              28.613181
            ],
            [
              77.209068,
              28.613189
            ],
            [
              77.209061,
              28.613194
            ],
            [
              77.209061,
              28.613202
            ],
            [
              77.20907,
              28.613207
            ],
            [
              77.209072,
              28.613213
            ],
            [
              77.20907,
              28.613215
            ],
            [
              77.209072,
              28.613265
            ],
            [
              77.209068,
              28.61327
            ],
            [
              77.209068,
              28.613282
            ],
            [
              77.209074,
              28.613287
            ],
            [
              77.209074,
              28.613291
            ],
            [
              77.209068,
              28.613296
            ],
            [
              77.209068,
              28.613308
            ],
            [
              77.20907,
              28.613309
            ],
            [
              77.209068,
              28.613343
            ],
            [
              77.20908,
              28.613352
            ],
            [
              77.209102,
              28.613352
            ],
            [
              77.209099,
              28.613356
            ],
            [
              77.209099,
              28.613373
            ],
            [
              77.209102,
              28.613378
            ],
            [
              77.20911,
              28.613384
            ],
            [
              77.209108,
              28.613389
            ],
            [
              77.209104,
              28.613389
            ],
            [
              77.209093,
              28.613399
            ],
            [
              77.209089,
              28.613406
            ],
            [
              77.209076,
              28.613406
            ]
          ]
        ]
      },
      "properties": {
        "parcel_id": "P-0096",
        "numeric_id": 96,
        "area_sqm": 68.93,
        "area_hectares": 0.0069,
        "area_acres": 0.017,
        "area_gaj": 82.44,
        "perimeter_m": 73.13,
        "compactness": 0.162,
        "builtup_area_sqm": 0.0,
        "builtup_pct": 0.0,
        "building_count": 0,
        "land_use": "Vacant / Open Plot",
        "confidence": 0.78,
        "verification_status": "Pending Review",
        "centroid_px": [
          81.4,
          856.9
        ],
        "centroid_geo": [
          77.209067,
          28.613284
        ],
        "feature_type": "parcel"
      }
    },
    {
      "type": "Feature",
      "id": "P-0468",
      "geometry": {
        "type": "Polygon",
        "coordinates": [
          [
            [
              77.209497,
              28.611521
            ],
            [
              77.209495,
              28.611514
            ],
            [
              77.209489,
              28.611508
            ],
            [
              77.209461,
              28.611506
            ],
            [
              77.209453,
              28.611514
            ],
            [
              77.209451,
              28.611519
            ],
            [
              77.209444,
              28.611514
            ],
            [
              77.209434,
              28.611514
            ],
            [
              77.209429,
              28.611517
            ],
            [
              77.209427,
              28.611516
            ],
            [
              77.209419,
              28.611516
            ],
            [
              77.209415,
              28.611512
            ],
            [
              77.209408,
              28.611512
            ],
            [
              77.209406,
              28.61151
            ],
            [
              77.2094,
              28.611471
            ],
            [
              77.209408,
              28.611471
            ],
            [
              77.20941,
              28.611473
            ],
            [
              77.20941,
              28.611482
            ],
            [
              77.209415,
              28.611488
            ],
            [
              77.209421,
              28.611493
            ],
            [
              77.209427,
              28.611495
            ],
            [
              77.20944,
              28.611495
            ],
            [
              77.209448,
              28.611488
            ],
            [
              77.209451,
              28.611484
            ],
            [
              77.209451,
              28.611475
            ],
            [
              77.209448,
              28.611473
            ],
            [
              77.209489,
              28.611473
            ],
            [
              77.209491,
              28.611471
            ],
            [
              77.209503,
              28.611473
            ],
            [
              77.209506,
              28.611471
            ],
            [
              77.209556,
              28.611471
            ],
            [
              77.209558,
              28.611469
            ],
            [
              77.209561,
              28.611471
            ],
            [
              77.209561,
              28.611482
            ],
            [
              77.209569,
              28.611492
            ],
            [
              77.209592,
              28.611493
            ],
            [
              77.209588,
              28.611499
            ],
            [
              77.20959,
              28.611514
            ],
            [
              77.209584,
              28.611517
            ],
            [
              77.209575,
              28.611516
            ],
            [
              77.209575,
              28.611512
            ],
            [
              77.209569,
              28.611506
            ],
            [
              77.20955,
              28.611506
            ],
            [
              77.209539,
              28.611516
            ],
            [
              77.209539,
              28.611519
            ],
            [
              77.209533,
              28.611519
            ],
            [
              77.209533,
              28.611516
            ],
            [
              77.209527,
              28.61151
            ],
            [
              77.209518,
              28.61151
            ],
            [
              77.209512,
              28.611516
            ],
            [
              77.209512,
              28.611519
            ],
            [
              77.209497,
              28.611521
            ]
          ]
        ]
      },
      "properties": {
        "parcel_id": "P-0468",
        "numeric_id": 468,
        "area_sqm": 67.45,
        "area_hectares": 0.0067,
        "area_acres": 0.0167,
        "area_gaj": 80.67,
        "perimeter_m": 55.06,
        "compactness": 0.28,
        "builtup_area_sqm": 0.0,
        "builtup_pct": 0.0,
        "building_count": 0,
        "land_use": "Vacant / Open Plot",
        "confidence": 0.81,
        "verification_status": "Pending Review",
        "centroid_px": [
          607.7,
          3347.4
        ],
        "centroid_geo": [
          77.209497,
          28.611494
        ],
        "feature_type": "parcel"
      }
    },
    {
      "type": "Feature",
      "id": "P-0121",
      "geometry": {
        "type": "Polygon",
        "coordinates": [
          [
            [
              77.210248,
              28.6133
            ],
            [
              77.210242,
              28.613293
            ],
            [
              77.210237,
              28.613293
            ],
            [
              77.210237,
              28.613287
            ],
            [
              77.210233,
              28.613283
            ],
            [
              77.210235,
              28.613282
            ],
            [
              77.210235,
              28.613274
            ],
            [
              77.210233,
              28.613272
            ],
            [
              77.210237,
              28.613272
            ],
            [
              77.210244,
              28.613267
            ],
            [
              77.210244,
              28.613259
            ],
            [
              77.210237,
              28.613254
            ],
            [
              77.210229,
              28.613254
            ],
            [
              77.210223,
              28.613259
            ],
            [
              77.210223,
              28.613267
            ],
            [
              77.210225,
              28.613269
            ],
            [
              77.210191,
              28.613269
            ],
            [
              77.210187,
              28.613265
            ],
            [
              77.210189,
              28.613261
            ],
            [
              77.210189,
              28.613248
            ],
            [
              77.210185,
              28.613241
            ],
            [
              77.210187,
              28.613228
            ],
            [
              77.210195,
              28.613235
            ],
            [
              77.210208,
              28.613235
            ],
            [
              77.210214,
              28.613231
            ],
            [
              77.210216,
              28.613233
            ],
            [
              77.210235,
              28.613233
            ],
            [
              77.210242,
              28.613239
            ],
            [
              77.210288,
              28.613241
            ],
            [
              77.21029,
              28.613239
            ],
            [
              77.210301,
              28.613239
            ],
            [
              77.210307,
              28.613233
            ],
            [
              77.210328,
              28.613233
            ],
            [
              77.210337,
              28.613224
            ],
            [
              77.210362,
              28.613224
            ],
            [
              77.210364,
              28.613256
            ],
            [
              77.21036,
              28.613259
            ],
            [
              77.21036,
              28.61328
            ],
            [
              77.210356,
              28.613285
            ],
            [
              77.210343,
              28.613285
            ],
            [
              77.210343,
              28.613282
            ],
            [
              77.210358,
              28.61327
            ],
            [
              77.210358,
              28.613259
            ],
            [
              77.210352,
              28.613254
            ],
            [
              77.210341,
              28.613254
            ],
            [
              77.210339,
              28.613256
            ],
            [
              77.210337,
              28.613254
            ],
            [
              77.210324,
              28.613254
            ],
            [
              77.210318,
              28.613259
            ],
            [
              77.210318,
              28.613267
            ],
            [
              77.210324,
              28.613272
            ],
            [
              77.210318,
              28.613276
            ],
            [
              77.210309,
              28.613276
            ],
            [
              77.210301,
              28.613285
            ],
            [
              77.210278,
              28.613269
            ],
            [
              77.210248,
              28.613272
            ],
            [
              77.210242,
              28.613278
            ],
            [
              77.210242,
              28.613285
            ],
            [
              77.210248,
              28.613291
            ],
            [
              77.210257,
              28.613293
            ],
            [
              77.210257,
              28.613296
            ],
            [
              77.210252,
              28.6133
            ],
            [
              77.210248,
              28.6133
            ]
          ]
        ]
      },
      "properties": {
        "parcel_id": "P-0121",
        "numeric_id": 121,
        "area_sqm": 66.36,
        "area_hectares": 0.0066,
        "area_acres": 0.0164,
        "area_gaj": 79.37,
        "perimeter_m": 68.72,
        "compactness": 0.177,
        "builtup_area_sqm": 0.0,
        "builtup_pct": 0.0,
        "building_count": 0,
        "land_use": "Vacant / Open Plot",
        "confidence": 0.79,
        "verification_status": "Pending Review",
        "centroid_px": [
          1559.7,
          899.8
        ],
        "centroid_geo": [
          77.210277,
          28.613253
        ],
        "feature_type": "parcel"
      }
    },
    {
      "type": "Feature",
      "id": "P-0174",
      "geometry": {
        "type": "Polygon",
        "coordinates": [
          [
            [
              77.209311,
              28.613081
            ],
            [
              77.209309,
              28.613079
            ],
            [
              77.209262,
              28.613079
            ],
            [
              77.20926,
              28.613077
            ],
            [
              77.209271,
              28.613042
            ],
            [
              77.209271,
              28.613024
            ],
            [
              77.209298,
              28.613025
            ],
            [
              77.209305,
              28.613022
            ],
            [
              77.209317,
              28.613022
            ],
            [
              77.209324,
              28.613029
            ],
            [
              77.209336,
              28.613029
            ],
            [
              77.209343,
              28.613022
            ],
            [
              77.209353,
              28.613022
            ],
            [
              77.209362,
              28.613027
            ],
            [
              77.20937,
              28.613027
            ],
            [
              77.209379,
              28.613022
            ],
            [
              77.209387,
              28.613022
            ],
            [
              77.209379,
              28.61304
            ],
            [
              77.209372,
              28.613076
            ],
            [
              77.209366,
              28.613079
            ],
            [
              77.209334,
              28.613077
            ],
            [
              77.209332,
              28.613079
            ],
            [
              77.209313,
              28.613079
            ],
            [
              77.209311,
              28.613081
            ]
          ]
        ]
      },
      "properties": {
        "parcel_id": "P-0174",
        "numeric_id": 174,
        "area_sqm": 65.21,
        "area_hectares": 0.0065,
        "area_acres": 0.0161,
        "area_gaj": 77.99,
        "perimeter_m": 36.5,
        "compactness": 0.615,
        "builtup_area_sqm": 0.0,
        "builtup_pct": 0.0,
        "building_count": 0,
        "land_use": "Vacant / Open Plot",
        "confidence": 0.87,
        "verification_status": "Pending Review",
        "centroid_px": [
          393.2,
          1180.6
        ],
        "centroid_geo": [
          77.209322,
          28.613052
        ],
        "feature_type": "parcel"
      }
    },
    {
      "type": "Feature",
      "id": "P-0212",
      "geometry": {
        "type": "Polygon",
        "coordinates": [
          [
            [
              77.210616,
              28.612801
            ],
            [
              77.210618,
              28.612762
            ],
            [
              77.210625,
              28.612756
            ],
            [
              77.210625,
              28.612749
            ],
            [
              77.210633,
              28.612749
            ],
            [
              77.210633,
              28.612754
            ],
            [
              77.210639,
              28.61276
            ],
            [
              77.210654,
              28.61276
            ],
            [
              77.210654,
              28.612769
            ],
            [
              77.210675,
              28.612786
            ],
            [
              77.210686,
              28.61279
            ],
            [
              77.210694,
              28.61279
            ],
            [
              77.210703,
              28.612782
            ],
            [
              77.210701,
              28.61276
            ],
            [
              77.210741,
              28.61276
            ],
            [
              77.210741,
              28.612765
            ],
            [
              77.210754,
              28.612775
            ],
            [
              77.210754,
              28.612778
            ],
            [
              77.21076,
              28.612784
            ],
            [
              77.210771,
              28.612788
            ],
            [
              77.210787,
              28.612788
            ],
            [
              77.210794,
              28.612782
            ],
            [
              77.210794,
              28.612771
            ],
            [
              77.210796,
              28.612771
            ],
            [
              77.210813,
              28.612784
            ],
            [
              77.210817,
              28.612784
            ],
            [
              77.210826,
              28.61279
            ],
            [
              77.210826,
              28.612793
            ],
            [
              77.210817,
              28.612799
            ],
            [
              77.210792,
              28.612799
            ],
            [
              77.21079,
              28.612801
            ],
            [
              77.210616,
              28.612801
            ]
          ]
        ]
      },
      "properties": {
        "parcel_id": "P-0212",
        "numeric_id": 212,
        "area_sqm": 60.94,
        "area_hectares": 0.0061,
        "area_acres": 0.0151,
        "area_gaj": 72.88,
        "perimeter_m": 56.59,
        "compactness": 0.239,
        "builtup_area_sqm": 0.0,
        "builtup_pct": 0.0,
        "building_count": 0,
        "land_use": "Vacant / Open Plot",
        "confidence": 0.8,
        "verification_status": "Pending Review",
        "centroid_px": [
          2082.8,
          1553.1
        ],
        "centroid_geo": [
          77.210705,
          28.612784
        ],
        "feature_type": "parcel"
      }
    },
    {
      "type": "Feature",
      "id": "P-0331",
      "geometry": {
        "type": "Polygon",
        "coordinates": [
          [
            [
              77.209982,
              28.612242
            ],
            [
              77.209975,
              28.612234
            ],
            [
              77.209954,
              28.612234
            ],
            [
              77.209952,
              28.612232
            ],
            [
              77.209935,
              28.612234
            ],
            [
              77.209935,
              28.612203
            ],
            [
              77.209933,
              28.612197
            ],
            [
              77.209924,
              28.612192
            ],
            [
              77.209924,
              28.61216
            ],
            [
              77.209941,
              28.61216
            ],
            [
              77.209943,
              28.612162
            ],
            [
              77.209965,
              28.61216
            ],
            [
              77.209994,
              28.612132
            ],
            [
              77.209996,
              28.612149
            ],
            [
              77.209994,
              28.612151
            ],
            [
              77.209994,
              28.612162
            ],
            [
              77.20999,
              28.612166
            ],
            [
              77.20999,
              28.612177
            ],
            [
              77.209996,
              28.612182
            ],
            [
              77.210005,
              28.612182
            ],
            [
              77.210005,
              28.612195
            ],
            [
              77.210009,
              28.612201
            ],
            [
              77.210009,
              28.612206
            ],
            [
              77.209996,
              28.612205
            ],
            [
              77.20999,
              28.61221
            ],
            [
              77.20999,
              28.612227
            ],
            [
              77.209996,
              28.612232
            ],
            [
              77.210005,
              28.612232
            ],
            [
              77.210009,
              28.612242
            ],
            [
              77.210005,
              28.61224
            ],
            [
              77.209982,
              28.612242
            ]
          ]
        ]
      },
      "properties": {
        "parcel_id": "P-0331",
        "numeric_id": 331,
        "area_sqm": 59.93,
        "area_hectares": 0.006,
        "area_acres": 0.0148,
        "area_gaj": 71.68,
        "perimeter_m": 41.34,
        "compactness": 0.441,
        "builtup_area_sqm": 0.0,
        "builtup_pct": 0.0,
        "building_count": 0,
        "land_use": "Vacant / Open Plot",
        "confidence": 0.84,
        "verification_status": "Pending Review",
        "centroid_px": [
          1180.1,
          2374.5
        ],
        "centroid_geo": [
          77.209966,
          28.612194
        ],
        "feature_type": "parcel"
      }
    },
    {
      "type": "Feature",
      "id": "P-0518",
      "geometry": {
        "type": "Polygon",
        "coordinates": [
          [
            [
              77.211536,
              28.611323
            ],
            [
              77.211519,
              28.611319
            ],
            [
              77.211524,
              28.61131
            ],
            [
              77.211521,
              28.611274
            ],
            [
              77.211532,
              28.611265
            ],
            [
              77.211534,
              28.611239
            ],
            [
              77.211543,
              28.611237
            ],
            [
              77.211547,
              28.611239
            ],
            [
              77.211564,
              28.611239
            ],
            [
              77.211583,
              28.61123
            ],
            [
              77.211593,
              28.611228
            ],
            [
              77.211604,
              28.611248
            ],
            [
              77.211602,
              28.611261
            ],
            [
              77.211598,
              28.611265
            ],
            [
              77.2116,
              28.611278
            ],
            [
              77.211596,
              28.611278
            ],
            [
              77.211589,
              28.611284
            ],
            [
              77.211587,
              28.611293
            ],
            [
              77.211579,
              28.611302
            ],
            [
              77.211579,
              28.611308
            ],
            [
              77.211572,
              28.611313
            ],
            [
              77.211572,
              28.611317
            ],
            [
              77.211547,
              28.611319
            ],
            [
              77.211536,
              28.611323
            ]
          ]
        ]
      },
      "properties": {
        "parcel_id": "P-0518",
        "numeric_id": 518,
        "area_sqm": 59.4,
        "area_hectares": 0.0059,
        "area_acres": 0.0147,
        "area_gaj": 71.04,
        "perimeter_m": 32.45,
        "compactness": 0.709,
        "builtup_area_sqm": 0.0,
        "builtup_pct": 0.0,
        "building_count": 0,
        "land_use": "Vacant / Open Plot",
        "confidence": 0.89,
        "verification_status": "Pending Review",
        "centroid_px": [
          3127.5,
          3652.4
        ],
        "centroid_geo": [
          77.21156,
          28.611275
        ],
        "feature_type": "parcel"
      }
    },
    {
      "type": "Feature",
      "id": "P-0229",
      "geometry": {
        "type": "Polygon",
        "coordinates": [
          [
            [
              77.210546,
              28.612743
            ],
            [
              77.210531,
              28.61273
            ],
            [
              77.210525,
              28.61273
            ],
            [
              77.210525,
              28.612725
            ],
            [
              77.210517,
              28.612717
            ],
            [
              77.210493,
              28.612717
            ],
            [
              77.210485,
              28.612726
            ],
            [
              77.210479,
              28.612726
            ],
            [
              77.21047,
              28.612719
            ],
            [
              77.210455,
              28.612715
            ],
            [
              77.210447,
              28.612715
            ],
            [
              77.210436,
              28.612723
            ],
            [
              77.210434,
              28.612691
            ],
            [
              77.210436,
              28.612693
            ],
            [
              77.210479,
              28.612693
            ],
            [
              77.210483,
              28.612689
            ],
            [
              77.210491,
              28.612687
            ],
            [
              77.210496,
              28.612691
            ],
            [
              77.210595,
              28.612691
            ],
            [
              77.210595,
              28.612712
            ],
            [
              77.210591,
              28.612715
            ],
            [
              77.210586,
              28.612715
            ],
            [
              77.210572,
              28.612732
            ],
            [
              77.210572,
              28.612743
            ],
            [
              77.210563,
              28.612743
            ],
            [
              77.210559,
              28.612739
            ],
            [
              77.210551,
              28.612739
            ],
            [
              77.210546,
              28.612743
            ]
          ]
        ]
      },
      "properties": {
        "parcel_id": "P-0229",
        "numeric_id": 229,
        "area_sqm": 58.16,
        "area_hectares": 0.0058,
        "area_acres": 0.0144,
        "area_gaj": 69.56,
        "perimeter_m": 42.88,
        "compactness": 0.398,
        "builtup_area_sqm": 0.0,
        "builtup_pct": 0.0,
        "building_count": 0,
        "land_use": "Vacant / Open Plot",
        "confidence": 0.83,
        "verification_status": "Pending Review",
        "centroid_px": [
          1859.4,
          1656.6
        ],
        "centroid_geo": [
          77.210522,
          28.612709
        ],
        "feature_type": "parcel"
      }
    },
    {
      "type": "Feature",
      "id": "P-0294",
      "geometry": {
        "type": "Polygon",
        "coordinates": [
          [
            [
              77.2104,
              28.612405
            ],
            [
              77.210394,
              28.612398
            ],
            [
              77.210396,
              28.612396
            ],
            [
              77.210396,
              28.612388
            ],
            [
              77.21039,
              28.612383
            ],
            [
              77.210381,
              28.612383
            ],
            [
              77.210375,
              28.612388
            ],
            [
              77.210375,
              28.612396
            ],
            [
              77.210381,
              28.612401
            ],
            [
              77.210375,
              28.612403
            ],
            [
              77.210369,
              28.612401
            ],
            [
              77.210373,
              28.612396
            ],
            [
              77.210375,
              28.612374
            ],
            [
              77.210379,
              28.612377
            ],
            [
              77.210388,
              28.612377
            ],
            [
              77.210394,
              28.612372
            ],
            [
              77.210394,
              28.61232
            ],
            [
              77.210396,
              28.612318
            ],
            [
              77.210396,
              28.612303
            ],
            [
              77.210398,
              28.612301
            ],
            [
              77.210398,
              28.612284
            ],
            [
              77.210426,
              28.612283
            ],
            [
              77.210426,
              28.612286
            ],
            [
              77.21043,
              28.61229
            ],
            [
              77.210428,
              28.612301
            ],
            [
              77.210417,
              28.612309
            ],
            [
              77.210417,
              28.612316
            ],
            [
              77.210432,
              28.612327
            ],
            [
              77.210449,
              28.612327
            ],
            [
              77.210451,
              28.612325
            ],
            [
              77.210449,
              28.612342
            ],
            [
              77.210455,
              28.612348
            ],
            [
              77.210462,
              28.612348
            ],
            [
              77.21046,
              28.612349
            ],
            [
              77.210462,
              28.612401
            ],
            [
              77.210453,
              28.612405
            ],
            [
              77.2104,
              28.612405
            ]
          ],
          [
            [
              77.21043,
              28.6124
            ],
            [
              77.210441,
              28.6124
            ],
            [
              77.210449,
              28.612392
            ],
            [
              77.210451,
              28.612364
            ],
            [
              77.210445,
              28.612359
            ],
            [
              77.210428,
              28.612359
            ],
            [
              77.210419,
              28.612366
            ],
            [
              77.210415,
              28.612375
            ],
            [
              77.210417,
              28.612388
            ],
            [
              77.21043,
              28.6124
            ]
          ]
        ]
      },
      "properties": {
        "parcel_id": "P-0294",
        "numeric_id": 294,
        "area_sqm": 56.6,
        "area_hectares": 0.0057,
        "area_acres": 0.014,
        "area_gaj": 67.69,
        "perimeter_m": 62.99,
        "compactness": 0.179,
        "builtup_area_sqm": 0.0,
        "builtup_pct": 0.0,
        "building_count": 0,
        "land_use": "Vacant / Open Plot",
        "confidence": 0.79,
        "verification_status": "Pending Review",
        "centroid_px": [
          1733.3,
          2155.6
        ],
        "centroid_geo": [
          77.210419,
          28.612351
        ],
        "feature_type": "parcel"
      }
    },
    {
      "type": "Feature",
      "id": "P-0249",
      "geometry": {
        "type": "Polygon",
        "coordinates": [
          [
            [
              77.210565,
              28.612648
            ],
            [
              77.210565,
              28.612645
            ],
            [
              77.210557,
              28.612637
            ],
            [
              77.210548,
              28.612637
            ],
            [
              77.210548,
              28.612622
            ],
            [
              77.21054,
              28.612613
            ],
            [
              77.210542,
              28.61257
            ],
            [
              77.210546,
              28.612567
            ],
            [
              77.210546,
              28.612559
            ],
            [
              77.21054,
              28.612554
            ],
            [
              77.210531,
              28.612554
            ],
            [
              77.210531,
              28.61253
            ],
            [
              77.210534,
              28.612528
            ],
            [
              77.210542,
              28.612528
            ],
            [
              77.210546,
              28.612531
            ],
            [
              77.210555,
              28.612531
            ],
            [
              77.210557,
              28.61253
            ],
            [
              77.21057,
              28.61253
            ],
            [
              77.210572,
              28.612531
            ],
            [
              77.210595,
              28.61253
            ],
            [
              77.210595,
              28.612544
            ],
            [
              77.210599,
              28.61255
            ],
            [
              77.210597,
              28.612582
            ],
            [
              77.210606,
              28.612587
            ],
            [
              77.210606,
              28.612596
            ],
            [
              77.210597,
              28.6126
            ],
            [
              77.210591,
              28.612595
            ],
            [
              77.21058,
              28.612595
            ],
            [
              77.210567,
              28.612604
            ],
            [
              77.210567,
              28.61263
            ],
            [
              77.210565,
              28.612632
            ],
            [
              77.210567,
              28.612648
            ],
            [
              77.210565,
              28.612648
            ]
          ]
        ]
      },
      "properties": {
        "parcel_id": "P-0249",
        "numeric_id": 249,
        "area_sqm": 54.48,
        "area_hectares": 0.0054,
        "area_acres": 0.0135,
        "area_gaj": 65.16,
        "perimeter_m": 40.29,
        "compactness": 0.422,
        "builtup_area_sqm": 0.0,
        "builtup_pct": 0.0,
        "building_count": 0,
        "land_use": "Vacant / Open Plot",
        "confidence": 0.83,
        "verification_status": "Pending Review",
        "centroid_px": [
          1912.9,
          1845.7
        ],
        "centroid_geo": [
          77.210566,
          28.612574
        ],
        "feature_type": "parcel"
      }
    },
    {
      "type": "Feature",
      "id": "P-0260",
      "geometry": {
        "type": "Polygon",
        "coordinates": [
          [
            [
              77.209243,
              28.612593
            ],
            [
              77.209235,
              28.612589
            ],
            [
              77.209228,
              28.612589
            ],
            [
              77.209226,
              28.61258
            ],
            [
              77.209222,
              28.612576
            ],
            [
              77.209224,
              28.612563
            ],
            [
              77.209218,
              28.612557
            ],
            [
              77.209207,
              28.612557
            ],
            [
              77.209197,
              28.61257
            ],
            [
              77.209176,
              28.612572
            ],
            [
              77.209173,
              28.612574
            ],
            [
              77.209171,
              28.612572
            ],
            [
              77.209163,
              28.612572
            ],
            [
              77.209144,
              28.612561
            ],
            [
              77.209144,
              28.612554
            ],
            [
              77.20914,
              28.61255
            ],
            [
              77.209163,
              28.61255
            ],
            [
              77.209173,
              28.612543
            ],
            [
              77.209182,
              28.612543
            ],
            [
              77.209184,
              28.612541
            ],
            [
              77.209192,
              28.612543
            ],
            [
              77.209216,
              28.612543
            ],
            [
              77.209218,
              28.612541
            ],
            [
              77.209226,
              28.612541
            ],
            [
              77.209228,
              28.612543
            ],
            [
              77.209313,
              28.612541
            ],
            [
              77.209315,
              28.612543
            ],
            [
              77.209311,
              28.612546
            ],
            [
              77.209309,
              28.612559
            ],
            [
              77.209302,
              28.612565
            ],
            [
              77.209302,
              28.612576
            ],
            [
              77.209296,
              28.612578
            ],
            [
              77.209273,
              28.612576
            ],
            [
              77.209269,
              28.612578
            ],
            [
              77.209264,
              28.612574
            ],
            [
              77.209256,
              28.612574
            ],
            [
              77.209243,
              28.612587
            ],
            [
              77.209243,
              28.612593
            ]
          ]
        ]
      },
      "properties": {
        "parcel_id": "P-0260",
        "numeric_id": 260,
        "area_sqm": 54.1,
        "area_hectares": 0.0054,
        "area_acres": 0.0134,
        "area_gaj": 64.7,
        "perimeter_m": 44.79,
        "compactness": 0.339,
        "builtup_area_sqm": 0.0,
        "builtup_pct": 0.0,
        "building_count": 0,
        "land_use": "Vacant / Open Plot",
        "confidence": 0.82,
        "verification_status": "Pending Review",
        "centroid_px": [
          286.9,
          1866.0
        ],
        "centroid_geo": [
          77.209235,
          28.612559
        ],
        "feature_type": "parcel"
      }
    },
    {
      "type": "Feature",
      "id": "P-0132",
      "geometry": {
        "type": "Polygon",
        "coordinates": [
          [
            [
              77.210544,
              28.613252
            ],
            [
              77.210555,
              28.613241
            ],
            [
              77.210555,
              28.613218
            ],
            [
              77.210546,
              28.613205
            ],
            [
              77.210561,
              28.613205
            ],
            [
              77.210567,
              28.6132
            ],
            [
              77.210572,
              28.6132
            ],
            [
              77.210576,
              28.613204
            ],
            [
              77.210597,
              28.613204
            ],
            [
              77.210603,
              28.613198
            ],
            [
              77.210612,
              28.613205
            ],
            [
              77.210622,
              28.613205
            ],
            [
              77.210633,
              28.613198
            ],
            [
              77.210639,
              28.613204
            ],
            [
              77.210648,
              28.613204
            ],
            [
              77.210654,
              28.613198
            ],
            [
              77.210656,
              28.6132
            ],
            [
              77.210661,
              28.613228
            ],
            [
              77.210637,
              28.613246
            ],
            [
              77.210631,
              28.613246
            ],
            [
              77.210627,
              28.61325
            ],
            [
              77.210612,
              28.61325
            ],
            [
              77.21061,
              28.613252
            ],
            [
              77.210606,
              28.61325
            ],
            [
              77.210544,
              28.613252
            ]
          ]
        ]
      },
      "properties": {
        "parcel_id": "P-0132",
        "numeric_id": 132,
        "area_sqm": 52.07,
        "area_hectares": 0.0052,
        "area_acres": 0.0129,
        "area_gaj": 62.27,
        "perimeter_m": 34.03,
        "compactness": 0.565,
        "builtup_area_sqm": 0.0,
        "builtup_pct": 0.0,
        "building_count": 0,
        "land_use": "Vacant / Open Plot",
        "confidence": 0.86,
        "verification_status": "Pending Review",
        "centroid_px": [
          1958.0,
          938.4
        ],
        "centroid_geo": [
          77.210603,
          28.613226
        ],
        "feature_type": "parcel"
      }
    },
    {
      "type": "Feature",
      "id": "P-0539",
      "geometry": {
        "type": "Polygon",
        "coordinates": [
          [
            [
              77.210206,
              28.611258
            ],
            [
              77.210208,
              28.611256
            ],
            [
              77.210208,
              28.611245
            ],
            [
              77.210206,
              28.611243
            ],
            [
              77.210208,
              28.611213
            ],
            [
              77.210212,
              28.611207
            ],
            [
              77.210233,
              28.611207
            ],
            [
              77.210246,
              28.611204
            ],
            [
              77.21025,
              28.6112
            ],
            [
              77.210288,
              28.6112
            ],
            [
              77.210286,
              28.611239
            ],
            [
              77.210292,
              28.611245
            ],
            [
              77.210292,
              28.611252
            ],
            [
              77.210276,
              28.611254
            ],
            [
              77.210267,
              28.611258
            ],
            [
              77.210257,
              28.611258
            ],
            [
              77.210254,
              28.611256
            ],
            [
              77.210206,
              28.611258
            ]
          ]
        ]
      },
      "properties": {
        "parcel_id": "P-0539",
        "numeric_id": 539,
        "area_sqm": 46.36,
        "area_hectares": 0.0046,
        "area_acres": 0.0115,
        "area_gaj": 55.45,
        "perimeter_m": 28.29,
        "compactness": 0.728,
        "builtup_area_sqm": 0.0,
        "builtup_pct": 0.0,
        "building_count": 0,
        "land_use": "Vacant / Open Plot",
        "confidence": 0.9,
        "verification_status": "Pending Review",
        "centroid_px": [
          1525.4,
          3715.5
        ],
        "centroid_geo": [
          77.210249,
          28.61123
        ],
        "feature_type": "parcel"
      }
    },
    {
      "type": "Feature",
      "id": "P-0458",
      "geometry": {
        "type": "Polygon",
        "coordinates": [
          [
            [
              77.209726,
              28.611616
            ],
            [
              77.209713,
              28.611608
            ],
            [
              77.209715,
              28.611607
            ],
            [
              77.209715,
              28.611597
            ],
            [
              77.209702,
              28.611584
            ],
            [
              77.209698,
              28.611584
            ],
            [
              77.209702,
              28.611581
            ],
            [
              77.209702,
              28.611569
            ],
            [
              77.209707,
              28.611566
            ],
            [
              77.209721,
              28.611569
            ],
            [
              77.209738,
              28.611569
            ],
            [
              77.20974,
              28.611568
            ],
            [
              77.209772,
              28.611569
            ],
            [
              77.209783,
              28.611564
            ],
            [
              77.209795,
              28.611568
            ],
            [
              77.209812,
              28.611568
            ],
            [
              77.209819,
              28.611564
            ],
            [
              77.209829,
              28.611568
            ],
            [
              77.209855,
              28.611566
            ],
            [
              77.209855,
              28.611571
            ],
            [
              77.209861,
              28.611577
            ],
            [
              77.209859,
              28.611584
            ],
            [
              77.209855,
              28.611581
            ],
            [
              77.209846,
              28.611581
            ],
            [
              77.209844,
              28.611582
            ],
            [
              77.209842,
              28.611581
            ],
            [
              77.209831,
              28.611581
            ],
            [
              77.209825,
              28.611586
            ],
            [
              77.209825,
              28.611595
            ],
            [
              77.209831,
              28.611601
            ],
            [
              77.20984,
              28.611601
            ],
            [
              77.209844,
              28.611597
            ],
            [
              77.209844,
              28.611616
            ],
            [
              77.209821,
              28.611616
            ],
            [
              77.209821,
              28.611608
            ],
            [
              77.209814,
              28.611603
            ],
            [
              77.20981,
              28.611603
            ],
            [
              77.20981,
              28.611595
            ],
            [
              77.209804,
              28.61159
            ],
            [
              77.209791,
              28.61159
            ],
            [
              77.209783,
              28.611581
            ],
            [
              77.209774,
              28.611581
            ],
            [
              77.209768,
              28.611586
            ],
            [
              77.209768,
              28.61159
            ],
            [
              77.209762,
              28.61159
            ],
            [
              77.209753,
              28.611595
            ],
            [
              77.209736,
              28.611597
            ],
            [
              77.209726,
              28.611608
            ],
            [
              77.209726,
              28.611616
            ]
          ]
        ]
      },
      "properties": {
        "parcel_id": "P-0458",
        "numeric_id": 458,
        "area_sqm": 45.51,
        "area_hectares": 0.0046,
        "area_acres": 0.0112,
        "area_gaj": 54.43,
        "perimeter_m": 50.8,
        "compactness": 0.222,
        "builtup_area_sqm": 0.0,
        "builtup_pct": 0.0,
        "building_count": 0,
        "land_use": "Vacant / Open Plot",
        "confidence": 0.79,
        "verification_status": "Pending Review",
        "centroid_px": [
          949.5,
          3222.8
        ],
        "centroid_geo": [
          77.209777,
          28.611584
        ],
        "feature_type": "parcel"
      }
    },
    {
      "type": "Feature",
      "id": "P-0029",
      "geometry": {
        "type": "Polygon",
        "coordinates": [
          [
            [
              77.209474,
              28.613742
            ],
            [
              77.209472,
              28.61374
            ],
            [
              77.209451,
              28.61374
            ],
            [
              77.209448,
              28.613738
            ],
            [
              77.209404,
              28.613738
            ],
            [
              77.209402,
              28.613722
            ],
            [
              77.2094,
              28.613716
            ],
            [
              77.209393,
              28.613711
            ],
            [
              77.209419,
              28.613711
            ],
            [
              77.209421,
              28.613712
            ],
            [
              77.209442,
              28.613711
            ],
            [
              77.209446,
              28.613714
            ],
            [
              77.209474,
              28.613714
            ],
            [
              77.209478,
              28.613712
            ],
            [
              77.209484,
              28.613707
            ],
            [
              77.209487,
              28.613701
            ],
            [
              77.209495,
              28.613653
            ],
            [
              77.209522,
              28.613653
            ],
            [
              77.209527,
              28.613651
            ],
            [
              77.209529,
              28.613653
            ],
            [
              77.209529,
              28.613672
            ],
            [
              77.209531,
              28.613673
            ],
            [
              77.209529,
              28.613699
            ],
            [
              77.209522,
              28.613696
            ],
            [
              77.209512,
              28.613696
            ],
            [
              77.209499,
              28.613707
            ],
            [
              77.209497,
              28.613712
            ],
            [
              77.209484,
              28.613712
            ],
            [
              77.209476,
              28.61372
            ],
            [
              77.209476,
              28.613731
            ],
            [
              77.209484,
              28.613737
            ],
            [
              77.209484,
              28.613742
            ],
            [
              77.209474,
              28.613742
            ]
          ]
        ]
      },
      "properties": {
        "parcel_id": "P-0029",
        "numeric_id": 29,
        "area_sqm": 44.16,
        "area_hectares": 0.0044,
        "area_acres": 0.0109,
        "area_gaj": 52.82,
        "perimeter_m": 45.18,
        "compactness": 0.272,
        "builtup_area_sqm": 0.0,
        "builtup_pct": 0.0,
        "building_count": 0,
        "land_use": "Vacant / Open Plot",
        "confidence": 0.8,
        "verification_status": "Pending Review",
        "centroid_px": [
          577.7,
          273.4
        ],
        "centroid_geo": [
          77.209473,
          28.613704
        ],
        "feature_type": "parcel"
      }
    },
    {
      "type": "Feature",
      "id": "P-0347",
      "geometry": {
        "type": "Polygon",
        "coordinates": [
          [
            [
              77.209823,
              28.61218
            ],
            [
              77.209823,
              28.612175
            ],
            [
              77.209827,
              28.612167
            ],
            [
              77.209827,
              28.612154
            ],
            [
              77.209821,
              28.612147
            ],
            [
              77.209821,
              28.612123
            ],
            [
              77.209823,
              28.612121
            ],
            [
              77.209831,
              28.612127
            ],
            [
              77.209842,
              28.612127
            ],
            [
              77.209846,
              28.612123
            ],
            [
              77.209859,
              28.612123
            ],
            [
              77.209865,
              28.612115
            ],
            [
              77.209869,
              28.612115
            ],
            [
              77.209876,
              28.612121
            ],
            [
              77.209893,
              28.612121
            ],
            [
              77.209895,
              28.612123
            ],
            [
              77.209907,
              28.612121
            ],
            [
              77.209903,
              28.612125
            ],
            [
              77.209901,
              28.612132
            ],
            [
              77.209901,
              28.612141
            ],
            [
              77.209905,
              28.612145
            ],
            [
              77.209901,
              28.612151
            ],
            [
              77.209901,
              28.612166
            ],
            [
              77.209895,
              28.612171
            ],
            [
              77.209895,
              28.612177
            ],
            [
              77.209891,
              28.612179
            ],
            [
              77.209874,
              28.612177
            ],
            [
              77.209867,
              28.612169
            ],
            [
              77.20985,
              28.612169
            ],
            [
              77.209842,
              28.612171
            ],
            [
              77.209836,
              28.612177
            ],
            [
              77.209836,
              28.61218
            ],
            [
              77.209823,
              28.61218
            ]
          ]
        ]
      },
      "properties": {
        "parcel_id": "P-0347",
        "numeric_id": 347,
        "area_sqm": 44.46,
        "area_hectares": 0.0044,
        "area_acres": 0.011,
        "area_gaj": 53.18,
        "perimeter_m": 31.58,
        "compactness": 0.56,
        "builtup_area_sqm": 0.0,
        "builtup_pct": 0.0,
        "building_count": 0,
        "land_use": "Vacant / Open Plot",
        "confidence": 0.86,
        "verification_status": "Pending Review",
        "centroid_px": [
          1054.1,
          2438.5
        ],
        "centroid_geo": [
          77.209863,
          28.612148
        ],
        "feature_type": "parcel"
      }
    },
    {
      "type": "Feature",
      "id": "P-0236",
      "geometry": {
        "type": "Polygon",
        "coordinates": [
          [
            [
              77.209715,
              28.61273
            ],
            [
              77.209711,
              28.612719
            ],
            [
              77.209704,
              28.612713
            ],
            [
              77.209711,
              28.612706
            ],
            [
              77.209717,
              28.612712
            ],
            [
              77.209734,
              28.612712
            ],
            [
              77.209745,
              28.6127
            ],
            [
              77.209759,
              28.612702
            ],
            [
              77.209766,
              28.612697
            ],
            [
              77.209778,
              28.612706
            ],
            [
              77.209787,
              28.612706
            ],
            [
              77.209797,
              28.6127
            ],
            [
              77.209802,
              28.612704
            ],
            [
              77.209819,
              28.612704
            ],
            [
              77.209825,
              28.6127
            ],
            [
              77.209833,
              28.6127
            ],
            [
              77.209836,
              28.612699
            ],
            [
              77.209842,
              28.612702
            ],
            [
              77.20985,
              28.612702
            ],
            [
              77.209859,
              28.612693
            ],
            [
              77.209865,
              28.612691
            ],
            [
              77.209869,
              28.612695
            ],
            [
              77.209869,
              28.612699
            ],
            [
              77.209863,
              28.612704
            ],
            [
              77.209859,
              28.612726
            ],
            [
              77.209793,
              28.612728
            ],
            [
              77.209791,
              28.61273
            ],
            [
              77.209715,
              28.61273
            ]
          ]
        ]
      },
      "properties": {
        "parcel_id": "P-0236",
        "numeric_id": 236,
        "area_sqm": 42.6,
        "area_hectares": 0.0043,
        "area_acres": 0.0105,
        "area_gaj": 50.95,
        "perimeter_m": 39.54,
        "compactness": 0.342,
        "builtup_area_sqm": 0.0,
        "builtup_pct": 0.0,
        "building_count": 0,
        "land_use": "Vacant / Open Plot",
        "confidence": 0.82,
        "verification_status": "Pending Review",
        "centroid_px": [
          964.6,
          1648.5
        ],
        "centroid_geo": [
          77.20979,
          28.612715
        ],
        "feature_type": "parcel"
      }
    },
    {
      "type": "Feature",
      "id": "P-0280",
      "geometry": {
        "type": "Polygon",
        "coordinates": [
          [
            [
              77.21212,
              28.612491
            ],
            [
              77.212112,
              28.612485
            ],
            [
              77.212112,
              28.612479
            ],
            [
              77.212103,
              28.612472
            ],
            [
              77.212074,
              28.61247
            ],
            [
              77.212071,
              28.612472
            ],
            [
              77.212057,
              28.612472
            ],
            [
              77.21205,
              28.612478
            ],
            [
              77.21205,
              28.612474
            ],
            [
              77.212042,
              28.612466
            ],
            [
              77.212025,
              28.612466
            ],
            [
              77.212021,
              28.61247
            ],
            [
              77.212016,
              28.612457
            ],
            [
              77.212021,
              28.612452
            ],
            [
              77.212021,
              28.612446
            ],
            [
              77.212027,
              28.612446
            ],
            [
              77.212044,
              28.612431
            ],
            [
              77.212044,
              28.612426
            ],
            [
              77.212063,
              28.612427
            ],
            [
              77.212069,
              28.612435
            ],
            [
              77.212086,
              28.612435
            ],
            [
              77.212088,
              28.612433
            ],
            [
              77.212103,
              28.612435
            ],
            [
              77.21211,
              28.612429
            ],
            [
              77.21211,
              28.612422
            ],
            [
              77.212116,
              28.612416
            ],
            [
              77.212129,
              28.612426
            ],
            [
              77.212137,
              28.612426
            ],
            [
              77.212135,
              28.612448
            ],
            [
              77.212139,
              28.612455
            ],
            [
              77.212139,
              28.612461
            ],
            [
              77.212126,
              28.612465
            ],
            [
              77.212114,
              28.612476
            ],
            [
              77.212114,
              28.612483
            ],
            [
              77.21212,
              28.612491
            ]
          ],
          [
            [
              77.212071,
              28.612468
            ],
            [
              77.212082,
              28.612468
            ],
            [
              77.212095,
              28.612459
            ],
            [
              77.212095,
              28.612448
            ],
            [
              77.212086,
              28.61244
            ],
            [
              77.212074,
              28.61244
            ],
            [
              77.212065,
              28.612448
            ],
            [
              77.212065,
              28.612463
            ],
            [
              77.212071,
              28.612468
            ]
          ]
        ]
      },
      "properties": {
        "parcel_id": "P-0280",
        "numeric_id": 280,
        "area_sqm": 42.6,
        "area_hectares": 0.0043,
        "area_acres": 0.0105,
        "area_gaj": 50.95,
        "perimeter_m": 48.9,
        "compactness": 0.224,
        "builtup_area_sqm": 0.0,
        "builtup_pct": 0.0,
        "building_count": 0,
        "land_use": "Vacant / Open Plot",
        "confidence": 0.79,
        "verification_status": "Pending Review",
        "centroid_px": [
          3766.1,
          2017.9
        ],
        "centroid_geo": [
          77.212083,
          28.61245
        ],
        "feature_type": "parcel"
      }
    },
    {
      "type": "Feature",
      "id": "P-0019",
      "geometry": {
        "type": "Polygon",
        "coordinates": [
          [
            [
              77.21035,
              28.613764
            ],
            [
              77.210341,
              28.613759
            ],
            [
              77.210335,
              28.613759
            ],
            [
              77.210328,
              28.613751
            ],
            [
              77.210314,
              28.613753
            ],
            [
              77.210316,
              28.613751
            ],
            [
              77.210316,
              28.613744
            ],
            [
              77.210314,
              28.613742
            ],
            [
              77.210318,
              28.613742
            ],
            [
              77.210324,
              28.613737
            ],
            [
              77.210326,
              28.613729
            ],
            [
              77.210364,
              28.613729
            ],
            [
              77.210367,
              28.613731
            ],
            [
              77.210386,
              28.613729
            ],
            [
              77.210411,
              28.613712
            ],
            [
              77.210438,
              28.613712
            ],
            [
              77.210445,
              28.61372
            ],
            [
              77.21046,
              28.61372
            ],
            [
              77.210455,
              28.613724
            ],
            [
              77.210455,
              28.613733
            ],
            [
              77.210447,
              28.613733
            ],
            [
              77.210426,
              28.613746
            ],
            [
              77.210417,
              28.61374
            ],
            [
              77.210409,
              28.61374
            ],
            [
              77.210402,
              28.613744
            ],
            [
              77.210396,
              28.61375
            ],
            [
              77.210396,
              28.613755
            ],
            [
              77.21039,
              28.613763
            ],
            [
              77.21035,
              28.613764
            ]
          ]
        ]
      },
      "properties": {
        "parcel_id": "P-0019",
        "numeric_id": 19,
        "area_sqm": 42.31,
        "area_hectares": 0.0042,
        "area_acres": 0.0105,
        "area_gaj": 50.6,
        "perimeter_m": 35.9,
        "compactness": 0.413,
        "builtup_area_sqm": 0.0,
        "builtup_pct": 0.0,
        "building_count": 0,
        "land_use": "Vacant / Open Plot",
        "confidence": 0.83,
        "verification_status": "Pending Review",
        "centroid_px": [
          1690.6,
          224.5
        ],
        "centroid_geo": [
          77.210384,
          28.613739
        ],
        "feature_type": "parcel"
      }
    },
    {
      "type": "Feature",
      "id": "P-0543",
      "geometry": {
        "type": "Polygon",
        "coordinates": [
          [
            [
              77.210347,
              28.611241
            ],
            [
              77.210347,
              28.611232
            ],
            [
              77.210345,
              28.61123
            ],
            [
              77.210347,
              28.611228
            ],
            [
              77.210347,
              28.611217
            ],
            [
              77.210358,
              28.611213
            ],
            [
              77.210489,
              28.611213
            ],
            [
              77.210491,
              28.611211
            ],
            [
              77.210508,
              28.611211
            ],
            [
              77.210508,
              28.611228
            ],
            [
              77.210504,
              28.611232
            ],
            [
              77.210504,
              28.611239
            ],
            [
              77.2105,
              28.611241
            ],
            [
              77.210487,
              28.611237
            ],
            [
              77.210472,
              28.611239
            ],
            [
              77.210468,
              28.611237
            ],
            [
              77.210468,
              28.61123
            ],
            [
              77.210462,
              28.611224
            ],
            [
              77.210445,
              28.611224
            ],
            [
              77.210438,
              28.61123
            ],
            [
              77.210438,
              28.611237
            ],
            [
              77.210441,
              28.611239
            ],
            [
              77.210347,
              28.611241
            ]
          ]
        ]
      },
      "properties": {
        "parcel_id": "P-0543",
        "numeric_id": 543,
        "area_sqm": 41.64,
        "area_hectares": 0.0042,
        "area_acres": 0.0103,
        "area_gaj": 49.8,
        "perimeter_m": 40.15,
        "compactness": 0.325,
        "builtup_area_sqm": 0.0,
        "builtup_pct": 0.0,
        "building_count": 0,
        "land_use": "Vacant / Open Plot",
        "confidence": 0.81,
        "verification_status": "Pending Review",
        "centroid_px": [
          1739.5,
          3721.6
        ],
        "centroid_geo": [
          77.210424,
          28.611225
        ],
        "feature_type": "parcel"
      }
    },
    {
      "type": "Feature",
      "id": "P-0503",
      "geometry": {
        "type": "Polygon",
        "coordinates": [
          [
            [
              77.210398,
              28.611417
            ],
            [
              77.210396,
              28.611415
            ],
            [
              77.210328,
              28.611414
            ],
            [
              77.210322,
              28.611408
            ],
            [
              77.210318,
              28.611408
            ],
            [
              77.21032,
              28.611393
            ],
            [
              77.210324,
              28.611397
            ],
            [
              77.210333,
              28.611397
            ],
            [
              77.210345,
              28.611384
            ],
            [
              77.210352,
              28.611384
            ],
            [
              77.210358,
              28.611378
            ],
            [
              77.210394,
              28.611378
            ],
            [
              77.2104,
              28.611376
            ],
            [
              77.2104,
              28.611382
            ],
            [
              77.210407,
              28.611388
            ],
            [
              77.210415,
              28.611388
            ],
            [
              77.210422,
              28.611382
            ],
            [
              77.210422,
              28.611376
            ],
            [
              77.210443,
              28.611376
            ],
            [
              77.210443,
              28.611382
            ],
            [
              77.210453,
              28.611393
            ],
            [
              77.210438,
              28.611393
            ],
            [
              77.21043,
              28.611401
            ],
            [
              77.21043,
              28.61141
            ],
            [
              77.210436,
              28.611415
            ],
            [
              77.210398,
              28.611417
            ]
          ]
        ]
      },
      "properties": {
        "parcel_id": "P-0503",
        "numeric_id": 503,
        "area_sqm": 41.09,
        "area_hectares": 0.0041,
        "area_acres": 0.0102,
        "area_gaj": 49.14,
        "perimeter_m": 35.23,
        "compactness": 0.416,
        "builtup_area_sqm": 0.0,
        "builtup_pct": 0.0,
        "building_count": 0,
        "land_use": "Vacant / Open Plot",
        "confidence": 0.83,
        "verification_status": "Pending Review",
        "centroid_px": [
          1691.7,
          3482.1
        ],
        "centroid_geo": [
          77.210385,
          28.611398
        ],
        "feature_type": "parcel"
      }
    },
    {
      "type": "Feature",
      "id": "P-0301",
      "geometry": {
        "type": "Polygon",
        "coordinates": [
          [
            [
              77.209216,
              28.612392
            ],
            [
              77.209212,
              28.612379
            ],
            [
              77.209203,
              28.612374
            ],
            [
              77.209203,
              28.612366
            ],
            [
              77.209197,
              28.612361
            ],
            [
              77.209188,
              28.612361
            ],
            [
              77.209197,
              28.612346
            ],
            [
              77.20922,
              28.612346
            ],
            [
              77.209222,
              28.612344
            ],
            [
              77.209226,
              28.612346
            ],
            [
              77.20926,
              28.612346
            ],
            [
              77.20926,
              28.612349
            ],
            [
              77.209267,
              28.612355
            ],
            [
              77.209275,
              28.612355
            ],
            [
              77.209281,
              28.612349
            ],
            [
              77.209281,
              28.612346
            ],
            [
              77.209309,
              28.612344
            ],
            [
              77.209317,
              28.612348
            ],
            [
              77.209324,
              28.612348
            ],
            [
              77.209322,
              28.612349
            ],
            [
              77.209322,
              28.612362
            ],
            [
              77.209324,
              28.612364
            ],
            [
              77.209322,
              28.612375
            ],
            [
              77.209328,
              28.612381
            ],
            [
              77.209317,
              28.612381
            ],
            [
              77.209302,
              28.612388
            ],
            [
              77.209292,
              28.612388
            ],
            [
              77.209288,
              28.612383
            ],
            [
              77.209288,
              28.612377
            ],
            [
              77.209281,
              28.612372
            ],
            [
              77.209269,
              28.612372
            ],
            [
              77.209269,
              28.612368
            ],
            [
              77.209262,
              28.612362
            ],
            [
              77.20925,
              28.612362
            ],
            [
              77.209233,
              28.612375
            ],
            [
              77.209224,
              28.612377
            ],
            [
              77.209218,
              28.612383
            ],
            [
              77.209218,
              28.61239
            ],
            [
              77.209216,
              28.612392
            ]
          ]
        ]
      },
      "properties": {
        "parcel_id": "P-0301",
        "numeric_id": 301,
        "area_sqm": 39.83,
        "area_hectares": 0.004,
        "area_acres": 0.0098,
        "area_gaj": 47.63,
        "perimeter_m": 39.86,
        "compactness": 0.315,
        "builtup_area_sqm": 0.0,
        "builtup_pct": 0.0,
        "building_count": 0,
        "land_use": "Vacant / Open Plot",
        "confidence": 0.81,
        "verification_status": "Pending Review",
        "centroid_px": [
          320.4,
          2139.7
        ],
        "centroid_geo": [
          77.209262,
          28.612362
        ],
        "feature_type": "parcel"
      }
    },
    {
      "type": "Feature",
      "id": "P-0198",
      "geometry": {
        "type": "Polygon",
        "coordinates": [
          [
            [
              77.212173,
              28.612908
            ],
            [
              77.212171,
              28.612903
            ],
            [
              77.212173,
              28.612901
            ],
            [
              77.212173,
              28.612877
            ],
            [
              77.212169,
              28.612873
            ],
            [
              77.212173,
              28.612869
            ],
            [
              77.212173,
              28.612851
            ],
            [
              77.212181,
              28.612849
            ],
            [
              77.212192,
              28.612851
            ],
            [
              77.212188,
              28.612855
            ],
            [
              77.212188,
              28.612862
            ],
            [
              77.212203,
              28.612873
            ],
            [
              77.212217,
              28.612873
            ],
            [
              77.212224,
              28.612868
            ],
            [
              77.212224,
              28.612856
            ],
            [
              77.212217,
              28.612851
            ],
            [
              77.212222,
              28.612849
            ],
            [
              77.212245,
              28.612849
            ],
            [
              77.212245,
              28.612908
            ],
            [
              77.2122,
              28.612908
            ],
            [
              77.212198,
              28.612907
            ],
            [
              77.212173,
              28.612908
            ]
          ]
        ]
      },
      "properties": {
        "parcel_id": "P-0198",
        "numeric_id": 198,
        "area_sqm": 38.37,
        "area_hectares": 0.0038,
        "area_acres": 0.0095,
        "area_gaj": 45.89,
        "perimeter_m": 33.01,
        "compactness": 0.443,
        "builtup_area_sqm": 0.0,
        "builtup_pct": 0.0,
        "building_count": 0,
        "land_use": "Vacant / Open Plot",
        "confidence": 0.84,
        "verification_status": "Pending Review",
        "centroid_px": [
          3920.5,
          1416.0
        ],
        "centroid_geo": [
          77.212209,
          28.612882
        ],
        "feature_type": "parcel"
      }
    },
    {
      "type": "Feature",
      "id": "P-0366",
      "geometry": {
        "type": "Polygon",
        "coordinates": [
          [
            [
              77.209535,
              28.612073
            ],
            [
              77.209531,
              28.612069
            ],
            [
              77.209522,
              28.612067
            ],
            [
              77.209516,
              28.61206
            ],
            [
              77.209506,
              28.61206
            ],
            [
              77.209495,
              28.612056
            ],
            [
              77.209484,
              28.612056
            ],
            [
              77.209478,
              28.61206
            ],
            [
              77.209476,
              28.612056
            ],
            [
              77.20948,
              28.612052
            ],
            [
              77.209489,
              28.612052
            ],
            [
              77.209495,
              28.612047
            ],
            [
              77.209495,
              28.612039
            ],
            [
              77.209503,
              28.612039
            ],
            [
              77.209506,
              28.612037
            ],
            [
              77.209508,
              28.612039
            ],
            [
              77.209522,
              28.612039
            ],
            [
              77.209525,
              28.612037
            ],
            [
              77.209531,
              28.612039
            ],
            [
              77.209558,
              28.612039
            ],
            [
              77.209561,
              28.612037
            ],
            [
              77.209563,
              28.612039
            ],
            [
              77.209575,
              28.612039
            ],
            [
              77.209577,
              28.612037
            ],
            [
              77.209586,
              28.612037
            ],
            [
              77.209594,
              28.612047
            ],
            [
              77.209603,
              28.612047
            ],
            [
              77.209611,
              28.612041
            ],
            [
              77.209611,
              28.61205
            ],
            [
              77.209618,
              28.612056
            ],
            [
              77.209626,
              28.612056
            ],
            [
              77.209632,
              28.61205
            ],
            [
              77.209632,
              28.612043
            ],
            [
              77.20963,
              28.612041
            ],
            [
              77.209637,
              28.612036
            ],
            [
              77.209662,
              28.612039
            ],
            [
              77.209652,
              28.612054
            ],
            [
              77.209641,
              28.612054
            ],
            [
              77.209635,
              28.61206
            ],
            [
              77.209632,
              28.612058
            ],
            [
              77.209611,
              28.61206
            ],
            [
              77.209605,
              28.612065
            ],
            [
              77.209601,
              28.612065
            ],
            [
              77.209592,
              28.612071
            ],
            [
              77.209584,
              28.612063
            ],
            [
              77.209575,
              28.612063
            ],
            [
              77.209571,
              28.612067
            ],
            [
              77.209567,
              28.612063
            ],
            [
              77.209558,
              28.612063
            ],
            [
              77.209556,
              28.612065
            ],
            [
              77.209548,
              28.612065
            ],
            [
              77.209535,
              28.612073
            ]
          ]
        ]
      },
      "properties": {
        "parcel_id": "P-0366",
        "numeric_id": 366,
        "area_sqm": 38.12,
        "area_hectares": 0.0038,
        "area_acres": 0.0094,
        "area_gaj": 45.59,
        "perimeter_m": 45.88,
        "compactness": 0.228,
        "builtup_area_sqm": 0.0,
        "builtup_pct": 0.0,
        "building_count": 0,
        "land_use": "Vacant / Open Plot",
        "confidence": 0.8,
        "verification_status": "Pending Review",
        "centroid_px": [
          689.8,
          2571.7
        ],
        "centroid_geo": [
          77.209565,
          28.612052
        ],
        "feature_type": "parcel"
      }
    },
    {
      "type": "Feature",
      "id": "P-0152",
      "geometry": {
        "type": "Polygon",
        "coordinates": [
          [
            [
              77.212023,
              28.613166
            ],
            [
              77.212023,
              28.613157
            ],
            [
              77.212025,
              28.613155
            ],
            [
              77.212025,
              28.613148
            ],
            [
              77.212023,
              28.613146
            ],
            [
              77.212025,
              28.613144
            ],
            [
              77.212025,
              28.613083
            ],
            [
              77.212035,
              28.613089
            ],
            [
              77.212052,
              28.613087
            ],
            [
              77.212059,
              28.613081
            ],
            [
              77.212057,
              28.613066
            ],
            [
              77.212067,
              28.613061
            ],
            [
              77.212067,
              28.613159
            ],
            [
              77.21205,
              28.613165
            ],
            [
              77.212048,
              28.613163
            ],
            [
              77.212035,
              28.613163
            ],
            [
              77.212023,
              28.613166
            ]
          ]
        ]
      },
      "properties": {
        "parcel_id": "P-0152",
        "numeric_id": 152,
        "area_sqm": 37.84,
        "area_hectares": 0.0038,
        "area_acres": 0.0094,
        "area_gaj": 45.26,
        "perimeter_m": 31.74,
        "compactness": 0.472,
        "builtup_area_sqm": 0.0,
        "builtup_pct": 0.0,
        "building_count": 0,
        "land_use": "Vacant / Open Plot",
        "confidence": 0.84,
        "verification_status": "Pending Review",
        "centroid_px": [
          3721.8,
          1083.0
        ],
        "centroid_geo": [
          77.212047,
          28.613122
        ],
        "feature_type": "parcel"
      }
    },
    {
      "type": "Feature",
      "id": "P-0433",
      "geometry": {
        "type": "Polygon",
        "coordinates": [
          [
            [
              77.211625,
              28.611731
            ],
            [
              77.211631,
              28.611724
            ],
            [
              77.211631,
              28.611701
            ],
            [
              77.211625,
              28.611696
            ],
            [
              77.211602,
              28.611696
            ],
            [
              77.211602,
              28.611694
            ],
            [
              77.211612,
              28.611683
            ],
            [
              77.211619,
              28.611672
            ],
            [
              77.211619,
              28.611653
            ],
            [
              77.211617,
              28.611649
            ],
            [
              77.211646,
              28.611621
            ],
            [
              77.211646,
              28.611685
            ],
            [
              77.211653,
              28.61169
            ],
            [
              77.211661,
              28.61169
            ],
            [
              77.211667,
              28.611685
            ],
            [
              77.211667,
              28.611675
            ],
            [
              77.211674,
              28.611675
            ],
            [
              77.211676,
              28.611679
            ],
            [
              77.211674,
              28.611709
            ],
            [
              77.211672,
              28.611716
            ],
            [
              77.211667,
              28.61172
            ],
            [
              77.211659,
              28.61172
            ],
            [
              77.211642,
              28.611731
            ],
            [
              77.211625,
              28.611731
            ]
          ]
        ]
      },
      "properties": {
        "parcel_id": "P-0433",
        "numeric_id": 433,
        "area_sqm": 37.63,
        "area_hectares": 0.0038,
        "area_acres": 0.0093,
        "area_gaj": 45.0,
        "perimeter_m": 37.67,
        "compactness": 0.333,
        "builtup_area_sqm": 0.0,
        "builtup_pct": 0.0,
        "building_count": 0,
        "land_use": "Vacant / Open Plot",
        "confidence": 0.82,
        "verification_status": "Pending Review",
        "centroid_px": [
          3226.1,
          3082.4
        ],
        "centroid_geo": [
          77.211641,
          28.611685
        ],
        "feature_type": "parcel"
      }
    },
    {
      "type": "Feature",
      "id": "P-0161",
      "geometry": {
        "type": "Polygon",
        "coordinates": [
          [
            [
              77.211253,
              28.613142
            ],
            [
              77.211249,
              28.613139
            ],
            [
              77.211253,
              28.613129
            ],
            [
              77.211253,
              28.613113
            ],
            [
              77.211249,
              28.613109
            ],
            [
              77.211249,
              28.613105
            ],
            [
              77.211253,
              28.613101
            ],
            [
              77.211253,
              28.613087
            ],
            [
              77.211246,
              28.613081
            ],
            [
              77.211238,
              28.613081
            ],
            [
              77.211234,
              28.613085
            ],
            [
              77.211234,
              28.613081
            ],
            [
              77.211227,
              28.613076
            ],
            [
              77.211217,
              28.613076
            ],
            [
              77.211213,
              28.613079
            ],
            [
              77.211208,
              28.613074
            ],
            [
              77.211208,
              28.613035
            ],
            [
              77.211206,
              28.613027
            ],
            [
              77.2112,
              28.613022
            ],
            [
              77.211202,
              28.613016
            ],
            [
              77.211234,
              28.613046
            ],
            [
              77.211272,
              28.613055
            ],
            [
              77.211272,
              28.613126
            ],
            [
              77.211274,
              28.613131
            ],
            [
              77.211263,
              28.613131
            ],
            [
              77.211257,
              28.613137
            ],
            [
              77.211257,
              28.61314
            ],
            [
              77.211253,
              28.613142
            ]
          ]
        ]
      },
      "properties": {
        "parcel_id": "P-0161",
        "numeric_id": 161,
        "area_sqm": 37.18,
        "area_hectares": 0.0037,
        "area_acres": 0.0092,
        "area_gaj": 44.46,
        "perimeter_m": 39.15,
        "compactness": 0.305,
        "builtup_area_sqm": 0.0,
        "builtup_pct": 0.0,
        "building_count": 0,
        "land_use": "Vacant / Open Plot",
        "confidence": 0.81,
        "verification_status": "Pending Review",
        "centroid_px": [
          2741.1,
          1147.7
        ],
        "centroid_geo": [
          77.211244,
          28.613075
        ],
        "feature_type": "parcel"
      }
    },
    {
      "type": "Feature",
      "id": "P-0406",
      "geometry": {
        "type": "Polygon",
        "coordinates": [
          [
            [
              77.210919,
              28.611842
            ],
            [
              77.21091,
              28.611833
            ],
            [
              77.210902,
              28.611831
            ],
            [
              77.210885,
              28.611831
            ],
            [
              77.210876,
              28.611833
            ],
            [
              77.210868,
              28.611841
            ],
            [
              77.210857,
              28.611841
            ],
            [
              77.210857,
              28.611829
            ],
            [
              77.210851,
              28.611824
            ],
            [
              77.210842,
              28.611824
            ],
            [
              77.21084,
              28.61182
            ],
            [
              77.210842,
              28.611811
            ],
            [
              77.210855,
              28.611811
            ],
            [
              77.21087,
              28.611802
            ],
            [
              77.210878,
              28.611807
            ],
            [
              77.210893,
              28.611807
            ],
            [
              77.210904,
              28.6118
            ],
            [
              77.210904,
              28.611796
            ],
            [
              77.210912,
              28.611796
            ],
            [
              77.210921,
              28.611789
            ],
            [
              77.210921,
              28.611783
            ],
            [
              77.21095,
              28.611781
            ],
            [
              77.210946,
              28.611785
            ],
            [
              77.210946,
              28.611792
            ],
            [
              77.210948,
              28.611794
            ],
            [
              77.210946,
              28.6118
            ],
            [
              77.210933,
              28.611809
            ],
            [
              77.210933,
              28.611818
            ],
            [
              77.210944,
              28.611828
            ],
            [
              77.210938,
              28.611829
            ],
            [
              77.210927,
              28.611842
            ],
            [
              77.210919,
              28.611842
            ]
          ]
        ]
      },
      "properties": {
        "parcel_id": "P-0406",
        "numeric_id": 406,
        "area_sqm": 37.09,
        "area_hectares": 0.0037,
        "area_acres": 0.0092,
        "area_gaj": 44.36,
        "perimeter_m": 33.83,
        "compactness": 0.407,
        "builtup_area_sqm": 0.0,
        "builtup_pct": 0.0,
        "building_count": 0,
        "land_use": "Vacant / Open Plot",
        "confidence": 0.83,
        "verification_status": "Pending Review",
        "centroid_px": [
          2322.4,
          2901.4
        ],
        "centroid_geo": [
          77.210901,
          28.611815
        ],
        "feature_type": "parcel"
      }
    },
    {
      "type": "Feature",
      "id": "P-0023",
      "geometry": {
        "type": "Polygon",
        "coordinates": [
          [
            [
              77.209613,
              28.613757
            ],
            [
              77.209609,
              28.613755
            ],
            [
              77.209618,
              28.613744
            ],
            [
              77.209618,
              28.613727
            ],
            [
              77.20962,
              28.613725
            ],
            [
              77.209618,
              28.613705
            ],
            [
              77.209624,
              28.613705
            ],
            [
              77.20963,
              28.613699
            ],
            [
              77.209656,
              28.613699
            ],
            [
              77.209658,
              28.613701
            ],
            [
              77.209707,
              28.613699
            ],
            [
              77.209702,
              28.613703
            ],
            [
              77.209698,
              28.613703
            ],
            [
              77.20969,
              28.613711
            ],
            [
              77.209687,
              28.61372
            ],
            [
              77.209683,
              28.613724
            ],
            [
              77.209679,
              28.613735
            ],
            [
              77.209671,
              28.613742
            ],
            [
              77.209671,
              28.613746
            ],
            [
              77.209645,
              28.613746
            ],
            [
              77.209632,
              28.613757
            ],
            [
              77.209613,
              28.613757
            ]
          ]
        ]
      },
      "properties": {
        "parcel_id": "P-0023",
        "numeric_id": 23,
        "area_sqm": 35.85,
        "area_hectares": 0.0036,
        "area_acres": 0.0089,
        "area_gaj": 42.88,
        "perimeter_m": 28.21,
        "compactness": 0.566,
        "builtup_area_sqm": 0.0,
        "builtup_pct": 0.0,
        "building_count": 0,
        "land_use": "Vacant / Open Plot",
        "confidence": 0.86,
        "verification_status": "Pending Review",
        "centroid_px": [
          794.0,
          244.6
        ],
        "centroid_geo": [
          77.20965,
          28.613724
        ],
        "feature_type": "parcel"
      }
    },
    {
      "type": "Feature",
      "id": "P-0516",
      "geometry": {
        "type": "Polygon",
        "coordinates": [
          [
            [
              77.210273,
              28.611328
            ],
            [
              77.210265,
              28.611323
            ],
            [
              77.210259,
              28.611323
            ],
            [
              77.210259,
              28.611317
            ],
            [
              77.210246,
              28.611302
            ],
            [
              77.210233,
              28.611302
            ],
            [
              77.210235,
              28.611289
            ],
            [
              77.210229,
              28.611284
            ],
            [
              77.210221,
              28.611282
            ],
            [
              77.210212,
              28.611282
            ],
            [
              77.210202,
              28.611287
            ],
            [
              77.210176,
              28.611311
            ],
            [
              77.210166,
              28.611311
            ],
            [
              77.210204,
              28.611276
            ],
            [
              77.210276,
              28.611276
            ],
            [
              77.210284,
              28.611284
            ],
            [
              77.21029,
              28.611285
            ],
            [
              77.210301,
              28.611297
            ],
            [
              77.210309,
              28.611297
            ],
            [
              77.210312,
              28.611295
            ],
            [
              77.210314,
              28.611298
            ],
            [
              77.210309,
              28.611302
            ],
            [
              77.210309,
              28.611308
            ],
            [
              77.210301,
              28.611313
            ],
            [
              77.210301,
              28.611321
            ],
            [
              77.210305,
              28.611324
            ],
            [
              77.210305,
              28.611328
            ],
            [
              77.210299,
              28.611328
            ],
            [
              77.210295,
              28.611324
            ],
            [
              77.21028,
              28.611324
            ],
            [
              77.210273,
              28.611328
            ]
          ]
        ]
      },
      "properties": {
        "parcel_id": "P-0516",
        "numeric_id": 516,
        "area_sqm": 35.28,
        "area_hectares": 0.0035,
        "area_acres": 0.0087,
        "area_gaj": 42.19,
        "perimeter_m": 40.41,
        "compactness": 0.271,
        "builtup_area_sqm": 0.0,
        "builtup_pct": 0.0,
        "building_count": 0,
        "land_use": "Vacant / Open Plot",
        "confidence": 0.8,
        "verification_status": "Pending Review",
        "centroid_px": [
          1539.1,
          3620.3
        ],
        "centroid_geo": [
          77.21026,
          28.611298
        ],
        "feature_type": "parcel"
      }
    },
    {
      "type": "Feature",
      "id": "P-0030",
      "geometry": {
        "type": "Polygon",
        "coordinates": [
          [
            [
              77.210237,
              28.613742
            ],
            [
              77.210235,
              28.613725
            ],
            [
              77.210229,
              28.61372
            ],
            [
              77.210233,
              28.613716
            ],
            [
              77.210233,
              28.613709
            ],
            [
              77.210227,
              28.613703
            ],
            [
              77.210223,
              28.613703
            ],
            [
              77.210223,
              28.61367
            ],
            [
              77.210231,
              28.613664
            ],
            [
              77.210231,
              28.613657
            ],
            [
              77.210229,
              28.613655
            ],
            [
              77.210231,
              28.613653
            ],
            [
              77.210231,
              28.613646
            ],
            [
              77.21024,
              28.613649
            ],
            [
              77.210242,
              28.613655
            ],
            [
              77.210257,
              28.613668
            ],
            [
              77.210269,
              28.613686
            ],
            [
              77.210282,
              28.613699
            ],
            [
              77.210282,
              28.613705
            ],
            [
              77.210237,
              28.613742
            ]
          ]
        ]
      },
      "properties": {
        "parcel_id": "P-0030",
        "numeric_id": 30,
        "area_sqm": 32.84,
        "area_hectares": 0.0033,
        "area_acres": 0.0081,
        "area_gaj": 39.28,
        "perimeter_m": 27.0,
        "compactness": 0.566,
        "builtup_area_sqm": 0.0,
        "builtup_pct": 0.0,
        "building_count": 0,
        "land_use": "Vacant / Open Plot",
        "confidence": 0.86,
        "verification_status": "Pending Review",
        "centroid_px": [
          1523.6,
          286.0
        ],
        "centroid_geo": [
          77.210247,
          28.613694
        ],
        "feature_type": "parcel"
      }
    },
    {
      "type": "Feature",
      "id": "P-0042",
      "geometry": {
        "type": "Polygon",
        "coordinates": [
          [
            [
              77.209368,
              28.613692
            ],
            [
              77.20937,
              28.613675
            ],
            [
              77.209377,
              28.61367
            ],
            [
              77.209379,
              28.613653
            ],
            [
              77.209383,
              28.613653
            ],
            [
              77.209389,
              28.613647
            ],
            [
              77.2094,
              28.613653
            ],
            [
              77.209415,
              28.613653
            ],
            [
              77.209425,
              28.613647
            ],
            [
              77.209436,
              28.613649
            ],
            [
              77.20944,
              28.613655
            ],
            [
              77.209436,
              28.613659
            ],
            [
              77.209436,
              28.613666
            ],
            [
              77.209442,
              28.613672
            ],
            [
              77.209451,
              28.613672
            ],
            [
              77.209457,
              28.613666
            ],
            [
              77.209457,
              28.613659
            ],
            [
              77.209453,
              28.613655
            ],
            [
              77.209457,
              28.613649
            ],
            [
              77.209461,
              28.613649
            ],
            [
              77.209463,
              28.613692
            ],
            [
              77.209457,
              28.613692
            ],
            [
              77.209457,
              28.613686
            ],
            [
              77.209451,
              28.613681
            ],
            [
              77.209442,
              28.613681
            ],
            [
              77.209436,
              28.613686
            ],
            [
              77.209436,
              28.613692
            ],
            [
              77.209434,
              28.61369
            ],
            [
              77.209368,
              28.613692
            ]
          ]
        ]
      },
      "properties": {
        "parcel_id": "P-0042",
        "numeric_id": 42,
        "area_sqm": 32.95,
        "area_hectares": 0.0033,
        "area_acres": 0.0081,
        "area_gaj": 39.4,
        "perimeter_m": 34.04,
        "compactness": 0.357,
        "builtup_area_sqm": 0.0,
        "builtup_pct": 0.0,
        "building_count": 0,
        "land_use": "Vacant / Open Plot",
        "confidence": 0.82,
        "verification_status": "Pending Review",
        "centroid_px": [
          504.5,
          317.5
        ],
        "centroid_geo": [
          77.209413,
          28.613672
        ],
        "feature_type": "parcel"
      }
    },
    {
      "type": "Feature",
      "id": "P-0149",
      "geometry": {
        "type": "Polygon",
        "coordinates": [
          [
            [
              77.209717,
              28.613174
            ],
            [
              77.209698,
              28.613172
            ],
            [
              77.209696,
              28.61317
            ],
            [
              77.209677,
              28.613172
            ],
            [
              77.209687,
              28.613159
            ],
            [
              77.209687,
              28.613152
            ],
            [
              77.209681,
              28.613146
            ],
            [
              77.209679,
              28.613139
            ],
            [
              77.209679,
              28.613124
            ],
            [
              77.209685,
              28.613116
            ],
            [
              77.209685,
              28.613109
            ],
            [
              77.209679,
              28.613103
            ],
            [
              77.209671,
              28.613101
            ],
            [
              77.209671,
              28.61309
            ],
            [
              77.209673,
              28.613083
            ],
            [
              77.209675,
              28.613085
            ],
            [
              77.20969,
              28.613085
            ],
            [
              77.209694,
              28.613081
            ],
            [
              77.2097,
              28.613081
            ],
            [
              77.209707,
              28.613076
            ],
            [
              77.209707,
              28.61307
            ],
            [
              77.209713,
              28.613064
            ],
            [
              77.209715,
              28.613059
            ],
            [
              77.209713,
              28.613038
            ],
            [
              77.209717,
              28.613033
            ],
            [
              77.209717,
              28.613024
            ],
            [
              77.209726,
              28.613011
            ],
            [
              77.20973,
              28.613009
            ],
            [
              77.209732,
              28.613027
            ],
            [
              77.209726,
              28.613033
            ],
            [
              77.209723,
              28.613053
            ],
            [
              77.209721,
              28.613055
            ],
            [
              77.209721,
              28.613074
            ],
            [
              77.209717,
              28.613077
            ],
            [
              77.209719,
              28.613098
            ],
            [
              77.209713,
              28.6131
            ],
            [
              77.209707,
              28.613105
            ],
            [
              77.209707,
              28.613109
            ],
            [
              77.2097,
              28.613109
            ],
            [
              77.20969,
              28.613116
            ],
            [
              77.20969,
              28.613131
            ],
            [
              77.209692,
              28.613133
            ],
            [
              77.20969,
              28.613148
            ],
            [
              77.209696,
              28.613153
            ],
            [
              77.2097,
              28.613153
            ],
            [
              77.2097,
              28.613159
            ],
            [
              77.209707,
              28.613165
            ],
            [
              77.20973,
              28.613166
            ],
            [
              77.209734,
              28.61317
            ],
            [
              77.209762,
              28.613172
            ],
            [
              77.209753,
              28.613176
            ],
            [
              77.209732,
              28.613178
            ],
            [
              77.209723,
              28.613181
            ],
            [
              77.209717,
              28.613174
            ]
          ]
        ]
      },
      "properties": {
        "parcel_id": "P-0149",
        "numeric_id": 149,
        "area_sqm": 33.08,
        "area_hectares": 0.0033,
        "area_acres": 0.0082,
        "area_gaj": 39.56,
        "perimeter_m": 59.15,
        "compactness": 0.119,
        "builtup_area_sqm": 0.0,
        "builtup_pct": 0.0,
        "building_count": 0,
        "land_use": "Vacant / Open Plot",
        "confidence": 0.77,
        "verification_status": "Pending Review",
        "centroid_px": [
          860.4,
          1104.4
        ],
        "centroid_geo": [
          77.209704,
          28.613106
        ],
        "feature_type": "parcel"
      }
    },
    {
      "type": "Feature",
      "id": "P-0298",
      "geometry": {
        "type": "Polygon",
        "coordinates": [
          [
            [
              77.211693,
              28.612401
            ],
            [
              77.211689,
              28.612398
            ],
            [
              77.211674,
              28.612398
            ],
            [
              77.211689,
              28.612383
            ],
            [
              77.211689,
              28.612348
            ],
            [
              77.211686,
              28.612346
            ],
            [
              77.211686,
              28.612338
            ],
            [
              77.211695,
              28.61234
            ],
            [
              77.21172,
              28.61234
            ],
            [
              77.211722,
              28.612338
            ],
            [
              77.211756,
              28.61234
            ],
            [
              77.211754,
              28.612346
            ],
            [
              77.211746,
              28.612353
            ],
            [
              77.211737,
              28.612353
            ],
            [
              77.211725,
              28.612362
            ],
            [
              77.211727,
              28.612375
            ],
            [
              77.211733,
              28.612381
            ],
            [
              77.211737,
              28.612381
            ],
            [
              77.211737,
              28.612385
            ],
            [
              77.211731,
              28.61239
            ],
            [
              77.211731,
              28.612398
            ],
            [
              77.211733,
              28.6124
            ],
            [
              77.211693,
              28.612401
            ]
          ]
        ]
      },
      "properties": {
        "parcel_id": "P-0298",
        "numeric_id": 298,
        "area_sqm": 32.22,
        "area_hectares": 0.0032,
        "area_acres": 0.008,
        "area_gaj": 38.54,
        "perimeter_m": 29.57,
        "compactness": 0.463,
        "builtup_area_sqm": 0.0,
        "builtup_pct": 0.0,
        "building_count": 0,
        "land_use": "Vacant / Open Plot",
        "confidence": 0.84,
        "verification_status": "Pending Review",
        "centroid_px": [
          3312.5,
          2131.0
        ],
        "centroid_geo": [
          77.211712,
          28.612369
        ],
        "feature_type": "parcel"
      }
    },
    {
      "type": "Feature",
      "id": "P-0417",
      "geometry": {
        "type": "Polygon",
        "coordinates": [
          [
            [
              77.209781,
              28.611803
            ],
            [
              77.209772,
              28.611802
            ],
            [
              77.209772,
              28.611794
            ],
            [
              77.209768,
              28.61179
            ],
            [
              77.209768,
              28.611766
            ],
            [
              77.209787,
              28.611766
            ],
            [
              77.209789,
              28.611764
            ],
            [
              77.209827,
              28.611766
            ],
            [
              77.209829,
              28.611764
            ],
            [
              77.209844,
              28.611764
            ],
            [
              77.20985,
              28.611768
            ],
            [
              77.209859,
              28.611768
            ],
            [
              77.209876,
              28.611755
            ],
            [
              77.209876,
              28.61175
            ],
            [
              77.20988,
              28.61175
            ],
            [
              77.20988,
              28.611766
            ],
            [
              77.209876,
              28.61177
            ],
            [
              77.209874,
              28.611787
            ],
            [
              77.209865,
              28.611783
            ],
            [
              77.209857,
              28.611783
            ],
            [
              77.209852,
              28.611787
            ],
            [
              77.209842,
              28.611787
            ],
            [
              77.209836,
              28.611792
            ],
            [
              77.209836,
              28.6118
            ],
            [
              77.209833,
              28.6118
            ],
            [
              77.209833,
              28.611794
            ],
            [
              77.209827,
              28.611789
            ],
            [
              77.209817,
              28.611789
            ],
            [
              77.20981,
              28.611794
            ],
            [
              77.209806,
              28.61179
            ],
            [
              77.209797,
              28.61179
            ],
            [
              77.209791,
              28.611798
            ],
            [
              77.209787,
              28.611798
            ],
            [
              77.209781,
              28.611803
            ]
          ]
        ]
      },
      "properties": {
        "parcel_id": "P-0417",
        "numeric_id": 417,
        "area_sqm": 31.09,
        "area_hectares": 0.0031,
        "area_acres": 0.0077,
        "area_gaj": 37.18,
        "perimeter_m": 34.11,
        "compactness": 0.336,
        "builtup_area_sqm": 0.0,
        "builtup_pct": 0.0,
        "building_count": 0,
        "land_use": "Vacant / Open Plot",
        "confidence": 0.82,
        "verification_status": "Pending Review",
        "centroid_px": [
          999.8,
          2952.7
        ],
        "centroid_geo": [
          77.209818,
          28.611778
        ],
        "feature_type": "parcel"
      }
    },
    {
      "type": "Feature",
      "id": "P-0426",
      "geometry": {
        "type": "Polygon",
        "coordinates": [
          [
            [
              77.210358,
              28.611733
            ],
            [
              77.210362,
              28.611729
            ],
            [
              77.210362,
              28.611722
            ],
            [
              77.21036,
              28.61172
            ],
            [
              77.210362,
              28.611714
            ],
            [
              77.210362,
              28.611707
            ],
            [
              77.21036,
              28.611705
            ],
            [
              77.210362,
              28.611699
            ],
            [
              77.210362,
              28.611672
            ],
            [
              77.210392,
              28.611673
            ],
            [
              77.210394,
              28.611672
            ],
            [
              77.210434,
              28.611672
            ],
            [
              77.210441,
              28.61167
            ],
            [
              77.210436,
              28.611675
            ],
            [
              77.21043,
              28.611675
            ],
            [
              77.210396,
              28.611707
            ],
            [
              77.210394,
              28.611712
            ],
            [
              77.210394,
              28.611733
            ],
            [
              77.210369,
              28.611735
            ],
            [
              77.21036,
              28.611742
            ],
            [
              77.21036,
              28.611735
            ],
            [
              77.210358,
              28.611733
            ]
          ]
        ]
      },
      "properties": {
        "parcel_id": "P-0426",
        "numeric_id": 426,
        "area_sqm": 30.3,
        "area_hectares": 0.003,
        "area_acres": 0.0075,
        "area_gaj": 36.24,
        "perimeter_m": 28.9,
        "compactness": 0.456,
        "builtup_area_sqm": 0.0,
        "builtup_pct": 0.0,
        "building_count": 0,
        "land_use": "Vacant / Open Plot",
        "confidence": 0.84,
        "verification_status": "Pending Review",
        "centroid_px": [
          1693.1,
          3063.5
        ],
        "centroid_geo": [
          77.210386,
          28.611698
        ],
        "feature_type": "parcel"
      }
    },
    {
      "type": "Feature",
      "id": "P-0018",
      "geometry": {
        "type": "Polygon",
        "coordinates": [
          [
            [
              77.210056,
              28.613776
            ],
            [
              77.210041,
              28.613772
            ],
            [
              77.210015,
              28.613772
            ],
            [
              77.210024,
              28.61377
            ],
            [
              77.21003,
              28.613764
            ],
            [
              77.210037,
              28.613764
            ],
            [
              77.210043,
              28.613759
            ],
            [
              77.210043,
              28.613746
            ],
            [
              77.210037,
              28.61374
            ],
            [
              77.210028,
              28.61374
            ],
            [
              77.21002,
              28.613748
            ],
            [
              77.210015,
              28.613744
            ],
            [
              77.210007,
              28.613744
            ],
            [
              77.210001,
              28.613748
            ],
            [
              77.209992,
              28.613738
            ],
            [
              77.209984,
              28.613738
            ],
            [
              77.209984,
              28.613735
            ],
            [
              77.209988,
              28.613731
            ],
            [
              77.209996,
              28.613731
            ],
            [
              77.209998,
              28.613729
            ],
            [
              77.210013,
              28.613731
            ],
            [
              77.21002,
              28.613735
            ],
            [
              77.210039,
              28.613735
            ],
            [
              77.210047,
              28.613729
            ],
            [
              77.210051,
              28.613729
            ],
            [
              77.210062,
              28.613733
            ],
            [
              77.210077,
              28.613733
            ],
            [
              77.210094,
              28.613737
            ],
            [
              77.210102,
              28.613737
            ],
            [
              77.210115,
              28.613733
            ],
            [
              77.210134,
              28.613733
            ],
            [
              77.21014,
              28.613738
            ],
            [
              77.21014,
              28.613742
            ],
            [
              77.210125,
              28.613742
            ],
            [
              77.210123,
              28.613744
            ],
            [
              77.210108,
              28.61374
            ],
            [
              77.210085,
              28.61374
            ],
            [
              77.210083,
              28.613742
            ],
            [
              77.210081,
              28.61374
            ],
            [
              77.210053,
              28.61374
            ],
            [
              77.210047,
              28.613746
            ],
            [
              77.210047,
              28.613753
            ],
            [
              77.210058,
              28.613761
            ],
            [
              77.210072,
              28.613759
            ],
            [
              77.210075,
              28.613761
            ],
            [
              77.210132,
              28.613763
            ],
            [
              77.210138,
              28.613772
            ],
            [
              77.210138,
              28.613774
            ],
            [
              77.210062,
              28.613774
            ],
            [
              77.210056,
              28.613776
            ]
          ]
        ]
      },
      "properties": {
        "parcel_id": "P-0018",
        "numeric_id": 18,
        "area_sqm": 30.49,
        "area_hectares": 0.003,
        "area_acres": 0.0075,
        "area_gaj": 36.47,
        "perimeter_m": 61.69,
        "compactness": 0.101,
        "builtup_area_sqm": 0.0,
        "builtup_pct": 0.0,
        "building_count": 0,
        "land_use": "Vacant / Open Plot",
        "confidence": 0.77,
        "verification_status": "Pending Review",
        "centroid_px": [
          1302.9,
          205.5
        ],
        "centroid_geo": [
          77.210067,
          28.613752
        ],
        "feature_type": "parcel"
      }
    },
    {
      "type": "Feature",
      "id": "P-0125",
      "geometry": {
        "type": "Polygon",
        "coordinates": [
          [
            [
              77.210699,
              28.613274
            ],
            [
              77.210701,
              28.613265
            ],
            [
              77.210711,
              28.613261
            ],
            [
              77.210718,
              28.613256
            ],
            [
              77.210718,
              28.613246
            ],
            [
              77.210713,
              28.613243
            ],
            [
              77.210713,
              28.613233
            ],
            [
              77.210703,
              28.613226
            ],
            [
              77.210703,
              28.613222
            ],
            [
              77.210696,
              28.613217
            ],
            [
              77.210703,
              28.613209
            ],
            [
              77.210703,
              28.613198
            ],
            [
              77.210713,
              28.613198
            ],
            [
              77.210716,
              28.613196
            ],
            [
              77.210726,
              28.613196
            ],
            [
              77.210728,
              28.613198
            ],
            [
              77.210764,
              28.613196
            ],
            [
              77.21076,
              28.6132
            ],
            [
              77.21076,
              28.613213
            ],
            [
              77.210771,
              28.613224
            ],
            [
              77.210771,
              28.613237
            ],
            [
              77.210777,
              28.613243
            ],
            [
              77.210787,
              28.613243
            ],
            [
              77.210787,
              28.613248
            ],
            [
              77.210783,
              28.613254
            ],
            [
              77.210775,
              28.613246
            ],
            [
              77.210766,
              28.613246
            ],
            [
              77.210764,
              28.613248
            ],
            [
              77.210758,
              28.613243
            ],
            [
              77.210751,
              28.613243
            ],
            [
              77.210751,
              28.613233
            ],
            [
              77.210745,
              28.613228
            ],
            [
              77.210732,
              28.613228
            ],
            [
              77.21072,
              28.613239
            ],
            [
              77.21072,
              28.613246
            ],
            [
              77.210724,
              28.61325
            ],
            [
              77.210722,
              28.613261
            ],
            [
              77.210726,
              28.613265
            ],
            [
              77.210722,
              28.613267
            ],
            [
              77.21072,
              28.613265
            ],
            [
              77.210711,
              28.613265
            ],
            [
              77.210705,
              28.61327
            ],
            [
              77.210705,
              28.613274
            ],
            [
              77.210699,
              28.613274
            ]
          ]
        ]
      },
      "properties": {
        "parcel_id": "P-0125",
        "numeric_id": 125,
        "area_sqm": 30.47,
        "area_hectares": 0.003,
        "area_acres": 0.0075,
        "area_gaj": 36.44,
        "perimeter_m": 40.56,
        "compactness": 0.233,
        "builtup_area_sqm": 0.0,
        "builtup_pct": 0.0,
        "building_count": 0,
        "land_use": "Vacant / Open Plot",
        "confidence": 0.8,
        "verification_status": "Pending Review",
        "centroid_px": [
          2120.3,
          942.2
        ],
        "centroid_geo": [
          77.210736,
          28.613223
        ],
        "feature_type": "parcel"
      }
    },
    {
      "type": "Feature",
      "id": "P-0027",
      "geometry": {
        "type": "Polygon",
        "coordinates": [
          [
            [
              77.211462,
              28.61375
            ],
            [
              77.211462,
              28.613727
            ],
            [
              77.21146,
              28.613724
            ],
            [
              77.21145,
              28.613716
            ],
            [
              77.211443,
              28.613709
            ],
            [
              77.211443,
              28.613705
            ],
            [
              77.211437,
              28.613699
            ],
            [
              77.211426,
              28.613698
            ],
            [
              77.211426,
              28.613692
            ],
            [
              77.211431,
              28.613685
            ],
            [
              77.211431,
              28.613677
            ],
            [
              77.211426,
              28.613673
            ],
            [
              77.211426,
              28.613666
            ],
            [
              77.211437,
              28.613666
            ],
            [
              77.211441,
              28.61367
            ],
            [
              77.21145,
              28.61367
            ],
            [
              77.211452,
              28.613683
            ],
            [
              77.21146,
              28.61369
            ],
            [
              77.211475,
              28.61369
            ],
            [
              77.211481,
              28.613685
            ],
            [
              77.211479,
              28.613649
            ],
            [
              77.211496,
              28.613666
            ],
            [
              77.211492,
              28.613696
            ],
            [
              77.211496,
              28.613705
            ],
            [
              77.211505,
              28.613712
            ],
            [
              77.211498,
              28.613716
            ],
            [
              77.211473,
              28.613716
            ],
            [
              77.211466,
              28.613722
            ],
            [
              77.211466,
              28.613729
            ],
            [
              77.211471,
              28.613733
            ],
            [
              77.211466,
              28.613737
            ],
            [
              77.211466,
              28.613746
            ],
            [
              77.211462,
              28.61375
            ]
          ]
        ]
      },
      "properties": {
        "parcel_id": "P-0027",
        "numeric_id": 27,
        "area_sqm": 30.0,
        "area_hectares": 0.003,
        "area_acres": 0.0074,
        "area_gaj": 35.88,
        "perimeter_m": 38.58,
        "compactness": 0.253,
        "builtup_area_sqm": 0.0,
        "builtup_pct": 0.0,
        "building_count": 0,
        "land_use": "Vacant / Open Plot",
        "confidence": 0.8,
        "verification_status": "Pending Review",
        "centroid_px": [
          3010.8,
          285.1
        ],
        "centroid_geo": [
          77.211465,
          28.613695
        ],
        "feature_type": "parcel"
      }
    },
    {
      "type": "Feature",
      "id": "P-0362",
      "geometry": {
        "type": "Polygon",
        "coordinates": [
          [
            [
              77.21168,
              28.612086
            ],
            [
              77.211678,
              28.612084
            ],
            [
              77.21167,
              28.612084
            ],
            [
              77.211661,
              28.612076
            ],
            [
              77.211644,
              28.612076
            ],
            [
              77.211625,
              28.61208
            ],
            [
              77.211631,
              28.612073
            ],
            [
              77.211631,
              28.612067
            ],
            [
              77.211634,
              28.612069
            ],
            [
              77.211657,
              28.612069
            ],
            [
              77.211659,
              28.612067
            ],
            [
              77.211706,
              28.612069
            ],
            [
              77.211708,
              28.612067
            ],
            [
              77.211731,
              28.612067
            ],
            [
              77.211739,
              28.61206
            ],
            [
              77.211754,
              28.612067
            ],
            [
              77.211767,
              28.612067
            ],
            [
              77.211773,
              28.612062
            ],
            [
              77.211777,
              28.612065
            ],
            [
              77.211794,
              28.612065
            ],
            [
              77.211801,
              28.612062
            ],
            [
              77.211809,
              28.612067
            ],
            [
              77.211824,
              28.612067
            ],
            [
              77.211826,
              28.612065
            ],
            [
              77.211858,
              28.612065
            ],
            [
              77.21186,
              28.612067
            ],
            [
              77.211868,
              28.612067
            ],
            [
              77.211871,
              28.612065
            ],
            [
              77.21189,
              28.612067
            ],
            [
              77.211894,
              28.612065
            ],
            [
              77.211896,
              28.612067
            ],
            [
              77.211896,
              28.612073
            ],
            [
              77.211881,
              28.612073
            ],
            [
              77.211879,
              28.612075
            ],
            [
              77.211706,
              28.612076
            ],
            [
              77.211701,
              28.61208
            ],
            [
              77.211691,
              28.61208
            ],
            [
              77.21168,
              28.612086
            ]
          ]
        ]
      },
      "properties": {
        "parcel_id": "P-0362",
        "numeric_id": 362,
        "area_sqm": 29.27,
        "area_hectares": 0.0029,
        "area_acres": 0.0072,
        "area_gaj": 35.01,
        "perimeter_m": 57.46,
        "compactness": 0.111,
        "builtup_area_sqm": 0.0,
        "builtup_pct": 0.0,
        "building_count": 0,
        "land_use": "Vacant / Open Plot",
        "confidence": 0.77,
        "verification_status": "Pending Review",
        "centroid_px": [
          3365.7,
          2544.1
        ],
        "centroid_geo": [
          77.211755,
          28.612072
        ],
        "feature_type": "parcel"
      }
    },
    {
      "type": "Feature",
      "id": "P-0431",
      "geometry": {
        "type": "Polygon",
        "coordinates": [
          [
            [
              77.210658,
              28.611735
            ],
            [
              77.210658,
              28.611724
            ],
            [
              77.210652,
              28.611718
            ],
            [
              77.210646,
              28.611718
            ],
            [
              77.210646,
              28.611714
            ],
            [
              77.210652,
              28.611714
            ],
            [
              77.210658,
              28.611709
            ],
            [
              77.210658,
              28.611699
            ],
            [
              77.210652,
              28.611694
            ],
            [
              77.210646,
              28.611694
            ],
            [
              77.210646,
              28.611679
            ],
            [
              77.21065,
              28.611679
            ],
            [
              77.210656,
              28.611673
            ],
            [
              77.210656,
              28.611666
            ],
            [
              77.210663,
              28.611666
            ],
            [
              77.210675,
              28.611677
            ],
            [
              77.210694,
              28.611677
            ],
            [
              77.210699,
              28.611681
            ],
            [
              77.210705,
              28.611681
            ],
            [
              77.210743,
              28.611711
            ],
            [
              77.210735,
              28.611716
            ],
            [
              77.210735,
              28.61172
            ],
            [
              77.210696,
              28.611692
            ],
            [
              77.210686,
              28.611692
            ],
            [
              77.21068,
              28.611698
            ],
            [
              77.21068,
              28.611705
            ],
            [
              77.21069,
              28.611714
            ],
            [
              77.21069,
              28.611718
            ],
            [
              77.21068,
              28.611733
            ],
            [
              77.210658,
              28.611735
            ]
          ]
        ]
      },
      "properties": {
        "parcel_id": "P-0431",
        "numeric_id": 431,
        "area_sqm": 29.91,
        "area_hectares": 0.003,
        "area_acres": 0.0074,
        "area_gaj": 35.78,
        "perimeter_m": 36.3,
        "compactness": 0.285,
        "builtup_area_sqm": 0.0,
        "builtup_pct": 0.0,
        "building_count": 0,
        "land_use": "Vacant / Open Plot",
        "confidence": 0.81,
        "verification_status": "Pending Review",
        "centroid_px": [
          2053.8,
          3061.6
        ],
        "centroid_geo": [
          77.210681,
          28.6117
        ],
        "feature_type": "parcel"
      }
    },
    {
      "type": "Feature",
      "id": "P-0007",
      "geometry": {
        "type": "Polygon",
        "coordinates": [
          [
            [
              77.210254,
              28.613898
            ],
            [
              77.210259,
              28.613893
            ],
            [
              77.210259,
              28.613881
            ],
            [
              77.210254,
              28.613878
            ],
            [
              77.210254,
              28.613865
            ],
            [
              77.210252,
              28.613863
            ],
            [
              77.210261,
              28.613831
            ],
            [
              77.210276,
              28.613828
            ],
            [
              77.210278,
              28.613829
            ],
            [
              77.210288,
              28.613829
            ],
            [
              77.210292,
              28.613833
            ],
            [
              77.210303,
              28.613833
            ],
            [
              77.210305,
              28.613844
            ],
            [
              77.210299,
              28.613861
            ],
            [
              77.210292,
              28.613868
            ],
            [
              77.210292,
              28.61388
            ],
            [
              77.210286,
              28.613893
            ],
            [
              77.210286,
              28.613898
            ],
            [
              77.210254,
              28.613898
            ]
          ]
        ]
      },
      "properties": {
        "parcel_id": "P-0007",
        "numeric_id": 7,
        "area_sqm": 29.4,
        "area_hectares": 0.0029,
        "area_acres": 0.0073,
        "area_gaj": 35.16,
        "perimeter_m": 23.16,
        "compactness": 0.689,
        "builtup_area_sqm": 0.0,
        "builtup_pct": 0.0,
        "building_count": 0,
        "land_use": "Vacant / Open Plot",
        "confidence": 0.89,
        "verification_status": "Pending Review",
        "centroid_px": [
          1559.5,
          53.7
        ],
        "centroid_geo": [
          77.210277,
          28.613861
        ],
        "feature_type": "parcel"
      }
    },
    {
      "type": "Feature",
      "id": "P-0495",
      "geometry": {
        "type": "Polygon",
        "coordinates": [
          [
            [
              77.212071,
              28.611443
            ],
            [
              77.212065,
              28.611412
            ],
            [
              77.212061,
              28.611404
            ],
            [
              77.212059,
              28.611337
            ],
            [
              77.212067,
              28.611339
            ],
            [
              77.212067,
              28.611371
            ],
            [
              77.21208,
              28.611382
            ],
            [
              77.21209,
              28.611382
            ],
            [
              77.212097,
              28.611376
            ],
            [
              77.212097,
              28.611341
            ],
            [
              77.212101,
              28.611341
            ],
            [
              77.212101,
              28.61138
            ],
            [
              77.212099,
              28.611382
            ],
            [
              77.212101,
              28.611436
            ],
            [
              77.212095,
              28.611441
            ],
            [
              77.212076,
              28.61144
            ],
            [
              77.212071,
              28.611443
            ]
          ]
        ]
      },
      "properties": {
        "parcel_id": "P-0495",
        "numeric_id": 495,
        "area_sqm": 29.06,
        "area_hectares": 0.0029,
        "area_acres": 0.0072,
        "area_gaj": 34.75,
        "perimeter_m": 38.28,
        "compactness": 0.249,
        "builtup_area_sqm": 0.0,
        "builtup_pct": 0.0,
        "building_count": 0,
        "land_use": "Vacant / Open Plot",
        "confidence": 0.8,
        "verification_status": "Pending Review",
        "centroid_px": [
          3763.0,
          3479.9
        ],
        "centroid_geo": [
          77.212081,
          28.611399
        ],
        "feature_type": "parcel"
      }
    },
    {
      "type": "Feature",
      "id": "P-0319",
      "geometry": {
        "type": "Polygon",
        "coordinates": [
          [
            [
              77.211919,
              28.612323
            ],
            [
              77.211913,
              28.612322
            ],
            [
              77.211913,
              28.612318
            ],
            [
              77.211932,
              28.612316
            ],
            [
              77.211936,
              28.612312
            ],
            [
              77.211953,
              28.612314
            ],
            [
              77.211964,
              28.612307
            ],
            [
              77.211964,
              28.612299
            ],
            [
              77.211968,
              28.612299
            ],
            [
              77.211974,
              28.612294
            ],
            [
              77.21198,
              28.612294
            ],
            [
              77.211989,
              28.612284
            ],
            [
              77.211989,
              28.612264
            ],
            [
              77.211991,
              28.612266
            ],
            [
              77.212,
              28.612266
            ],
            [
              77.212002,
              28.612264
            ],
            [
              77.212006,
              28.612268
            ],
            [
              77.21204,
              28.612268
            ],
            [
              77.212046,
              28.61227
            ],
            [
              77.212048,
              28.612281
            ],
            [
              77.212055,
              28.612286
            ],
            [
              77.212059,
              28.612286
            ],
            [
              77.212059,
              28.61229
            ],
            [
              77.212052,
              28.61229
            ],
            [
              77.212046,
              28.612296
            ],
            [
              77.212046,
              28.612301
            ],
            [
              77.212042,
              28.612301
            ],
            [
              77.21204,
              28.612296
            ],
            [
              77.212027,
              28.612286
            ],
            [
              77.212002,
              28.612286
            ],
            [
              77.211995,
              28.612292
            ],
            [
              77.211993,
              28.612297
            ],
            [
              77.211993,
              28.612307
            ],
            [
              77.211995,
              28.612309
            ],
            [
              77.211989,
              28.612314
            ],
            [
              77.211989,
              28.612323
            ],
            [
              77.21198,
              28.612322
            ],
            [
              77.211919,
              28.612323
            ]
          ]
        ]
      },
      "properties": {
        "parcel_id": "P-0319",
        "numeric_id": 319,
        "area_sqm": 28.8,
        "area_hectares": 0.0029,
        "area_acres": 0.0071,
        "area_gaj": 34.45,
        "perimeter_m": 40.67,
        "compactness": 0.219,
        "builtup_area_sqm": 0.0,
        "builtup_pct": 0.0,
        "building_count": 0,
        "land_use": "Vacant / Open Plot",
        "confidence": 0.79,
        "verification_status": "Pending Review",
        "centroid_px": [
          3658.5,
          2234.3
        ],
        "centroid_geo": [
          77.211995,
          28.612294
        ],
        "feature_type": "parcel"
      }
    },
    {
      "type": "Feature",
      "id": "P-0074",
      "geometry": {
        "type": "Polygon",
        "coordinates": [
          [
            [
              77.209374,
              28.613508
            ],
            [
              77.20937,
              28.613504
            ],
            [
              77.209362,
              28.613504
            ],
            [
              77.20936,
              28.613506
            ],
            [
              77.209355,
              28.613503
            ],
            [
              77.209347,
              28.613503
            ],
            [
              77.209343,
              28.613506
            ],
            [
              77.209341,
              28.613504
            ],
            [
              77.209345,
              28.613499
            ],
            [
              77.209355,
              28.613499
            ],
            [
              77.209362,
              28.613493
            ],
            [
              77.209364,
              28.613477
            ],
            [
              77.20936,
              28.613473
            ],
            [
              77.209366,
              28.613451
            ],
            [
              77.209393,
              28.613451
            ],
            [
              77.209398,
              28.613447
            ],
            [
              77.209404,
              28.613451
            ],
            [
              77.209417,
              28.613451
            ],
            [
              77.209423,
              28.613462
            ],
            [
              77.209421,
              28.613471
            ],
            [
              77.209417,
              28.613471
            ],
            [
              77.20941,
              28.613477
            ],
            [
              77.20941,
              28.613482
            ],
            [
              77.209404,
              28.613482
            ],
            [
              77.209393,
              28.613491
            ],
            [
              77.209387,
              28.613499
            ],
            [
              77.209385,
              28.613506
            ],
            [
              77.209374,
              28.613508
            ]
          ]
        ]
      },
      "properties": {
        "parcel_id": "P-0074",
        "numeric_id": 74,
        "area_sqm": 28.16,
        "area_hectares": 0.0028,
        "area_acres": 0.007,
        "area_gaj": 33.68,
        "perimeter_m": 26.29,
        "compactness": 0.512,
        "builtup_area_sqm": 0.0,
        "builtup_pct": 0.0,
        "building_count": 0,
        "land_use": "Vacant / Open Plot",
        "confidence": 0.85,
        "verification_status": "Pending Review",
        "centroid_px": [
          470.8,
          591.5
        ],
        "centroid_geo": [
          77.209385,
          28.613475
        ],
        "feature_type": "parcel"
      }
    },
    {
      "type": "Feature",
      "id": "P-0472",
      "geometry": {
        "type": "Polygon",
        "coordinates": [
          [
            [
              77.209905,
              28.611503
            ],
            [
              77.20991,
              28.611497
            ],
            [
              77.209916,
              28.611497
            ],
            [
              77.209922,
              28.611492
            ],
            [
              77.209922,
              28.611484
            ],
            [
              77.209918,
              28.61148
            ],
            [
              77.209918,
              28.611454
            ],
            [
              77.209933,
              28.611453
            ],
            [
              77.209937,
              28.611449
            ],
            [
              77.209943,
              28.611456
            ],
            [
              77.209954,
              28.611456
            ],
            [
              77.209956,
              28.611454
            ],
            [
              77.209958,
              28.611456
            ],
            [
              77.209971,
              28.611456
            ],
            [
              77.209979,
              28.611462
            ],
            [
              77.209996,
              28.611464
            ],
            [
              77.209996,
              28.611482
            ],
            [
              77.209998,
              28.611486
            ],
            [
              77.209994,
              28.611492
            ],
            [
              77.209992,
              28.61149
            ],
            [
              77.209977,
              28.61149
            ],
            [
              77.209967,
              28.611493
            ],
            [
              77.209965,
              28.611492
            ],
            [
              77.209954,
              28.611492
            ],
            [
              77.209954,
              28.611486
            ],
            [
              77.209948,
              28.61148
            ],
            [
              77.209933,
              28.61148
            ],
            [
              77.209922,
              28.611493
            ],
            [
              77.209922,
              28.611501
            ],
            [
              77.209924,
              28.611503
            ],
            [
              77.209905,
              28.611503
            ]
          ]
        ]
      },
      "properties": {
        "parcel_id": "P-0472",
        "numeric_id": 472,
        "area_sqm": 27.11,
        "area_hectares": 0.0027,
        "area_acres": 0.0067,
        "area_gaj": 32.43,
        "perimeter_m": 30.34,
        "compactness": 0.37,
        "builtup_area_sqm": 0.0,
        "builtup_pct": 0.0,
        "building_count": 0,
        "land_use": "Vacant / Open Plot",
        "confidence": 0.82,
        "verification_status": "Pending Review",
        "centroid_px": [
          1166.8,
          3376.9
        ],
        "centroid_geo": [
          77.209955,
          28.611473
        ],
        "feature_type": "parcel"
      }
    },
    {
      "type": "Feature",
      "id": "P-0390",
      "geometry": {
        "type": "Polygon",
        "coordinates": [
          [
            [
              77.211003,
              28.6119
            ],
            [
              77.211026,
              28.611876
            ],
            [
              77.211031,
              28.611865
            ],
            [
              77.211031,
              28.611855
            ],
            [
              77.211029,
              28.611854
            ],
            [
              77.211031,
              28.61185
            ],
            [
              77.211029,
              28.611768
            ],
            [
              77.211046,
              28.61177
            ],
            [
              77.211043,
              28.611815
            ],
            [
              77.211048,
              28.61182
            ],
            [
              77.211048,
              28.611833
            ],
            [
              77.211052,
              28.611837
            ],
            [
              77.211056,
              28.611857
            ],
            [
              77.21105,
              28.611868
            ],
            [
              77.211048,
              28.611881
            ],
            [
              77.211046,
              28.611883
            ],
            [
              77.211035,
              28.611883
            ],
            [
              77.211029,
              28.611889
            ],
            [
              77.211029,
              28.611896
            ],
            [
              77.211033,
              28.6119
            ],
            [
              77.211003,
              28.6119
            ]
          ]
        ]
      },
      "properties": {
        "parcel_id": "P-0390",
        "numeric_id": 390,
        "area_sqm": 26.9,
        "area_hectares": 0.0027,
        "area_acres": 0.0066,
        "area_gaj": 32.17,
        "perimeter_m": 36.79,
        "compactness": 0.25,
        "builtup_area_sqm": 0.0,
        "builtup_pct": 0.0,
        "building_count": 0,
        "land_use": "Vacant / Open Plot",
        "confidence": 0.8,
        "verification_status": "Pending Review",
        "centroid_px": [
          2487.8,
          2867.1
        ],
        "centroid_geo": [
          77.211037,
          28.61184
        ],
        "feature_type": "parcel"
      }
    },
    {
      "type": "Feature",
      "id": "P-0371",
      "geometry": {
        "type": "Polygon",
        "coordinates": [
          [
            [
              77.210849,
              28.612056
            ],
            [
              77.21084,
              28.61205
            ],
            [
              77.210809,
              28.612052
            ],
            [
              77.210798,
              28.612049
            ],
            [
              77.21079,
              28.612049
            ],
            [
              77.210787,
              28.61205
            ],
            [
              77.210766,
              28.612049
            ],
            [
              77.210756,
              28.612054
            ],
            [
              77.210751,
              28.61205
            ],
            [
              77.210743,
              28.61205
            ],
            [
              77.210741,
              28.612049
            ],
            [
              77.210743,
              28.612032
            ],
            [
              77.210787,
              28.612032
            ],
            [
              77.21079,
              28.61203
            ],
            [
              77.210794,
              28.612032
            ],
            [
              77.210868,
              28.612032
            ],
            [
              77.21087,
              28.612049
            ],
            [
              77.210859,
              28.612049
            ],
            [
              77.210849,
              28.612056
            ]
          ]
        ]
      },
      "properties": {
        "parcel_id": "P-0371",
        "numeric_id": 371,
        "area_sqm": 26.09,
        "area_hectares": 0.0026,
        "area_acres": 0.0064,
        "area_gaj": 31.2,
        "perimeter_m": 29.79,
        "compactness": 0.369,
        "builtup_area_sqm": 0.0,
        "builtup_pct": 0.0,
        "building_count": 0,
        "land_use": "Vacant / Open Plot",
        "confidence": 0.82,
        "verification_status": "Pending Review",
        "centroid_px": [
          2206.0,
          2586.2
        ],
        "centroid_geo": [
          77.210806,
          28.612041
        ],
        "feature_type": "parcel"
      }
    },
    {
      "type": "Feature",
      "id": "P-0369",
      "geometry": {
        "type": "Polygon",
        "coordinates": [
          [
            [
              77.209994,
              28.612062
            ],
            [
              77.209984,
              28.612056
            ],
            [
              77.209943,
              28.612056
            ],
            [
              77.209935,
              28.61206
            ],
            [
              77.20992,
              28.612049
            ],
            [
              77.209931,
              28.612039
            ],
            [
              77.209937,
              28.612037
            ],
            [
              77.209939,
              28.612039
            ],
            [
              77.209956,
              28.612039
            ],
            [
              77.209958,
              28.612037
            ],
            [
              77.210058,
              28.612037
            ],
            [
              77.210058,
              28.612052
            ],
            [
              77.210056,
              28.612054
            ],
            [
              77.210001,
              28.612056
            ],
            [
              77.209994,
              28.612062
            ]
          ]
        ]
      },
      "properties": {
        "parcel_id": "P-0369",
        "numeric_id": 369,
        "area_sqm": 26.34,
        "area_hectares": 0.0026,
        "area_acres": 0.0065,
        "area_gaj": 31.51,
        "perimeter_m": 30.23,
        "compactness": 0.362,
        "builtup_area_sqm": 0.0,
        "builtup_pct": 0.0,
        "building_count": 0,
        "land_use": "Vacant / Open Plot",
        "confidence": 0.82,
        "verification_status": "Pending Review",
        "centroid_px": [
          1210.4,
          2578.4
        ],
        "centroid_geo": [
          77.209991,
          28.612047
        ],
        "feature_type": "parcel"
      }
    },
    {
      "type": "Feature",
      "id": "P-0435",
      "geometry": {
        "type": "Polygon",
        "coordinates": [
          [
            [
              77.210542,
              28.611722
            ],
            [
              77.21054,
              28.61172
            ],
            [
              77.210531,
              28.61172
            ],
            [
              77.210529,
              28.611668
            ],
            [
              77.210534,
              28.61167
            ],
            [
              77.210555,
              28.61167
            ],
            [
              77.210555,
              28.611673
            ],
            [
              77.210563,
              28.611681
            ],
            [
              77.210572,
              28.611681
            ],
            [
              77.21058,
              28.611673
            ],
            [
              77.21058,
              28.611677
            ],
            [
              77.210601,
              28.611696
            ],
            [
              77.210591,
              28.611703
            ],
            [
              77.210591,
              28.611714
            ],
            [
              77.210593,
              28.611716
            ],
            [
              77.210584,
              28.611716
            ],
            [
              77.210578,
              28.611722
            ],
            [
              77.210542,
              28.611722
            ]
          ],
          [
            [
              77.210572,
              28.611707
            ],
            [
              77.21058,
              28.611707
            ],
            [
              77.210589,
              28.611698
            ],
            [
              77.210589,
              28.61169
            ],
            [
              77.210582,
              28.611685
            ],
            [
              77.210574,
              28.611685
            ],
            [
              77.210565,
              28.611694
            ],
            [
              77.210565,
              28.611701
            ],
            [
              77.210572,
              28.611707
            ]
          ]
        ]
      },
      "properties": {
        "parcel_id": "P-0435",
        "numeric_id": 435,
        "area_sqm": 26.13,
        "area_hectares": 0.0026,
        "area_acres": 0.0065,
        "area_gaj": 31.25,
        "perimeter_m": 32.14,
        "compactness": 0.318,
        "builtup_area_sqm": 0.0,
        "builtup_pct": 0.0,
        "building_count": 0,
        "land_use": "Vacant / Open Plot",
        "confidence": 0.81,
        "verification_status": "Pending Review",
        "centroid_px": [
          1901.6,
          3064.3
        ],
        "centroid_geo": [
          77.210557,
          28.611698
        ],
        "feature_type": "parcel"
      }
    },
    {
      "type": "Feature",
      "id": "P-0219",
      "geometry": {
        "type": "Polygon",
        "coordinates": [
          [
            [
              77.210847,
              28.612793
            ],
            [
              77.210847,
              28.612782
            ],
            [
              77.210838,
              28.612777
            ],
            [
              77.210836,
              28.612756
            ],
            [
              77.210859,
              28.612754
            ],
            [
              77.210859,
              28.612758
            ],
            [
              77.210866,
              28.612764
            ],
            [
              77.210874,
              28.612764
            ],
            [
              77.210881,
              28.612758
            ],
            [
              77.210881,
              28.612754
            ],
            [
              77.210921,
              28.612754
            ],
            [
              77.210923,
              28.612767
            ],
            [
              77.210919,
              28.612771
            ],
            [
              77.210919,
              28.612775
            ],
            [
              77.210912,
              28.612775
            ],
            [
              77.210906,
              28.61278
            ],
            [
              77.210906,
              28.61279
            ],
            [
              77.21091,
              28.612793
            ],
            [
              77.210847,
              28.612793
            ]
          ],
          [
            [
              77.210889,
              28.61278
            ],
            [
              77.210897,
              28.61278
            ],
            [
              77.210904,
              28.612775
            ],
            [
              77.210904,
              28.612767
            ],
            [
              77.210897,
              28.612762
            ],
            [
              77.210889,
              28.612762
            ],
            [
              77.210883,
              28.612767
            ],
            [
              77.210883,
              28.612775
            ],
            [
              77.210889,
              28.61278
            ]
          ]
        ]
      },
      "properties": {
        "parcel_id": "P-0219",
        "numeric_id": 219,
        "area_sqm": 25.85,
        "area_hectares": 0.0026,
        "area_acres": 0.0064,
        "area_gaj": 30.92,
        "perimeter_m": 32.77,
        "compactness": 0.303,
        "builtup_area_sqm": 0.0,
        "builtup_pct": 0.0,
        "building_count": 0,
        "land_use": "Vacant / Open Plot",
        "confidence": 0.81,
        "verification_status": "Pending Review",
        "centroid_px": [
          2292.2,
          1567.6
        ],
        "centroid_geo": [
          77.210876,
          28.612773
        ],
        "feature_type": "parcel"
      }
    },
    {
      "type": "Feature",
      "id": "P-0120",
      "geometry": {
        "type": "Polygon",
        "coordinates": [
          [
            [
              77.209173,
              28.613302
            ],
            [
              77.209171,
              28.613295
            ],
            [
              77.209165,
              28.613289
            ],
            [
              77.209157,
              28.613289
            ],
            [
              77.20915,
              28.613295
            ],
            [
              77.209152,
              28.613289
            ],
            [
              77.20915,
              28.613278
            ],
            [
              77.209159,
              28.613265
            ],
            [
              77.209173,
              28.613265
            ],
            [
              77.209176,
              28.613267
            ],
            [
              77.209258,
              28.613267
            ],
            [
              77.209262,
              28.61327
            ],
            [
              77.209271,
              28.61327
            ],
            [
              77.209275,
              28.613276
            ],
            [
              77.209273,
              28.61328
            ],
            [
              77.209267,
              28.61328
            ],
            [
              77.20926,
              28.613285
            ],
            [
              77.209258,
              28.613298
            ],
            [
              77.209247,
              28.613302
            ],
            [
              77.209245,
              28.613291
            ],
            [
              77.209239,
              28.613285
            ],
            [
              77.209231,
              28.613285
            ],
            [
              77.209228,
              28.613287
            ],
            [
              77.209228,
              28.613278
            ],
            [
              77.209222,
              28.613272
            ],
            [
              77.209212,
              28.613272
            ],
            [
              77.209197,
              28.613278
            ],
            [
              77.209188,
              28.613285
            ],
            [
              77.209188,
              28.613298
            ],
            [
              77.20918,
              28.613298
            ],
            [
              77.209173,
              28.613302
            ]
          ]
        ]
      },
      "properties": {
        "parcel_id": "P-0120",
        "numeric_id": 120,
        "area_sqm": 25.34,
        "area_hectares": 0.0025,
        "area_acres": 0.0063,
        "area_gaj": 30.31,
        "perimeter_m": 35.46,
        "compactness": 0.253,
        "builtup_area_sqm": 0.0,
        "builtup_pct": 0.0,
        "building_count": 0,
        "land_use": "Vacant / Open Plot",
        "confidence": 0.8,
        "verification_status": "Pending Review",
        "centroid_px": [
          254.2,
          864.2
        ],
        "centroid_geo": [
          77.209208,
          28.613279
        ],
        "feature_type": "parcel"
      }
    },
    {
      "type": "Feature",
      "id": "P-0112",
      "geometry": {
        "type": "Polygon",
        "coordinates": [
          [
            [
              77.209912,
              28.613317
            ],
            [
              77.209895,
              28.613308
            ],
            [
              77.209895,
              28.613274
            ],
            [
              77.209927,
              28.613276
            ],
            [
              77.209931,
              28.613272
            ],
            [
              77.209941,
              28.613272
            ],
            [
              77.209948,
              28.613276
            ],
            [
              77.209965,
              28.613278
            ],
            [
              77.20999,
              28.613254
            ],
            [
              77.20999,
              28.613272
            ],
            [
              77.209984,
              28.613278
            ],
            [
              77.209977,
              28.613278
            ],
            [
              77.209971,
              28.613283
            ],
            [
              77.209971,
              28.613291
            ],
            [
              77.209984,
              28.6133
            ],
            [
              77.209975,
              28.6133
            ],
            [
              77.209969,
              28.613296
            ],
            [
              77.209943,
              28.613296
            ],
            [
              77.209939,
              28.613293
            ],
            [
              77.209929,
              28.613293
            ],
            [
              77.209922,
              28.613298
            ],
            [
              77.209922,
              28.613304
            ],
            [
              77.209912,
              28.613317
            ]
          ]
        ]
      },
      "properties": {
        "parcel_id": "P-0112",
        "numeric_id": 112,
        "area_sqm": 25.45,
        "area_hectares": 0.0025,
        "area_acres": 0.0063,
        "area_gaj": 30.43,
        "perimeter_m": 32.3,
        "compactness": 0.307,
        "builtup_area_sqm": 0.0,
        "builtup_pct": 0.0,
        "building_count": 0,
        "land_use": "Vacant / Open Plot",
        "confidence": 0.81,
        "verification_status": "Pending Review",
        "centroid_px": [
          1142.3,
          852.9
        ],
        "centroid_geo": [
          77.209935,
          28.613287
        ],
        "feature_type": "parcel"
      }
    },
    {
      "type": "Feature",
      "id": "P-0552",
      "geometry": {
        "type": "Polygon",
        "coordinates": [
          [
            [
              77.20951,
              28.611207
            ],
            [
              77.209501,
              28.611204
            ],
            [
              77.209487,
              28.611206
            ],
            [
              77.209487,
              28.611202
            ],
            [
              77.20948,
              28.611196
            ],
            [
              77.209425,
              28.611196
            ],
            [
              77.209419,
              28.611202
            ],
            [
              77.209412,
              28.611198
            ],
            [
              77.209302,
              28.6112
            ],
            [
              77.2093,
              28.611202
            ],
            [
              77.209292,
              28.611202
            ],
            [
              77.209277,
              28.611194
            ],
            [
              77.209374,
              28.611193
            ],
            [
              77.209377,
              28.611191
            ],
            [
              77.209584,
              28.611189
            ],
            [
              77.209582,
              28.611193
            ],
            [
              77.209573,
              28.611191
            ],
            [
              77.209537,
              28.611193
            ],
            [
              77.209531,
              28.611198
            ],
            [
              77.209529,
              28.611206
            ],
            [
              77.20951,
              28.611207
            ]
          ]
        ]
      },
      "properties": {
        "parcel_id": "P-0552",
        "numeric_id": 552,
        "area_sqm": 24.61,
        "area_hectares": 0.0025,
        "area_acres": 0.0061,
        "area_gaj": 29.44,
        "perimeter_m": 62.71,
        "compactness": 0.079,
        "builtup_area_sqm": 0.0,
        "builtup_pct": 0.0,
        "building_count": 0,
        "land_use": "Vacant / Open Plot",
        "confidence": 0.77,
        "verification_status": "Pending Review",
        "centroid_px": [
          533.3,
          3763.3
        ],
        "centroid_geo": [
          77.209437,
          28.611196
        ],
        "feature_type": "parcel"
      }
    },
    {
      "type": "Feature",
      "id": "P-0391",
      "geometry": {
        "type": "Polygon",
        "coordinates": [
          [
            [
              77.209632,
              28.611894
            ],
            [
              77.209607,
              28.611874
            ],
            [
              77.209601,
              28.611872
            ],
            [
              77.209571,
              28.611872
            ],
            [
              77.209563,
              28.611867
            ],
            [
              77.209563,
              28.611861
            ],
            [
              77.209556,
              28.611855
            ],
            [
              77.209542,
              28.611855
            ],
            [
              77.209537,
              28.611859
            ],
            [
              77.209533,
              28.611855
            ],
            [
              77.209533,
              28.61185
            ],
            [
              77.209539,
              28.61185
            ],
            [
              77.209548,
              28.611841
            ],
            [
              77.209548,
              28.611813
            ],
            [
              77.209542,
              28.611807
            ],
            [
              77.209565,
              28.611807
            ],
            [
              77.209567,
              28.611809
            ],
            [
              77.209567,
              28.611816
            ],
            [
              77.209571,
              28.61182
            ],
            [
              77.209567,
              28.611824
            ],
            [
              77.209567,
              28.611833
            ],
            [
              77.209573,
              28.611839
            ],
            [
              77.209582,
              28.611839
            ],
            [
              77.209582,
              28.611855
            ],
            [
              77.20959,
              28.611865
            ],
            [
              77.209594,
              28.611867
            ],
            [
              77.209628,
              28.611867
            ],
            [
              77.209632,
              28.611894
            ]
          ]
        ]
      },
      "properties": {
        "parcel_id": "P-0391",
        "numeric_id": 391,
        "area_sqm": 24.59,
        "area_hectares": 0.0025,
        "area_acres": 0.0061,
        "area_gaj": 29.41,
        "perimeter_m": 35.98,
        "compactness": 0.239,
        "builtup_area_sqm": 0.0,
        "builtup_pct": 0.0,
        "building_count": 0,
        "land_use": "Vacant / Open Plot",
        "confidence": 0.8,
        "verification_status": "Pending Review",
        "centroid_px": [
          701.7,
          2853.2
        ],
        "centroid_geo": [
          77.209574,
          28.61185
        ],
        "feature_type": "parcel"
      }
    },
    {
      "type": "Feature",
      "id": "P-0449",
      "geometry": {
        "type": "Polygon",
        "coordinates": [
          [
            [
              77.21057,
              28.611653
            ],
            [
              77.210567,
              28.611651
            ],
            [
              77.210542,
              28.611651
            ],
            [
              77.210538,
              28.611649
            ],
            [
              77.21054,
              28.611621
            ],
            [
              77.210561,
              28.61162
            ],
            [
              77.210567,
              28.611614
            ],
            [
              77.210574,
              28.611621
            ],
            [
              77.210578,
              28.611621
            ],
            [
              77.210582,
              28.611625
            ],
            [
              77.210593,
              28.611625
            ],
            [
              77.210608,
              28.611618
            ],
            [
              77.210618,
              28.611621
            ],
            [
              77.21062,
              28.611629
            ],
            [
              77.210612,
              28.611644
            ],
            [
              77.210608,
              28.611644
            ],
            [
              77.210601,
              28.611649
            ],
            [
              77.210595,
              28.611651
            ],
            [
              77.210572,
              28.611651
            ],
            [
              77.21057,
              28.611653
            ]
          ]
        ]
      },
      "properties": {
        "parcel_id": "P-0449",
        "numeric_id": 449,
        "area_sqm": 24.66,
        "area_hectares": 0.0025,
        "area_acres": 0.0061,
        "area_gaj": 29.49,
        "perimeter_m": 22.35,
        "compactness": 0.62,
        "builtup_area_sqm": 0.0,
        "builtup_pct": 0.0,
        "building_count": 0,
        "land_use": "Vacant / Open Plot",
        "confidence": 0.87,
        "verification_status": "Pending Review",
        "centroid_px": [
          1925.5,
          3151.3
        ],
        "centroid_geo": [
          77.210576,
          28.611635
        ],
        "feature_type": "parcel"
      }
    },
    {
      "type": "Feature",
      "id": "P-0545",
      "geometry": {
        "type": "Polygon",
        "coordinates": [
          [
            [
              77.21198,
              28.611239
            ],
            [
              77.211972,
              28.611237
            ],
            [
              77.211972,
              28.611222
            ],
            [
              77.21197,
              28.61122
            ],
            [
              77.21197,
              28.611209
            ],
            [
              77.211966,
              28.611206
            ],
            [
              77.211966,
              28.611196
            ],
            [
              77.212035,
              28.611196
            ],
            [
              77.212031,
              28.611209
            ],
            [
              77.212008,
              28.611233
            ],
            [
              77.212008,
              28.611237
            ],
            [
              77.21198,
              28.611239
            ]
          ]
        ]
      },
      "properties": {
        "parcel_id": "P-0545",
        "numeric_id": 545,
        "area_sqm": 24.08,
        "area_hectares": 0.0024,
        "area_acres": 0.006,
        "area_gaj": 28.8,
        "perimeter_m": 20.61,
        "compactness": 0.712,
        "builtup_area_sqm": 0.0,
        "builtup_pct": 0.0,
        "building_count": 0,
        "land_use": "Vacant / Open Plot",
        "confidence": 0.89,
        "verification_status": "Pending Review",
        "centroid_px": [
          3660.9,
          3736.9
        ],
        "centroid_geo": [
          77.211997,
          28.611214
        ],
        "feature_type": "parcel"
      }
    },
    {
      "type": "Feature",
      "id": "P-0016",
      "geometry": {
        "type": "Polygon",
        "coordinates": [
          [
            [
              77.211187,
              28.613792
            ],
            [
              77.211177,
              28.613785
            ],
            [
              77.211185,
              28.613779
            ],
            [
              77.211185,
              28.613772
            ],
            [
              77.211179,
              28.613766
            ],
            [
              77.211172,
              28.613766
            ],
            [
              77.211164,
              28.613761
            ],
            [
              77.211156,
              28.613761
            ],
            [
              77.211149,
              28.613766
            ],
            [
              77.211149,
              28.613774
            ],
            [
              77.211158,
              28.613781
            ],
            [
              77.211166,
              28.613781
            ],
            [
              77.211168,
              28.613783
            ],
            [
              77.21116,
              28.613783
            ],
            [
              77.211156,
              28.613787
            ],
            [
              77.211122,
              28.613787
            ],
            [
              77.21112,
              28.613774
            ],
            [
              77.211124,
              28.61377
            ],
            [
              77.211124,
              28.613763
            ],
            [
              77.211117,
              28.613757
            ],
            [
              77.211101,
              28.613757
            ],
            [
              77.211101,
              28.613751
            ],
            [
              77.211149,
              28.613751
            ],
            [
              77.211156,
              28.613748
            ],
            [
              77.211166,
              28.613748
            ],
            [
              77.211168,
              28.613746
            ],
            [
              77.21117,
              28.613748
            ],
            [
              77.211179,
              28.613748
            ],
            [
              77.211185,
              28.613744
            ],
            [
              77.211185,
              28.61375
            ],
            [
              77.211189,
              28.613753
            ],
            [
              77.211187,
              28.613766
            ],
            [
              77.211194,
              28.613772
            ],
            [
              77.211194,
              28.613776
            ],
            [
              77.2112,
              28.613781
            ],
            [
              77.211208,
              28.613781
            ],
            [
              77.211217,
              28.613787
            ],
            [
              77.211196,
              28.613787
            ],
            [
              77.211187,
              28.613792
            ]
          ]
        ]
      },
      "properties": {
        "parcel_id": "P-0016",
        "numeric_id": 16,
        "area_sqm": 23.93,
        "area_hectares": 0.0024,
        "area_acres": 0.0059,
        "area_gaj": 28.62,
        "perimeter_m": 39.76,
        "compactness": 0.19,
        "builtup_area_sqm": 0.0,
        "builtup_pct": 0.0,
        "building_count": 0,
        "land_use": "Vacant / Open Plot",
        "confidence": 0.79,
        "verification_status": "Pending Review",
        "centroid_px": [
          2632.1,
          184.8
        ],
        "centroid_geo": [
          77.211155,
          28.613767
        ],
        "feature_type": "parcel"
      }
    },
    {
      "type": "Feature",
      "id": "P-0256",
      "geometry": {
        "type": "Polygon",
        "coordinates": [
          [
            [
              77.211678,
              28.612615
            ],
            [
              77.211674,
              28.612611
            ],
            [
              77.211636,
              28.612611
            ],
            [
              77.211638,
              28.612591
            ],
            [
              77.211636,
              28.612589
            ],
            [
              77.211636,
              28.612576
            ],
            [
              77.211631,
              28.612563
            ],
            [
              77.211638,
              28.612561
            ],
            [
              77.211678,
              28.612563
            ],
            [
              77.211678,
              28.612574
            ],
            [
              77.211682,
              28.612589
            ],
            [
              77.211678,
              28.612615
            ]
          ]
        ]
      },
      "properties": {
        "parcel_id": "P-0256",
        "numeric_id": 256,
        "area_sqm": 23.76,
        "area_hectares": 0.0024,
        "area_acres": 0.0059,
        "area_gaj": 28.42,
        "perimeter_m": 20.29,
        "compactness": 0.725,
        "builtup_area_sqm": 0.0,
        "builtup_pct": 0.0,
        "building_count": 0,
        "land_use": "Vacant / Open Plot",
        "confidence": 0.9,
        "verification_status": "Pending Review",
        "centroid_px": [
          3246.4,
          1827.6
        ],
        "centroid_geo": [
          77.211658,
          28.612587
        ],
        "feature_type": "parcel"
      }
    },
    {
      "type": "Feature",
      "id": "P-0228",
      "geometry": {
        "type": "Polygon",
        "coordinates": [
          [
            [
              77.209425,
              28.612743
            ],
            [
              77.209419,
              28.612739
            ],
            [
              77.209385,
              28.612741
            ],
            [
              77.209391,
              28.612721
            ],
            [
              77.209391,
              28.612706
            ],
            [
              77.209453,
              28.612704
            ],
            [
              77.209448,
              28.612708
            ],
            [
              77.209448,
              28.612717
            ],
            [
              77.209451,
              28.612719
            ],
            [
              77.209448,
              28.612721
            ],
            [
              77.209448,
              28.61273
            ],
            [
              77.209455,
              28.612741
            ],
            [
              77.209453,
              28.612743
            ],
            [
              77.209425,
              28.612743
            ]
          ]
        ]
      },
      "properties": {
        "parcel_id": "P-0228",
        "numeric_id": 228,
        "area_sqm": 23.91,
        "area_hectares": 0.0024,
        "area_acres": 0.0059,
        "area_gaj": 28.59,
        "perimeter_m": 21.67,
        "compactness": 0.64,
        "builtup_area_sqm": 0.0,
        "builtup_pct": 0.0,
        "building_count": 0,
        "land_use": "Vacant / Open Plot",
        "confidence": 0.88,
        "verification_status": "Pending Review",
        "centroid_px": [
          513.7,
          1636.6
        ],
        "centroid_geo": [
          77.209421,
          28.612724
        ],
        "feature_type": "parcel"
      }
    },
    {
      "type": "Feature",
      "id": "P-0326",
      "geometry": {
        "type": "Polygon",
        "coordinates": [
          [
            [
              77.209082,
              28.612266
            ],
            [
              77.20908,
              28.612264
            ],
            [
              77.20907,
              28.612264
            ],
            [
              77.20907,
              28.612253
            ],
            [
              77.209068,
              28.612251
            ],
            [
              77.20907,
              28.612247
            ],
            [
              77.20907,
              28.61224
            ],
            [
              77.209068,
              28.612238
            ],
            [
              77.209072,
              28.612234
            ],
            [
              77.20907,
              28.61221
            ],
            [
              77.209074,
              28.612203
            ],
            [
              77.209074,
              28.612179
            ],
            [
              77.209066,
              28.612171
            ],
            [
              77.209057,
              28.612171
            ],
            [
              77.209051,
              28.612166
            ],
            [
              77.20904,
              28.612166
            ],
            [
              77.209038,
              28.612167
            ],
            [
              77.209034,
              28.612164
            ],
            [
              77.209015,
              28.612164
            ],
            [
              77.209015,
              28.61216
            ],
            [
              77.209023,
              28.612154
            ],
            [
              77.209023,
              28.612147
            ],
            [
              77.209021,
              28.612145
            ],
            [
              77.209059,
              28.612145
            ],
            [
              77.209061,
              28.612147
            ],
            [
              77.20907,
              28.612147
            ],
            [
              77.20908,
              28.612154
            ],
            [
              77.209076,
              28.612164
            ],
            [
              77.209076,
              28.612171
            ],
            [
              77.209078,
              28.612179
            ],
            [
              77.209085,
              28.612184
            ],
            [
              77.209076,
              28.61219
            ],
            [
              77.209076,
              28.612197
            ],
            [
              77.209085,
              28.612203
            ],
            [
              77.209085,
              28.612229
            ],
            [
              77.20908,
              28.612236
            ],
            [
              77.209082,
              28.612266
            ]
          ]
        ]
      },
      "properties": {
        "parcel_id": "P-0326",
        "numeric_id": 326,
        "area_sqm": 23.7,
        "area_hectares": 0.0024,
        "area_acres": 0.0059,
        "area_gaj": 28.34,
        "perimeter_m": 40.4,
        "compactness": 0.182,
        "builtup_area_sqm": 0.0,
        "builtup_pct": 0.0,
        "building_count": 0,
        "land_use": "Vacant / Open Plot",
        "confidence": 0.79,
        "verification_status": "Pending Review",
        "centroid_px": [
          75.3,
          2384.9
        ],
        "centroid_geo": [
          77.209062,
          28.612186
        ],
        "feature_type": "parcel"
      }
    },
    {
      "type": "Feature",
      "id": "P-0261",
      "geometry": {
        "type": "Polygon",
        "coordinates": [
          [
            [
              77.210847,
              28.612583
            ],
            [
              77.210845,
              28.612576
            ],
            [
              77.210845,
              28.612533
            ],
            [
              77.210857,
              28.612537
            ],
            [
              77.210883,
              28.612537
            ],
            [
              77.210883,
              28.612543
            ],
            [
              77.210889,
              28.612548
            ],
            [
              77.210897,
              28.612548
            ],
            [
              77.210906,
              28.612541
            ],
            [
              77.210908,
              28.612528
            ],
            [
              77.210916,
              28.612535
            ],
            [
              77.210927,
              28.612535
            ],
            [
              77.210929,
              28.612537
            ],
            [
              77.210938,
              28.612537
            ],
            [
              77.210948,
              28.612533
            ],
            [
              77.210948,
              28.612539
            ],
            [
              77.210952,
              28.612543
            ],
            [
              77.210952,
              28.612556
            ],
            [
              77.210933,
              28.612554
            ],
            [
              77.210927,
              28.612559
            ],
            [
              77.210923,
              28.612559
            ],
            [
              77.210923,
              28.612554
            ],
            [
              77.210916,
              28.612548
            ],
            [
              77.210906,
              28.612548
            ],
            [
              77.210895,
              28.612559
            ],
            [
              77.210889,
              28.612561
            ],
            [
              77.210881,
              28.612556
            ],
            [
              77.210868,
              28.612556
            ],
            [
              77.210853,
              28.612569
            ],
            [
              77.210853,
              28.612576
            ],
            [
              77.210859,
              28.612582
            ],
            [
              77.210847,
              28.612583
            ]
          ]
        ]
      },
      "properties": {
        "parcel_id": "P-0261",
        "numeric_id": 261,
        "area_sqm": 23.57,
        "area_hectares": 0.0024,
        "area_acres": 0.0058,
        "area_gaj": 28.19,
        "perimeter_m": 36.68,
        "compactness": 0.22,
        "builtup_area_sqm": 0.0,
        "builtup_pct": 0.0,
        "building_count": 0,
        "land_use": "Vacant / Open Plot",
        "confidence": 0.79,
        "verification_status": "Pending Review",
        "centroid_px": [
          2309.4,
          1879.4
        ],
        "centroid_geo": [
          77.210891,
          28.612549
        ],
        "feature_type": "parcel"
      }
    },
    {
      "type": "Feature",
      "id": "P-0157",
      "geometry": {
        "type": "Polygon",
        "coordinates": [
          [
            [
              77.20958,
              28.613148
            ],
            [
              77.209584,
              28.613144
            ],
            [
              77.209584,
              28.613129
            ],
            [
              77.209582,
              28.613126
            ],
            [
              77.209588,
              28.61312
            ],
            [
              77.209588,
              28.613113
            ],
            [
              77.209582,
              28.613107
            ],
            [
              77.209567,
              28.613109
            ],
            [
              77.209569,
              28.613092
            ],
            [
              77.209571,
              28.61309
            ],
            [
              77.209571,
              28.613076
            ],
            [
              77.209573,
              28.613074
            ],
            [
              77.209573,
              28.613057
            ],
            [
              77.20958,
              28.613061
            ],
            [
              77.20958,
              28.613068
            ],
            [
              77.209586,
              28.613074
            ],
            [
              77.209594,
              28.613074
            ],
            [
              77.209599,
              28.61307
            ],
            [
              77.209599,
              28.613079
            ],
            [
              77.209605,
              28.613085
            ],
            [
              77.209613,
              28.613085
            ],
            [
              77.20962,
              28.613081
            ],
            [
              77.20962,
              28.613092
            ],
            [
              77.209622,
              28.613094
            ],
            [
              77.209622,
              28.613103
            ],
            [
              77.209618,
              28.613107
            ],
            [
              77.209618,
              28.613111
            ],
            [
              77.209613,
              28.613114
            ],
            [
              77.209601,
              28.613114
            ],
            [
              77.209588,
              28.613126
            ],
            [
              77.209588,
              28.613133
            ],
            [
              77.209594,
              28.613139
            ],
            [
              77.209599,
              28.613139
            ],
            [
              77.209599,
              28.613146
            ],
            [
              77.20958,
              28.613148
            ]
          ]
        ]
      },
      "properties": {
        "parcel_id": "P-0157",
        "numeric_id": 157,
        "area_sqm": 23.31,
        "area_hectares": 0.0023,
        "area_acres": 0.0058,
        "area_gaj": 27.88,
        "perimeter_m": 32.02,
        "compactness": 0.286,
        "builtup_area_sqm": 0.0,
        "builtup_pct": 0.0,
        "building_count": 0,
        "land_use": "Vacant / Open Plot",
        "confidence": 0.81,
        "verification_status": "Pending Review",
        "centroid_px": [
          723.8,
          1115.1
        ],
        "centroid_geo": [
          77.209593,
          28.613099
        ],
        "feature_type": "parcel"
      }
    },
    {
      "type": "Feature",
      "id": "P-0203",
      "geometry": {
        "type": "Polygon",
        "coordinates": [
          [
            [
              77.211416,
              28.612819
            ],
            [
              77.211445,
              28.612799
            ],
            [
              77.211445,
              28.612777
            ],
            [
              77.211441,
              28.612771
            ],
            [
              77.211447,
              28.612764
            ],
            [
              77.211447,
              28.612756
            ],
            [
              77.21145,
              28.612758
            ],
            [
              77.211464,
              28.612758
            ],
            [
              77.211471,
              28.612752
            ],
            [
              77.211477,
              28.612758
            ],
            [
              77.211488,
              28.61276
            ],
            [
              77.21149,
              28.61278
            ],
            [
              77.211475,
              28.612778
            ],
            [
              77.211464,
              28.612788
            ],
            [
              77.211469,
              28.612814
            ],
            [
              77.211473,
              28.612819
            ],
            [
              77.211416,
              28.612819
            ]
          ]
        ]
      },
      "properties": {
        "parcel_id": "P-0203",
        "numeric_id": 203,
        "area_sqm": 23.4,
        "area_hectares": 0.0023,
        "area_acres": 0.0058,
        "area_gaj": 27.98,
        "perimeter_m": 27.77,
        "compactness": 0.381,
        "builtup_area_sqm": 0.0,
        "builtup_pct": 0.0,
        "building_count": 0,
        "land_use": "Vacant / Open Plot",
        "confidence": 0.83,
        "verification_status": "Pending Review",
        "centroid_px": [
          3002.7,
          1548.0
        ],
        "centroid_geo": [
          77.211458,
          28.612788
        ],
        "feature_type": "parcel"
      }
    },
    {
      "type": "Feature",
      "id": "P-0483",
      "geometry": {
        "type": "Polygon",
        "coordinates": [
          [
            [
              77.210166,
              28.611484
            ],
            [
              77.210163,
              28.611486
            ],
            [
              77.210163,
              28.611458
            ],
            [
              77.210172,
              28.611456
            ],
            [
              77.210187,
              28.611441
            ],
            [
              77.210187,
              28.611434
            ],
            [
              77.210182,
              28.61143
            ],
            [
              77.210193,
              28.61143
            ],
            [
              77.210197,
              28.611427
            ],
            [
              77.210208,
              28.611427
            ],
            [
              77.210218,
              28.611417
            ],
            [
              77.210218,
              28.611421
            ],
            [
              77.210214,
              28.611425
            ],
            [
              77.210214,
              28.611432
            ],
            [
              77.210221,
              28.611438
            ],
            [
              77.210221,
              28.611447
            ],
            [
              77.210225,
              28.611451
            ],
            [
              77.210223,
              28.611453
            ],
            [
              77.210221,
              28.611451
            ],
            [
              77.210212,
              28.611451
            ],
            [
              77.210206,
              28.611453
            ],
            [
              77.210199,
              28.611458
            ],
            [
              77.210199,
              28.611467
            ],
            [
              77.210204,
              28.611471
            ],
            [
              77.210202,
              28.611473
            ],
            [
              77.210202,
              28.611482
            ],
            [
              77.210206,
              28.611486
            ],
            [
              77.210197,
              28.611486
            ],
            [
              77.210191,
              28.61149
            ],
            [
              77.210185,
              28.611484
            ],
            [
              77.210166,
              28.611484
            ]
          ]
        ]
      },
      "properties": {
        "parcel_id": "P-0483",
        "numeric_id": 483,
        "area_sqm": 22.76,
        "area_hectares": 0.0023,
        "area_acres": 0.0056,
        "area_gaj": 27.21,
        "perimeter_m": 27.07,
        "compactness": 0.39,
        "builtup_area_sqm": 0.0,
        "builtup_pct": 0.0,
        "building_count": 0,
        "land_use": "Vacant / Open Plot",
        "confidence": 0.83,
        "verification_status": "Pending Review",
        "centroid_px": [
          1455.2,
          3399.2
        ],
        "centroid_geo": [
          77.210191,
          28.611457
        ],
        "feature_type": "parcel"
      }
    },
    {
      "type": "Feature",
      "id": "P-0034",
      "geometry": {
        "type": "Polygon",
        "coordinates": [
          [
            [
              77.211257,
              28.613731
            ],
            [
              77.211255,
              28.613709
            ],
            [
              77.211259,
              28.613705
            ],
            [
              77.211259,
              28.613681
            ],
            [
              77.211255,
              28.613666
            ],
            [
              77.211259,
              28.61366
            ],
            [
              77.211276,
              28.613662
            ],
            [
              77.211282,
              28.613657
            ],
            [
              77.21128,
              28.613634
            ],
            [
              77.211285,
              28.613634
            ],
            [
              77.211289,
              28.613636
            ],
            [
              77.211285,
              28.613642
            ],
            [
              77.211285,
              28.613649
            ],
            [
              77.211287,
              28.613651
            ],
            [
              77.211287,
              28.61367
            ],
            [
              77.211291,
              28.613673
            ],
            [
              77.211291,
              28.613701
            ],
            [
              77.211287,
              28.613714
            ],
            [
              77.211268,
              28.613727
            ],
            [
              77.211257,
              28.613731
            ]
          ]
        ]
      },
      "properties": {
        "parcel_id": "P-0034",
        "numeric_id": 34,
        "area_sqm": 22.93,
        "area_hectares": 0.0023,
        "area_acres": 0.0057,
        "area_gaj": 27.42,
        "perimeter_m": 26.71,
        "compactness": 0.404,
        "builtup_area_sqm": 0.0,
        "builtup_pct": 0.0,
        "building_count": 0,
        "land_use": "Vacant / Open Plot",
        "confidence": 0.83,
        "verification_status": "Pending Review",
        "centroid_px": [
          2777.0,
          292.2
        ],
        "centroid_geo": [
          77.211273,
          28.61369
        ],
        "feature_type": "parcel"
      }
    },
    {
      "type": "Feature",
      "id": "P-0252",
      "geometry": {
        "type": "Polygon",
        "coordinates": [
          [
            [
              77.209933,
              28.612635
            ],
            [
              77.209933,
              28.612628
            ],
            [
              77.209939,
              28.612621
            ],
            [
              77.209939,
              28.6126
            ],
            [
              77.209992,
              28.612556
            ],
            [
              77.209996,
              28.612556
            ],
            [
              77.209984,
              28.612569
            ],
            [
              77.209979,
              28.612578
            ],
            [
              77.209979,
              28.612587
            ],
            [
              77.209984,
              28.612591
            ],
            [
              77.209984,
              28.612595
            ],
            [
              77.209992,
              28.6126
            ],
            [
              77.209982,
              28.612609
            ],
            [
              77.209979,
              28.612621
            ],
            [
              77.209973,
              28.612626
            ],
            [
              77.209965,
              28.612626
            ],
            [
              77.209962,
              28.612628
            ],
            [
              77.209943,
              28.612626
            ],
            [
              77.209933,
              28.612635
            ]
          ]
        ]
      },
      "properties": {
        "parcel_id": "P-0252",
        "numeric_id": 252,
        "area_sqm": 22.07,
        "area_hectares": 0.0022,
        "area_acres": 0.0055,
        "area_gaj": 26.4,
        "perimeter_m": 25.85,
        "compactness": 0.415,
        "builtup_area_sqm": 0.0,
        "builtup_pct": 0.0,
        "building_count": 0,
        "land_use": "Vacant / Open Plot",
        "confidence": 0.83,
        "verification_status": "Pending Review",
        "centroid_px": [
          1177.1,
          1805.6
        ],
        "centroid_geo": [
          77.209964,
          28.612602
        ],
        "feature_type": "parcel"
      }
    },
    {
      "type": "Feature",
      "id": "P-0130",
      "geometry": {
        "type": "Polygon",
        "coordinates": [
          [
            [
              77.209607,
              28.613256
            ],
            [
              77.209605,
              28.613254
            ],
            [
              77.209594,
              28.613254
            ],
            [
              77.209597,
              28.613235
            ],
            [
              77.209601,
              28.613228
            ],
            [
              77.209601,
              28.613217
            ],
            [
              77.209599,
              28.613215
            ],
            [
              77.209601,
              28.613213
            ],
            [
              77.209645,
              28.613213
            ],
            [
              77.209645,
              28.613231
            ],
            [
              77.209647,
              28.613233
            ],
            [
              77.209643,
              28.613237
            ],
            [
              77.209643,
              28.613244
            ],
            [
              77.209649,
              28.61325
            ],
            [
              77.209649,
              28.613256
            ],
            [
              77.209607,
              28.613256
            ]
          ]
        ]
      },
      "properties": {
        "parcel_id": "P-0130",
        "numeric_id": 130,
        "area_sqm": 21.99,
        "area_hectares": 0.0022,
        "area_acres": 0.0054,
        "area_gaj": 26.29,
        "perimeter_m": 19.9,
        "compactness": 0.698,
        "builtup_area_sqm": 0.0,
        "builtup_pct": 0.0,
        "building_count": 0,
        "land_use": "Vacant / Open Plot",
        "confidence": 0.89,
        "verification_status": "Pending Review",
        "centroid_px": [
          759.6,
          925.5
        ],
        "centroid_geo": [
          77.209622,
          28.613235
        ],
        "feature_type": "parcel"
      }
    },
    {
      "type": "Feature",
      "id": "P-0414",
      "geometry": {
        "type": "Polygon",
        "coordinates": [
          [
            [
              77.211562,
              28.611815
            ],
            [
              77.21156,
              28.6118
            ],
            [
              77.21157,
              28.611805
            ],
            [
              77.211596,
              28.611805
            ],
            [
              77.211608,
              28.611796
            ],
            [
              77.21161,
              28.611781
            ],
            [
              77.211615,
              28.611781
            ],
            [
              77.211623,
              28.61179
            ],
            [
              77.211634,
              28.61179
            ],
            [
              77.211644,
              28.611781
            ],
            [
              77.211648,
              28.611781
            ],
            [
              77.211659,
              28.611792
            ],
            [
              77.211665,
              28.611794
            ],
            [
              77.211665,
              28.611802
            ],
            [
              77.211667,
              28.611803
            ],
            [
              77.211667,
              28.611809
            ],
            [
              77.211663,
              28.611815
            ],
            [
              77.211659,
              28.611813
            ],
            [
              77.211621,
              28.611815
            ],
            [
              77.211617,
              28.611811
            ],
            [
              77.211608,
              28.611811
            ],
            [
              77.211604,
              28.611815
            ],
            [
              77.211562,
              28.611815
            ]
          ]
        ]
      },
      "properties": {
        "parcel_id": "P-0414",
        "numeric_id": 414,
        "area_sqm": 22.01,
        "area_hectares": 0.0022,
        "area_acres": 0.0054,
        "area_gaj": 26.32,
        "perimeter_m": 28.35,
        "compactness": 0.344,
        "builtup_area_sqm": 0.0,
        "builtup_pct": 0.0,
        "building_count": 0,
        "land_use": "Vacant / Open Plot",
        "confidence": 0.82,
        "verification_status": "Pending Review",
        "centroid_px": [
          3204.7,
          2919.2
        ],
        "centroid_geo": [
          77.211624,
          28.611802
        ],
        "feature_type": "parcel"
      }
    },
    {
      "type": "Feature",
      "id": "P-0529",
      "geometry": {
        "type": "Polygon",
        "coordinates": [
          [
            [
              77.210682,
              28.611285
            ],
            [
              77.210677,
              28.611282
            ],
            [
              77.210665,
              28.611284
            ],
            [
              77.210667,
              28.611265
            ],
            [
              77.210661,
              28.611259
            ],
            [
              77.210654,
              28.611259
            ],
            [
              77.210654,
              28.61122
            ],
            [
              77.210656,
              28.611219
            ],
            [
              77.210656,
              28.611211
            ],
            [
              77.210665,
              28.611213
            ],
            [
              77.210673,
              28.61122
            ],
            [
              77.210684,
              28.611222
            ],
            [
              77.210684,
              28.611235
            ],
            [
              77.210677,
              28.611241
            ],
            [
              77.210677,
              28.611248
            ],
            [
              77.210684,
              28.611254
            ],
            [
              77.210692,
              28.611254
            ],
            [
              77.210696,
              28.61125
            ],
            [
              77.210701,
              28.61125
            ],
            [
              77.210699,
              28.611269
            ],
            [
              77.210694,
              28.611272
            ],
            [
              77.210694,
              28.611276
            ],
            [
              77.21069,
              28.611276
            ],
            [
              77.210682,
              28.611285
            ]
          ]
        ]
      },
      "properties": {
        "parcel_id": "P-0529",
        "numeric_id": 529,
        "area_sqm": 21.39,
        "area_hectares": 0.0021,
        "area_acres": 0.0053,
        "area_gaj": 25.58,
        "perimeter_m": 24.62,
        "compactness": 0.443,
        "builtup_area_sqm": 0.0,
        "builtup_pct": 0.0,
        "building_count": 0,
        "land_use": "Vacant / Open Plot",
        "confidence": 0.84,
        "verification_status": "Pending Review",
        "centroid_px": [
          2044.2,
          3687.5
        ],
        "centroid_geo": [
          77.210673,
          28.61125
        ],
        "feature_type": "parcel"
      }
    },
    {
      "type": "Feature",
      "id": "P-0201",
      "geometry": {
        "type": "Polygon",
        "coordinates": [
          [
            [
              77.209618,
              28.612819
            ],
            [
              77.209618,
              28.612816
            ],
            [
              77.209601,
              28.612803
            ],
            [
              77.209575,
              28.612804
            ],
            [
              77.209575,
              28.61279
            ],
            [
              77.209569,
              28.612784
            ],
            [
              77.209563,
              28.612784
            ],
            [
              77.209558,
              28.612778
            ],
            [
              77.209588,
              28.612778
            ],
            [
              77.209594,
              28.612777
            ],
            [
              77.209601,
              28.612784
            ],
            [
              77.209609,
              28.612784
            ],
            [
              77.209613,
              28.61278
            ],
            [
              77.209616,
              28.612782
            ],
            [
              77.209626,
              28.612782
            ],
            [
              77.209628,
              28.61278
            ],
            [
              77.209645,
              28.612782
            ],
            [
              77.209649,
              28.61278
            ],
            [
              77.209647,
              28.612782
            ],
            [
              77.209647,
              28.612791
            ],
            [
              77.209639,
              28.612797
            ],
            [
              77.209639,
              28.612804
            ],
            [
              77.209641,
              28.612806
            ],
            [
              77.209618,
              28.612819
            ]
          ]
        ]
      },
      "properties": {
        "parcel_id": "P-0201",
        "numeric_id": 201,
        "area_sqm": 21.3,
        "area_hectares": 0.0021,
        "area_acres": 0.0053,
        "area_gaj": 25.48,
        "perimeter_m": 24.91,
        "compactness": 0.431,
        "builtup_area_sqm": 0.0,
        "builtup_pct": 0.0,
        "building_count": 0,
        "land_use": "Vacant / Open Plot",
        "confidence": 0.84,
        "verification_status": "Pending Review",
        "centroid_px": [
          743.5,
          1539.2
        ],
        "centroid_geo": [
          77.209609,
          28.612794
        ],
        "feature_type": "parcel"
      }
    },
    {
      "type": "Feature",
      "id": "P-0381",
      "geometry": {
        "type": "Polygon",
        "coordinates": [
          [
            [
              77.209063,
              28.611924
            ],
            [
              77.209059,
              28.61192
            ],
            [
              77.209049,
              28.61192
            ],
            [
              77.209047,
              28.611922
            ],
            [
              77.209042,
              28.61192
            ],
            [
              77.209051,
              28.611915
            ],
            [
              77.209051,
              28.611904
            ],
            [
              77.209047,
              28.611889
            ],
            [
              77.209059,
              28.611878
            ],
            [
              77.209059,
              28.611867
            ],
            [
              77.209051,
              28.611859
            ],
            [
              77.209042,
              28.611857
            ],
            [
              77.209049,
              28.61185
            ],
            [
              77.209049,
              28.611828
            ],
            [
              77.209042,
              28.611822
            ],
            [
              77.209038,
              28.611822
            ],
            [
              77.209038,
              28.611811
            ],
            [
              77.209044,
              28.611809
            ],
            [
              77.209051,
              28.611803
            ],
            [
              77.209057,
              28.611796
            ],
            [
              77.209057,
              28.611789
            ],
            [
              77.209061,
              28.611789
            ],
            [
              77.209066,
              28.611785
            ],
            [
              77.209066,
              28.611813
            ],
            [
              77.209063,
              28.611815
            ],
            [
              77.209063,
              28.611822
            ],
            [
              77.209066,
              28.611824
            ],
            [
              77.209063,
              28.611826
            ],
            [
              77.209063,
              28.611837
            ],
            [
              77.209066,
              28.611839
            ],
            [
              77.209063,
              28.611841
            ],
            [
              77.209063,
              28.611889
            ],
            [
              77.209066,
              28.611891
            ],
            [
              77.209063,
              28.611893
            ],
            [
              77.209063,
              28.611924
            ]
          ]
        ]
      },
      "properties": {
        "parcel_id": "P-0381",
        "numeric_id": 381,
        "area_sqm": 20.62,
        "area_hectares": 0.0021,
        "area_acres": 0.0051,
        "area_gaj": 24.66,
        "perimeter_m": 37.91,
        "compactness": 0.18,
        "builtup_area_sqm": 0.0,
        "builtup_pct": 0.0,
        "building_count": 0,
        "land_use": "Vacant / Open Plot",
        "confidence": 0.79,
        "verification_status": "Pending Review",
        "centroid_px": [
          68.1,
          2851.1
        ],
        "centroid_geo": [
          77.209056,
          28.611851
        ],
        "feature_type": "parcel"
      }
    },
    {
      "type": "Feature",
      "id": "P-0413",
      "geometry": {
        "type": "Polygon",
        "coordinates": [
          [
            [
              77.211505,
              28.611818
            ],
            [
              77.211492,
              28.611815
            ],
            [
              77.211492,
              28.611803
            ],
            [
              77.211486,
              28.611798
            ],
            [
              77.211486,
              28.611792
            ],
            [
              77.21149,
              28.611789
            ],
            [
              77.211488,
              28.611768
            ],
            [
              77.211479,
              28.611763
            ],
            [
              77.211481,
              28.611761
            ],
            [
              77.211492,
              28.611763
            ],
            [
              77.211498,
              28.611766
            ],
            [
              77.211509,
              28.611766
            ],
            [
              77.211509,
              28.611772
            ],
            [
              77.211515,
              28.611777
            ],
            [
              77.211524,
              28.611779
            ],
            [
              77.211528,
              28.611785
            ],
            [
              77.211528,
              28.611794
            ],
            [
              77.211532,
              28.611805
            ],
            [
              77.21153,
              28.611815
            ],
            [
              77.211519,
              28.611818
            ],
            [
              77.211505,
              28.611818
            ]
          ]
        ]
      },
      "properties": {
        "parcel_id": "P-0413",
        "numeric_id": 413,
        "area_sqm": 20.34,
        "area_hectares": 0.002,
        "area_acres": 0.005,
        "area_gaj": 24.33,
        "perimeter_m": 20.12,
        "compactness": 0.631,
        "builtup_area_sqm": 0.0,
        "builtup_pct": 0.0,
        "building_count": 0,
        "land_use": "Vacant / Open Plot",
        "confidence": 0.88,
        "verification_status": "Pending Review",
        "centroid_px": [
          3062.5,
          2931.7
        ],
        "centroid_geo": [
          77.211507,
          28.611793
        ],
        "feature_type": "parcel"
      }
    },
    {
      "type": "Feature",
      "id": "P-0290",
      "geometry": {
        "type": "Polygon",
        "coordinates": [
          [
            [
              77.209011,
              28.612416
            ],
            [
              77.209011,
              28.61237
            ],
            [
              77.209006,
              28.612366
            ],
            [
              77.209011,
              28.612361
            ],
            [
              77.209011,
              28.61221
            ],
            [
              77.209002,
              28.612203
            ],
            [
              77.209011,
              28.612197
            ],
            [
              77.209011,
              28.612186
            ],
            [
              77.209021,
              28.612186
            ],
            [
              77.209021,
              28.612203
            ],
            [
              77.209019,
              28.612205
            ],
            [
              77.209019,
              28.612223
            ],
            [
              77.209021,
              28.612227
            ],
            [
              77.209017,
              28.612231
            ],
            [
              77.209017,
              28.612258
            ],
            [
              77.209015,
              28.61226
            ],
            [
              77.209015,
              28.612275
            ],
            [
              77.209023,
              28.612284
            ],
            [
              77.209023,
              28.612303
            ],
            [
              77.209021,
              28.612305
            ],
            [
              77.209021,
              28.612312
            ],
            [
              77.209023,
              28.612314
            ],
            [
              77.209017,
              28.61232
            ],
            [
              77.209017,
              28.612413
            ],
            [
              77.209021,
              28.612416
            ],
            [
              77.209011,
              28.612416
            ]
          ]
        ]
      },
      "properties": {
        "parcel_id": "P-0290",
        "numeric_id": 290,
        "area_sqm": 20.15,
        "area_hectares": 0.002,
        "area_acres": 0.005,
        "area_gaj": 24.1,
        "perimeter_m": 55.67,
        "compactness": 0.082,
        "builtup_area_sqm": 0.0,
        "builtup_pct": 0.0,
        "building_count": 0,
        "land_use": "Vacant / Open Plot",
        "confidence": 0.77,
        "verification_status": "Pending Review",
        "centroid_px": [
          17.7,
          2236.6
        ],
        "centroid_geo": [
          77.209015,
          28.612293
        ],
        "feature_type": "parcel"
      }
    },
    {
      "type": "Feature",
      "id": "P-0189",
      "geometry": {
        "type": "Polygon",
        "coordinates": [
          [
            [
              77.210053,
              28.612921
            ],
            [
              77.210053,
              28.612905
            ],
            [
              77.210056,
              28.612903
            ],
            [
              77.210053,
              28.612862
            ],
            [
              77.210089,
              28.612862
            ],
            [
              77.210083,
              28.612869
            ],
            [
              77.210083,
              28.612879
            ],
            [
              77.210085,
              28.612881
            ],
            [
              77.210083,
              28.612882
            ],
            [
              77.210083,
              28.61289
            ],
            [
              77.210087,
              28.612901
            ],
            [
              77.210085,
              28.612903
            ],
            [
              77.210085,
              28.612912
            ],
            [
              77.210094,
              28.61292
            ],
            [
              77.210053,
              28.612921
            ]
          ]
        ]
      },
      "properties": {
        "parcel_id": "P-0189",
        "numeric_id": 189,
        "area_sqm": 19.81,
        "area_hectares": 0.002,
        "area_acres": 0.0049,
        "area_gaj": 23.69,
        "perimeter_m": 21.43,
        "compactness": 0.542,
        "builtup_area_sqm": 0.0,
        "builtup_pct": 0.0,
        "building_count": 0,
        "land_use": "Vacant / Open Plot",
        "confidence": 0.86,
        "verification_status": "Pending Review",
        "centroid_px": [
          1306.7,
          1402.7
        ],
        "centroid_geo": [
          77.21007,
          28.612892
        ],
        "feature_type": "parcel"
      }
    },
    {
      "type": "Feature",
      "id": "P-0099",
      "geometry": {
        "type": "Polygon",
        "coordinates": [
          [
            [
              77.210794,
              28.613386
            ],
            [
              77.210792,
              28.613378
            ],
            [
              77.210785,
              28.613373
            ],
            [
              77.210762,
              28.613373
            ],
            [
              77.210758,
              28.613376
            ],
            [
              77.210754,
              28.613374
            ],
            [
              77.210732,
              28.613376
            ],
            [
              77.210732,
              28.613369
            ],
            [
              77.210739,
              28.613363
            ],
            [
              77.210739,
              28.613356
            ],
            [
              77.210771,
              28.613356
            ],
            [
              77.210771,
              28.613361
            ],
            [
              77.210779,
              28.613369
            ],
            [
              77.210792,
              28.613373
            ],
            [
              77.210859,
              28.613371
            ],
            [
              77.21087,
              28.613367
            ],
            [
              77.210876,
              28.613361
            ],
            [
              77.210876,
              28.613358
            ],
            [
              77.210885,
              28.613358
            ],
            [
              77.210883,
              28.613365
            ],
            [
              77.210883,
              28.613374
            ],
            [
              77.210885,
              28.613376
            ],
            [
              77.210878,
              28.613382
            ],
            [
              77.210836,
              28.613382
            ],
            [
              77.21083,
              28.613386
            ],
            [
              77.21083,
              28.613382
            ],
            [
              77.210823,
              28.613376
            ],
            [
              77.210809,
              28.613376
            ],
            [
              77.210802,
              28.613384
            ],
            [
              77.210794,
              28.613386
            ]
          ]
        ]
      },
      "properties": {
        "parcel_id": "P-0099",
        "numeric_id": 99,
        "area_sqm": 19.32,
        "area_hectares": 0.0019,
        "area_acres": 0.0048,
        "area_gaj": 23.1,
        "perimeter_m": 38.26,
        "compactness": 0.166,
        "builtup_area_sqm": 0.0,
        "builtup_pct": 0.0,
        "building_count": 0,
        "land_use": "Vacant / Open Plot",
        "confidence": 0.78,
        "verification_status": "Pending Review",
        "centroid_px": [
          2208.0,
          735.7
        ],
        "centroid_geo": [
          77.210807,
          28.613371
        ],
        "feature_type": "parcel"
      }
    },
    {
      "type": "Feature",
      "id": "P-0559",
      "geometry": {
        "type": "Polygon",
        "coordinates": [
          [
            [
              77.209154,
              28.61118
            ],
            [
              77.209146,
              28.61117
            ],
            [
              77.209135,
              28.61117
            ],
            [
              77.209129,
              28.611176
            ],
            [
              77.209123,
              28.611176
            ],
            [
              77.20911,
              28.611167
            ],
            [
              77.209129,
              28.611165
            ],
            [
              77.209135,
              28.611159
            ],
            [
              77.209135,
              28.61115
            ],
            [
              77.209137,
              28.611148
            ],
            [
              77.209144,
              28.611148
            ],
            [
              77.209157,
              28.611163
            ],
            [
              77.209165,
              28.611163
            ],
            [
              77.209171,
              28.611157
            ],
            [
              77.209176,
              28.611157
            ],
            [
              77.209192,
              28.611141
            ],
            [
              77.209192,
              28.611133
            ],
            [
              77.209184,
              28.611128
            ],
            [
              77.209188,
              28.611124
            ],
            [
              77.209199,
              28.611133
            ],
            [
              77.209199,
              28.611144
            ],
            [
              77.209205,
              28.61115
            ],
            [
              77.209205,
              28.611159
            ],
            [
              77.209201,
              28.611163
            ],
            [
              77.209201,
              28.611176
            ],
            [
              77.209203,
              28.611178
            ],
            [
              77.209192,
              28.611178
            ],
            [
              77.209186,
              28.611172
            ],
            [
              77.209176,
              28.611172
            ],
            [
              77.209165,
              28.61118
            ],
            [
              77.209154,
              28.61118
            ]
          ]
        ]
      },
      "properties": {
        "parcel_id": "P-0559",
        "numeric_id": 559,
        "area_sqm": 19.98,
        "area_hectares": 0.002,
        "area_acres": 0.0049,
        "area_gaj": 23.89,
        "perimeter_m": 31.52,
        "compactness": 0.253,
        "builtup_area_sqm": 0.0,
        "builtup_pct": 0.0,
        "building_count": 0,
        "land_use": "Vacant / Open Plot",
        "confidence": 0.8,
        "verification_status": "Pending Review",
        "centroid_px": [
          206.1,
          3810.6
        ],
        "centroid_geo": [
          77.209169,
          28.611162
        ],
        "feature_type": "parcel"
      }
    },
    {
      "type": "Feature",
      "id": "P-0224",
      "geometry": {
        "type": "Polygon",
        "coordinates": [
          [
            [
              77.209224,
              28.612765
            ],
            [
              77.209222,
              28.612764
            ],
            [
              77.209192,
              28.612764
            ],
            [
              77.209192,
              28.612762
            ],
            [
              77.209201,
              28.612762
            ],
            [
              77.209207,
              28.612758
            ],
            [
              77.20922,
              28.612747
            ],
            [
              77.209224,
              28.612741
            ],
            [
              77.209224,
              28.612734
            ],
            [
              77.209245,
              28.612734
            ],
            [
              77.209247,
              28.612736
            ],
            [
              77.209262,
              28.612736
            ],
            [
              77.209264,
              28.612734
            ],
            [
              77.209271,
              28.612743
            ],
            [
              77.209271,
              28.612751
            ],
            [
              77.209277,
              28.612756
            ],
            [
              77.209283,
              28.612756
            ],
            [
              77.209292,
              28.612765
            ],
            [
              77.209264,
              28.612765
            ],
            [
              77.209262,
              28.612764
            ],
            [
              77.209231,
              28.612764
            ],
            [
              77.209224,
              28.612765
            ]
          ]
        ]
      },
      "properties": {
        "parcel_id": "P-0224",
        "numeric_id": 224,
        "area_sqm": 19.38,
        "area_hectares": 0.0019,
        "area_acres": 0.0048,
        "area_gaj": 23.18,
        "perimeter_m": 23.98,
        "compactness": 0.424,
        "builtup_area_sqm": 0.0,
        "builtup_pct": 0.0,
        "building_count": 0,
        "land_use": "Vacant / Open Plot",
        "confidence": 0.83,
        "verification_status": "Pending Review",
        "centroid_px": [
          299.7,
          1597.9
        ],
        "centroid_geo": [
          77.209245,
          28.612752
        ],
        "feature_type": "parcel"
      }
    },
    {
      "type": "Feature",
      "id": "P-0056",
      "geometry": {
        "type": "Polygon",
        "coordinates": [
          [
            [
              77.211126,
              28.61359
            ],
            [
              77.211122,
              28.613586
            ],
            [
              77.211113,
              28.613586
            ],
            [
              77.211117,
              28.613581
            ],
            [
              77.211117,
              28.613571
            ],
            [
              77.211111,
              28.613566
            ],
            [
              77.211103,
              28.613566
            ],
            [
              77.211096,
              28.613571
            ],
            [
              77.21109,
              28.613573
            ],
            [
              77.211088,
              28.613571
            ],
            [
              77.21109,
              28.613569
            ],
            [
              77.21109,
              28.613558
            ],
            [
              77.211084,
              28.613553
            ],
            [
              77.211067,
              28.613551
            ],
            [
              77.211067,
              28.613545
            ],
            [
              77.211062,
              28.61354
            ],
            [
              77.211073,
              28.613547
            ],
            [
              77.211084,
              28.613547
            ],
            [
              77.211088,
              28.613543
            ],
            [
              77.211098,
              28.613543
            ],
            [
              77.211109,
              28.61354
            ],
            [
              77.211134,
              28.61354
            ],
            [
              77.211134,
              28.613569
            ],
            [
              77.211136,
              28.613577
            ],
            [
              77.211134,
              28.613579
            ],
            [
              77.211134,
              28.613588
            ],
            [
              77.211126,
              28.61359
            ]
          ]
        ]
      },
      "properties": {
        "parcel_id": "P-0056",
        "numeric_id": 56,
        "area_sqm": 19.04,
        "area_hectares": 0.0019,
        "area_acres": 0.0047,
        "area_gaj": 22.77,
        "perimeter_m": 26.07,
        "compactness": 0.352,
        "builtup_area_sqm": 0.0,
        "builtup_pct": 0.0,
        "building_count": 0,
        "land_use": "Vacant / Open Plot",
        "confidence": 0.82,
        "verification_status": "Pending Review",
        "centroid_px": [
          2580.0,
          474.5
        ],
        "centroid_geo": [
          77.211112,
          28.613559
        ],
        "feature_type": "parcel"
      }
    },
    {
      "type": "Feature",
      "id": "P-0355",
      "geometry": {
        "type": "Polygon",
        "coordinates": [
          [
            [
              77.21091,
              28.612143
            ],
            [
              77.210908,
              28.612141
            ],
            [
              77.210885,
              28.612141
            ],
            [
              77.210885,
              28.61214
            ],
            [
              77.210893,
              28.61214
            ],
            [
              77.2109,
              28.612134
            ],
            [
              77.2109,
              28.612127
            ],
            [
              77.210897,
              28.612125
            ],
            [
              77.210902,
              28.612121
            ],
            [
              77.210902,
              28.612114
            ],
            [
              77.21091,
              28.612102
            ],
            [
              77.210921,
              28.612115
            ],
            [
              77.210936,
              28.612115
            ],
            [
              77.210944,
              28.612108
            ],
            [
              77.210944,
              28.612104
            ],
            [
              77.210948,
              28.612101
            ],
            [
              77.210952,
              28.612104
            ],
            [
              77.21095,
              28.612117
            ],
            [
              77.210957,
              28.612123
            ],
            [
              77.210965,
              28.612123
            ],
            [
              77.210978,
              28.612114
            ],
            [
              77.210986,
              28.612123
            ],
            [
              77.211003,
              28.612123
            ],
            [
              77.211012,
              28.612117
            ],
            [
              77.21102,
              28.612117
            ],
            [
              77.211016,
              28.612121
            ],
            [
              77.211012,
              28.612121
            ],
            [
              77.211001,
              28.612134
            ],
            [
              77.210993,
              28.61214
            ],
            [
              77.210993,
              28.612134
            ],
            [
              77.210986,
              28.612128
            ],
            [
              77.210978,
              28.612128
            ],
            [
              77.210971,
              28.612134
            ],
            [
              77.210971,
              28.612138
            ],
            [
              77.210952,
              28.61214
            ],
            [
              77.210948,
              28.612138
            ],
            [
              77.210946,
              28.61213
            ],
            [
              77.21094,
              28.612125
            ],
            [
              77.210933,
              28.612125
            ],
            [
              77.210927,
              28.612119
            ],
            [
              77.210919,
              28.612119
            ],
            [
              77.210912,
              28.612125
            ],
            [
              77.210912,
              28.612132
            ],
            [
              77.210914,
              28.612134
            ],
            [
              77.21091,
              28.612138
            ],
            [
              77.21091,
              28.612143
            ]
          ]
        ]
      },
      "properties": {
        "parcel_id": "P-0355",
        "numeric_id": 355,
        "area_sqm": 19.36,
        "area_hectares": 0.0019,
        "area_acres": 0.0048,
        "area_gaj": 23.15,
        "perimeter_m": 41.11,
        "compactness": 0.144,
        "builtup_area_sqm": 0.0,
        "builtup_pct": 0.0,
        "building_count": 0,
        "land_use": "Vacant / Open Plot",
        "confidence": 0.78,
        "verification_status": "Pending Review",
        "centroid_px": [
          2378.9,
          2470.9
        ],
        "centroid_geo": [
          77.210947,
          28.612124
        ],
        "feature_type": "parcel"
      }
    },
    {
      "type": "Feature",
      "id": "P-0154",
      "geometry": {
        "type": "Polygon",
        "coordinates": [
          [
            [
              77.209757,
              28.613152
            ],
            [
              77.209755,
              28.613135
            ],
            [
              77.209749,
              28.613129
            ],
            [
              77.209742,
              28.613129
            ],
            [
              77.209742,
              28.613122
            ],
            [
              77.209747,
              28.613122
            ],
            [
              77.209753,
              28.613116
            ],
            [
              77.209762,
              28.613096
            ],
            [
              77.209762,
              28.613089
            ],
            [
              77.209755,
              28.613077
            ],
            [
              77.209757,
              28.613068
            ],
            [
              77.20977,
              28.613076
            ],
            [
              77.209764,
              28.613083
            ],
            [
              77.209764,
              28.61309
            ],
            [
              77.20977,
              28.613096
            ],
            [
              77.209806,
              28.613096
            ],
            [
              77.209804,
              28.613107
            ],
            [
              77.209791,
              28.613107
            ],
            [
              77.209783,
              28.613114
            ],
            [
              77.209783,
              28.613122
            ],
            [
              77.209789,
              28.613127
            ],
            [
              77.209795,
              28.613127
            ],
            [
              77.209795,
              28.613129
            ],
            [
              77.209772,
              28.613131
            ],
            [
              77.209762,
              28.61314
            ],
            [
              77.209759,
              28.613152
            ],
            [
              77.209757,
              28.613152
            ]
          ]
        ]
      },
      "properties": {
        "parcel_id": "P-0154",
        "numeric_id": 154,
        "area_sqm": 18.76,
        "area_hectares": 0.0019,
        "area_acres": 0.0046,
        "area_gaj": 22.44,
        "perimeter_m": 30.32,
        "compactness": 0.256,
        "builtup_area_sqm": 0.0,
        "builtup_pct": 0.0,
        "building_count": 0,
        "land_use": "Vacant / Open Plot",
        "confidence": 0.8,
        "verification_status": "Pending Review",
        "centroid_px": [
          941.3,
          1096.6
        ],
        "centroid_geo": [
          77.209771,
          28.613112
        ],
        "feature_type": "parcel"
      }
    },
    {
      "type": "Feature",
      "id": "P-0478",
      "geometry": {
        "type": "Polygon",
        "coordinates": [
          [
            [
              77.210881,
              28.611497
            ],
            [
              77.210878,
              28.611495
            ],
            [
              77.210881,
              28.611458
            ],
            [
              77.210874,
              28.611453
            ],
            [
              77.210874,
              28.611441
            ],
            [
              77.210929,
              28.611441
            ],
            [
              77.210919,
              28.611453
            ],
            [
              77.210914,
              28.611462
            ],
            [
              77.210902,
              28.611471
            ],
            [
              77.210902,
              28.611497
            ],
            [
              77.210881,
              28.611497
            ]
          ]
        ]
      },
      "properties": {
        "parcel_id": "P-0478",
        "numeric_id": 478,
        "area_sqm": 19.06,
        "area_hectares": 0.0019,
        "area_acres": 0.0047,
        "area_gaj": 22.79,
        "perimeter_m": 21.23,
        "compactness": 0.532,
        "builtup_area_sqm": 0.0,
        "builtup_pct": 0.0,
        "building_count": 0,
        "land_use": "Vacant / Open Plot",
        "confidence": 0.86,
        "verification_status": "Pending Review",
        "centroid_px": [
          2315.0,
          3389.4
        ],
        "centroid_geo": [
          77.210895,
          28.611464
        ],
        "feature_type": "parcel"
      }
    },
    {
      "type": "Feature",
      "id": "P-0054",
      "geometry": {
        "type": "Polygon",
        "coordinates": [
          [
            [
              77.209563,
              28.613621
            ],
            [
              77.209558,
              28.613616
            ],
            [
              77.209569,
              28.613616
            ],
            [
              77.209573,
              28.613612
            ],
            [
              77.209586,
              28.613614
            ],
            [
              77.20959,
              28.613618
            ],
            [
              77.209601,
              28.613618
            ],
            [
              77.209616,
              28.61361
            ],
            [
              77.209639,
              28.61361
            ],
            [
              77.209641,
              28.613608
            ],
            [
              77.209679,
              28.613608
            ],
            [
              77.209681,
              28.61361
            ],
            [
              77.209696,
              28.61361
            ],
            [
              77.209698,
              28.613608
            ],
            [
              77.209721,
              28.61361
            ],
            [
              77.209723,
              28.613608
            ],
            [
              77.20973,
              28.613612
            ],
            [
              77.209747,
              28.613612
            ],
            [
              77.209751,
              28.613616
            ],
            [
              77.209762,
              28.613616
            ],
            [
              77.209762,
              28.61362
            ],
            [
              77.209563,
              28.613621
            ]
          ]
        ]
      },
      "properties": {
        "parcel_id": "P-0054",
        "numeric_id": 54,
        "area_sqm": 19.51,
        "area_hectares": 0.002,
        "area_acres": 0.0048,
        "area_gaj": 23.33,
        "perimeter_m": 41.66,
        "compactness": 0.141,
        "builtup_area_sqm": 0.0,
        "builtup_pct": 0.0,
        "building_count": 0,
        "land_use": "Vacant / Open Plot",
        "confidence": 0.78,
        "verification_status": "Pending Review",
        "centroid_px": [
          810.3,
          395.7
        ],
        "centroid_geo": [
          77.209663,
          28.613616
        ],
        "feature_type": "parcel"
      }
    },
    {
      "type": "Feature",
      "id": "P-0230",
      "geometry": {
        "type": "Polygon",
        "coordinates": [
          [
            [
              77.210735,
              28.612736
            ],
            [
              77.210728,
              28.612728
            ],
            [
              77.210726,
              28.612721
            ],
            [
              77.21072,
              28.612715
            ],
            [
              77.210716,
              28.612715
            ],
            [
              77.210716,
              28.612691
            ],
            [
              77.210726,
              28.612687
            ],
            [
              77.210732,
              28.612695
            ],
            [
              77.21076,
              28.612695
            ],
            [
              77.210766,
              28.612687
            ],
            [
              77.210773,
              28.612687
            ],
            [
              77.210775,
              28.612689
            ],
            [
              77.210771,
              28.612693
            ],
            [
              77.210771,
              28.612704
            ],
            [
              77.21076,
              28.612712
            ],
            [
              77.210758,
              28.612728
            ],
            [
              77.210754,
              28.612728
            ],
            [
              77.210749,
              28.612732
            ],
            [
              77.210739,
              28.612732
            ],
            [
              77.210735,
              28.612736
            ]
          ]
        ]
      },
      "properties": {
        "parcel_id": "P-0230",
        "numeric_id": 230,
        "area_sqm": 18.74,
        "area_hectares": 0.0019,
        "area_acres": 0.0046,
        "area_gaj": 22.41,
        "perimeter_m": 20.28,
        "compactness": 0.572,
        "builtup_area_sqm": 0.0,
        "builtup_pct": 0.0,
        "building_count": 0,
        "land_use": "Vacant / Open Plot",
        "confidence": 0.86,
        "verification_status": "Pending Review",
        "centroid_px": [
          2127.4,
          1657.2
        ],
        "centroid_geo": [
          77.210742,
          28.612709
        ],
        "feature_type": "parcel"
      }
    },
    {
      "type": "Feature",
      "id": "P-0169",
      "geometry": {
        "type": "Polygon",
        "coordinates": [
          [
            [
              77.210341,
              28.6131
            ],
            [
              77.210328,
              28.613098
            ],
            [
              77.210324,
              28.613089
            ],
            [
              77.210326,
              28.613087
            ],
            [
              77.210326,
              28.613079
            ],
            [
              77.21032,
              28.613074
            ],
            [
              77.210309,
              28.613074
            ],
            [
              77.210307,
              28.61307
            ],
            [
              77.210316,
              28.61307
            ],
            [
              77.210328,
              28.613059
            ],
            [
              77.210328,
              28.613053
            ],
            [
              77.210335,
              28.613053
            ],
            [
              77.210339,
              28.61305
            ],
            [
              77.210341,
              28.613051
            ],
            [
              77.210352,
              28.613051
            ],
            [
              77.210356,
              28.613048
            ],
            [
              77.210364,
              28.613048
            ],
            [
              77.210367,
              28.61305
            ],
            [
              77.210362,
              28.613053
            ],
            [
              77.210362,
              28.613061
            ],
            [
              77.210367,
              28.613064
            ],
            [
              77.210362,
              28.61307
            ],
            [
              77.21036,
              28.613083
            ],
            [
              77.210352,
              28.613089
            ],
            [
              77.21035,
              28.613096
            ],
            [
              77.210345,
              28.613096
            ],
            [
              77.210341,
              28.6131
            ]
          ]
        ]
      },
      "properties": {
        "parcel_id": "P-0169",
        "numeric_id": 169,
        "area_sqm": 18.35,
        "area_hectares": 0.0018,
        "area_acres": 0.0045,
        "area_gaj": 21.95,
        "perimeter_m": 20.39,
        "compactness": 0.555,
        "builtup_area_sqm": 0.0,
        "builtup_pct": 0.0,
        "building_count": 0,
        "land_use": "Vacant / Open Plot",
        "confidence": 0.86,
        "verification_status": "Pending Review",
        "centroid_px": [
          1639.3,
          1151.7
        ],
        "centroid_geo": [
          77.210342,
          28.613072
        ],
        "feature_type": "parcel"
      }
    },
    {
      "type": "Feature",
      "id": "P-0436",
      "geometry": {
        "type": "Polygon",
        "coordinates": [
          [
            [
              77.211862,
              28.611714
            ],
            [
              77.21186,
              28.611707
            ],
            [
              77.211854,
              28.611701
            ],
            [
              77.211847,
              28.611701
            ],
            [
              77.211851,
              28.611679
            ],
            [
              77.211921,
              28.611681
            ],
            [
              77.211921,
              28.611688
            ],
            [
              77.211911,
              28.611699
            ],
            [
              77.211911,
              28.611709
            ],
            [
              77.211902,
              28.611701
            ],
            [
              77.21189,
              28.611703
            ],
            [
              77.211885,
              28.611699
            ],
            [
              77.211877,
              28.611699
            ],
            [
              77.211871,
              28.611705
            ],
            [
              77.211871,
              28.611711
            ],
            [
              77.211862,
              28.611714
            ]
          ]
        ]
      },
      "properties": {
        "parcel_id": "P-0436",
        "numeric_id": 436,
        "area_sqm": 17.67,
        "area_hectares": 0.0018,
        "area_acres": 0.0044,
        "area_gaj": 21.13,
        "perimeter_m": 21.42,
        "compactness": 0.484,
        "builtup_area_sqm": 0.0,
        "builtup_pct": 0.0,
        "building_count": 0,
        "land_use": "Vacant / Open Plot",
        "confidence": 0.85,
        "verification_status": "Pending Review",
        "centroid_px": [
          3520.5,
          3072.4
        ],
        "centroid_geo": [
          77.211882,
          28.611692
        ],
        "feature_type": "parcel"
      }
    },
    {
      "type": "Feature",
      "id": "P-0116",
      "geometry": {
        "type": "Polygon",
        "coordinates": [
          [
            [
              77.210034,
              28.613309
            ],
            [
              77.210034,
              28.613295
            ],
            [
              77.210026,
              28.613289
            ],
            [
              77.210026,
              28.613222
            ],
            [
              77.210034,
              28.613217
            ],
            [
              77.210034,
              28.613178
            ],
            [
              77.210037,
              28.613176
            ],
            [
              77.210037,
              28.613168
            ],
            [
              77.210032,
              28.613163
            ],
            [
              77.210043,
              28.613163
            ],
            [
              77.210039,
              28.61322
            ],
            [
              77.210043,
              28.613235
            ],
            [
              77.210041,
              28.613267
            ],
            [
              77.210043,
              28.613269
            ],
            [
              77.210043,
              28.613295
            ],
            [
              77.210045,
              28.613298
            ],
            [
              77.210034,
              28.613309
            ]
          ]
        ]
      },
      "properties": {
        "parcel_id": "P-0116",
        "numeric_id": 116,
        "area_sqm": 17.58,
        "area_hectares": 0.0018,
        "area_acres": 0.0043,
        "area_gaj": 21.03,
        "perimeter_m": 35.31,
        "compactness": 0.177,
        "builtup_area_sqm": 0.0,
        "builtup_pct": 0.0,
        "building_count": 0,
        "land_use": "Vacant / Open Plot",
        "confidence": 0.79,
        "verification_status": "Pending Review",
        "centroid_px": [
          1264.5,
          911.2
        ],
        "centroid_geo": [
          77.210035,
          28.613245
        ],
        "feature_type": "parcel"
      }
    },
    {
      "type": "Feature",
      "id": "P-0469",
      "geometry": {
        "type": "Polygon",
        "coordinates": [
          [
            [
              77.210106,
              28.611523
            ],
            [
              77.210106,
              28.611503
            ],
            [
              77.210108,
              28.611501
            ],
            [
              77.210106,
              28.611462
            ],
            [
              77.210115,
              28.611454
            ],
            [
              77.210119,
              28.611454
            ],
            [
              77.210127,
              28.611449
            ],
            [
              77.210136,
              28.61146
            ],
            [
              77.210136,
              28.611501
            ],
            [
              77.210127,
              28.611508
            ],
            [
              77.210127,
              28.611512
            ],
            [
              77.210115,
              28.61151
            ],
            [
              77.210108,
              28.611516
            ],
            [
              77.210106,
              28.611523
            ]
          ]
        ]
      },
      "properties": {
        "parcel_id": "P-0469",
        "numeric_id": 469,
        "area_sqm": 17.41,
        "area_hectares": 0.0017,
        "area_acres": 0.0043,
        "area_gaj": 20.83,
        "perimeter_m": 20.14,
        "compactness": 0.54,
        "builtup_area_sqm": 0.0,
        "builtup_pct": 0.0,
        "building_count": 0,
        "land_use": "Vacant / Open Plot",
        "confidence": 0.86,
        "verification_status": "Pending Review",
        "centroid_px": [
          1369.5,
          3364.2
        ],
        "centroid_geo": [
          77.210121,
          28.611482
        ],
        "feature_type": "parcel"
      }
    },
    {
      "type": "Feature",
      "id": "P-0199",
      "geometry": {
        "type": "Polygon",
        "coordinates": [
          [
            [
              77.210212,
              28.612827
            ],
            [
              77.210246,
              28.612797
            ],
            [
              77.210246,
              28.612775
            ],
            [
              77.210248,
              28.612773
            ],
            [
              77.210248,
              28.612756
            ],
            [
              77.210246,
              28.612754
            ],
            [
              77.210248,
              28.612752
            ],
            [
              77.210261,
              28.612754
            ],
            [
              77.210261,
              28.612758
            ],
            [
              77.210269,
              28.612767
            ],
            [
              77.210263,
              28.612769
            ],
            [
              77.210257,
              28.612775
            ],
            [
              77.210257,
              28.612782
            ],
            [
              77.210263,
              28.612788
            ],
            [
              77.210265,
              28.612823
            ],
            [
              77.210267,
              28.612825
            ],
            [
              77.210221,
              28.612825
            ],
            [
              77.210212,
              28.612827
            ]
          ]
        ]
      },
      "properties": {
        "parcel_id": "P-0199",
        "numeric_id": 199,
        "area_sqm": 17.35,
        "area_hectares": 0.0017,
        "area_acres": 0.0043,
        "area_gaj": 20.75,
        "perimeter_m": 25.75,
        "compactness": 0.329,
        "builtup_area_sqm": 0.0,
        "builtup_pct": 0.0,
        "building_count": 0,
        "land_use": "Vacant / Open Plot",
        "confidence": 0.82,
        "verification_status": "Pending Review",
        "centroid_px": [
          1526.0,
          1533.2
        ],
        "centroid_geo": [
          77.210249,
          28.612798
        ],
        "feature_type": "parcel"
      }
    },
    {
      "type": "Feature",
      "id": "P-0549",
      "geometry": {
        "type": "Polygon",
        "coordinates": [
          [
            [
              77.211128,
              28.61123
            ],
            [
              77.211126,
              28.611228
            ],
            [
              77.211086,
              28.611228
            ],
            [
              77.211084,
              28.611226
            ],
            [
              77.211075,
              28.611226
            ],
            [
              77.211075,
              28.611213
            ],
            [
              77.211084,
              28.611207
            ],
            [
              77.21109,
              28.611213
            ],
            [
              77.211113,
              28.611213
            ],
            [
              77.211122,
              28.611206
            ],
            [
              77.211122,
              28.611196
            ],
            [
              77.211153,
              28.611194
            ],
            [
              77.211153,
              28.611202
            ],
            [
              77.211158,
              28.611206
            ],
            [
              77.211153,
              28.611211
            ],
            [
              77.211145,
              28.611211
            ],
            [
              77.211139,
              28.611217
            ],
            [
              77.211139,
              28.611226
            ],
            [
              77.211141,
              28.611228
            ],
            [
              77.21113,
              28.611228
            ],
            [
              77.211128,
              28.61123
            ]
          ]
        ]
      },
      "properties": {
        "parcel_id": "P-0549",
        "numeric_id": 549,
        "area_sqm": 17.11,
        "area_hectares": 0.0017,
        "area_acres": 0.0042,
        "area_gaj": 20.47,
        "perimeter_m": 22.79,
        "compactness": 0.414,
        "builtup_area_sqm": 0.0,
        "builtup_pct": 0.0,
        "building_count": 0,
        "land_use": "Vacant / Open Plot",
        "confidence": 0.83,
        "verification_status": "Pending Review",
        "centroid_px": [
          2587.5,
          3737.6
        ],
        "centroid_geo": [
          77.211118,
          28.611214
        ],
        "feature_type": "parcel"
      }
    },
    {
      "type": "Feature",
      "id": "P-0416",
      "geometry": {
        "type": "Polygon",
        "coordinates": [
          [
            [
              77.211695,
              28.611813
            ],
            [
              77.211693,
              28.611802
            ],
            [
              77.211701,
              28.611802
            ],
            [
              77.211712,
              28.61179
            ],
            [
              77.211714,
              28.611792
            ],
            [
              77.211722,
              28.611792
            ],
            [
              77.211737,
              28.611779
            ],
            [
              77.211744,
              28.611779
            ],
            [
              77.21175,
              28.611787
            ],
            [
              77.211758,
              28.611787
            ],
            [
              77.211763,
              28.61179
            ],
            [
              77.211771,
              28.611792
            ],
            [
              77.211777,
              28.6118
            ],
            [
              77.211775,
              28.611805
            ],
            [
              77.211767,
              28.611813
            ],
            [
              77.211741,
              28.611811
            ],
            [
              77.211733,
              28.611802
            ],
            [
              77.21172,
              28.611802
            ],
            [
              77.211714,
              28.611807
            ],
            [
              77.211712,
              28.611813
            ],
            [
              77.211695,
              28.611813
            ]
          ]
        ]
      },
      "properties": {
        "parcel_id": "P-0416",
        "numeric_id": 416,
        "area_sqm": 16.9,
        "area_hectares": 0.0017,
        "area_acres": 0.0042,
        "area_gaj": 20.21,
        "perimeter_m": 21.88,
        "compactness": 0.444,
        "builtup_area_sqm": 0.26,
        "builtup_pct": 1.5,
        "building_count": 1,
        "land_use": "Vacant / Open Plot",
        "confidence": 0.84,
        "verification_status": "Pending Review",
        "centroid_px": [
          3345.7,
          2923.7
        ],
        "centroid_geo": [
          77.211739,
          28.611799
        ],
        "feature_type": "parcel"
      }
    },
    {
      "type": "Feature",
      "id": "P-0107",
      "geometry": {
        "type": "Polygon",
        "coordinates": [
          [
            [
              77.210284,
              28.613343
            ],
            [
              77.210282,
              28.613341
            ],
            [
              77.210267,
              28.613341
            ],
            [
              77.210265,
              28.613326
            ],
            [
              77.210326,
              28.613326
            ],
            [
              77.210328,
              28.613328
            ],
            [
              77.210367,
              28.613326
            ],
            [
              77.210367,
              28.613337
            ],
            [
              77.210371,
              28.613341
            ],
            [
              77.210284,
              28.613343
            ]
          ]
        ]
      },
      "properties": {
        "parcel_id": "P-0107",
        "numeric_id": 107,
        "area_sqm": 16.82,
        "area_hectares": 0.0017,
        "area_acres": 0.0042,
        "area_gaj": 20.11,
        "perimeter_m": 23.72,
        "compactness": 0.375,
        "builtup_area_sqm": 0.0,
        "builtup_pct": 0.0,
        "building_count": 0,
        "land_use": "Vacant / Open Plot",
        "confidence": 0.83,
        "verification_status": "Pending Review",
        "centroid_px": [
          1607.2,
          787.3
        ],
        "centroid_geo": [
          77.210316,
          28.613334
        ],
        "feature_type": "parcel"
      }
    },
    {
      "type": "Feature",
      "id": "P-0295",
      "geometry": {
        "type": "Polygon",
        "coordinates": [
          [
            [
              77.210589,
              28.612401
            ],
            [
              77.210584,
              28.612355
            ],
            [
              77.210608,
              28.612355
            ],
            [
              77.21061,
              28.612357
            ],
            [
              77.210629,
              28.612355
            ],
            [
              77.210629,
              28.612359
            ],
            [
              77.210618,
              28.612366
            ],
            [
              77.210618,
              28.612388
            ],
            [
              77.210625,
              28.612394
            ],
            [
              77.210625,
              28.612398
            ],
            [
              77.210608,
              28.612398
            ],
            [
              77.210603,
              28.612401
            ],
            [
              77.210589,
              28.612401
            ]
          ]
        ]
      },
      "properties": {
        "parcel_id": "P-0295",
        "numeric_id": 295,
        "area_sqm": 16.6,
        "area_hectares": 0.0017,
        "area_acres": 0.0041,
        "area_gaj": 19.86,
        "perimeter_m": 18.82,
        "compactness": 0.589,
        "builtup_area_sqm": 0.0,
        "builtup_pct": 0.0,
        "building_count": 0,
        "land_use": "Vacant / Open Plot",
        "confidence": 0.87,
        "verification_status": "Pending Review",
        "centroid_px": [
          1958.7,
          2119.6
        ],
        "centroid_geo": [
          77.210603,
          28.612377
        ],
        "feature_type": "parcel"
      }
    },
    {
      "type": "Feature",
      "id": "P-0357",
      "geometry": {
        "type": "Polygon",
        "coordinates": [
          [
            [
              77.211832,
              28.612136
            ],
            [
              77.21183,
              28.612134
            ],
            [
              77.21183,
              28.612115
            ],
            [
              77.211826,
              28.61211
            ],
            [
              77.211826,
              28.612101
            ],
            [
              77.211881,
              28.612101
            ],
            [
              77.211883,
              28.612099
            ],
            [
              77.211892,
              28.612099
            ],
            [
              77.211892,
              28.612106
            ],
            [
              77.211881,
              28.612119
            ],
            [
              77.211873,
              28.612119
            ],
            [
              77.211866,
              28.612125
            ],
            [
              77.211864,
              28.612123
            ],
            [
              77.211856,
              28.612123
            ],
            [
              77.211849,
              28.61213
            ],
            [
              77.211839,
              28.61213
            ],
            [
              77.211832,
              28.612136
            ]
          ]
        ]
      },
      "properties": {
        "parcel_id": "P-0357",
        "numeric_id": 357,
        "area_sqm": 16.15,
        "area_hectares": 0.0016,
        "area_acres": 0.004,
        "area_gaj": 19.32,
        "perimeter_m": 19.0,
        "compactness": 0.562,
        "builtup_area_sqm": 0.0,
        "builtup_pct": 0.0,
        "building_count": 0,
        "land_use": "Vacant / Open Plot",
        "confidence": 0.86,
        "verification_status": "Pending Review",
        "centroid_px": [
          3487.8,
          2486.9
        ],
        "centroid_geo": [
          77.211855,
          28.612113
        ],
        "feature_type": "parcel"
      }
    },
    {
      "type": "Feature",
      "id": "P-0334",
      "geometry": {
        "type": "Polygon",
        "coordinates": [
          [
            [
              77.210874,
              28.612231
            ],
            [
              77.210874,
              28.612162
            ],
            [
              77.210893,
              28.61216
            ],
            [
              77.210897,
              28.612162
            ],
            [
              77.210897,
              28.612169
            ],
            [
              77.210893,
              28.612173
            ],
            [
              77.210893,
              28.612182
            ],
            [
              77.210889,
              28.612192
            ],
            [
              77.210889,
              28.612206
            ],
            [
              77.210891,
              28.61221
            ],
            [
              77.210897,
              28.612216
            ],
            [
              77.210929,
              28.612216
            ],
            [
              77.210929,
              28.612218
            ],
            [
              77.210923,
              28.612223
            ],
            [
              77.210923,
              28.612229
            ],
            [
              77.210906,
              28.612229
            ],
            [
              77.210906,
              28.612223
            ],
            [
              77.2109,
              28.612218
            ],
            [
              77.210891,
              28.612218
            ],
            [
              77.210885,
              28.612223
            ],
            [
              77.210885,
              28.612231
            ],
            [
              77.210874,
              28.612231
            ]
          ]
        ]
      },
      "properties": {
        "parcel_id": "P-0334",
        "numeric_id": 334,
        "area_sqm": 16.09,
        "area_hectares": 0.0016,
        "area_acres": 0.004,
        "area_gaj": 19.24,
        "perimeter_m": 28.05,
        "compactness": 0.257,
        "builtup_area_sqm": 0.0,
        "builtup_pct": 0.0,
        "building_count": 0,
        "land_use": "Vacant / Open Plot",
        "confidence": 0.8,
        "verification_status": "Pending Review",
        "centroid_px": [
          2307.7,
          2368.3
        ],
        "centroid_geo": [
          77.210889,
          28.612198
        ],
        "feature_type": "parcel"
      }
    },
    {
      "type": "Feature",
      "id": "P-0070",
      "geometry": {
        "type": "Polygon",
        "coordinates": [
          [
            [
              77.211113,
              28.613521
            ],
            [
              77.211111,
              28.613421
            ],
            [
              77.211126,
              28.613421
            ],
            [
              77.211128,
              28.613521
            ],
            [
              77.211113,
              28.613521
            ]
          ]
        ]
      },
      "properties": {
        "parcel_id": "P-0070",
        "numeric_id": 70,
        "area_sqm": 16.15,
        "area_hectares": 0.0016,
        "area_acres": 0.004,
        "area_gaj": 19.32,
        "perimeter_m": 25.22,
        "compactness": 0.319,
        "builtup_area_sqm": 0.0,
        "builtup_pct": 0.0,
        "building_count": 0,
        "land_use": "Vacant / Open Plot",
        "confidence": 0.81,
        "verification_status": "Pending Review",
        "centroid_px": [
          2589.2,
          596.9
        ],
        "centroid_geo": [
          77.21112,
          28.613471
        ],
        "feature_type": "parcel"
      }
    },
    {
      "type": "Feature",
      "id": "P-0350",
      "geometry": {
        "type": "Polygon",
        "coordinates": [
          [
            [
              77.211716,
              28.612166
            ],
            [
              77.211708,
              28.612164
            ],
            [
              77.211706,
              28.612141
            ],
            [
              77.211686,
              28.612125
            ],
            [
              77.211676,
              28.612123
            ],
            [
              77.211678,
              28.612108
            ],
            [
              77.211682,
              28.612108
            ],
            [
              77.21168,
              28.61211
            ],
            [
              77.21168,
              28.612117
            ],
            [
              77.211689,
              28.612125
            ],
            [
              77.211706,
              28.612125
            ],
            [
              77.211712,
              28.612119
            ],
            [
              77.211712,
              28.612112
            ],
            [
              77.211708,
              28.612104
            ],
            [
              77.211725,
              28.612102
            ],
            [
              77.211722,
              28.612104
            ],
            [
              77.211725,
              28.612121
            ],
            [
              77.211735,
              28.612128
            ],
            [
              77.211735,
              28.612134
            ],
            [
              77.211727,
              28.61214
            ],
            [
              77.211727,
              28.612154
            ],
            [
              77.211733,
              28.612164
            ],
            [
              77.211716,
              28.612166
            ]
          ]
        ]
      },
      "properties": {
        "parcel_id": "P-0350",
        "numeric_id": 350,
        "area_sqm": 16.13,
        "area_hectares": 0.0016,
        "area_acres": 0.004,
        "area_gaj": 19.29,
        "perimeter_m": 27.01,
        "compactness": 0.278,
        "builtup_area_sqm": 0.0,
        "builtup_pct": 0.0,
        "building_count": 0,
        "land_use": "Vacant / Open Plot",
        "confidence": 0.81,
        "verification_status": "Pending Review",
        "centroid_px": [
          3315.2,
          2455.9
        ],
        "centroid_geo": [
          77.211714,
          28.612135
        ],
        "feature_type": "parcel"
      }
    },
    {
      "type": "Feature",
      "id": "P-0307",
      "geometry": {
        "type": "Polygon",
        "coordinates": [
          [
            [
              77.2097,
              28.612372
            ],
            [
              77.209692,
              28.612362
            ],
            [
              77.209681,
              28.612362
            ],
            [
              77.209671,
              28.612368
            ],
            [
              77.209671,
              28.612361
            ],
            [
              77.209664,
              28.612346
            ],
            [
              77.209668,
              28.612342
            ],
            [
              77.209668,
              28.612338
            ],
            [
              77.20969,
              28.612338
            ],
            [
              77.209694,
              28.612342
            ],
            [
              77.209713,
              28.612342
            ],
            [
              77.209719,
              28.612336
            ],
            [
              77.209723,
              28.612349
            ],
            [
              77.209723,
              28.612362
            ],
            [
              77.2097,
              28.612372
            ]
          ]
        ]
      },
      "properties": {
        "parcel_id": "P-0307",
        "numeric_id": 307,
        "area_sqm": 15.45,
        "area_hectares": 0.0015,
        "area_acres": 0.0038,
        "area_gaj": 18.48,
        "perimeter_m": 17.99,
        "compactness": 0.6,
        "builtup_area_sqm": 0.0,
        "builtup_pct": 0.0,
        "building_count": 0,
        "land_use": "Vacant / Open Plot",
        "confidence": 0.87,
        "verification_status": "Pending Review",
        "centroid_px": [
          849.3,
          2152.9
        ],
        "centroid_geo": [
          77.209695,
          28.612353
        ],
        "feature_type": "parcel"
      }
    },
    {
      "type": "Feature",
      "id": "P-0083",
      "geometry": {
        "type": "Polygon",
        "coordinates": [
          [
            [
              77.209144,
              28.613491
            ],
            [
              77.209137,
              28.613478
            ],
            [
              77.209137,
              28.613473
            ],
            [
              77.209131,
              28.613467
            ],
            [
              77.209133,
              28.613465
            ],
            [
              77.209131,
              28.613452
            ],
            [
              77.209125,
              28.613447
            ],
            [
              77.209116,
              28.613447
            ],
            [
              77.209114,
              28.613449
            ],
            [
              77.209112,
              28.613447
            ],
            [
              77.209114,
              28.613443
            ],
            [
              77.209123,
              28.613443
            ],
            [
              77.209125,
              28.613445
            ],
            [
              77.209167,
              28.613445
            ],
            [
              77.209167,
              28.613451
            ],
            [
              77.209171,
              28.613454
            ],
            [
              77.209167,
              28.61346
            ],
            [
              77.209167,
              28.613478
            ],
            [
              77.209159,
              28.613478
            ],
            [
              77.209152,
              28.613484
            ],
            [
              77.209152,
              28.613491
            ],
            [
              77.209144,
              28.613491
            ]
          ]
        ]
      },
      "properties": {
        "parcel_id": "P-0083",
        "numeric_id": 83,
        "area_sqm": 15.19,
        "area_hectares": 0.0015,
        "area_acres": 0.0038,
        "area_gaj": 18.17,
        "perimeter_m": 20.21,
        "compactness": 0.468,
        "builtup_area_sqm": 0.0,
        "builtup_pct": 0.0,
        "building_count": 0,
        "land_use": "Vacant / Open Plot",
        "confidence": 0.84,
        "verification_status": "Pending Review",
        "centroid_px": [
          181.4,
          608.0
        ],
        "centroid_geo": [
          77.209149,
          28.613463
        ],
        "feature_type": "parcel"
      }
    },
    {
      "type": "Feature",
      "id": "P-0541",
      "geometry": {
        "type": "Polygon",
        "coordinates": [
          [
            [
              77.209011,
              28.611254
            ],
            [
              77.209002,
              28.611248
            ],
            [
              77.209002,
              28.611215
            ],
            [
              77.209011,
              28.611211
            ],
            [
              77.209017,
              28.611211
            ],
            [
              77.209017,
              28.61122
            ],
            [
              77.209023,
              28.611226
            ],
            [
              77.209032,
              28.611226
            ],
            [
              77.209038,
              28.61122
            ],
            [
              77.209038,
              28.611211
            ],
            [
              77.209036,
              28.611209
            ],
            [
              77.20904,
              28.611207
            ],
            [
              77.209097,
              28.611202
            ],
            [
              77.209095,
              28.611207
            ],
            [
              77.209078,
              28.611207
            ],
            [
              77.209074,
              28.611209
            ],
            [
              77.209066,
              28.611217
            ],
            [
              77.209066,
              28.611222
            ],
            [
              77.209053,
              28.611222
            ],
            [
              77.20904,
              28.611233
            ],
            [
              77.20904,
              28.611239
            ],
            [
              77.209034,
              28.611233
            ],
            [
              77.209015,
              28.611233
            ],
            [
              77.209008,
              28.611239
            ],
            [
              77.209011,
              28.611254
            ]
          ]
        ]
      },
      "properties": {
        "parcel_id": "P-0541",
        "numeric_id": 541,
        "area_sqm": 14.94,
        "area_hectares": 0.0015,
        "area_acres": 0.0037,
        "area_gaj": 17.86,
        "perimeter_m": 30.77,
        "compactness": 0.198,
        "builtup_area_sqm": 0.0,
        "builtup_pct": 0.0,
        "building_count": 0,
        "land_use": "Vacant / Open Plot",
        "confidence": 0.79,
        "verification_status": "Pending Review",
        "centroid_px": [
          45.1,
          3727.6
        ],
        "centroid_geo": [
          77.209037,
          28.611221
        ],
        "feature_type": "parcel"
      }
    },
    {
      "type": "Feature",
      "id": "P-0530",
      "geometry": {
        "type": "Polygon",
        "coordinates": [
          [
            [
              77.211314,
              28.611284
            ],
            [
              77.211289,
              28.61128
            ],
            [
              77.211289,
              28.611235
            ],
            [
              77.211316,
              28.611235
            ],
            [
              77.211318,
              28.61128
            ],
            [
              77.211314,
              28.611284
            ]
          ]
        ]
      },
      "properties": {
        "parcel_id": "P-0530",
        "numeric_id": 530,
        "area_sqm": 14.44,
        "area_hectares": 0.0014,
        "area_acres": 0.0036,
        "area_gaj": 17.27,
        "perimeter_m": 15.71,
        "compactness": 0.735,
        "builtup_area_sqm": 0.0,
        "builtup_pct": 0.0,
        "building_count": 0,
        "land_use": "Vacant / Open Plot",
        "confidence": 0.9,
        "verification_status": "Pending Review",
        "centroid_px": [
          2813.5,
          3675.3
        ],
        "centroid_geo": [
          77.211303,
          28.611259
        ],
        "feature_type": "parcel"
      }
    },
    {
      "type": "Feature",
      "id": "P-0506",
      "geometry": {
        "type": "Polygon",
        "coordinates": [
          [
            [
              77.210229,
              28.611404
            ],
            [
              77.210229,
              28.611399
            ],
            [
              77.210223,
              28.611393
            ],
            [
              77.210202,
              28.611382
            ],
            [
              77.210204,
              28.61138
            ],
            [
              77.210204,
              28.611365
            ],
            [
              77.210221,
              28.611362
            ],
            [
              77.210229,
              28.611369
            ],
            [
              77.210246,
              28.611369
            ],
            [
              77.210248,
              28.611371
            ],
            [
              77.210261,
              28.611369
            ],
            [
              77.210261,
              28.611375
            ],
            [
              77.21025,
              28.611384
            ],
            [
              77.21025,
              28.611388
            ],
            [
              77.210244,
              28.611395
            ],
            [
              77.21024,
              28.611395
            ],
            [
              77.210229,
              28.611404
            ]
          ]
        ]
      },
      "properties": {
        "parcel_id": "P-0506",
        "numeric_id": 506,
        "area_sqm": 14.51,
        "area_hectares": 0.0015,
        "area_acres": 0.0036,
        "area_gaj": 17.35,
        "perimeter_m": 17.34,
        "compactness": 0.607,
        "builtup_area_sqm": 0.0,
        "builtup_pct": 0.0,
        "building_count": 0,
        "land_use": "Vacant / Open Plot",
        "confidence": 0.87,
        "verification_status": "Pending Review",
        "centroid_px": [
          1501.5,
          3507.2
        ],
        "centroid_geo": [
          77.210229,
          28.61138
        ],
        "feature_type": "parcel"
      }
    },
    {
      "type": "Feature",
      "id": "P-0399",
      "geometry": {
        "type": "Polygon",
        "coordinates": [
          [
            [
              77.210747,
              28.611854
            ],
            [
              77.210747,
              28.61185
            ],
            [
              77.210741,
              28.611844
            ],
            [
              77.210735,
              28.611842
            ],
            [
              77.210735,
              28.611837
            ],
            [
              77.210728,
              28.611831
            ],
            [
              77.21072,
              28.611831
            ],
            [
              77.210716,
              28.611828
            ],
            [
              77.21072,
              28.611824
            ],
            [
              77.21072,
              28.611815
            ],
            [
              77.210722,
              28.611816
            ],
            [
              77.21073,
              28.611816
            ],
            [
              77.210741,
              28.611807
            ],
            [
              77.210754,
              28.611811
            ],
            [
              77.210775,
              28.611813
            ],
            [
              77.21076,
              28.611822
            ],
            [
              77.210764,
              28.611842
            ],
            [
              77.210758,
              28.611842
            ],
            [
              77.210751,
              28.611848
            ],
            [
              77.210751,
              28.611852
            ],
            [
              77.210747,
              28.611854
            ]
          ]
        ]
      },
      "properties": {
        "parcel_id": "P-0399",
        "numeric_id": 399,
        "area_sqm": 14.25,
        "area_hectares": 0.0014,
        "area_acres": 0.0035,
        "area_gaj": 17.04,
        "perimeter_m": 18.9,
        "compactness": 0.501,
        "builtup_area_sqm": 0.0,
        "builtup_pct": 0.0,
        "building_count": 0,
        "land_use": "Vacant / Open Plot",
        "confidence": 0.85,
        "verification_status": "Pending Review",
        "centroid_px": [
          2131.3,
          2884.7
        ],
        "centroid_geo": [
          77.210745,
          28.611827
        ],
        "feature_type": "parcel"
      }
    },
    {
      "type": "Feature",
      "id": "P-0365",
      "geometry": {
        "type": "Polygon",
        "coordinates": [
          [
            [
              77.209444,
              28.612073
            ],
            [
              77.209432,
              28.612062
            ],
            [
              77.209412,
              28.612063
            ],
            [
              77.209408,
              28.61206
            ],
            [
              77.209404,
              28.61206
            ],
            [
              77.209398,
              28.612054
            ],
            [
              77.209402,
              28.612041
            ],
            [
              77.20941,
              28.612041
            ],
            [
              77.209412,
              28.612039
            ],
            [
              77.209453,
              28.612039
            ],
            [
              77.209453,
              28.612062
            ],
            [
              77.209457,
              28.612067
            ],
            [
              77.209453,
              28.612067
            ],
            [
              77.209444,
              28.612073
            ]
          ]
        ]
      },
      "properties": {
        "parcel_id": "P-0365",
        "numeric_id": 365,
        "area_sqm": 14.21,
        "area_hectares": 0.0014,
        "area_acres": 0.0035,
        "area_gaj": 16.99,
        "perimeter_m": 16.73,
        "compactness": 0.638,
        "builtup_area_sqm": 0.0,
        "builtup_pct": 0.0,
        "building_count": 0,
        "land_use": "Vacant / Open Plot",
        "confidence": 0.88,
        "verification_status": "Pending Review",
        "centroid_px": [
          524.1,
          2570.9
        ],
        "centroid_geo": [
          77.209429,
          28.612052
        ],
        "feature_type": "parcel"
      }
    },
    {
      "type": "Feature",
      "id": "P-0511",
      "geometry": {
        "type": "Polygon",
        "coordinates": [
          [
            [
              77.209025,
              28.611363
            ],
            [
              77.209008,
              28.611352
            ],
            [
              77.209002,
              28.61135
            ],
            [
              77.209002,
              28.611313
            ],
            [
              77.209011,
              28.611306
            ],
            [
              77.209017,
              28.611304
            ],
            [
              77.209023,
              28.611304
            ],
            [
              77.20903,
              28.61131
            ],
            [
              77.209036,
              28.61131
            ],
            [
              77.20903,
              28.611317
            ],
            [
              77.20903,
              28.611324
            ],
            [
              77.209036,
              28.61133
            ],
            [
              77.209042,
              28.61133
            ],
            [
              77.209042,
              28.611334
            ],
            [
              77.209032,
              28.611334
            ],
            [
              77.209021,
              28.611345
            ],
            [
              77.209021,
              28.61136
            ],
            [
              77.209025,
              28.611363
            ]
          ]
        ]
      },
      "properties": {
        "parcel_id": "P-0511",
        "numeric_id": 511,
        "area_sqm": 14.1,
        "area_hectares": 0.0014,
        "area_acres": 0.0035,
        "area_gaj": 16.87,
        "perimeter_m": 19.45,
        "compactness": 0.468,
        "builtup_area_sqm": 0.0,
        "builtup_pct": 0.0,
        "building_count": 0,
        "land_use": "Vacant / Open Plot",
        "confidence": 0.84,
        "verification_status": "Pending Review",
        "centroid_px": [
          20.4,
          3577.9
        ],
        "centroid_geo": [
          77.209017,
          28.611329
        ],
        "feature_type": "parcel"
      }
    },
    {
      "type": "Feature",
      "id": "P-0239",
      "geometry": {
        "type": "Polygon",
        "coordinates": [
          [
            [
              77.211689,
              28.612715
            ],
            [
              77.211689,
              28.612708
            ],
            [
              77.211693,
              28.612704
            ],
            [
              77.211697,
              28.612708
            ],
            [
              77.211706,
              28.612708
            ],
            [
              77.211718,
              28.612697
            ],
            [
              77.211718,
              28.612689
            ],
            [
              77.211716,
              28.612687
            ],
            [
              77.211756,
              28.612687
            ],
            [
              77.211756,
              28.612712
            ],
            [
              77.21175,
              28.612712
            ],
            [
              77.211746,
              28.612715
            ],
            [
              77.211712,
              28.612715
            ],
            [
              77.211708,
              28.612712
            ],
            [
              77.211699,
              28.612712
            ],
            [
              77.211695,
              28.612715
            ],
            [
              77.211689,
              28.612715
            ]
          ]
        ]
      },
      "properties": {
        "parcel_id": "P-0239",
        "numeric_id": 239,
        "area_sqm": 14.04,
        "area_hectares": 0.0014,
        "area_acres": 0.0035,
        "area_gaj": 16.79,
        "perimeter_m": 19.44,
        "compactness": 0.467,
        "builtup_area_sqm": 0.0,
        "builtup_pct": 0.0,
        "building_count": 0,
        "land_use": "Vacant / Open Plot",
        "confidence": 0.84,
        "verification_status": "Pending Review",
        "centroid_px": [
          3335.4,
          1666.3
        ],
        "centroid_geo": [
          77.21173,
          28.612703
        ],
        "feature_type": "parcel"
      }
    },
    {
      "type": "Feature",
      "id": "P-0170",
      "geometry": {
        "type": "Polygon",
        "coordinates": [
          [
            [
              77.210259,
              28.613098
            ],
            [
              77.210248,
              28.613096
            ],
            [
              77.210244,
              28.613092
            ],
            [
              77.210223,
              28.613092
            ],
            [
              77.210208,
              28.61307
            ],
            [
              77.210212,
              28.61307
            ],
            [
              77.210218,
              28.613063
            ],
            [
              77.210227,
              28.613064
            ],
            [
              77.210223,
              28.613068
            ],
            [
              77.210223,
              28.613076
            ],
            [
              77.210229,
              28.613081
            ],
            [
              77.210242,
              28.613081
            ],
            [
              77.210248,
              28.613076
            ],
            [
              77.210248,
              28.613066
            ],
            [
              77.21024,
              28.613061
            ],
            [
              77.210246,
              28.613053
            ],
            [
              77.210244,
              28.613033
            ],
            [
              77.210259,
              28.613051
            ],
            [
              77.210259,
              28.613066
            ],
            [
              77.210265,
              28.613072
            ],
            [
              77.210269,
              28.613072
            ],
            [
              77.210263,
              28.613077
            ],
            [
              77.210261,
              28.613092
            ],
            [
              77.210259,
              28.613098
            ]
          ]
        ]
      },
      "properties": {
        "parcel_id": "P-0170",
        "numeric_id": 170,
        "area_sqm": 14.51,
        "area_hectares": 0.0015,
        "area_acres": 0.0036,
        "area_gaj": 17.35,
        "perimeter_m": 27.33,
        "compactness": 0.244,
        "builtup_area_sqm": 0.0,
        "builtup_pct": 0.0,
        "building_count": 0,
        "land_use": "Vacant / Open Plot",
        "confidence": 0.8,
        "verification_status": "Pending Review",
        "centroid_px": [
          1518.3,
          1149.2
        ],
        "centroid_geo": [
          77.210243,
          28.613074
        ],
        "feature_type": "parcel"
      }
    },
    {
      "type": "Feature",
      "id": "P-0570",
      "geometry": {
        "type": "Polygon",
        "coordinates": [
          [
            [
              77.212095,
              28.611098
            ],
            [
              77.212086,
              28.611096
            ],
            [
              77.212063,
              28.611096
            ],
            [
              77.212055,
              28.611092
            ],
            [
              77.212063,
              28.611092
            ],
            [
              77.212074,
              28.611085
            ],
            [
              77.212074,
              28.611077
            ],
            [
              77.212069,
              28.611074
            ],
            [
              77.212076,
              28.611064
            ],
            [
              77.212076,
              28.611061
            ],
            [
              77.212082,
              28.611055
            ],
            [
              77.212082,
              28.611051
            ],
            [
              77.212101,
              28.611051
            ],
            [
              77.212101,
              28.611094
            ],
            [
              77.212095,
              28.611098
            ]
          ]
        ]
      },
      "properties": {
        "parcel_id": "P-0570",
        "numeric_id": 570,
        "area_sqm": 13.89,
        "area_hectares": 0.0014,
        "area_acres": 0.0034,
        "area_gaj": 16.61,
        "perimeter_m": 17.88,
        "compactness": 0.546,
        "builtup_area_sqm": 0.0,
        "builtup_pct": 0.0,
        "building_count": 0,
        "land_use": "Vacant / Open Plot",
        "confidence": 0.86,
        "verification_status": "Pending Review",
        "centroid_px": [
          3770.0,
          3929.4
        ],
        "centroid_geo": [
          77.212086,
          28.611076
        ],
        "feature_type": "parcel"
      }
    },
    {
      "type": "Feature",
      "id": "P-0138",
      "geometry": {
        "type": "Polygon",
        "coordinates": [
          [
            [
              77.211966,
              28.613246
            ],
            [
              77.211957,
              28.613244
            ],
            [
              77.21193,
              28.613244
            ],
            [
              77.21193,
              28.613237
            ],
            [
              77.211917,
              28.613226
            ],
            [
              77.211926,
              28.613226
            ],
            [
              77.211932,
              28.61322
            ],
            [
              77.211932,
              28.613209
            ],
            [
              77.211926,
              28.613204
            ],
            [
              77.211919,
              28.613202
            ],
            [
              77.211921,
              28.613194
            ],
            [
              77.211932,
              28.613198
            ],
            [
              77.211951,
              28.613198
            ],
            [
              77.211947,
              28.613202
            ],
            [
              77.211945,
              28.61322
            ],
            [
              77.211947,
              28.613226
            ],
            [
              77.211953,
              28.613231
            ],
            [
              77.211976,
              28.61323
            ],
            [
              77.211966,
              28.613243
            ],
            [
              77.211966,
              28.613246
            ]
          ]
        ]
      },
      "properties": {
        "parcel_id": "P-0138",
        "numeric_id": 138,
        "area_sqm": 13.52,
        "area_hectares": 0.0014,
        "area_acres": 0.0033,
        "area_gaj": 16.18,
        "perimeter_m": 23.09,
        "compactness": 0.319,
        "builtup_area_sqm": 0.0,
        "builtup_pct": 0.0,
        "building_count": 0,
        "land_use": "Vacant / Open Plot",
        "confidence": 0.81,
        "verification_status": "Pending Review",
        "centroid_px": [
          3594.1,
          939.5
        ],
        "centroid_geo": [
          77.211942,
          28.613225
        ],
        "feature_type": "parcel"
      }
    },
    {
      "type": "Feature",
      "id": "P-0523",
      "geometry": {
        "type": "Polygon",
        "coordinates": [
          [
            [
              77.210574,
              28.611304
            ],
            [
              77.210567,
              28.611298
            ],
            [
              77.210561,
              28.611298
            ],
            [
              77.210561,
              28.61128
            ],
            [
              77.210559,
              28.611278
            ],
            [
              77.210561,
              28.611271
            ],
            [
              77.210565,
              28.611269
            ],
            [
              77.21057,
              28.611271
            ],
            [
              77.210586,
              28.611269
            ],
            [
              77.210597,
              28.611261
            ],
            [
              77.210603,
              28.611261
            ],
            [
              77.210603,
              28.611265
            ],
            [
              77.21061,
              28.611271
            ],
            [
              77.210618,
              28.611271
            ],
            [
              77.21062,
              28.611269
            ],
            [
              77.210622,
              28.611271
            ],
            [
              77.210606,
              28.61128
            ],
            [
              77.210597,
              28.61128
            ],
            [
              77.210591,
              28.611285
            ],
            [
              77.210591,
              28.611293
            ],
            [
              77.210574,
              28.611304
            ]
          ]
        ]
      },
      "properties": {
        "parcel_id": "P-0523",
        "numeric_id": 523,
        "area_sqm": 13.59,
        "area_hectares": 0.0014,
        "area_acres": 0.0034,
        "area_gaj": 16.25,
        "perimeter_m": 18.49,
        "compactness": 0.499,
        "builtup_area_sqm": 0.0,
        "builtup_pct": 0.0,
        "building_count": 0,
        "land_use": "Vacant / Open Plot",
        "confidence": 0.85,
        "verification_status": "Pending Review",
        "centroid_px": [
          1933.6,
          3644.7
        ],
        "centroid_geo": [
          77.210583,
          28.611281
        ],
        "feature_type": "parcel"
      }
    },
    {
      "type": "Feature",
      "id": "P-0306",
      "geometry": {
        "type": "Polygon",
        "coordinates": [
          [
            [
              77.209404,
              28.612372
            ],
            [
              77.209398,
              28.612366
            ],
            [
              77.209389,
              28.612366
            ],
            [
              77.209381,
              28.612336
            ],
            [
              77.209415,
              28.61234
            ],
            [
              77.209425,
              28.612335
            ],
            [
              77.209427,
              28.61234
            ],
            [
              77.209425,
              28.612362
            ],
            [
              77.209427,
              28.612366
            ],
            [
              77.209423,
              28.612366
            ],
            [
              77.209419,
              28.61237
            ],
            [
              77.209404,
              28.612372
            ]
          ]
        ]
      },
      "properties": {
        "parcel_id": "P-0306",
        "numeric_id": 306,
        "area_sqm": 13.59,
        "area_hectares": 0.0014,
        "area_acres": 0.0034,
        "area_gaj": 16.25,
        "perimeter_m": 15.72,
        "compactness": 0.691,
        "builtup_area_sqm": 0.0,
        "builtup_pct": 0.0,
        "building_count": 0,
        "land_use": "Vacant / Open Plot",
        "confidence": 0.89,
        "verification_status": "Pending Review",
        "centroid_px": [
          495.9,
          2153.0
        ],
        "centroid_geo": [
          77.209406,
          28.612353
        ],
        "feature_type": "parcel"
      }
    },
    {
      "type": "Feature",
      "id": "P-0265",
      "geometry": {
        "type": "Polygon",
        "coordinates": [
          [
            [
              77.211483,
              28.612572
            ],
            [
              77.211479,
              28.612569
            ],
            [
              77.211466,
              28.612569
            ],
            [
              77.211464,
              28.61257
            ],
            [
              77.211454,
              28.612569
            ],
            [
              77.211452,
              28.612556
            ],
            [
              77.211433,
              28.612543
            ],
            [
              77.211433,
              28.61252
            ],
            [
              77.211428,
              28.612515
            ],
            [
              77.211433,
              28.612511
            ],
            [
              77.211435,
              28.612513
            ],
            [
              77.211445,
              28.612513
            ],
            [
              77.211443,
              28.612515
            ],
            [
              77.211443,
              28.612522
            ],
            [
              77.21145,
              28.612528
            ],
            [
              77.21146,
              28.612528
            ],
            [
              77.211464,
              28.612524
            ],
            [
              77.211464,
              28.612559
            ],
            [
              77.211471,
              28.612565
            ],
            [
              77.211483,
              28.612567
            ],
            [
              77.211483,
              28.612572
            ]
          ]
        ]
      },
      "properties": {
        "parcel_id": "P-0265",
        "numeric_id": 265,
        "area_sqm": 13.2,
        "area_hectares": 0.0013,
        "area_acres": 0.0033,
        "area_gaj": 15.79,
        "perimeter_m": 22.42,
        "compactness": 0.33,
        "builtup_area_sqm": 0.0,
        "builtup_pct": 0.0,
        "building_count": 0,
        "land_use": "Vacant / Open Plot",
        "confidence": 0.82,
        "verification_status": "Pending Review",
        "centroid_px": [
          2993.9,
          1890.3
        ],
        "centroid_geo": [
          77.211451,
          28.612542
        ],
        "feature_type": "parcel"
      }
    },
    {
      "type": "Feature",
      "id": "P-0048",
      "geometry": {
        "type": "Polygon",
        "coordinates": [
          [
            [
              77.209571,
              28.613679
            ],
            [
              77.209571,
              28.61364
            ],
            [
              77.209613,
              28.61364
            ],
            [
              77.209616,
              28.613655
            ],
            [
              77.209605,
              28.613664
            ],
            [
              77.209594,
              28.613664
            ],
            [
              77.209577,
              28.613679
            ],
            [
              77.209571,
              28.613679
            ]
          ]
        ]
      },
      "properties": {
        "parcel_id": "P-0048",
        "numeric_id": 48,
        "area_sqm": 13.35,
        "area_hectares": 0.0013,
        "area_acres": 0.0033,
        "area_gaj": 15.97,
        "perimeter_m": 15.6,
        "compactness": 0.69,
        "builtup_area_sqm": 0.0,
        "builtup_pct": 0.0,
        "building_count": 0,
        "land_use": "Vacant / Open Plot",
        "confidence": 0.89,
        "verification_status": "Pending Review",
        "centroid_px": [
          720.5,
          340.8
        ],
        "centroid_geo": [
          77.20959,
          28.613655
        ],
        "feature_type": "parcel"
      }
    },
    {
      "type": "Feature",
      "id": "P-0457",
      "geometry": {
        "type": "Polygon",
        "coordinates": [
          [
            [
              77.212232,
              28.611623
            ],
            [
              77.21223,
              28.611603
            ],
            [
              77.212224,
              28.611597
            ],
            [
              77.212211,
              28.611597
            ],
            [
              77.212211,
              28.61159
            ],
            [
              77.212226,
              28.611588
            ],
            [
              77.212232,
              28.611582
            ],
            [
              77.212232,
              28.611575
            ],
            [
              77.212226,
              28.611569
            ],
            [
              77.212215,
              28.611569
            ],
            [
              77.212213,
              28.611562
            ],
            [
              77.212241,
              28.611562
            ],
            [
              77.212245,
              28.611558
            ],
            [
              77.212245,
              28.611623
            ],
            [
              77.212232,
              28.611623
            ]
          ]
        ]
      },
      "properties": {
        "parcel_id": "P-0457",
        "numeric_id": 457,
        "area_sqm": 12.93,
        "area_hectares": 0.0013,
        "area_acres": 0.0032,
        "area_gaj": 15.46,
        "perimeter_m": 22.9,
        "compactness": 0.31,
        "builtup_area_sqm": 0.0,
        "builtup_pct": 0.0,
        "building_count": 0,
        "land_use": "Vacant / Open Plot",
        "confidence": 0.81,
        "verification_status": "Pending Review",
        "centroid_px": [
          3950.2,
          3215.0
        ],
        "centroid_geo": [
          77.212234,
          28.61159
        ],
        "feature_type": "parcel"
      }
    },
    {
      "type": "Feature",
      "id": "P-0140",
      "geometry": {
        "type": "Polygon",
        "coordinates": [
          [
            [
              77.211026,
              28.613239
            ],
            [
              77.211005,
              28.613209
            ],
            [
              77.211005,
              28.613205
            ],
            [
              77.210997,
              28.613196
            ],
            [
              77.211005,
              28.613191
            ],
            [
              77.211022,
              28.613191
            ],
            [
              77.211024,
              28.613189
            ],
            [
              77.211046,
              28.613191
            ],
            [
              77.211037,
              28.613204
            ],
            [
              77.211037,
              28.613207
            ],
            [
              77.211033,
              28.613211
            ],
            [
              77.211035,
              28.613224
            ],
            [
              77.211026,
              28.613239
            ]
          ]
        ]
      },
      "properties": {
        "parcel_id": "P-0140",
        "numeric_id": 140,
        "area_sqm": 13.2,
        "area_hectares": 0.0013,
        "area_acres": 0.0033,
        "area_gaj": 15.79,
        "perimeter_m": 16.67,
        "compactness": 0.597,
        "builtup_area_sqm": 0.0,
        "builtup_pct": 0.0,
        "building_count": 0,
        "land_use": "Vacant / Open Plot",
        "confidence": 0.87,
        "verification_status": "Pending Review",
        "centroid_px": [
          2470.0,
          963.8
        ],
        "centroid_geo": [
          77.211022,
          28.613207
        ],
        "feature_type": "parcel"
      }
    },
    {
      "type": "Feature",
      "id": "P-0049",
      "geometry": {
        "type": "Polygon",
        "coordinates": [
          [
            [
              77.209762,
              28.613679
            ],
            [
              77.209762,
              28.613672
            ],
            [
              77.209751,
              28.613664
            ],
            [
              77.209736,
              28.613664
            ],
            [
              77.209728,
              28.61367
            ],
            [
              77.209728,
              28.61366
            ],
            [
              77.209719,
              28.613653
            ],
            [
              77.209715,
              28.613653
            ],
            [
              77.209715,
              28.613638
            ],
            [
              77.209764,
              28.613638
            ],
            [
              77.209759,
              28.613644
            ],
            [
              77.209759,
              28.613662
            ],
            [
              77.209764,
              28.61367
            ],
            [
              77.209764,
              28.613677
            ],
            [
              77.209762,
              28.613679
            ]
          ]
        ]
      },
      "properties": {
        "parcel_id": "P-0049",
        "numeric_id": 49,
        "area_sqm": 12.41,
        "area_hectares": 0.0012,
        "area_acres": 0.0031,
        "area_gaj": 14.85,
        "perimeter_m": 18.51,
        "compactness": 0.455,
        "builtup_area_sqm": 0.0,
        "builtup_pct": 0.0,
        "building_count": 0,
        "land_use": "Vacant / Open Plot",
        "confidence": 0.84,
        "verification_status": "Pending Review",
        "centroid_px": [
          904.1,
          345.8
        ],
        "centroid_geo": [
          77.20974,
          28.613651
        ],
        "feature_type": "parcel"
      }
    },
    {
      "type": "Feature",
      "id": "P-0292",
      "geometry": {
        "type": "Polygon",
        "coordinates": [
          [
            [
              77.209795,
              28.612405
            ],
            [
              77.209787,
              28.612403
            ],
            [
              77.209787,
              28.612394
            ],
            [
              77.209781,
              28.612388
            ],
            [
              77.209772,
              28.612388
            ],
            [
              77.20977,
              28.61239
            ],
            [
              77.209768,
              28.612383
            ],
            [
              77.20977,
              28.612361
            ],
            [
              77.20981,
              28.612361
            ],
            [
              77.209806,
              28.612366
            ],
            [
              77.209804,
              28.612377
            ],
            [
              77.209797,
              28.612383
            ],
            [
              77.209795,
              28.612388
            ],
            [
              77.209795,
              28.612396
            ],
            [
              77.2098,
              28.612401
            ],
            [
              77.209795,
              28.612405
            ]
          ]
        ]
      },
      "properties": {
        "parcel_id": "P-0292",
        "numeric_id": 292,
        "area_sqm": 12.22,
        "area_hectares": 0.0012,
        "area_acres": 0.003,
        "area_gaj": 14.62,
        "perimeter_m": 16.84,
        "compactness": 0.541,
        "builtup_area_sqm": 0.0,
        "builtup_pct": 0.0,
        "building_count": 0,
        "land_use": "Vacant / Open Plot",
        "confidence": 0.86,
        "verification_status": "Pending Review",
        "centroid_px": [
          961.2,
          2119.1
        ],
        "centroid_geo": [
          77.209787,
          28.612377
        ],
        "feature_type": "parcel"
      }
    },
    {
      "type": "Feature",
      "id": "P-0001",
      "geometry": {
        "type": "Polygon",
        "coordinates": [
          [
            [
              77.209099,
              28.613898
            ],
            [
              77.209099,
              28.613893
            ],
            [
              77.209106,
              28.613889
            ],
            [
              77.209112,
              28.613893
            ],
            [
              77.209131,
              28.613894
            ],
            [
              77.209152,
              28.613878
            ],
            [
              77.209152,
              28.613874
            ],
            [
              77.209186,
              28.613874
            ],
            [
              77.20918,
              28.613881
            ],
            [
              77.20918,
              28.613894
            ],
            [
              77.209184,
              28.613898
            ],
            [
              77.209099,
              28.613898
            ]
          ]
        ]
      },
      "properties": {
        "parcel_id": "P-0001",
        "numeric_id": 1,
        "area_sqm": 12.33,
        "area_hectares": 0.0012,
        "area_acres": 0.003,
        "area_gaj": 14.74,
        "perimeter_m": 21.82,
        "compactness": 0.325,
        "builtup_area_sqm": 0.0,
        "builtup_pct": 0.0,
        "building_count": 0,
        "land_use": "Vacant / Open Plot",
        "confidence": 0.82,
        "verification_status": "Pending Review",
        "centroid_px": [
          186.9,
          16.0
        ],
        "centroid_geo": [
          77.209153,
          28.613889
        ],
        "feature_type": "parcel"
      }
    },
    {
      "type": "Feature",
      "id": "P-0095",
      "geometry": {
        "type": "Polygon",
        "coordinates": [
          [
            [
              77.209173,
              28.613413
            ],
            [
              77.209173,
              28.61341
            ],
            [
              77.209163,
              28.613402
            ],
            [
              77.209148,
              28.613402
            ],
            [
              77.20914,
              28.61341
            ],
            [
              77.209135,
              28.61341
            ],
            [
              77.209135,
              28.613404
            ],
            [
              77.209142,
              28.613402
            ],
            [
              77.20915,
              28.613395
            ],
            [
              77.209184,
              28.613376
            ],
            [
              77.209214,
              28.613376
            ],
            [
              77.209212,
              28.613384
            ],
            [
              77.209207,
              28.61338
            ],
            [
              77.209199,
              28.61338
            ],
            [
              77.209192,
              28.613386
            ],
            [
              77.209195,
              28.613402
            ],
            [
              77.209188,
              28.613402
            ],
            [
              77.209173,
              28.613413
            ]
          ]
        ]
      },
      "properties": {
        "parcel_id": "P-0095",
        "numeric_id": 95,
        "area_sqm": 12.16,
        "area_hectares": 0.0012,
        "area_acres": 0.003,
        "area_gaj": 14.54,
        "perimeter_m": 21.54,
        "compactness": 0.329,
        "builtup_area_sqm": 0.0,
        "builtup_pct": 0.0,
        "building_count": 0,
        "land_use": "Vacant / Open Plot",
        "confidence": 0.82,
        "verification_status": "Pending Review",
        "centroid_px": [
          214.4,
          705.0
        ],
        "centroid_geo": [
          77.209176,
          28.613393
        ],
        "feature_type": "parcel"
      }
    },
    {
      "type": "Feature",
      "id": "P-0537",
      "geometry": {
        "type": "Polygon",
        "coordinates": [
          [
            [
              77.209561,
              28.611267
            ],
            [
              77.209558,
              28.611258
            ],
            [
              77.209548,
              28.611248
            ],
            [
              77.209548,
              28.611237
            ],
            [
              77.209552,
              28.611232
            ],
            [
              77.209563,
              28.611232
            ],
            [
              77.209571,
              28.611224
            ],
            [
              77.209571,
              28.611215
            ],
            [
              77.209567,
              28.611211
            ],
            [
              77.209575,
              28.611211
            ],
            [
              77.209573,
              28.611213
            ],
            [
              77.209573,
              28.611224
            ],
            [
              77.20958,
              28.611233
            ],
            [
              77.20958,
              28.611237
            ],
            [
              77.20959,
              28.611245
            ],
            [
              77.20959,
              28.611254
            ],
            [
              77.209594,
              28.611258
            ],
            [
              77.209594,
              28.611261
            ],
            [
              77.209582,
              28.611256
            ],
            [
              77.209573,
              28.611256
            ],
            [
              77.209561,
              28.611267
            ]
          ]
        ]
      },
      "properties": {
        "parcel_id": "P-0537",
        "numeric_id": 537,
        "area_sqm": 12.01,
        "area_hectares": 0.0012,
        "area_acres": 0.003,
        "area_gaj": 14.36,
        "perimeter_m": 19.62,
        "compactness": 0.392,
        "builtup_area_sqm": 0.0,
        "builtup_pct": 0.0,
        "building_count": 0,
        "land_use": "Vacant / Open Plot",
        "confidence": 0.83,
        "verification_status": "Pending Review",
        "centroid_px": [
          694.8,
          3695.9
        ],
        "centroid_geo": [
          77.209569,
          28.611244
        ],
        "feature_type": "parcel"
      }
    },
    {
      "type": "Feature",
      "id": "P-0163",
      "geometry": {
        "type": "Polygon",
        "coordinates": [
          [
            [
              77.210572,
              28.613135
            ],
            [
              77.210572,
              28.613127
            ],
            [
              77.210561,
              28.613118
            ],
            [
              77.210572,
              28.613118
            ],
            [
              77.21058,
              28.613111
            ],
            [
              77.21058,
              28.613114
            ],
            [
              77.210586,
              28.61312
            ],
            [
              77.210595,
              28.61312
            ],
            [
              77.210601,
              28.613114
            ],
            [
              77.210601,
              28.613109
            ],
            [
              77.21061,
              28.613109
            ],
            [
              77.21061,
              28.613122
            ],
            [
              77.21062,
              28.613129
            ],
            [
              77.210633,
              28.613129
            ],
            [
              77.210639,
              28.613126
            ],
            [
              77.21065,
              28.613126
            ],
            [
              77.210652,
              28.613124
            ],
            [
              77.210654,
              28.613126
            ],
            [
              77.210663,
              28.613126
            ],
            [
              77.210667,
              28.613129
            ],
            [
              77.210663,
              28.613131
            ],
            [
              77.210635,
              28.613129
            ],
            [
              77.210629,
              28.613135
            ],
            [
              77.210572,
              28.613135
            ]
          ]
        ]
      },
      "properties": {
        "parcel_id": "P-0163",
        "numeric_id": 163,
        "area_sqm": 11.9,
        "area_hectares": 0.0012,
        "area_acres": 0.0029,
        "area_gaj": 14.23,
        "perimeter_m": 26.34,
        "compactness": 0.216,
        "builtup_area_sqm": 0.0,
        "builtup_pct": 0.0,
        "building_count": 0,
        "land_use": "Vacant / Open Plot",
        "confidence": 0.79,
        "verification_status": "Pending Review",
        "centroid_px": [
          1957.4,
          1077.2
        ],
        "centroid_geo": [
          77.210602,
          28.613126
        ],
        "feature_type": "parcel"
      }
    },
    {
      "type": "Feature",
      "id": "P-0006",
      "geometry": {
        "type": "Polygon",
        "coordinates": [
          [
            [
              77.210185,
              28.613898
            ],
            [
              77.210185,
              28.613893
            ],
            [
              77.210199,
              28.613893
            ],
            [
              77.210206,
              28.613887
            ],
            [
              77.210206,
              28.613878
            ],
            [
              77.210204,
              28.613876
            ],
            [
              77.210212,
              28.61387
            ],
            [
              77.210212,
              28.613859
            ],
            [
              77.210218,
              28.613854
            ],
            [
              77.210218,
              28.613848
            ],
            [
              77.210225,
              28.613848
            ],
            [
              77.210231,
              28.613842
            ],
            [
              77.210231,
              28.613835
            ],
            [
              77.210233,
              28.613835
            ],
            [
              77.210231,
              28.613863
            ],
            [
              77.210225,
              28.61387
            ],
            [
              77.210225,
              28.613889
            ],
            [
              77.210233,
              28.613898
            ],
            [
              77.210185,
              28.613898
            ]
          ]
        ]
      },
      "properties": {
        "parcel_id": "P-0006",
        "numeric_id": 6,
        "area_sqm": 11.86,
        "area_hectares": 0.0012,
        "area_acres": 0.0029,
        "area_gaj": 14.18,
        "perimeter_m": 22.86,
        "compactness": 0.285,
        "builtup_area_sqm": 0.0,
        "builtup_pct": 0.0,
        "building_count": 0,
        "land_use": "Vacant / Open Plot",
        "confidence": 0.81,
        "verification_status": "Pending Review",
        "centroid_px": [
          1485.7,
          32.7
        ],
        "centroid_geo": [
          77.210216,
          28.613876
        ],
        "feature_type": "parcel"
      }
    },
    {
      "type": "Feature",
      "id": "P-0084",
      "geometry": {
        "type": "Polygon",
        "coordinates": [
          [
            [
              77.209205,
              28.613491
            ],
            [
              77.209209,
              28.613488
            ],
            [
              77.209212,
              28.613462
            ],
            [
              77.209216,
              28.613454
            ],
            [
              77.209216,
              28.613447
            ],
            [
              77.209243,
              28.613449
            ],
            [
              77.209237,
              28.613454
            ],
            [
              77.209237,
              28.613462
            ],
            [
              77.209243,
              28.613469
            ],
            [
              77.209243,
              28.613478
            ],
            [
              77.209228,
              28.61348
            ],
            [
              77.209222,
              28.613486
            ],
            [
              77.209222,
              28.613491
            ],
            [
              77.209205,
              28.613491
            ]
          ]
        ]
      },
      "properties": {
        "parcel_id": "P-0084",
        "numeric_id": 84,
        "area_sqm": 11.58,
        "area_hectares": 0.0012,
        "area_acres": 0.0029,
        "area_gaj": 13.85,
        "perimeter_m": 16.32,
        "compactness": 0.547,
        "builtup_area_sqm": 0.0,
        "builtup_pct": 0.0,
        "building_count": 0,
        "land_use": "Vacant / Open Plot",
        "confidence": 0.86,
        "verification_status": "Pending Review",
        "centroid_px": [
          274.5,
          600.8
        ],
        "centroid_geo": [
          77.209225,
          28.613468
        ],
        "feature_type": "parcel"
      }
    },
    {
      "type": "Feature",
      "id": "P-0183",
      "geometry": {
        "type": "Polygon",
        "coordinates": [
          [
            [
              77.211274,
              28.613035
            ],
            [
              77.211244,
              28.613027
            ],
            [
              77.211217,
              28.613001
            ],
            [
              77.211242,
              28.613001
            ],
            [
              77.211246,
              28.613005
            ],
            [
              77.211268,
              28.613005
            ],
            [
              77.211274,
              28.613027
            ],
            [
              77.211274,
              28.613035
            ]
          ]
        ]
      },
      "properties": {
        "parcel_id": "P-0183",
        "numeric_id": 183,
        "area_sqm": 11.5,
        "area_hectares": 0.0011,
        "area_acres": 0.0028,
        "area_gaj": 13.75,
        "perimeter_m": 15.48,
        "compactness": 0.603,
        "builtup_area_sqm": 0.0,
        "builtup_pct": 0.0,
        "building_count": 0,
        "land_use": "Vacant / Open Plot",
        "confidence": 0.87,
        "verification_status": "Pending Review",
        "centroid_px": [
          2749.4,
          1230.6
        ],
        "centroid_geo": [
          77.211251,
          28.613016
        ],
        "feature_type": "parcel"
      }
    },
    {
      "type": "Feature",
      "id": "P-0493",
      "geometry": {
        "type": "Polygon",
        "coordinates": [
          [
            [
              77.21153,
              28.61146
            ],
            [
              77.211521,
              28.611454
            ],
            [
              77.211526,
              28.611425
            ],
            [
              77.21156,
              28.611425
            ],
            [
              77.211562,
              28.611427
            ],
            [
              77.211557,
              28.61143
            ],
            [
              77.211557,
              28.611454
            ],
            [
              77.211543,
              28.611453
            ],
            [
              77.211536,
              28.61146
            ],
            [
              77.21153,
              28.61146
            ]
          ]
        ]
      },
      "properties": {
        "parcel_id": "P-0493",
        "numeric_id": 493,
        "area_sqm": 11.71,
        "area_hectares": 0.0012,
        "area_acres": 0.0029,
        "area_gaj": 14.0,
        "perimeter_m": 14.35,
        "compactness": 0.714,
        "builtup_area_sqm": 0.0,
        "builtup_pct": 0.0,
        "building_count": 0,
        "land_use": "Vacant / Open Plot",
        "confidence": 0.89,
        "verification_status": "Pending Review",
        "centroid_px": [
          3102.8,
          3422.3
        ],
        "centroid_geo": [
          77.21154,
          28.611441
        ],
        "feature_type": "parcel"
      }
    },
    {
      "type": "Feature",
      "id": "P-0205",
      "geometry": {
        "type": "Polygon",
        "coordinates": [
          [
            [
              77.209186,
              28.61281
            ],
            [
              77.209182,
              28.612806
            ],
            [
              77.209169,
              28.612806
            ],
            [
              77.209167,
              28.612804
            ],
            [
              77.209152,
              28.612804
            ],
            [
              77.209146,
              28.612808
            ],
            [
              77.209137,
              28.612808
            ],
            [
              77.209157,
              28.612788
            ],
            [
              77.209218,
              28.612788
            ],
            [
              77.209201,
              28.612799
            ],
            [
              77.209201,
              28.612804
            ],
            [
              77.209192,
              28.612804
            ],
            [
              77.209186,
              28.61281
            ]
          ]
        ]
      },
      "properties": {
        "parcel_id": "P-0205",
        "numeric_id": 205,
        "area_sqm": 11.56,
        "area_hectares": 0.0012,
        "area_acres": 0.0029,
        "area_gaj": 13.82,
        "perimeter_m": 18.46,
        "compactness": 0.426,
        "builtup_area_sqm": 0.0,
        "builtup_pct": 0.0,
        "building_count": 0,
        "land_use": "Vacant / Open Plot",
        "confidence": 0.84,
        "verification_status": "Pending Review",
        "centroid_px": [
          216.0,
          1535.0
        ],
        "centroid_geo": [
          77.209177,
          28.612797
        ],
        "feature_type": "parcel"
      }
    },
    {
      "type": "Feature",
      "id": "P-0123",
      "geometry": {
        "type": "Polygon",
        "coordinates": [
          [
            [
              77.209552,
              28.613293
            ],
            [
              77.209542,
              28.613287
            ],
            [
              77.20951,
              28.613287
            ],
            [
              77.209508,
              28.613285
            ],
            [
              77.209495,
              28.613287
            ],
            [
              77.209489,
              28.613283
            ],
            [
              77.209487,
              28.613272
            ],
            [
              77.209561,
              28.613274
            ],
            [
              77.209565,
              28.61328
            ],
            [
              77.209565,
              28.613287
            ],
            [
              77.209558,
              28.613287
            ],
            [
              77.209552,
              28.613293
            ]
          ]
        ]
      },
      "properties": {
        "parcel_id": "P-0123",
        "numeric_id": 123,
        "area_sqm": 11.71,
        "area_hectares": 0.0012,
        "area_acres": 0.0029,
        "area_gaj": 14.0,
        "perimeter_m": 18.17,
        "compactness": 0.446,
        "builtup_area_sqm": 0.0,
        "builtup_pct": 0.0,
        "building_count": 0,
        "land_use": "Vacant / Open Plot",
        "confidence": 0.84,
        "verification_status": "Pending Review",
        "centroid_px": [
          643.5,
          862.0
        ],
        "centroid_geo": [
          77.209527,
          28.613281
        ],
        "feature_type": "parcel"
      }
    },
    {
      "type": "Feature",
      "id": "P-0525",
      "geometry": {
        "type": "Polygon",
        "coordinates": [
          [
            [
              77.212082,
              28.611298
            ],
            [
              77.212076,
              28.611295
            ],
            [
              77.212071,
              28.611295
            ],
            [
              77.212071,
              28.611287
            ],
            [
              77.212063,
              28.611278
            ],
            [
              77.212052,
              28.611278
            ],
            [
              77.212048,
              28.611282
            ],
            [
              77.212042,
              28.61128
            ],
            [
              77.212038,
              28.611265
            ],
            [
              77.212038,
              28.611258
            ],
            [
              77.21204,
              28.611256
            ],
            [
              77.212038,
              28.611239
            ],
            [
              77.212052,
              28.611239
            ],
            [
              77.212052,
              28.611258
            ],
            [
              77.212067,
              28.611269
            ],
            [
              77.212076,
              28.611269
            ],
            [
              77.212084,
              28.611261
            ],
            [
              77.212082,
              28.611271
            ],
            [
              77.212076,
              28.611276
            ],
            [
              77.212078,
              28.611295
            ],
            [
              77.212082,
              28.611298
            ]
          ]
        ]
      },
      "properties": {
        "parcel_id": "P-0525",
        "numeric_id": 525,
        "area_sqm": 11.39,
        "area_hectares": 0.0011,
        "area_acres": 0.0028,
        "area_gaj": 13.62,
        "perimeter_m": 22.29,
        "compactness": 0.288,
        "builtup_area_sqm": 0.0,
        "builtup_pct": 0.0,
        "building_count": 0,
        "land_use": "Vacant / Open Plot",
        "confidence": 0.81,
        "verification_status": "Pending Review",
        "centroid_px": [
          3732.5,
          3664.8
        ],
        "centroid_geo": [
          77.212056,
          28.611266
        ],
        "feature_type": "parcel"
      }
    },
    {
      "type": "Feature",
      "id": "P-0321",
      "geometry": {
        "type": "Polygon",
        "coordinates": [
          [
            [
              77.209201,
              28.61231
            ],
            [
              77.209201,
              28.612266
            ],
            [
              77.209214,
              28.612266
            ],
            [
              77.209222,
              28.61226
            ],
            [
              77.209224,
              28.612266
            ],
            [
              77.209231,
              28.612271
            ],
            [
              77.209264,
              28.612271
            ],
            [
              77.209256,
              28.612279
            ],
            [
              77.209254,
              28.612277
            ],
            [
              77.209237,
              28.612277
            ],
            [
              77.209231,
              28.612283
            ],
            [
              77.20922,
              28.612283
            ],
            [
              77.209214,
              28.612288
            ],
            [
              77.209214,
              28.612299
            ],
            [
              77.209209,
              28.612303
            ],
            [
              77.209209,
              28.612309
            ],
            [
              77.209201,
              28.61231
            ]
          ]
        ]
      },
      "properties": {
        "parcel_id": "P-0321",
        "numeric_id": 321,
        "area_sqm": 11.13,
        "area_hectares": 0.0011,
        "area_acres": 0.0028,
        "area_gaj": 13.31,
        "perimeter_m": 21.27,
        "compactness": 0.309,
        "builtup_area_sqm": 0.0,
        "builtup_pct": 0.0,
        "building_count": 0,
        "land_use": "Vacant / Open Plot",
        "confidence": 0.81,
        "verification_status": "Pending Review",
        "centroid_px": [
          266.9,
          2253.5
        ],
        "centroid_geo": [
          77.209218,
          28.612281
        ],
        "feature_type": "parcel"
      }
    },
    {
      "type": "Feature",
      "id": "P-0025",
      "geometry": {
        "type": "Polygon",
        "coordinates": [
          [
            [
              77.212078,
              28.613759
            ],
            [
              77.212076,
              28.613744
            ],
            [
              77.212063,
              28.613729
            ],
            [
              77.212055,
              28.613729
            ],
            [
              77.212048,
              28.613735
            ],
            [
              77.212044,
              28.613735
            ],
            [
              77.212042,
              28.613729
            ],
            [
              77.212042,
              28.61372
            ],
            [
              77.212048,
              28.61372
            ],
            [
              77.212052,
              28.613716
            ],
            [
              77.212057,
              28.613716
            ],
            [
              77.212065,
              28.613709
            ],
            [
              77.212097,
              28.613738
            ],
            [
              77.21208,
              28.61375
            ],
            [
              77.21208,
              28.613757
            ],
            [
              77.212078,
              28.613759
            ]
          ]
        ]
      },
      "properties": {
        "parcel_id": "P-0025",
        "numeric_id": 25,
        "area_sqm": 10.66,
        "area_hectares": 0.0011,
        "area_acres": 0.0026,
        "area_gaj": 12.75,
        "perimeter_m": 18.05,
        "compactness": 0.411,
        "builtup_area_sqm": 0.0,
        "builtup_pct": 0.0,
        "building_count": 0,
        "land_use": "Vacant / Open Plot",
        "confidence": 0.83,
        "verification_status": "Pending Review",
        "centroid_px": [
          3749.2,
          237.4
        ],
        "centroid_geo": [
          77.212069,
          28.613729
        ],
        "feature_type": "parcel"
      }
    },
    {
      "type": "Feature",
      "id": "P-0275",
      "geometry": {
        "type": "Polygon",
        "coordinates": [
          [
            [
              77.210176,
              28.612502
            ],
            [
              77.210172,
              28.612498
            ],
            [
              77.210166,
              28.612498
            ],
            [
              77.210172,
              28.612491
            ],
            [
              77.210172,
              28.612479
            ],
            [
              77.21017,
              28.612478
            ],
            [
              77.210172,
              28.61244
            ],
            [
              77.210166,
              28.612435
            ],
            [
              77.210155,
              28.612433
            ],
            [
              77.210153,
              28.612429
            ],
            [
              77.210168,
              28.612427
            ],
            [
              77.210178,
              28.612431
            ],
            [
              77.210178,
              28.612444
            ],
            [
              77.210182,
              28.612452
            ],
            [
              77.210182,
              28.612461
            ],
            [
              77.210187,
              28.612466
            ],
            [
              77.210185,
              28.612468
            ],
            [
              77.210185,
              28.612481
            ],
            [
              77.210189,
              28.612485
            ],
            [
              77.210189,
              28.612496
            ],
            [
              77.210185,
              28.612496
            ],
            [
              77.210176,
              28.612502
            ]
          ]
        ]
      },
      "properties": {
        "parcel_id": "P-0275",
        "numeric_id": 275,
        "area_sqm": 10.7,
        "area_hectares": 0.0011,
        "area_acres": 0.0026,
        "area_gaj": 12.8,
        "perimeter_m": 22.04,
        "compactness": 0.277,
        "builtup_area_sqm": 0.0,
        "builtup_pct": 0.0,
        "building_count": 0,
        "land_use": "Vacant / Open Plot",
        "confidence": 0.81,
        "verification_status": "Pending Review",
        "centroid_px": [
          1436.4,
          1995.5
        ],
        "centroid_geo": [
          77.210176,
          28.612466
        ],
        "feature_type": "parcel"
      }
    },
    {
      "type": "Feature",
      "id": "P-0267",
      "geometry": {
        "type": "Polygon",
        "coordinates": [
          [
            [
              77.211378,
              28.612569
            ],
            [
              77.211373,
              28.612567
            ],
            [
              77.211376,
              28.61255
            ],
            [
              77.211367,
              28.612543
            ],
            [
              77.211363,
              28.612543
            ],
            [
              77.211359,
              28.612539
            ],
            [
              77.211356,
              28.612518
            ],
            [
              77.211352,
              28.612515
            ],
            [
              77.211392,
              28.612515
            ],
            [
              77.211388,
              28.61252
            ],
            [
              77.211388,
              28.612528
            ],
            [
              77.211382,
              28.612533
            ],
            [
              77.211384,
              28.612556
            ],
            [
              77.211378,
              28.612563
            ],
            [
              77.211378,
              28.612569
            ]
          ]
        ]
      },
      "properties": {
        "parcel_id": "P-0267",
        "numeric_id": 267,
        "area_sqm": 10.83,
        "area_hectares": 0.0011,
        "area_acres": 0.0027,
        "area_gaj": 12.96,
        "perimeter_m": 17.89,
        "compactness": 0.425,
        "builtup_area_sqm": 0.0,
        "builtup_pct": 0.0,
        "building_count": 0,
        "land_use": "Vacant / Open Plot",
        "confidence": 0.84,
        "verification_status": "Pending Review",
        "centroid_px": [
          2898.8,
          1903.0
        ],
        "centroid_geo": [
          77.211373,
          28.612532
        ],
        "feature_type": "parcel"
      }
    },
    {
      "type": "Feature",
      "id": "P-0258",
      "geometry": {
        "type": "Polygon",
        "coordinates": [
          [
            [
              77.211426,
              28.612608
            ],
            [
              77.211424,
              28.612606
            ],
            [
              77.211411,
              28.612606
            ],
            [
              77.211416,
              28.612598
            ],
            [
              77.211416,
              28.612591
            ],
            [
              77.211414,
              28.612589
            ],
            [
              77.211471,
              28.612589
            ],
            [
              77.211471,
              28.612606
            ],
            [
              77.211426,
              28.612608
            ]
          ]
        ]
      },
      "properties": {
        "parcel_id": "P-0258",
        "numeric_id": 258,
        "area_sqm": 10.66,
        "area_hectares": 0.0011,
        "area_acres": 0.0026,
        "area_gaj": 12.75,
        "perimeter_m": 15.36,
        "compactness": 0.568,
        "builtup_area_sqm": 0.0,
        "builtup_pct": 0.0,
        "building_count": 0,
        "land_use": "Vacant / Open Plot",
        "confidence": 0.86,
        "verification_status": "Pending Review",
        "centroid_px": [
          2983.7,
          1812.0
        ],
        "centroid_geo": [
          77.211443,
          28.612598
        ],
        "feature_type": "parcel"
      }
    },
    {
      "type": "Feature",
      "id": "P-0432",
      "geometry": {
        "type": "Polygon",
        "coordinates": [
          [
            [
              77.211255,
              28.611735
            ],
            [
              77.211249,
              28.611729
            ],
            [
              77.211242,
              28.611729
            ],
            [
              77.211238,
              28.611724
            ],
            [
              77.21124,
              28.611718
            ],
            [
              77.211238,
              28.611707
            ],
            [
              77.211242,
              28.611703
            ],
            [
              77.211242,
              28.611696
            ],
            [
              77.21124,
              28.611694
            ],
            [
              77.211242,
              28.611666
            ],
            [
              77.21124,
              28.611662
            ],
            [
              77.211251,
              28.611668
            ],
            [
              77.211255,
              28.611673
            ],
            [
              77.211255,
              28.611685
            ],
            [
              77.211257,
              28.611686
            ],
            [
              77.211255,
              28.611735
            ]
          ]
        ]
      },
      "properties": {
        "parcel_id": "P-0432",
        "numeric_id": 432,
        "area_sqm": 10.47,
        "area_hectares": 0.001,
        "area_acres": 0.0026,
        "area_gaj": 12.52,
        "perimeter_m": 18.29,
        "compactness": 0.393,
        "builtup_area_sqm": 0.0,
        "builtup_pct": 0.0,
        "building_count": 0,
        "land_use": "Vacant / Open Plot",
        "confidence": 0.83,
        "verification_status": "Pending Review",
        "centroid_px": [
          2746.1,
          3061.6
        ],
        "centroid_geo": [
          77.211248,
          28.6117
        ],
        "feature_type": "parcel"
      }
    },
    {
      "type": "Feature",
      "id": "P-0372",
      "geometry": {
        "type": "Polygon",
        "coordinates": [
          [
            [
              77.210658,
              28.61205
            ],
            [
              77.21065,
              28.612049
            ],
            [
              77.21065,
              28.612032
            ],
            [
              77.210703,
              28.612032
            ],
            [
              77.210703,
              28.612043
            ],
            [
              77.210699,
              28.612047
            ],
            [
              77.210699,
              28.61205
            ],
            [
              77.21069,
              28.612049
            ],
            [
              77.210658,
              28.61205
            ]
          ]
        ]
      },
      "properties": {
        "parcel_id": "P-0372",
        "numeric_id": 372,
        "area_sqm": 9.94,
        "area_hectares": 0.001,
        "area_acres": 0.0025,
        "area_gaj": 11.88,
        "perimeter_m": 14.08,
        "compactness": 0.63,
        "builtup_area_sqm": 0.0,
        "builtup_pct": 0.0,
        "building_count": 0,
        "land_use": "Vacant / Open Plot",
        "confidence": 0.88,
        "verification_status": "Pending Review",
        "centroid_px": [
          2047.0,
          2587.4
        ],
        "centroid_geo": [
          77.210676,
          28.612041
        ],
        "feature_type": "parcel"
      }
    },
    {
      "type": "Feature",
      "id": "P-0318",
      "geometry": {
        "type": "Polygon",
        "coordinates": [
          [
            [
              77.211433,
              28.612323
            ],
            [
              77.211426,
              28.612322
            ],
            [
              77.211418,
              28.612312
            ],
            [
              77.211409,
              28.612312
            ],
            [
              77.211409,
              28.612301
            ],
            [
              77.211405,
              28.61229
            ],
            [
              77.211411,
              28.612286
            ],
            [
              77.211431,
              28.612288
            ],
            [
              77.211437,
              28.612294
            ],
            [
              77.211445,
              28.612294
            ],
            [
              77.211447,
              28.612292
            ],
            [
              77.21145,
              28.612305
            ],
            [
              77.211439,
              28.612305
            ],
            [
              77.211433,
              28.61231
            ],
            [
              77.211433,
              28.612323
            ]
          ]
        ]
      },
      "properties": {
        "parcel_id": "P-0318",
        "numeric_id": 318,
        "area_sqm": 10.0,
        "area_hectares": 0.001,
        "area_acres": 0.0025,
        "area_gaj": 11.96,
        "perimeter_m": 14.78,
        "compactness": 0.575,
        "builtup_area_sqm": 0.0,
        "builtup_pct": 0.0,
        "building_count": 0,
        "land_use": "Vacant / Open Plot",
        "confidence": 0.86,
        "verification_status": "Pending Review",
        "centroid_px": [
          2962.8,
          2224.4
        ],
        "centroid_geo": [
          77.211425,
          28.612301
        ],
        "feature_type": "parcel"
      }
    },
    {
      "type": "Feature",
      "id": "P-0147",
      "geometry": {
        "type": "Polygon",
        "coordinates": [
          [
            [
              77.211278,
              28.613205
            ],
            [
              77.211274,
              28.613202
            ],
            [
              77.211274,
              28.613179
            ],
            [
              77.211289,
              28.613178
            ],
            [
              77.211301,
              28.613172
            ],
            [
              77.211312,
              28.613174
            ],
            [
              77.211314,
              28.613176
            ],
            [
              77.211308,
              28.613181
            ],
            [
              77.211308,
              28.613196
            ],
            [
              77.211293,
              28.613204
            ],
            [
              77.211278,
              28.613205
            ]
          ]
        ]
      },
      "properties": {
        "parcel_id": "P-0147",
        "numeric_id": 147,
        "area_sqm": 10.02,
        "area_hectares": 0.001,
        "area_acres": 0.0025,
        "area_gaj": 11.98,
        "perimeter_m": 12.92,
        "compactness": 0.754,
        "builtup_area_sqm": 0.0,
        "builtup_pct": 0.0,
        "building_count": 0,
        "land_use": "Vacant / Open Plot",
        "confidence": 0.9,
        "verification_status": "Pending Review",
        "centroid_px": [
          2799.3,
          989.6
        ],
        "centroid_geo": [
          77.211292,
          28.613189
        ],
        "feature_type": "parcel"
      }
    },
    {
      "type": "Feature",
      "id": "P-0173",
      "geometry": {
        "type": "Polygon",
        "coordinates": [
          [
            [
              77.210601,
              28.61309
            ],
            [
              77.210614,
              28.613077
            ],
            [
              77.210614,
              28.613066
            ],
            [
              77.210612,
              28.613064
            ],
            [
              77.21062,
              28.613064
            ],
            [
              77.210631,
              28.613057
            ],
            [
              77.210631,
              28.613042
            ],
            [
              77.210629,
              28.61304
            ],
            [
              77.210635,
              28.61304
            ],
            [
              77.210639,
              28.613037
            ],
            [
              77.210661,
              28.61304
            ],
            [
              77.210656,
              28.613048
            ],
            [
              77.210656,
              28.613061
            ],
            [
              77.210635,
              28.613061
            ],
            [
              77.210631,
              28.613063
            ],
            [
              77.21062,
              28.613072
            ],
            [
              77.21062,
              28.61309
            ],
            [
              77.210601,
              28.61309
            ]
          ]
        ]
      },
      "properties": {
        "parcel_id": "P-0173",
        "numeric_id": 173,
        "area_sqm": 9.85,
        "area_hectares": 0.001,
        "area_acres": 0.0024,
        "area_gaj": 11.78,
        "perimeter_m": 21.14,
        "compactness": 0.277,
        "builtup_area_sqm": 0.0,
        "builtup_pct": 0.0,
        "building_count": 0,
        "land_use": "Vacant / Open Plot",
        "confidence": 0.81,
        "verification_status": "Pending Review",
        "centroid_px": [
          1996.6,
          1170.3
        ],
        "centroid_geo": [
          77.210634,
          28.613059
        ],
        "feature_type": "parcel"
      }
    },
    {
      "type": "Feature",
      "id": "P-0250",
      "geometry": {
        "type": "Polygon",
        "coordinates": [
          [
            [
              77.210373,
              28.612641
            ],
            [
              77.210367,
              28.612635
            ],
            [
              77.210356,
              28.612635
            ],
            [
              77.210356,
              28.612622
            ],
            [
              77.21035,
              28.612617
            ],
            [
              77.210343,
              28.612606
            ],
            [
              77.210345,
              28.612608
            ],
            [
              77.210364,
              28.612606
            ],
            [
              77.210377,
              28.612617
            ],
            [
              77.210381,
              28.612617
            ],
            [
              77.210388,
              28.612624
            ],
            [
              77.210386,
              28.612626
            ],
            [
              77.210386,
              28.612635
            ],
            [
              77.210377,
              28.612641
            ],
            [
              77.210373,
              28.612641
            ]
          ]
        ]
      },
      "properties": {
        "parcel_id": "P-0250",
        "numeric_id": 250,
        "area_sqm": 9.55,
        "area_hectares": 0.001,
        "area_acres": 0.0024,
        "area_gaj": 11.42,
        "perimeter_m": 13.76,
        "compactness": 0.634,
        "builtup_area_sqm": 0.0,
        "builtup_pct": 0.0,
        "building_count": 0,
        "land_use": "Vacant / Open Plot",
        "confidence": 0.88,
        "verification_status": "Pending Review",
        "centroid_px": [
          1670.4,
          1777.2
        ],
        "centroid_geo": [
          77.210367,
          28.612623
        ],
        "feature_type": "parcel"
      }
    },
    {
      "type": "Feature",
      "id": "P-0467",
      "geometry": {
        "type": "Polygon",
        "coordinates": [
          [
            [
              77.21128,
              28.611555
            ],
            [
              77.21128,
              28.611551
            ],
            [
              77.211289,
              28.611551
            ],
            [
              77.211299,
              28.611538
            ],
            [
              77.211306,
              28.61154
            ],
            [
              77.211333,
              28.611538
            ],
            [
              77.211335,
              28.611536
            ],
            [
              77.211337,
              28.611538
            ],
            [
              77.211348,
              28.611538
            ],
            [
              77.211348,
              28.611543
            ],
            [
              77.211354,
              28.611549
            ],
            [
              77.211354,
              28.611551
            ],
            [
              77.21134,
              28.611551
            ],
            [
              77.211337,
              28.611553
            ],
            [
              77.211312,
              28.611553
            ],
            [
              77.21131,
              28.611555
            ],
            [
              77.211293,
              28.611553
            ],
            [
              77.211291,
              28.611555
            ],
            [
              77.21128,
              28.611555
            ]
          ]
        ]
      },
      "properties": {
        "parcel_id": "P-0467",
        "numeric_id": 467,
        "area_sqm": 9.25,
        "area_hectares": 0.0009,
        "area_acres": 0.0023,
        "area_gaj": 11.06,
        "perimeter_m": 17.19,
        "compactness": 0.393,
        "builtup_area_sqm": 0.0,
        "builtup_pct": 0.0,
        "building_count": 0,
        "land_use": "Vacant / Open Plot",
        "confidence": 0.83,
        "verification_status": "Pending Review",
        "centroid_px": [
          2833.6,
          3275.2
        ],
        "centroid_geo": [
          77.21132,
          28.611546
        ],
        "feature_type": "parcel"
      }
    },
    {
      "type": "Feature",
      "id": "P-0373",
      "geometry": {
        "type": "Polygon",
        "coordinates": [
          [
            [
              77.210976,
              28.612049
            ],
            [
              77.210978,
              28.612032
            ],
            [
              77.21101,
              28.612032
            ],
            [
              77.211012,
              28.61203
            ],
            [
              77.211033,
              28.612032
            ],
            [
              77.211026,
              28.612037
            ],
            [
              77.211026,
              28.612047
            ],
            [
              77.211022,
              28.612049
            ],
            [
              77.211016,
              28.612047
            ],
            [
              77.210976,
              28.612049
            ]
          ]
        ]
      },
      "properties": {
        "parcel_id": "P-0373",
        "numeric_id": 373,
        "area_sqm": 8.95,
        "area_hectares": 0.0009,
        "area_acres": 0.0022,
        "area_gaj": 10.71,
        "perimeter_m": 14.3,
        "compactness": 0.55,
        "builtup_area_sqm": 0.0,
        "builtup_pct": 0.0,
        "building_count": 0,
        "land_use": "Vacant / Open Plot",
        "confidence": 0.86,
        "verification_status": "Pending Review",
        "centroid_px": [
          2446.0,
          2588.9
        ],
        "centroid_geo": [
          77.211002,
          28.612039
        ],
        "feature_type": "parcel"
      }
    },
    {
      "type": "Feature",
      "id": "P-0303",
      "geometry": {
        "type": "Polygon",
        "coordinates": [
          [
            [
              77.211826,
              28.612379
            ],
            [
              77.211818,
              28.612372
            ],
            [
              77.211773,
              28.61237
            ],
            [
              77.211775,
              28.612353
            ],
            [
              77.211803,
              28.612355
            ],
            [
              77.211809,
              28.612359
            ],
            [
              77.211822,
              28.612359
            ],
            [
              77.21182,
              28.612361
            ],
            [
              77.21182,
              28.61237
            ],
            [
              77.211826,
              28.612375
            ],
            [
              77.211835,
              28.612375
            ],
            [
              77.211843,
              28.612368
            ],
            [
              77.211849,
              28.612374
            ],
            [
              77.21186,
              28.612374
            ],
            [
              77.21186,
              28.612375
            ],
            [
              77.211845,
              28.612375
            ],
            [
              77.211826,
              28.612379
            ]
          ]
        ]
      },
      "properties": {
        "parcel_id": "P-0303",
        "numeric_id": 303,
        "area_sqm": 9.14,
        "area_hectares": 0.0009,
        "area_acres": 0.0023,
        "area_gaj": 10.94,
        "perimeter_m": 21.74,
        "compactness": 0.243,
        "builtup_area_sqm": 0.0,
        "builtup_pct": 0.0,
        "building_count": 0,
        "land_use": "Vacant / Open Plot",
        "confidence": 0.8,
        "verification_status": "Pending Review",
        "centroid_px": [
          3424.0,
          2136.0
        ],
        "centroid_geo": [
          77.211803,
          28.612365
        ],
        "feature_type": "parcel"
      }
    },
    {
      "type": "Feature",
      "id": "P-0508",
      "geometry": {
        "type": "Polygon",
        "coordinates": [
          [
            [
              77.211464,
              28.611404
            ],
            [
              77.211456,
              28.611402
            ],
            [
              77.211454,
              28.611382
            ],
            [
              77.211464,
              28.611382
            ],
            [
              77.211473,
              28.611375
            ],
            [
              77.211473,
              28.611367
            ],
            [
              77.21146,
              28.611358
            ],
            [
              77.211464,
              28.611354
            ],
            [
              77.211471,
              28.611356
            ],
            [
              77.211483,
              28.611354
            ],
            [
              77.211481,
              28.611375
            ],
            [
              77.211475,
              28.611382
            ],
            [
              77.211477,
              28.611397
            ],
            [
              77.211483,
              28.611402
            ],
            [
              77.211464,
              28.611404
            ]
          ]
        ]
      },
      "properties": {
        "parcel_id": "P-0508",
        "numeric_id": 508,
        "area_sqm": 9.0,
        "area_hectares": 0.0009,
        "area_acres": 0.0022,
        "area_gaj": 10.76,
        "perimeter_m": 18.01,
        "compactness": 0.349,
        "builtup_area_sqm": 0.0,
        "builtup_pct": 0.0,
        "building_count": 0,
        "land_use": "Vacant / Open Plot",
        "confidence": 0.82,
        "verification_status": "Pending Review",
        "centroid_px": [
          3016.7,
          3504.2
        ],
        "centroid_geo": [
          77.21147,
          28.611382
        ],
        "feature_type": "parcel"
      }
    },
    {
      "type": "Feature",
      "id": "P-0122",
      "geometry": {
        "type": "Polygon",
        "coordinates": [
          [
            [
              77.210925,
              28.613302
            ],
            [
              77.210925,
              28.613278
            ],
            [
              77.210923,
              28.613276
            ],
            [
              77.210925,
              28.613274
            ],
            [
              77.210933,
              28.613274
            ],
            [
              77.21094,
              28.613269
            ],
            [
              77.210946,
              28.613274
            ],
            [
              77.210952,
              28.613276
            ],
            [
              77.210952,
              28.613302
            ],
            [
              77.210925,
              28.613302
            ]
          ]
        ]
      },
      "properties": {
        "parcel_id": "P-0122",
        "numeric_id": 122,
        "area_sqm": 8.7,
        "area_hectares": 0.0009,
        "area_acres": 0.0021,
        "area_gaj": 10.4,
        "perimeter_m": 12.09,
        "compactness": 0.748,
        "builtup_area_sqm": 0.0,
        "builtup_pct": 0.0,
        "building_count": 0,
        "land_use": "Vacant / Open Plot",
        "confidence": 0.9,
        "verification_status": "Pending Review",
        "centroid_px": [
          2368.1,
          852.3
        ],
        "centroid_geo": [
          77.210939,
          28.613287
        ],
        "feature_type": "parcel"
      }
    },
    {
      "type": "Feature",
      "id": "P-0109",
      "geometry": {
        "type": "Polygon",
        "coordinates": [
          [
            [
              77.210493,
              28.613319
            ],
            [
              77.210491,
              28.613311
            ],
            [
              77.210498,
              28.613306
            ],
            [
              77.2105,
              28.613287
            ],
            [
              77.210493,
              28.613282
            ],
            [
              77.210472,
              28.613282
            ],
            [
              77.210466,
              28.613289
            ],
            [
              77.210457,
              28.613287
            ],
            [
              77.210457,
              28.61328
            ],
            [
              77.210455,
              28.613278
            ],
            [
              77.210457,
              28.613276
            ],
            [
              77.210457,
              28.613267
            ],
            [
              77.210455,
              28.613265
            ],
            [
              77.210483,
              28.613263
            ],
            [
              77.210483,
              28.613269
            ],
            [
              77.210491,
              28.613274
            ],
            [
              77.210493,
              28.61328
            ],
            [
              77.210502,
              28.613287
            ],
            [
              77.210508,
              28.613287
            ],
            [
              77.210504,
              28.613295
            ],
            [
              77.210504,
              28.613306
            ],
            [
              77.210493,
              28.613319
            ]
          ]
        ]
      },
      "properties": {
        "parcel_id": "P-0109",
        "numeric_id": 109,
        "area_sqm": 9.02,
        "area_hectares": 0.0009,
        "area_acres": 0.0022,
        "area_gaj": 10.78,
        "perimeter_m": 22.11,
        "compactness": 0.232,
        "builtup_area_sqm": 0.0,
        "builtup_pct": 0.0,
        "building_count": 0,
        "land_use": "Vacant / Open Plot",
        "confidence": 0.8,
        "verification_status": "Pending Review",
        "centroid_px": [
          1806.2,
          861.4
        ],
        "centroid_geo": [
          77.210479,
          28.613281
        ],
        "feature_type": "parcel"
      }
    },
    {
      "type": "Feature",
      "id": "P-0504",
      "geometry": {
        "type": "Polygon",
        "coordinates": [
          [
            [
              77.2112,
              28.611417
            ],
            [
              77.2112,
              28.611389
            ],
            [
              77.211196,
              28.611386
            ],
            [
              77.211219,
              28.611384
            ],
            [
              77.21123,
              28.611375
            ],
            [
              77.21123,
              28.611384
            ],
            [
              77.211236,
              28.611389
            ],
            [
              77.211232,
              28.611389
            ],
            [
              77.211225,
              28.611395
            ],
            [
              77.211225,
              28.611399
            ],
            [
              77.211213,
              28.61141
            ],
            [
              77.211208,
              28.611417
            ],
            [
              77.2112,
              28.611417
            ]
          ]
        ]
      },
      "properties": {
        "parcel_id": "P-0504",
        "numeric_id": 504,
        "area_sqm": 8.38,
        "area_hectares": 0.0008,
        "area_acres": 0.0021,
        "area_gaj": 10.02,
        "perimeter_m": 14.55,
        "compactness": 0.497,
        "builtup_area_sqm": 0.0,
        "builtup_pct": 0.0,
        "building_count": 0,
        "land_use": "Vacant / Open Plot",
        "confidence": 0.85,
        "verification_status": "Pending Review",
        "centroid_px": [
          2703.5,
          3484.2
        ],
        "centroid_geo": [
          77.211213,
          28.611396
        ],
        "feature_type": "parcel"
      }
    },
    {
      "type": "Feature",
      "id": "P-0400",
      "geometry": {
        "type": "Polygon",
        "coordinates": [
          [
            [
              77.211456,
              28.611854
            ],
            [
              77.211443,
              28.611848
            ],
            [
              77.211422,
              28.611848
            ],
            [
              77.21142,
              28.61185
            ],
            [
              77.211418,
              28.611848
            ],
            [
              77.211409,
              28.611848
            ],
            [
              77.211395,
              28.611841
            ],
            [
              77.211386,
              28.611841
            ],
            [
              77.211382,
              28.611844
            ],
            [
              77.211382,
              28.611839
            ],
            [
              77.211403,
              28.611839
            ],
            [
              77.211409,
              28.611833
            ],
            [
              77.211422,
              28.611833
            ],
            [
              77.211426,
              28.611837
            ],
            [
              77.211456,
              28.611837
            ],
            [
              77.211456,
              28.611846
            ],
            [
              77.211462,
              28.611854
            ],
            [
              77.211456,
              28.611854
            ]
          ]
        ]
      },
      "properties": {
        "parcel_id": "P-0400",
        "numeric_id": 400,
        "area_sqm": 8.35,
        "area_hectares": 0.0008,
        "area_acres": 0.0021,
        "area_gaj": 9.99,
        "perimeter_m": 18.91,
        "compactness": 0.293,
        "builtup_area_sqm": 0.0,
        "builtup_pct": 0.0,
        "building_count": 0,
        "land_use": "Vacant / Open Plot",
        "confidence": 0.81,
        "verification_status": "Pending Review",
        "centroid_px": [
          2965.3,
          2863.3
        ],
        "centroid_geo": [
          77.211428,
          28.611842
        ],
        "feature_type": "parcel"
      }
    },
    {
      "type": "Feature",
      "id": "P-0393",
      "geometry": {
        "type": "Polygon",
        "coordinates": [
          [
            [
              77.210735,
              28.611891
            ],
            [
              77.210735,
              28.611885
            ],
            [
              77.210726,
              28.611878
            ],
            [
              77.210711,
              28.611876
            ],
            [
              77.210705,
              28.61188
            ],
            [
              77.210694,
              28.611872
            ],
            [
              77.210694,
              28.611865
            ],
            [
              77.210726,
              28.611865
            ],
            [
              77.210743,
              28.611861
            ],
            [
              77.210743,
              28.611865
            ],
            [
              77.210749,
              28.611872
            ],
            [
              77.210735,
              28.611891
            ]
          ]
        ]
      },
      "properties": {
        "parcel_id": "P-0393",
        "numeric_id": 393,
        "area_sqm": 8.44,
        "area_hectares": 0.0008,
        "area_acres": 0.0021,
        "area_gaj": 10.09,
        "perimeter_m": 14.92,
        "compactness": 0.476,
        "builtup_area_sqm": 0.0,
        "builtup_pct": 0.0,
        "building_count": 0,
        "land_use": "Vacant / Open Plot",
        "confidence": 0.85,
        "verification_status": "Pending Review",
        "centroid_px": [
          2105.8,
          2821.8
        ],
        "centroid_geo": [
          77.210724,
          28.611872
        ],
        "feature_type": "parcel"
      }
    },
    {
      "type": "Feature",
      "id": "P-0448",
      "geometry": {
        "type": "Polygon",
        "coordinates": [
          [
            [
              77.21175,
              28.61166
            ],
            [
              77.211744,
              28.611659
            ],
            [
              77.211756,
              28.611647
            ],
            [
              77.211758,
              28.611638
            ],
            [
              77.211767,
              28.611629
            ],
            [
              77.211767,
              28.611623
            ],
            [
              77.211773,
              28.611623
            ],
            [
              77.211773,
              28.611631
            ],
            [
              77.211786,
              28.61164
            ],
            [
              77.211782,
              28.611644
            ],
            [
              77.211782,
              28.611655
            ],
            [
              77.211786,
              28.61166
            ],
            [
              77.211765,
              28.611659
            ],
            [
              77.211763,
              28.611657
            ],
            [
              77.211754,
              28.611657
            ],
            [
              77.21175,
              28.61166
            ]
          ]
        ]
      },
      "properties": {
        "parcel_id": "P-0448",
        "numeric_id": 448,
        "area_sqm": 8.44,
        "area_hectares": 0.0008,
        "area_acres": 0.0021,
        "area_gaj": 10.09,
        "perimeter_m": 14.82,
        "compactness": 0.483,
        "builtup_area_sqm": 0.0,
        "builtup_pct": 0.0,
        "building_count": 0,
        "land_use": "Vacant / Open Plot",
        "confidence": 0.85,
        "verification_status": "Pending Review",
        "centroid_px": [
          3381.8,
          3136.8
        ],
        "centroid_geo": [
          77.211768,
          28.611646
        ],
        "feature_type": "parcel"
      }
    },
    {
      "type": "Feature",
      "id": "P-0091",
      "geometry": {
        "type": "Polygon",
        "coordinates": [
          [
            [
              77.210149,
              28.613447
            ],
            [
              77.210147,
              28.613439
            ],
            [
              77.210138,
              28.613432
            ],
            [
              77.210132,
              28.613432
            ],
            [
              77.21013,
              28.613428
            ],
            [
              77.210132,
              28.61343
            ],
            [
              77.21014,
              28.61343
            ],
            [
              77.210147,
              28.613425
            ],
            [
              77.210144,
              28.613413
            ],
            [
              77.210147,
              28.613412
            ],
            [
              77.210149,
              28.613413
            ],
            [
              77.210157,
              28.613413
            ],
            [
              77.210168,
              28.613404
            ],
            [
              77.210166,
              28.613425
            ],
            [
              77.210174,
              28.613434
            ],
            [
              77.210163,
              28.613439
            ],
            [
              77.210159,
              28.613439
            ],
            [
              77.210149,
              28.613447
            ]
          ]
        ]
      },
      "properties": {
        "parcel_id": "P-0091",
        "numeric_id": 91,
        "area_sqm": 8.1,
        "area_hectares": 0.0008,
        "area_acres": 0.002,
        "area_gaj": 9.68,
        "perimeter_m": 15.78,
        "compactness": 0.409,
        "builtup_area_sqm": 0.0,
        "builtup_pct": 0.0,
        "building_count": 0,
        "land_use": "Vacant / Open Plot",
        "confidence": 0.83,
        "verification_status": "Pending Review",
        "centroid_px": [
          1411.6,
          657.9
        ],
        "centroid_geo": [
          77.210156,
          28.613427
        ],
        "feature_type": "parcel"
      }
    },
    {
      "type": "Feature",
      "id": "P-0214",
      "geometry": {
        "type": "Polygon",
        "coordinates": [
          [
            [
              77.210432,
              28.612797
            ],
            [
              77.21043,
              28.612762
            ],
            [
              77.210443,
              28.612762
            ],
            [
              77.210462,
              28.612778
            ],
            [
              77.210455,
              28.612784
            ],
            [
              77.210449,
              28.612797
            ],
            [
              77.210432,
              28.612797
            ]
          ]
        ]
      },
      "properties": {
        "parcel_id": "P-0214",
        "numeric_id": 214,
        "area_sqm": 8.5,
        "area_hectares": 0.0009,
        "area_acres": 0.0021,
        "area_gaj": 10.17,
        "perimeter_m": 11.91,
        "compactness": 0.753,
        "builtup_area_sqm": 0.0,
        "builtup_pct": 0.0,
        "building_count": 0,
        "land_use": "Vacant / Open Plot",
        "confidence": 0.9,
        "verification_status": "Pending Review",
        "centroid_px": [
          1762.2,
          1559.1
        ],
        "centroid_geo": [
          77.210443,
          28.61278
        ],
        "feature_type": "parcel"
      }
    },
    {
      "type": "Feature",
      "id": "P-0535",
      "geometry": {
        "type": "Polygon",
        "coordinates": [
          [
            [
              77.211054,
              28.611274
            ],
            [
              77.21105,
              28.611271
            ],
            [
              77.211037,
              28.611269
            ],
            [
              77.211031,
              28.611265
            ],
            [
              77.21102,
              28.611252
            ],
            [
              77.211012,
              28.611252
            ],
            [
              77.21105,
              28.61122
            ],
            [
              77.211052,
              28.61122
            ],
            [
              77.211052,
              28.611228
            ],
            [
              77.211039,
              28.611239
            ],
            [
              77.211039,
              28.611256
            ],
            [
              77.211046,
              28.611261
            ],
            [
              77.211054,
              28.611261
            ],
            [
              77.211054,
              28.611274
            ]
          ]
        ]
      },
      "properties": {
        "parcel_id": "P-0535",
        "numeric_id": 535,
        "area_sqm": 8.55,
        "area_hectares": 0.0009,
        "area_acres": 0.0021,
        "area_gaj": 10.22,
        "perimeter_m": 18.11,
        "compactness": 0.327,
        "builtup_area_sqm": 0.0,
        "builtup_pct": 0.0,
        "building_count": 0,
        "land_use": "Vacant / Open Plot",
        "confidence": 0.82,
        "verification_status": "Pending Review",
        "centroid_px": [
          2487.3,
          3687.9
        ],
        "centroid_geo": [
          77.211036,
          28.61125
        ],
        "feature_type": "parcel"
      }
    },
    {
      "type": "Feature",
      "id": "P-0141",
      "geometry": {
        "type": "Polygon",
        "coordinates": [
          [
            [
              77.209163,
              28.613233
            ],
            [
              77.209161,
              28.613226
            ],
            [
              77.209161,
              28.613204
            ],
            [
              77.209163,
              28.613198
            ],
            [
              77.209186,
              28.6132
            ],
            [
              77.20919,
              28.613204
            ],
            [
              77.209203,
              28.613204
            ],
            [
              77.209163,
              28.613233
            ]
          ]
        ]
      },
      "properties": {
        "parcel_id": "P-0141",
        "numeric_id": 141,
        "area_sqm": 8.42,
        "area_hectares": 0.0008,
        "area_acres": 0.0021,
        "area_gaj": 10.07,
        "perimeter_m": 13.23,
        "compactness": 0.604,
        "builtup_area_sqm": 0.0,
        "builtup_pct": 0.0,
        "building_count": 0,
        "land_use": "Vacant / Open Plot",
        "confidence": 0.87,
        "verification_status": "Pending Review",
        "centroid_px": [
          213.7,
          957.6
        ],
        "centroid_geo": [
          77.209175,
          28.613212
        ],
        "feature_type": "parcel"
      }
    },
    {
      "type": "Feature",
      "id": "P-0040",
      "geometry": {
        "type": "Polygon",
        "coordinates": [
          [
            [
              77.209188,
              28.613699
            ],
            [
              77.209178,
              28.613696
            ],
            [
              77.209159,
              28.613698
            ],
            [
              77.209163,
              28.613692
            ],
            [
              77.209171,
              28.613692
            ],
            [
              77.209173,
              28.61369
            ],
            [
              77.209176,
              28.613692
            ],
            [
              77.209184,
              28.613692
            ],
            [
              77.209192,
              28.613688
            ],
            [
              77.209197,
              28.613688
            ],
            [
              77.209201,
              28.613692
            ],
            [
              77.209209,
              28.613692
            ],
            [
              77.209216,
              28.613688
            ],
            [
              77.20922,
              28.613692
            ],
            [
              77.209231,
              28.613692
            ],
            [
              77.209233,
              28.61369
            ],
            [
              77.209235,
              28.613692
            ],
            [
              77.209247,
              28.613692
            ],
            [
              77.20925,
              28.61369
            ],
            [
              77.209256,
              28.613696
            ],
            [
              77.209294,
              28.613696
            ],
            [
              77.209292,
              28.613699
            ],
            [
              77.20929,
              28.613698
            ],
            [
              77.209281,
              28.613698
            ],
            [
              77.209279,
              28.613699
            ],
            [
              77.209195,
              28.613698
            ],
            [
              77.209188,
              28.613699
            ]
          ]
        ]
      },
      "properties": {
        "parcel_id": "P-0040",
        "numeric_id": 40,
        "area_sqm": 7.99,
        "area_hectares": 0.0008,
        "area_acres": 0.002,
        "area_gaj": 9.56,
        "perimeter_m": 28.6,
        "compactness": 0.123,
        "builtup_area_sqm": 0.0,
        "builtup_pct": 0.0,
        "building_count": 0,
        "land_use": "Vacant / Open Plot",
        "confidence": 0.77,
        "verification_status": "Pending Review",
        "centroid_px": [
          268.2,
          285.3
        ],
        "centroid_geo": [
          77.20922,
          28.613695
        ],
        "feature_type": "parcel"
      }
    },
    {
      "type": "Feature",
      "id": "P-0271",
      "geometry": {
        "type": "Polygon",
        "coordinates": [
          [
            [
              77.211291,
              28.612543
            ],
            [
              77.211282,
              28.612533
            ],
            [
              77.21128,
              28.612518
            ],
            [
              77.211272,
              28.612513
            ],
            [
              77.211276,
              28.612509
            ],
            [
              77.211276,
              28.612505
            ],
            [
              77.211289,
              28.612505
            ],
            [
              77.211299,
              28.612515
            ],
            [
              77.211308,
              28.612515
            ],
            [
              77.21131,
              28.612513
            ],
            [
              77.211312,
              28.612515
            ],
            [
              77.211308,
              28.612518
            ],
            [
              77.211308,
              28.612526
            ],
            [
              77.211299,
              28.612531
            ],
            [
              77.211299,
              28.612539
            ],
            [
              77.211291,
              28.612543
            ]
          ]
        ]
      },
      "properties": {
        "parcel_id": "P-0271",
        "numeric_id": 271,
        "area_sqm": 8.27,
        "area_hectares": 0.0008,
        "area_acres": 0.002,
        "area_gaj": 9.89,
        "perimeter_m": 13.33,
        "compactness": 0.585,
        "builtup_area_sqm": 0.0,
        "builtup_pct": 0.0,
        "building_count": 0,
        "land_use": "Vacant / Open Plot",
        "confidence": 0.87,
        "verification_status": "Pending Review",
        "centroid_px": [
          2799.0,
          1917.7
        ],
        "centroid_geo": [
          77.211291,
          28.612522
        ],
        "feature_type": "parcel"
      }
    },
    {
      "type": "Feature",
      "id": "P-0496",
      "geometry": {
        "type": "Polygon",
        "coordinates": [
          [
            [
              77.209992,
              28.611441
            ],
            [
              77.209986,
              28.61144
            ],
            [
              77.209973,
              28.611427
            ],
            [
              77.209969,
              28.611427
            ],
            [
              77.209958,
              28.611414
            ],
            [
              77.20996,
              28.611412
            ],
            [
              77.209992,
              28.611412
            ],
            [
              77.209994,
              28.61141
            ],
            [
              77.209994,
              28.611414
            ],
            [
              77.210001,
              28.611419
            ],
            [
              77.210001,
              28.611425
            ],
            [
              77.209994,
              28.61143
            ],
            [
              77.209994,
              28.611438
            ],
            [
              77.209996,
              28.61144
            ],
            [
              77.209992,
              28.611441
            ]
          ]
        ]
      },
      "properties": {
        "parcel_id": "P-0496",
        "numeric_id": 496,
        "area_sqm": 8.06,
        "area_hectares": 0.0008,
        "area_acres": 0.002,
        "area_gaj": 9.63,
        "perimeter_m": 12.81,
        "compactness": 0.617,
        "builtup_area_sqm": 0.0,
        "builtup_pct": 0.0,
        "building_count": 0,
        "land_use": "Vacant / Open Plot",
        "confidence": 0.87,
        "verification_status": "Pending Review",
        "centroid_px": [
          1200.2,
          3447.1
        ],
        "centroid_geo": [
          77.209983,
          28.611423
        ],
        "feature_type": "parcel"
      }
    },
    {
      "type": "Feature",
      "id": "P-0264",
      "geometry": {
        "type": "Polygon",
        "coordinates": [
          [
            [
              77.210466,
              28.612572
            ],
            [
              77.21046,
              28.612567
            ],
            [
              77.210451,
              28.612567
            ],
            [
              77.210447,
              28.61257
            ],
            [
              77.210434,
              28.612567
            ],
            [
              77.210436,
              28.612559
            ],
            [
              77.210434,
              28.612524
            ],
            [
              77.210438,
              28.612524
            ],
            [
              77.210438,
              28.612531
            ],
            [
              77.210443,
              28.612535
            ],
            [
              77.210443,
              28.612539
            ],
            [
              77.210451,
              28.612544
            ],
            [
              77.210451,
              28.612554
            ],
            [
              77.210457,
              28.612559
            ],
            [
              77.210466,
              28.612559
            ],
            [
              77.210468,
              28.612557
            ],
            [
              77.21047,
              28.612559
            ],
            [
              77.21047,
              28.612567
            ],
            [
              77.210477,
              28.612572
            ],
            [
              77.210466,
              28.612572
            ]
          ]
        ]
      },
      "properties": {
        "parcel_id": "P-0264",
        "numeric_id": 264,
        "area_sqm": 8.08,
        "area_hectares": 0.0008,
        "area_acres": 0.002,
        "area_gaj": 9.66,
        "perimeter_m": 17.71,
        "compactness": 0.323,
        "builtup_area_sqm": 0.0,
        "builtup_pct": 0.0,
        "building_count": 0,
        "land_use": "Vacant / Open Plot",
        "confidence": 0.81,
        "verification_status": "Pending Review",
        "centroid_px": [
          1769.1,
          1871.5
        ],
        "centroid_geo": [
          77.210448,
          28.612555
        ],
        "feature_type": "parcel"
      }
    },
    {
      "type": "Feature",
      "id": "P-0118",
      "geometry": {
        "type": "Polygon",
        "coordinates": [
          [
            [
              77.209455,
              28.613304
            ],
            [
              77.209448,
              28.613298
            ],
            [
              77.209444,
              28.613298
            ],
            [
              77.209438,
              28.613291
            ],
            [
              77.209436,
              28.613267
            ],
            [
              77.20944,
              28.613263
            ],
            [
              77.209455,
              28.613263
            ],
            [
              77.209457,
              28.613265
            ],
            [
              77.209459,
              28.6133
            ],
            [
              77.209455,
              28.613304
            ]
          ]
        ]
      },
      "properties": {
        "parcel_id": "P-0118",
        "numeric_id": 118,
        "area_sqm": 8.03,
        "area_hectares": 0.0008,
        "area_acres": 0.002,
        "area_gaj": 9.61,
        "perimeter_m": 11.86,
        "compactness": 0.718,
        "builtup_area_sqm": 0.0,
        "builtup_pct": 0.0,
        "building_count": 0,
        "land_use": "Vacant / Open Plot",
        "confidence": 0.89,
        "verification_status": "Pending Review",
        "centroid_px": [
          547.3,
          861.0
        ],
        "centroid_geo": [
          77.209448,
          28.613281
        ],
        "feature_type": "parcel"
      }
    },
    {
      "type": "Feature",
      "id": "P-0088",
      "geometry": {
        "type": "Polygon",
        "coordinates": [
          [
            [
              77.210874,
              28.613458
            ],
            [
              77.210874,
              28.613452
            ],
            [
              77.210866,
              28.613445
            ],
            [
              77.210866,
              28.613439
            ],
            [
              77.210861,
              28.613436
            ],
            [
              77.210868,
              28.613439
            ],
            [
              77.210878,
              28.613439
            ],
            [
              77.210885,
              28.613434
            ],
            [
              77.210887,
              28.613436
            ],
            [
              77.21091,
              28.613436
            ],
            [
              77.210908,
              28.613438
            ],
            [
              77.210908,
              28.613445
            ],
            [
              77.210914,
              28.613451
            ],
            [
              77.210906,
              28.613456
            ],
            [
              77.210902,
              28.613452
            ],
            [
              77.210893,
              28.613452
            ],
            [
              77.210889,
              28.613456
            ],
            [
              77.210887,
              28.613454
            ],
            [
              77.210878,
              28.613454
            ],
            [
              77.210874,
              28.613458
            ]
          ]
        ]
      },
      "properties": {
        "parcel_id": "P-0088",
        "numeric_id": 88,
        "area_sqm": 7.84,
        "area_hectares": 0.0008,
        "area_acres": 0.0019,
        "area_gaj": 9.38,
        "perimeter_m": 14.95,
        "compactness": 0.441,
        "builtup_area_sqm": 0.0,
        "builtup_pct": 0.0,
        "building_count": 0,
        "land_use": "Vacant / Open Plot",
        "confidence": 0.84,
        "verification_status": "Pending Review",
        "centroid_px": [
          2308.4,
          632.7
        ],
        "centroid_geo": [
          77.21089,
          28.613445
        ],
        "feature_type": "parcel"
      }
    },
    {
      "type": "Feature",
      "id": "P-0341",
      "geometry": {
        "type": "Polygon",
        "coordinates": [
          [
            [
              77.210622,
              28.612218
            ],
            [
              77.210622,
              28.612214
            ],
            [
              77.210616,
              28.612208
            ],
            [
              77.210608,
              28.612208
            ],
            [
              77.210608,
              28.61218
            ],
            [
              77.210629,
              28.61218
            ],
            [
              77.210627,
              28.612182
            ],
            [
              77.210627,
              28.612192
            ],
            [
              77.210633,
              28.612197
            ],
            [
              77.210639,
              28.612197
            ],
            [
              77.210639,
              28.612205
            ],
            [
              77.210633,
              28.612205
            ],
            [
              77.210627,
              28.61221
            ],
            [
              77.210627,
              28.612218
            ],
            [
              77.210622,
              28.612218
            ]
          ]
        ]
      },
      "properties": {
        "parcel_id": "P-0341",
        "numeric_id": 341,
        "area_sqm": 7.82,
        "area_hectares": 0.0008,
        "area_acres": 0.0019,
        "area_gaj": 9.35,
        "perimeter_m": 13.67,
        "compactness": 0.526,
        "builtup_area_sqm": 0.0,
        "builtup_pct": 0.0,
        "building_count": 0,
        "land_use": "Vacant / Open Plot",
        "confidence": 0.86,
        "verification_status": "Pending Review",
        "centroid_px": [
          1979.3,
          2369.9
        ],
        "centroid_geo": [
          77.21062,
          28.612197
        ],
        "feature_type": "parcel"
      }
    },
    {
      "type": "Feature",
      "id": "P-0119",
      "geometry": {
        "type": "Polygon",
        "coordinates": [
          [
            [
              77.210542,
              28.613306
            ],
            [
              77.210544,
              28.613304
            ],
            [
              77.210544,
              28.613285
            ],
            [
              77.210534,
              28.613276
            ],
            [
              77.210529,
              28.613276
            ],
            [
              77.210525,
              28.61327
            ],
            [
              77.210531,
              28.613269
            ],
            [
              77.210576,
              28.61327
            ],
            [
              77.210546,
              28.613302
            ],
            [
              77.210546,
              28.613306
            ],
            [
              77.210542,
              28.613306
            ]
          ]
        ]
      },
      "properties": {
        "parcel_id": "P-0119",
        "numeric_id": 119,
        "area_sqm": 7.99,
        "area_hectares": 0.0008,
        "area_acres": 0.002,
        "area_gaj": 9.56,
        "perimeter_m": 15.36,
        "compactness": 0.426,
        "builtup_area_sqm": 0.0,
        "builtup_pct": 0.0,
        "building_count": 0,
        "land_use": "Vacant / Open Plot",
        "confidence": 0.84,
        "verification_status": "Pending Review",
        "centroid_px": [
          1894.1,
          862.8
        ],
        "centroid_geo": [
          77.210551,
          28.61328
        ],
        "feature_type": "parcel"
      }
    },
    {
      "type": "Feature",
      "id": "P-0452",
      "geometry": {
        "type": "Polygon",
        "coordinates": [
          [
            [
              77.212112,
              28.611646
            ],
            [
              77.212105,
              28.61164
            ],
            [
              77.212105,
              28.611612
            ],
            [
              77.212112,
              28.611608
            ],
            [
              77.212122,
              28.611607
            ],
            [
              77.212122,
              28.611614
            ],
            [
              77.212129,
              28.61162
            ],
            [
              77.212129,
              28.611636
            ],
            [
              77.212112,
              28.611646
            ]
          ]
        ]
      },
      "properties": {
        "parcel_id": "P-0452",
        "numeric_id": 452,
        "area_sqm": 7.76,
        "area_hectares": 0.0008,
        "area_acres": 0.0019,
        "area_gaj": 9.28,
        "perimeter_m": 11.29,
        "compactness": 0.764,
        "builtup_area_sqm": 0.0,
        "builtup_pct": 0.0,
        "building_count": 0,
        "land_use": "Vacant / Open Plot",
        "confidence": 0.9,
        "verification_status": "Pending Review",
        "centroid_px": [
          3806.4,
          3164.2
        ],
        "centroid_geo": [
          77.212116,
          28.611626
        ],
        "feature_type": "parcel"
      }
    },
    {
      "type": "Feature",
      "id": "P-0281",
      "geometry": {
        "type": "Polygon",
        "coordinates": [
          [
            [
              77.209184,
              28.612489
            ],
            [
              77.209186,
              28.612485
            ],
            [
              77.209186,
              28.61247
            ],
            [
              77.209188,
              28.612468
            ],
            [
              77.20919,
              28.612437
            ],
            [
              77.209195,
              28.61244
            ],
            [
              77.209203,
              28.61244
            ],
            [
              77.209203,
              28.612448
            ],
            [
              77.209212,
              28.612453
            ],
            [
              77.209201,
              28.612465
            ],
            [
              77.209201,
              28.612472
            ],
            [
              77.209205,
              28.612481
            ],
            [
              77.209203,
              28.612483
            ],
            [
              77.20919,
              28.612483
            ],
            [
              77.209184,
              28.612489
            ]
          ]
        ]
      },
      "properties": {
        "parcel_id": "P-0281",
        "numeric_id": 281,
        "area_sqm": 7.61,
        "area_hectares": 0.0008,
        "area_acres": 0.0019,
        "area_gaj": 9.1,
        "perimeter_m": 15.16,
        "compactness": 0.416,
        "builtup_area_sqm": 0.0,
        "builtup_pct": 0.0,
        "building_count": 0,
        "land_use": "Vacant / Open Plot",
        "confidence": 0.83,
        "verification_status": "Pending Review",
        "centroid_px": [
          239.6,
          2000.7
        ],
        "centroid_geo": [
          77.209196,
          28.612462
        ],
        "feature_type": "parcel"
      }
    },
    {
      "type": "Feature",
      "id": "P-0310",
      "geometry": {
        "type": "Polygon",
        "coordinates": [
          [
            [
              77.209455,
              28.612361
            ],
            [
              77.209446,
              28.612331
            ],
            [
              77.209446,
              28.612322
            ],
            [
              77.209442,
              28.612318
            ],
            [
              77.209442,
              28.612307
            ],
            [
              77.209465,
              28.612307
            ],
            [
              77.209463,
              28.612329
            ],
            [
              77.209459,
              28.612333
            ],
            [
              77.209459,
              28.612348
            ],
            [
              77.209461,
              28.612349
            ],
            [
              77.209455,
              28.612355
            ],
            [
              77.209455,
              28.612361
            ]
          ]
        ]
      },
      "properties": {
        "parcel_id": "P-0310",
        "numeric_id": 310,
        "area_sqm": 7.73,
        "area_hectares": 0.0008,
        "area_acres": 0.0019,
        "area_gaj": 9.25,
        "perimeter_m": 15.06,
        "compactness": 0.429,
        "builtup_area_sqm": 0.0,
        "builtup_pct": 0.0,
        "building_count": 0,
        "land_use": "Vacant / Open Plot",
        "confidence": 0.84,
        "verification_status": "Pending Review",
        "centroid_px": [
          554.7,
          2191.1
        ],
        "centroid_geo": [
          77.209454,
          28.612325
        ],
        "feature_type": "parcel"
      }
    },
    {
      "type": "Feature",
      "id": "P-0182",
      "geometry": {
        "type": "Polygon",
        "coordinates": [
          [
            [
              77.210813,
              28.61305
            ],
            [
              77.210811,
              28.613042
            ],
            [
              77.210804,
              28.613037
            ],
            [
              77.210804,
              28.613011
            ],
            [
              77.210826,
              28.613009
            ],
            [
              77.210826,
              28.613033
            ],
            [
              77.210817,
              28.613048
            ],
            [
              77.210813,
              28.61305
            ]
          ]
        ]
      },
      "properties": {
        "parcel_id": "P-0182",
        "numeric_id": 182,
        "area_sqm": 7.5,
        "area_hectares": 0.0007,
        "area_acres": 0.0019,
        "area_gaj": 8.97,
        "perimeter_m": 11.7,
        "compactness": 0.689,
        "builtup_area_sqm": 0.0,
        "builtup_pct": 0.0,
        "building_count": 0,
        "land_use": "Vacant / Open Plot",
        "confidence": 0.89,
        "verification_status": "Pending Review",
        "centroid_px": [
          2217.1,
          1215.9
        ],
        "centroid_geo": [
          77.210815,
          28.613026
        ],
        "feature_type": "parcel"
      }
    },
    {
      "type": "Feature",
      "id": "P-0240",
      "geometry": {
        "type": "Polygon",
        "coordinates": [
          [
            [
              77.21035,
              28.612712
            ],
            [
              77.210345,
              28.612708
            ],
            [
              77.210347,
              28.612702
            ],
            [
              77.210347,
              28.612695
            ],
            [
              77.210345,
              28.612693
            ],
            [
              77.210354,
              28.612687
            ],
            [
              77.210354,
              28.61268
            ],
            [
              77.210341,
              28.612671
            ],
            [
              77.210326,
              28.612671
            ],
            [
              77.21032,
              28.612663
            ],
            [
              77.21035,
              28.612663
            ],
            [
              77.210352,
              28.612665
            ],
            [
              77.210377,
              28.612663
            ],
            [
              77.210362,
              28.612674
            ],
            [
              77.210362,
              28.612682
            ],
            [
              77.210364,
              28.612684
            ],
            [
              77.210352,
              28.612693
            ],
            [
              77.210352,
              28.612702
            ],
            [
              77.210358,
              28.612708
            ],
            [
              77.210354,
              28.612712
            ],
            [
              77.21035,
              28.612712
            ]
          ]
        ]
      },
      "properties": {
        "parcel_id": "P-0240",
        "numeric_id": 240,
        "area_sqm": 7.63,
        "area_hectares": 0.0008,
        "area_acres": 0.0019,
        "area_gaj": 9.12,
        "perimeter_m": 21.54,
        "compactness": 0.207,
        "builtup_area_sqm": 0.0,
        "builtup_pct": 0.0,
        "building_count": 0,
        "land_use": "Vacant / Open Plot",
        "confidence": 0.79,
        "verification_status": "Pending Review",
        "centroid_px": [
          1649.6,
          1701.2
        ],
        "centroid_geo": [
          77.21035,
          28.612677
        ],
        "feature_type": "parcel"
      }
    },
    {
      "type": "Feature",
      "id": "P-0441",
      "geometry": {
        "type": "Polygon",
        "coordinates": [
          [
            [
              77.210756,
              28.611694
            ],
            [
              77.210754,
              28.611686
            ],
            [
              77.210743,
              28.611675
            ],
            [
              77.210747,
              28.611673
            ],
            [
              77.210783,
              28.611673
            ],
            [
              77.210783,
              28.611692
            ],
            [
              77.210781,
              28.611694
            ],
            [
              77.210756,
              28.611694
            ]
          ]
        ]
      },
      "properties": {
        "parcel_id": "P-0441",
        "numeric_id": 441,
        "area_sqm": 7.29,
        "area_hectares": 0.0007,
        "area_acres": 0.0018,
        "area_gaj": 8.71,
        "perimeter_m": 11.28,
        "compactness": 0.719,
        "builtup_area_sqm": 0.0,
        "builtup_pct": 0.0,
        "building_count": 0,
        "land_use": "Vacant / Open Plot",
        "confidence": 0.89,
        "verification_status": "Pending Review",
        "centroid_px": [
          2157.8,
          3085.0
        ],
        "centroid_geo": [
          77.210766,
          28.611683
        ],
        "feature_type": "parcel"
      }
    },
    {
      "type": "Feature",
      "id": "P-0477",
      "geometry": {
        "type": "Polygon",
        "coordinates": [
          [
            [
              77.210639,
              28.611497
            ],
            [
              77.210639,
              28.611488
            ],
            [
              77.210637,
              28.611486
            ],
            [
              77.210646,
              28.61148
            ],
            [
              77.210646,
              28.611467
            ],
            [
              77.210639,
              28.611462
            ],
            [
              77.210635,
              28.611462
            ],
            [
              77.210633,
              28.611447
            ],
            [
              77.210637,
              28.611447
            ],
            [
              77.210641,
              28.611443
            ],
            [
              77.210641,
              28.611454
            ],
            [
              77.210652,
              28.611462
            ],
            [
              77.210661,
              28.611462
            ],
            [
              77.210661,
              28.611477
            ],
            [
              77.210654,
              28.611484
            ],
            [
              77.210656,
              28.611495
            ],
            [
              77.210654,
              28.611497
            ],
            [
              77.210639,
              28.611497
            ]
          ]
        ]
      },
      "properties": {
        "parcel_id": "P-0477",
        "numeric_id": 477,
        "area_sqm": 7.63,
        "area_hectares": 0.0008,
        "area_acres": 0.0019,
        "area_gaj": 9.12,
        "perimeter_m": 16.84,
        "compactness": 0.338,
        "builtup_area_sqm": 0.0,
        "builtup_pct": 0.0,
        "building_count": 0,
        "land_use": "Vacant / Open Plot",
        "confidence": 0.82,
        "verification_status": "Pending Review",
        "centroid_px": [
          2012.9,
          3376.1
        ],
        "centroid_geo": [
          77.210648,
          28.611474
        ],
        "feature_type": "parcel"
      }
    },
    {
      "type": "Feature",
      "id": "P-0330",
      "geometry": {
        "type": "Polygon",
        "coordinates": [
          [
            [
              77.209817,
              28.612245
            ],
            [
              77.209814,
              28.612244
            ],
            [
              77.209819,
              28.61224
            ],
            [
              77.209821,
              28.612219
            ],
            [
              77.20981,
              28.61221
            ],
            [
              77.209806,
              28.61221
            ],
            [
              77.209804,
              28.612195
            ],
            [
              77.209844,
              28.612227
            ],
            [
              77.209838,
              28.612229
            ],
            [
              77.209831,
              28.612234
            ],
            [
              77.209831,
              28.612242
            ],
            [
              77.209836,
              28.612245
            ],
            [
              77.209817,
              28.612245
            ]
          ]
        ]
      },
      "properties": {
        "parcel_id": "P-0330",
        "numeric_id": 330,
        "area_sqm": 7.31,
        "area_hectares": 0.0007,
        "area_acres": 0.0018,
        "area_gaj": 8.74,
        "perimeter_m": 16.78,
        "compactness": 0.326,
        "builtup_area_sqm": 0.0,
        "builtup_pct": 0.0,
        "building_count": 0,
        "land_use": "Vacant / Open Plot",
        "confidence": 0.82,
        "verification_status": "Pending Review",
        "centroid_px": [
          1005.8,
          2332.4
        ],
        "centroid_geo": [
          77.209823,
          28.612224
        ],
        "feature_type": "parcel"
      }
    },
    {
      "type": "Feature",
      "id": "P-0317",
      "geometry": {
        "type": "Polygon",
        "coordinates": [
          [
            [
              77.21068,
              28.612325
            ],
            [
              77.21068,
              28.612322
            ],
            [
              77.210675,
              28.612318
            ],
            [
              77.210675,
              28.61231
            ],
            [
              77.210667,
              28.612303
            ],
            [
              77.210661,
              28.612303
            ],
            [
              77.210661,
              28.612296
            ],
            [
              77.210656,
              28.612288
            ],
            [
              77.210663,
              28.612284
            ],
            [
              77.210665,
              28.612286
            ],
            [
              77.210675,
              28.612286
            ],
            [
              77.210688,
              28.612283
            ],
            [
              77.210688,
              28.61229
            ],
            [
              77.210682,
              28.612299
            ],
            [
              77.210682,
              28.612307
            ],
            [
              77.210688,
              28.612314
            ],
            [
              77.210688,
              28.612322
            ],
            [
              77.210684,
              28.612322
            ],
            [
              77.21068,
              28.612325
            ]
          ]
        ]
      },
      "properties": {
        "parcel_id": "P-0317",
        "numeric_id": 317,
        "area_sqm": 7.35,
        "area_hectares": 0.0007,
        "area_acres": 0.0018,
        "area_gaj": 8.79,
        "perimeter_m": 14.46,
        "compactness": 0.442,
        "builtup_area_sqm": 0.0,
        "builtup_pct": 0.0,
        "building_count": 0,
        "land_use": "Vacant / Open Plot",
        "confidence": 0.84,
        "verification_status": "Pending Review",
        "centroid_px": [
          2046.1,
          2226.9
        ],
        "centroid_geo": [
          77.210675,
          28.6123
        ],
        "feature_type": "parcel"
      }
    },
    {
      "type": "Feature",
      "id": "P-0081",
      "geometry": {
        "type": "Polygon",
        "coordinates": [
          [
            [
              77.210902,
              28.613499
            ],
            [
              77.210902,
              28.613493
            ],
            [
              77.210895,
              28.613488
            ],
            [
              77.210887,
              28.613488
            ],
            [
              77.210883,
              28.613491
            ],
            [
              77.210883,
              28.613488
            ],
            [
              77.210874,
              28.613482
            ],
            [
              77.210874,
              28.613469
            ],
            [
              77.210878,
              28.613473
            ],
            [
              77.210887,
              28.613473
            ],
            [
              77.210891,
              28.613469
            ],
            [
              77.210893,
              28.613471
            ],
            [
              77.210902,
              28.613471
            ],
            [
              77.210908,
              28.613465
            ],
            [
              77.210923,
              28.613473
            ],
            [
              77.210931,
              28.613473
            ],
            [
              77.210936,
              28.613469
            ],
            [
              77.21094,
              28.613469
            ],
            [
              77.210944,
              28.613473
            ],
            [
              77.21094,
              28.613477
            ],
            [
              77.210929,
              28.613477
            ],
            [
              77.210927,
              28.613478
            ],
            [
              77.210925,
              28.613477
            ],
            [
              77.210916,
              28.613477
            ],
            [
              77.210912,
              28.613473
            ],
            [
              77.210904,
              28.613473
            ],
            [
              77.210897,
              28.613478
            ],
            [
              77.210897,
              28.613486
            ],
            [
              77.210904,
              28.613491
            ],
            [
              77.210912,
              28.613491
            ],
            [
              77.210914,
              28.613493
            ],
            [
              77.210906,
              28.613495
            ],
            [
              77.210902,
              28.613499
            ]
          ]
        ]
      },
      "properties": {
        "parcel_id": "P-0081",
        "numeric_id": 81,
        "area_sqm": 7.31,
        "area_hectares": 0.0007,
        "area_acres": 0.0018,
        "area_gaj": 8.74,
        "perimeter_m": 23.45,
        "compactness": 0.167,
        "builtup_area_sqm": 0.0,
        "builtup_pct": 0.0,
        "building_count": 0,
        "land_use": "Vacant / Open Plot",
        "confidence": 0.78,
        "verification_status": "Pending Review",
        "centroid_px": [
          2321.8,
          586.9
        ],
        "centroid_geo": [
          77.210901,
          28.613478
        ],
        "feature_type": "parcel"
      }
    },
    {
      "type": "Feature",
      "id": "P-0327",
      "geometry": {
        "type": "Polygon",
        "coordinates": [
          [
            [
              77.20948,
              28.612264
            ],
            [
              77.20948,
              28.61226
            ],
            [
              77.209476,
              28.612257
            ],
            [
              77.209476,
              28.612251
            ],
            [
              77.209489,
              28.612253
            ],
            [
              77.209493,
              28.612249
            ],
            [
              77.209514,
              28.612249
            ],
            [
              77.20952,
              28.612245
            ],
            [
              77.209527,
              28.612245
            ],
            [
              77.209527,
              28.612249
            ],
            [
              77.209531,
              28.612253
            ],
            [
              77.209531,
              28.612258
            ],
            [
              77.209525,
              28.61226
            ],
            [
              77.209514,
              28.61226
            ],
            [
              77.209499,
              28.612264
            ],
            [
              77.20948,
              28.612264
            ]
          ]
        ]
      },
      "properties": {
        "parcel_id": "P-0327",
        "numeric_id": 327,
        "area_sqm": 7.41,
        "area_hectares": 0.0007,
        "area_acres": 0.0018,
        "area_gaj": 8.87,
        "perimeter_m": 13.56,
        "compactness": 0.506,
        "builtup_area_sqm": 0.0,
        "builtup_pct": 0.0,
        "building_count": 0,
        "land_use": "Vacant / Open Plot",
        "confidence": 0.85,
        "verification_status": "Pending Review",
        "centroid_px": [
          615.7,
          2288.2
        ],
        "centroid_geo": [
          77.209504,
          28.612256
        ],
        "feature_type": "parcel"
      }
    },
    {
      "type": "Feature",
      "id": "P-0398",
      "geometry": {
        "type": "Polygon",
        "coordinates": [
          [
            [
              77.211526,
              28.611859
            ],
            [
              77.211524,
              28.611857
            ],
            [
              77.211513,
              28.611857
            ],
            [
              77.211507,
              28.611852
            ],
            [
              77.211496,
              28.611852
            ],
            [
              77.211494,
              28.611854
            ],
            [
              77.211498,
              28.611837
            ],
            [
              77.211534,
              28.611837
            ],
            [
              77.211532,
              28.611841
            ],
            [
              77.211532,
              28.611857
            ],
            [
              77.211526,
              28.611859
            ]
          ]
        ]
      },
      "properties": {
        "parcel_id": "P-0398",
        "numeric_id": 398,
        "area_sqm": 7.26,
        "area_hectares": 0.0007,
        "area_acres": 0.0018,
        "area_gaj": 8.69,
        "perimeter_m": 11.93,
        "compactness": 0.642,
        "builtup_area_sqm": 0.0,
        "builtup_pct": 0.0,
        "building_count": 0,
        "land_use": "Vacant / Open Plot",
        "confidence": 0.88,
        "verification_status": "Pending Review",
        "centroid_px": [
          3073.0,
          2857.5
        ],
        "centroid_geo": [
          77.211516,
          28.611846
        ],
        "feature_type": "parcel"
      }
    },
    {
      "type": "Feature",
      "id": "P-0113",
      "geometry": {
        "type": "Polygon",
        "coordinates": [
          [
            [
              77.210635,
              28.613315
            ],
            [
              77.21062,
              28.613304
            ],
            [
              77.21062,
              28.613269
            ],
            [
              77.210631,
              28.613269
            ],
            [
              77.210631,
              28.61328
            ],
            [
              77.210641,
              28.613291
            ],
            [
              77.210639,
              28.613293
            ],
            [
              77.210639,
              28.613311
            ],
            [
              77.210635,
              28.613315
            ]
          ]
        ]
      },
      "properties": {
        "parcel_id": "P-0113",
        "numeric_id": 113,
        "area_sqm": 7.24,
        "area_hectares": 0.0007,
        "area_acres": 0.0018,
        "area_gaj": 8.66,
        "perimeter_m": 12.67,
        "compactness": 0.567,
        "builtup_area_sqm": 0.0,
        "builtup_pct": 0.0,
        "building_count": 0,
        "land_use": "Vacant / Open Plot",
        "confidence": 0.86,
        "verification_status": "Pending Review",
        "centroid_px": [
          1990.2,
          845.8
        ],
        "centroid_geo": [
          77.210629,
          28.613292
        ],
        "feature_type": "parcel"
      }
    },
    {
      "type": "Feature",
      "id": "P-0465",
      "geometry": {
        "type": "Polygon",
        "coordinates": [
          [
            [
              77.210347,
              28.611594
            ],
            [
              77.210347,
              28.611584
            ],
            [
              77.210341,
              28.611579
            ],
            [
              77.210331,
              28.611579
            ],
            [
              77.210324,
              28.611582
            ],
            [
              77.21032,
              28.611577
            ],
            [
              77.210322,
              28.611575
            ],
            [
              77.210324,
              28.611577
            ],
            [
              77.210335,
              28.611577
            ],
            [
              77.210343,
              28.611575
            ],
            [
              77.210347,
              28.611571
            ],
            [
              77.210362,
              28.611573
            ],
            [
              77.210367,
              28.611569
            ],
            [
              77.210369,
              28.611571
            ],
            [
              77.210379,
              28.611571
            ],
            [
              77.210381,
              28.611569
            ],
            [
              77.210386,
              28.611573
            ],
            [
              77.210394,
              28.611573
            ],
            [
              77.210388,
              28.611575
            ],
            [
              77.210381,
              28.611582
            ],
            [
              77.210369,
              28.611582
            ],
            [
              77.210358,
              28.611592
            ],
            [
              77.210347,
              28.611594
            ]
          ]
        ]
      },
      "properties": {
        "parcel_id": "P-0465",
        "numeric_id": 465,
        "area_sqm": 7.46,
        "area_hectares": 0.0007,
        "area_acres": 0.0018,
        "area_gaj": 8.92,
        "perimeter_m": 18.01,
        "compactness": 0.289,
        "builtup_area_sqm": 0.0,
        "builtup_pct": 0.0,
        "building_count": 0,
        "land_use": "Vacant / Open Plot",
        "confidence": 0.81,
        "verification_status": "Pending Review",
        "centroid_px": [
          1660.5,
          3229.2
        ],
        "centroid_geo": [
          77.210359,
          28.611579
        ],
        "feature_type": "parcel"
      }
    },
    {
      "type": "Feature",
      "id": "P-0289",
      "geometry": {
        "type": "Polygon",
        "coordinates": [
          [
            [
              77.211883,
              28.612427
            ],
            [
              77.21189,
              28.612422
            ],
            [
              77.21189,
              28.612414
            ],
            [
              77.211894,
              28.612411
            ],
            [
              77.211932,
              28.612411
            ],
            [
              77.211938,
              28.612409
            ],
            [
              77.211934,
              28.612414
            ],
            [
              77.211934,
              28.612426
            ],
            [
              77.211894,
              28.612424
            ],
            [
              77.211883,
              28.612427
            ]
          ]
        ]
      },
      "properties": {
        "parcel_id": "P-0289",
        "numeric_id": 289,
        "area_sqm": 6.86,
        "area_hectares": 0.0007,
        "area_acres": 0.0017,
        "area_gaj": 8.2,
        "perimeter_m": 13.7,
        "compactness": 0.46,
        "builtup_area_sqm": 0.0,
        "builtup_pct": 0.0,
        "building_count": 0,
        "land_use": "Vacant / Open Plot",
        "confidence": 0.84,
        "verification_status": "Pending Review",
        "centroid_px": [
          3557.6,
          2062.5
        ],
        "centroid_geo": [
          77.211912,
          28.612418
        ],
        "feature_type": "parcel"
      }
    },
    {
      "type": "Feature",
      "id": "P-0540",
      "geometry": {
        "type": "Polygon",
        "coordinates": [
          [
            [
              77.210842,
              28.611259
            ],
            [
              77.210832,
              28.611252
            ],
            [
              77.210823,
              28.611252
            ],
            [
              77.210823,
              28.611248
            ],
            [
              77.210819,
              28.611245
            ],
            [
              77.210834,
              28.611226
            ],
            [
              77.210834,
              28.611219
            ],
            [
              77.210832,
              28.611217
            ],
            [
              77.210834,
              28.611215
            ],
            [
              77.210834,
              28.611207
            ],
            [
              77.210845,
              28.611207
            ],
            [
              77.210845,
              28.611217
            ],
            [
              77.210847,
              28.611219
            ],
            [
              77.210847,
              28.611222
            ],
            [
              77.21084,
              28.611228
            ],
            [
              77.210842,
              28.611259
            ]
          ]
        ]
      },
      "properties": {
        "parcel_id": "P-0540",
        "numeric_id": 540,
        "area_sqm": 7.16,
        "area_hectares": 0.0007,
        "area_acres": 0.0018,
        "area_gaj": 8.56,
        "perimeter_m": 15.08,
        "compactness": 0.395,
        "builtup_area_sqm": 0.0,
        "builtup_pct": 0.0,
        "building_count": 0,
        "land_use": "Vacant / Open Plot",
        "confidence": 0.83,
        "verification_status": "Pending Review",
        "centroid_px": [
          2241.8,
          3709.8
        ],
        "centroid_geo": [
          77.210835,
          28.611234
        ],
        "feature_type": "parcel"
      }
    },
    {
      "type": "Feature",
      "id": "P-0404",
      "geometry": {
        "type": "Polygon",
        "coordinates": [
          [
            [
              77.209734,
              28.611841
            ],
            [
              77.209723,
              28.611837
            ],
            [
              77.209723,
              28.611829
            ],
            [
              77.209709,
              28.611818
            ],
            [
              77.209734,
              28.61182
            ],
            [
              77.209736,
              28.611822
            ],
            [
              77.209757,
              28.611822
            ],
            [
              77.209757,
              28.611829
            ],
            [
              77.209747,
              28.611841
            ],
            [
              77.209734,
              28.611841
            ]
          ]
        ]
      },
      "properties": {
        "parcel_id": "P-0404",
        "numeric_id": 404,
        "area_sqm": 7.07,
        "area_hectares": 0.0007,
        "area_acres": 0.0017,
        "area_gaj": 8.46,
        "perimeter_m": 12.38,
        "compactness": 0.58,
        "builtup_area_sqm": 0.0,
        "builtup_pct": 0.0,
        "building_count": 0,
        "land_use": "Vacant / Open Plot",
        "confidence": 0.87,
        "verification_status": "Pending Review",
        "centroid_px": [
          899.8,
          2881.6
        ],
        "centroid_geo": [
          77.209737,
          28.611829
        ],
        "feature_type": "parcel"
      }
    },
    {
      "type": "Feature",
      "id": "P-0560",
      "geometry": {
        "type": "Polygon",
        "coordinates": [
          [
            [
              77.211175,
              28.611178
            ],
            [
              77.211168,
              28.611174
            ],
            [
              77.211156,
              28.611174
            ],
            [
              77.211156,
              28.611165
            ],
            [
              77.21117,
              28.611165
            ],
            [
              77.211175,
              28.611161
            ],
            [
              77.211183,
              28.611165
            ],
            [
              77.211194,
              28.611165
            ],
            [
              77.211196,
              28.611163
            ],
            [
              77.211213,
              28.611163
            ],
            [
              77.211217,
              28.611165
            ],
            [
              77.211213,
              28.611168
            ],
            [
              77.211213,
              28.611174
            ],
            [
              77.211179,
              28.611174
            ],
            [
              77.211175,
              28.611178
            ]
          ]
        ]
      },
      "properties": {
        "parcel_id": "P-0560",
        "numeric_id": 560,
        "area_sqm": 6.73,
        "area_hectares": 0.0007,
        "area_acres": 0.0017,
        "area_gaj": 8.05,
        "perimeter_m": 14.51,
        "compactness": 0.401,
        "builtup_area_sqm": 0.0,
        "builtup_pct": 0.0,
        "building_count": 0,
        "land_use": "Vacant / Open Plot",
        "confidence": 0.83,
        "verification_status": "Pending Review",
        "centroid_px": [
          2669.2,
          3800.3
        ],
        "centroid_geo": [
          77.211185,
          28.611169
        ],
        "feature_type": "parcel"
      }
    },
    {
      "type": "Feature",
      "id": "P-0544",
      "geometry": {
        "type": "Polygon",
        "coordinates": [
          [
            [
              77.210878,
              28.611239
            ],
            [
              77.210878,
              28.611217
            ],
            [
              77.210876,
              28.611215
            ],
            [
              77.210878,
              28.611213
            ],
            [
              77.210885,
              28.611217
            ],
            [
              77.2109,
              28.611215
            ],
            [
              77.2109,
              28.61122
            ],
            [
              77.210908,
              28.611226
            ],
            [
              77.210906,
              28.611239
            ],
            [
              77.210878,
              28.611239
            ]
          ]
        ]
      },
      "properties": {
        "parcel_id": "P-0544",
        "numeric_id": 544,
        "area_sqm": 6.75,
        "area_hectares": 0.0007,
        "area_acres": 0.0017,
        "area_gaj": 8.08,
        "perimeter_m": 11.08,
        "compactness": 0.692,
        "builtup_area_sqm": 0.0,
        "builtup_pct": 0.0,
        "building_count": 0,
        "land_use": "Vacant / Open Plot",
        "confidence": 0.89,
        "verification_status": "Pending Review",
        "centroid_px": [
          2310.7,
          3718.4
        ],
        "centroid_geo": [
          77.210892,
          28.611228
        ],
        "feature_type": "parcel"
      }
    },
    {
      "type": "Feature",
      "id": "P-0086",
      "geometry": {
        "type": "Polygon",
        "coordinates": [
          [
            [
              77.209787,
              28.613477
            ],
            [
              77.209766,
              28.613451
            ],
            [
              77.209812,
              28.613451
            ],
            [
              77.209802,
              28.61346
            ],
            [
              77.2098,
              28.613465
            ],
            [
              77.209787,
              28.613477
            ]
          ]
        ]
      },
      "properties": {
        "parcel_id": "P-0086",
        "numeric_id": 86,
        "area_sqm": 6.62,
        "area_hectares": 0.0007,
        "area_acres": 0.0016,
        "area_gaj": 7.92,
        "perimeter_m": 11.97,
        "compactness": 0.581,
        "builtup_area_sqm": 0.0,
        "builtup_pct": 0.0,
        "building_count": 0,
        "land_use": "Vacant / Open Plot",
        "confidence": 0.87,
        "verification_status": "Pending Review",
        "centroid_px": [
          962.9,
          613.0
        ],
        "centroid_geo": [
          77.209788,
          28.613459
        ],
        "feature_type": "parcel"
      }
    },
    {
      "type": "Feature",
      "id": "P-0179",
      "geometry": {
        "type": "Polygon",
        "coordinates": [
          [
            [
              77.209506,
              28.613068
            ],
            [
              77.209503,
              28.613066
            ],
            [
              77.209495,
              28.613066
            ],
            [
              77.209489,
              28.613063
            ],
            [
              77.209489,
              28.613057
            ],
            [
              77.209497,
              28.613051
            ],
            [
              77.209503,
              28.613055
            ],
            [
              77.209522,
              28.613053
            ],
            [
              77.209529,
              28.61305
            ],
            [
              77.209535,
              28.613051
            ],
            [
              77.209533,
              28.613066
            ],
            [
              77.209506,
              28.613068
            ]
          ]
        ]
      },
      "properties": {
        "parcel_id": "P-0179",
        "numeric_id": 179,
        "area_sqm": 6.62,
        "area_hectares": 0.0007,
        "area_acres": 0.0016,
        "area_gaj": 7.92,
        "perimeter_m": 11.9,
        "compactness": 0.588,
        "builtup_area_sqm": 0.0,
        "builtup_pct": 0.0,
        "building_count": 0,
        "land_use": "Vacant / Open Plot",
        "confidence": 0.87,
        "verification_status": "Pending Review",
        "centroid_px": [
          626.7,
          1169.2
        ],
        "centroid_geo": [
          77.209513,
          28.61306
        ],
        "feature_type": "parcel"
      }
    },
    {
      "type": "Feature",
      "id": "P-0382",
      "geometry": {
        "type": "Polygon",
        "coordinates": [
          [
            [
              77.212236,
              28.611915
            ],
            [
              77.212234,
              28.611913
            ],
            [
              77.212224,
              28.611913
            ],
            [
              77.212224,
              28.611898
            ],
            [
              77.21222,
              28.611894
            ],
            [
              77.21222,
              28.611885
            ],
            [
              77.212222,
              28.611883
            ],
            [
              77.21223,
              28.611889
            ],
            [
              77.212245,
              28.611887
            ],
            [
              77.212245,
              28.611915
            ],
            [
              77.212236,
              28.611915
            ]
          ]
        ]
      },
      "properties": {
        "parcel_id": "P-0382",
        "numeric_id": 382,
        "area_sqm": 6.6,
        "area_hectares": 0.0007,
        "area_acres": 0.0016,
        "area_gaj": 7.9,
        "perimeter_m": 11.31,
        "compactness": 0.648,
        "builtup_area_sqm": 0.0,
        "builtup_pct": 0.0,
        "building_count": 0,
        "land_use": "Vacant / Open Plot",
        "confidence": 0.88,
        "verification_status": "Pending Review",
        "centroid_px": [
          3949.7,
          2783.2
        ],
        "centroid_geo": [
          77.212233,
          28.6119
        ],
        "feature_type": "parcel"
      }
    },
    {
      "type": "Feature",
      "id": "P-0555",
      "geometry": {
        "type": "Polygon",
        "coordinates": [
          [
            [
              77.211084,
              28.611194
            ],
            [
              77.211069,
              28.611187
            ],
            [
              77.211054,
              28.611185
            ],
            [
              77.211054,
              28.611172
            ],
            [
              77.211052,
              28.61117
            ],
            [
              77.21106,
              28.611165
            ],
            [
              77.211075,
              28.611167
            ],
            [
              77.211079,
              28.61117
            ],
            [
              77.211079,
              28.61118
            ],
            [
              77.211086,
              28.611185
            ],
            [
              77.211086,
              28.611193
            ],
            [
              77.211084,
              28.611194
            ]
          ]
        ]
      },
      "properties": {
        "parcel_id": "P-0555",
        "numeric_id": 555,
        "area_sqm": 6.64,
        "area_hectares": 0.0007,
        "area_acres": 0.0016,
        "area_gaj": 7.95,
        "perimeter_m": 10.98,
        "compactness": 0.693,
        "builtup_area_sqm": 0.0,
        "builtup_pct": 0.0,
        "building_count": 0,
        "land_use": "Vacant / Open Plot",
        "confidence": 0.89,
        "verification_status": "Pending Review",
        "centroid_px": [
          2527.2,
          3787.4
        ],
        "centroid_geo": [
          77.211069,
          28.611178
        ],
        "feature_type": "parcel"
      }
    },
    {
      "type": "Feature",
      "id": "P-0246",
      "geometry": {
        "type": "Polygon",
        "coordinates": [
          [
            [
              77.211602,
              28.612665
            ],
            [
              77.211585,
              28.61266
            ],
            [
              77.211576,
              28.61266
            ],
            [
              77.211574,
              28.612661
            ],
            [
              77.21156,
              28.612661
            ],
            [
              77.211557,
              28.61266
            ],
            [
              77.211528,
              28.612661
            ],
            [
              77.211526,
              28.612656
            ],
            [
              77.211623,
              28.612656
            ],
            [
              77.211636,
              28.612661
            ],
            [
              77.211619,
              28.612661
            ],
            [
              77.211615,
              28.612665
            ],
            [
              77.211602,
              28.612665
            ]
          ]
        ]
      },
      "properties": {
        "parcel_id": "P-0246",
        "numeric_id": 246,
        "area_sqm": 6.47,
        "area_hectares": 0.0006,
        "area_acres": 0.0016,
        "area_gaj": 7.74,
        "perimeter_m": 22.55,
        "compactness": 0.16,
        "builtup_area_sqm": 0.0,
        "builtup_pct": 0.0,
        "building_count": 0,
        "land_use": "Vacant / Open Plot",
        "confidence": 0.78,
        "verification_status": "Pending Review",
        "centroid_px": [
          3155.3,
          1726.8
        ],
        "centroid_geo": [
          77.211583,
          28.612659
        ],
        "feature_type": "parcel"
      }
    },
    {
      "type": "Feature",
      "id": "P-0077",
      "geometry": {
        "type": "Polygon",
        "coordinates": [
          [
            [
              77.211266,
              28.613506
            ],
            [
              77.211253,
              28.613503
            ],
            [
              77.211244,
              28.613503
            ],
            [
              77.21124,
              28.613499
            ],
            [
              77.211232,
              28.613499
            ],
            [
              77.211227,
              28.613503
            ],
            [
              77.211219,
              28.613501
            ],
            [
              77.211219,
              28.613486
            ],
            [
              77.211227,
              28.613478
            ],
            [
              77.211227,
              28.613469
            ],
            [
              77.211238,
              28.61348
            ],
            [
              77.211238,
              28.61349
            ],
            [
              77.211244,
              28.613495
            ],
            [
              77.211253,
              28.613495
            ],
            [
              77.211266,
              28.613506
            ]
          ]
        ]
      },
      "properties": {
        "parcel_id": "P-0077",
        "numeric_id": 77,
        "area_sqm": 6.39,
        "area_hectares": 0.0006,
        "area_acres": 0.0016,
        "area_gaj": 7.64,
        "perimeter_m": 14.95,
        "compactness": 0.359,
        "builtup_area_sqm": 0.0,
        "builtup_pct": 0.0,
        "building_count": 0,
        "land_use": "Vacant / Open Plot",
        "confidence": 0.82,
        "verification_status": "Pending Review",
        "centroid_px": [
          2729.3,
          568.4
        ],
        "centroid_geo": [
          77.211234,
          28.613492
        ],
        "feature_type": "parcel"
      }
    },
    {
      "type": "Feature",
      "id": "P-0314",
      "geometry": {
        "type": "Polygon",
        "coordinates": [
          [
            [
              77.209802,
              28.612336
            ],
            [
              77.209802,
              28.61229
            ],
            [
              77.209804,
              28.61229
            ],
            [
              77.209804,
              28.612294
            ],
            [
              77.20981,
              28.612299
            ],
            [
              77.209819,
              28.612299
            ],
            [
              77.209831,
              28.612288
            ],
            [
              77.209836,
              28.612288
            ],
            [
              77.209833,
              28.61229
            ],
            [
              77.209833,
              28.612303
            ],
            [
              77.209825,
              28.612309
            ],
            [
              77.209812,
              28.612309
            ],
            [
              77.209806,
              28.612314
            ],
            [
              77.209806,
              28.612322
            ],
            [
              77.209819,
              28.612336
            ],
            [
              77.209814,
              28.612335
            ],
            [
              77.209804,
              28.612335
            ],
            [
              77.209802,
              28.612336
            ]
          ]
        ]
      },
      "properties": {
        "parcel_id": "P-0314",
        "numeric_id": 314,
        "area_sqm": 6.62,
        "area_hectares": 0.0007,
        "area_acres": 0.0016,
        "area_gaj": 7.92,
        "perimeter_m": 19.23,
        "compactness": 0.225,
        "builtup_area_sqm": 0.0,
        "builtup_pct": 0.0,
        "building_count": 0,
        "land_use": "Vacant / Open Plot",
        "confidence": 0.8,
        "verification_status": "Pending Review",
        "centroid_px": [
          994.6,
          2214.4
        ],
        "centroid_geo": [
          77.209814,
          28.612309
        ],
        "feature_type": "parcel"
      }
    },
    {
      "type": "Feature",
      "id": "P-0464",
      "geometry": {
        "type": "Polygon",
        "coordinates": [
          [
            [
              77.209002,
              28.611594
            ],
            [
              77.209002,
              28.611586
            ],
            [
              77.209011,
              28.611581
            ],
            [
              77.209011,
              28.611573
            ],
            [
              77.209002,
              28.611568
            ],
            [
              77.209002,
              28.611529
            ],
            [
              77.209017,
              28.611538
            ],
            [
              77.209008,
              28.611553
            ],
            [
              77.209008,
              28.61156
            ],
            [
              77.209013,
              28.611571
            ],
            [
              77.209019,
              28.611577
            ],
            [
              77.209019,
              28.611588
            ],
            [
              77.209002,
              28.611594
            ]
          ]
        ]
      },
      "properties": {
        "parcel_id": "P-0464",
        "numeric_id": 464,
        "area_sqm": 6.2,
        "area_hectares": 0.0006,
        "area_acres": 0.0015,
        "area_gaj": 7.41,
        "perimeter_m": 17.71,
        "compactness": 0.248,
        "builtup_area_sqm": 0.0,
        "builtup_pct": 0.0,
        "building_count": 0,
        "land_use": "Vacant / Open Plot",
        "confidence": 0.8,
        "verification_status": "Pending Review",
        "centroid_px": [
          10.7,
          3253.4
        ],
        "centroid_geo": [
          77.209009,
          28.611562
        ],
        "feature_type": "parcel"
      }
    },
    {
      "type": "Feature",
      "id": "P-0110",
      "geometry": {
        "type": "Polygon",
        "coordinates": [
          [
            [
              77.210997,
              28.613319
            ],
            [
              77.210995,
              28.613317
            ],
            [
              77.210986,
              28.613317
            ],
            [
              77.21098,
              28.613313
            ],
            [
              77.210974,
              28.613313
            ],
            [
              77.210976,
              28.613311
            ],
            [
              77.210974,
              28.613289
            ],
            [
              77.210982,
              28.613289
            ],
            [
              77.210982,
              28.613296
            ],
            [
              77.210995,
              28.613308
            ],
            [
              77.211024,
              28.613309
            ],
            [
              77.21102,
              28.613313
            ],
            [
              77.21102,
              28.613317
            ],
            [
              77.211005,
              28.613315
            ],
            [
              77.210997,
              28.613319
            ]
          ]
        ]
      },
      "properties": {
        "parcel_id": "P-0110",
        "numeric_id": 110,
        "area_sqm": 6.26,
        "area_hectares": 0.0006,
        "area_acres": 0.0015,
        "area_gaj": 7.49,
        "perimeter_m": 14.96,
        "compactness": 0.352,
        "builtup_area_sqm": 0.0,
        "builtup_pct": 0.0,
        "building_count": 0,
        "land_use": "Vacant / Open Plot",
        "confidence": 0.82,
        "verification_status": "Pending Review",
        "centroid_px": [
          2433.3,
          824.3
        ],
        "centroid_geo": [
          77.210992,
          28.613308
        ],
        "feature_type": "parcel"
      }
    },
    {
      "type": "Feature",
      "id": "P-0480",
      "geometry": {
        "type": "Polygon",
        "coordinates": [
          [
            [
              77.212245,
              28.611495
            ],
            [
              77.212228,
              28.611493
            ],
            [
              77.212228,
              28.611462
            ],
            [
              77.212245,
              28.61146
            ],
            [
              77.212245,
              28.611495
            ]
          ]
        ]
      },
      "properties": {
        "parcel_id": "P-0480",
        "numeric_id": 480,
        "area_sqm": 6.15,
        "area_hectares": 0.0006,
        "area_acres": 0.0015,
        "area_gaj": 7.36,
        "perimeter_m": 10.78,
        "compactness": 0.666,
        "builtup_area_sqm": 0.0,
        "builtup_pct": 0.0,
        "building_count": 0,
        "land_use": "Vacant / Open Plot",
        "confidence": 0.88,
        "verification_status": "Pending Review",
        "centroid_px": [
          3953.7,
          3370.8
        ],
        "centroid_geo": [
          77.212237,
          28.611478
        ],
        "feature_type": "parcel"
      }
    },
    {
      "type": "Feature",
      "id": "P-0114",
      "geometry": {
        "type": "Polygon",
        "coordinates": [
          [
            [
              77.211777,
              28.613311
            ],
            [
              77.211771,
              28.613302
            ],
            [
              77.211763,
              28.613296
            ],
            [
              77.211754,
              28.613285
            ],
            [
              77.211777,
              28.613283
            ],
            [
              77.211788,
              28.613295
            ],
            [
              77.211792,
              28.613295
            ],
            [
              77.211786,
              28.613311
            ],
            [
              77.211777,
              28.613311
            ]
          ]
        ]
      },
      "properties": {
        "parcel_id": "P-0114",
        "numeric_id": 114,
        "area_sqm": 6.26,
        "area_hectares": 0.0006,
        "area_acres": 0.0015,
        "area_gaj": 7.49,
        "perimeter_m": 10.83,
        "compactness": 0.671,
        "builtup_area_sqm": 0.0,
        "builtup_pct": 0.0,
        "building_count": 0,
        "land_use": "Vacant / Open Plot",
        "confidence": 0.88,
        "verification_status": "Pending Review",
        "centroid_px": [
          3390.1,
          840.6
        ],
        "centroid_geo": [
          77.211775,
          28.613296
        ],
        "feature_type": "parcel"
      }
    },
    {
      "type": "Feature",
      "id": "P-0156",
      "geometry": {
        "type": "Polygon",
        "coordinates": [
          [
            [
              77.21025,
              28.613152
            ],
            [
              77.21024,
              28.613146
            ],
            [
              77.210231,
              28.613146
            ],
            [
              77.210227,
              28.61315
            ],
            [
              77.210229,
              28.613146
            ],
            [
              77.210227,
              28.61312
            ],
            [
              77.210237,
              28.61312
            ],
            [
              77.21024,
              28.613118
            ],
            [
              77.210246,
              28.61312
            ],
            [
              77.210246,
              28.61314
            ],
            [
              77.210254,
              28.613146
            ],
            [
              77.210254,
              28.613152
            ],
            [
              77.21025,
              28.613152
            ]
          ]
        ]
      },
      "properties": {
        "parcel_id": "P-0156",
        "numeric_id": 156,
        "area_sqm": 6.05,
        "area_hectares": 0.0006,
        "area_acres": 0.0015,
        "area_gaj": 7.23,
        "perimeter_m": 12.3,
        "compactness": 0.502,
        "builtup_area_sqm": 0.0,
        "builtup_pct": 0.0,
        "building_count": 0,
        "land_use": "Vacant / Open Plot",
        "confidence": 0.85,
        "verification_status": "Pending Review",
        "centroid_px": [
          1513.0,
          1064.9
        ],
        "centroid_geo": [
          77.210239,
          28.613135
        ],
        "feature_type": "parcel"
      }
    },
    {
      "type": "Feature",
      "id": "P-0127",
      "geometry": {
        "type": "Polygon",
        "coordinates": [
          [
            [
              77.210123,
              28.613265
            ],
            [
              77.210121,
              28.613263
            ],
            [
              77.210111,
              28.613263
            ],
            [
              77.210111,
              28.613256
            ],
            [
              77.210108,
              28.613254
            ],
            [
              77.210111,
              28.613243
            ],
            [
              77.210119,
              28.613243
            ],
            [
              77.210117,
              28.613244
            ],
            [
              77.210117,
              28.613252
            ],
            [
              77.210123,
              28.613257
            ],
            [
              77.210132,
              28.613257
            ],
            [
              77.210138,
              28.613252
            ],
            [
              77.210138,
              28.613244
            ],
            [
              77.210134,
              28.613241
            ],
            [
              77.210144,
              28.613241
            ],
            [
              77.210149,
              28.613237
            ],
            [
              77.210149,
              28.613263
            ],
            [
              77.210127,
              28.613263
            ],
            [
              77.210123,
              28.613265
            ]
          ]
        ]
      },
      "properties": {
        "parcel_id": "P-0127",
        "numeric_id": 127,
        "area_sqm": 6.05,
        "area_hectares": 0.0006,
        "area_acres": 0.0015,
        "area_gaj": 7.23,
        "perimeter_m": 16.68,
        "compactness": 0.273,
        "builtup_area_sqm": 0.0,
        "builtup_pct": 0.0,
        "building_count": 0,
        "land_use": "Vacant / Open Plot",
        "confidence": 0.8,
        "verification_status": "Pending Review",
        "centroid_px": [
          1381.4,
          899.1
        ],
        "centroid_geo": [
          77.210131,
          28.613254
        ],
        "feature_type": "parcel"
      }
    },
    {
      "type": "Feature",
      "id": "P-0564",
      "geometry": {
        "type": "Polygon",
        "coordinates": [
          [
            [
              77.209992,
              28.611139
            ],
            [
              77.209988,
              28.611135
            ],
            [
              77.209977,
              28.611135
            ],
            [
              77.209984,
              28.611129
            ],
            [
              77.209984,
              28.611124
            ],
            [
              77.210005,
              28.611124
            ],
            [
              77.210007,
              28.611122
            ],
            [
              77.210009,
              28.611124
            ],
            [
              77.210026,
              28.611124
            ],
            [
              77.210022,
              28.611128
            ],
            [
              77.210022,
              28.611137
            ],
            [
              77.21002,
              28.611139
            ],
            [
              77.210013,
              28.611137
            ],
            [
              77.209992,
              28.611139
            ]
          ]
        ]
      },
      "properties": {
        "parcel_id": "P-0564",
        "numeric_id": 564,
        "area_sqm": 5.92,
        "area_hectares": 0.0006,
        "area_acres": 0.0015,
        "area_gaj": 7.08,
        "perimeter_m": 12.06,
        "compactness": 0.511,
        "builtup_area_sqm": 0.0,
        "builtup_pct": 0.0,
        "building_count": 0,
        "land_use": "Vacant / Open Plot",
        "confidence": 0.85,
        "verification_status": "Pending Review",
        "centroid_px": [
          1224.8,
          3853.7
        ],
        "centroid_geo": [
          77.210003,
          28.611131
        ],
        "feature_type": "parcel"
      }
    },
    {
      "type": "Feature",
      "id": "P-0231",
      "geometry": {
        "type": "Polygon",
        "coordinates": [
          [
            [
              77.210851,
              28.612736
            ],
            [
              77.210847,
              28.612734
            ],
            [
              77.210847,
              28.612719
            ],
            [
              77.210849,
              28.612715
            ],
            [
              77.210855,
              28.612715
            ],
            [
              77.210861,
              28.61271
            ],
            [
              77.210866,
              28.61271
            ],
            [
              77.210866,
              28.612713
            ],
            [
              77.210872,
              28.612719
            ],
            [
              77.210881,
              28.612721
            ],
            [
              77.210874,
              28.612726
            ],
            [
              77.210874,
              28.61273
            ],
            [
              77.210868,
              28.612734
            ],
            [
              77.210851,
              28.612736
            ]
          ]
        ]
      },
      "properties": {
        "parcel_id": "P-0231",
        "numeric_id": 231,
        "area_sqm": 6.13,
        "area_hectares": 0.0006,
        "area_acres": 0.0015,
        "area_gaj": 7.33,
        "perimeter_m": 10.33,
        "compactness": 0.722,
        "builtup_area_sqm": 0.0,
        "builtup_pct": 0.0,
        "building_count": 0,
        "land_use": "Vacant / Open Plot",
        "confidence": 0.89,
        "verification_status": "Pending Review",
        "centroid_px": [
          2272.7,
          1636.4
        ],
        "centroid_geo": [
          77.210861,
          28.612724
        ],
        "feature_type": "parcel"
      }
    },
    {
      "type": "Feature",
      "id": "P-0386",
      "geometry": {
        "type": "Polygon",
        "coordinates": [
          [
            [
              77.209601,
              28.611909
            ],
            [
              77.209601,
              28.611906
            ],
            [
              77.209592,
              28.611898
            ],
            [
              77.20958,
              28.611898
            ],
            [
              77.209573,
              28.611902
            ],
            [
              77.209563,
              28.611902
            ],
            [
              77.209561,
              28.611904
            ],
            [
              77.209556,
              28.6119
            ],
            [
              77.209546,
              28.611898
            ],
            [
              77.209546,
              28.611891
            ],
            [
              77.209548,
              28.611893
            ],
            [
              77.209556,
              28.611893
            ],
            [
              77.209567,
              28.611889
            ],
            [
              77.209575,
              28.611893
            ],
            [
              77.209592,
              28.611891
            ],
            [
              77.209609,
              28.611902
            ],
            [
              77.209605,
              28.611909
            ],
            [
              77.209601,
              28.611909
            ]
          ]
        ]
      },
      "properties": {
        "parcel_id": "P-0386",
        "numeric_id": 386,
        "area_sqm": 5.88,
        "area_hectares": 0.0006,
        "area_acres": 0.0015,
        "area_gaj": 7.03,
        "perimeter_m": 15.59,
        "compactness": 0.304,
        "builtup_area_sqm": 0.0,
        "builtup_pct": 0.0,
        "building_count": 0,
        "land_use": "Vacant / Open Plot",
        "confidence": 0.81,
        "verification_status": "Pending Review",
        "centroid_px": [
          704.6,
          2787.0
        ],
        "centroid_geo": [
          77.209577,
          28.611897
        ],
        "feature_type": "parcel"
      }
    },
    {
      "type": "Feature",
      "id": "P-0097",
      "geometry": {
        "type": "Polygon",
        "coordinates": [
          [
            [
              77.212124,
              28.613404
            ],
            [
              77.212118,
              28.613399
            ],
            [
              77.212097,
              28.613384
            ],
            [
              77.212116,
              28.613384
            ],
            [
              77.212118,
              28.613382
            ],
            [
              77.212135,
              28.613382
            ],
            [
              77.212139,
              28.613384
            ],
            [
              77.212135,
              28.613387
            ],
            [
              77.212135,
              28.613404
            ],
            [
              77.212124,
              28.613404
            ]
          ]
        ]
      },
      "properties": {
        "parcel_id": "P-0097",
        "numeric_id": 97,
        "area_sqm": 5.77,
        "area_hectares": 0.0006,
        "area_acres": 0.0014,
        "area_gaj": 6.9,
        "perimeter_m": 11.27,
        "compactness": 0.571,
        "builtup_area_sqm": 0.0,
        "builtup_pct": 0.0,
        "building_count": 0,
        "land_use": "Vacant / Open Plot",
        "confidence": 0.86,
        "verification_status": "Pending Review",
        "centroid_px": [
          3814.0,
          708.0
        ],
        "centroid_geo": [
          77.212122,
          28.613391
        ],
        "feature_type": "parcel"
      }
    },
    {
      "type": "Feature",
      "id": "P-0176",
      "geometry": {
        "type": "Polygon",
        "coordinates": [
          [
            [
              77.21051,
              28.613079
            ],
            [
              77.210506,
              28.613076
            ],
            [
              77.210489,
              28.613072
            ],
            [
              77.210489,
              28.613068
            ],
            [
              77.210498,
              28.613061
            ],
            [
              77.210502,
              28.61305
            ],
            [
              77.210506,
              28.613048
            ],
            [
              77.210508,
              28.61305
            ],
            [
              77.210517,
              28.61305
            ],
            [
              77.210517,
              28.613057
            ],
            [
              77.210519,
              28.613059
            ],
            [
              77.210519,
              28.613066
            ],
            [
              77.210512,
              28.613072
            ],
            [
              77.21051,
              28.613079
            ]
          ]
        ]
      },
      "properties": {
        "parcel_id": "P-0176",
        "numeric_id": 176,
        "area_sqm": 5.92,
        "area_hectares": 0.0006,
        "area_acres": 0.0015,
        "area_gaj": 7.08,
        "perimeter_m": 10.44,
        "compactness": 0.683,
        "builtup_area_sqm": 0.0,
        "builtup_pct": 0.0,
        "building_count": 0,
        "land_use": "Vacant / Open Plot",
        "confidence": 0.89,
        "verification_status": "Pending Review",
        "centroid_px": [
          1839.6,
          1164.5
        ],
        "centroid_geo": [
          77.210506,
          28.613063
        ],
        "feature_type": "parcel"
      }
    },
    {
      "type": "Feature",
      "id": "P-0082",
      "geometry": {
        "type": "Polygon",
        "coordinates": [
          [
            [
              77.211748,
              28.613493
            ],
            [
              77.211739,
              28.61349
            ],
            [
              77.211735,
              28.61348
            ],
            [
              77.211733,
              28.613452
            ],
            [
              77.211737,
              28.613452
            ],
            [
              77.211741,
              28.613449
            ],
            [
              77.211748,
              28.613452
            ],
            [
              77.211756,
              28.613452
            ],
            [
              77.211754,
              28.613458
            ],
            [
              77.211748,
              28.613464
            ],
            [
              77.211748,
              28.613471
            ],
            [
              77.211746,
              28.613473
            ],
            [
              77.211748,
              28.613493
            ]
          ]
        ]
      },
      "properties": {
        "parcel_id": "P-0082",
        "numeric_id": 82,
        "area_sqm": 6.0,
        "area_hectares": 0.0006,
        "area_acres": 0.0015,
        "area_gaj": 7.18,
        "perimeter_m": 12.65,
        "compactness": 0.472,
        "builtup_area_sqm": 0.0,
        "builtup_pct": 0.0,
        "building_count": 0,
        "land_use": "Vacant / Open Plot",
        "confidence": 0.84,
        "verification_status": "Pending Review",
        "centroid_px": [
          3349.7,
          601.2
        ],
        "centroid_geo": [
          77.211742,
          28.613468
        ],
        "feature_type": "parcel"
      }
    },
    {
      "type": "Feature",
      "id": "P-0128",
      "geometry": {
        "type": "Polygon",
        "coordinates": [
          [
            [
              77.212239,
              28.613259
            ],
            [
              77.212226,
              28.61325
            ],
            [
              77.212234,
              28.61325
            ],
            [
              77.212243,
              28.613243
            ],
            [
              77.212243,
              28.613233
            ],
            [
              77.212226,
              28.613215
            ],
            [
              77.21222,
              28.613215
            ],
            [
              77.21222,
              28.613205
            ],
            [
              77.212226,
              28.613211
            ],
            [
              77.212234,
              28.613211
            ],
            [
              77.212245,
              28.613204
            ],
            [
              77.212245,
              28.613261
            ],
            [
              77.212239,
              28.613263
            ],
            [
              77.212239,
              28.613259
            ]
          ]
        ]
      },
      "properties": {
        "parcel_id": "P-0128",
        "numeric_id": 128,
        "area_sqm": 5.98,
        "area_hectares": 0.0006,
        "area_acres": 0.0015,
        "area_gaj": 7.16,
        "perimeter_m": 19.45,
        "compactness": 0.199,
        "builtup_area_sqm": 0.0,
        "builtup_pct": 0.0,
        "building_count": 0,
        "land_use": "Vacant / Open Plot",
        "confidence": 0.79,
        "verification_status": "Pending Review",
        "centroid_px": [
          3954.8,
          932.7
        ],
        "centroid_geo": [
          77.212238,
          28.61323
        ],
        "feature_type": "parcel"
      }
    },
    {
      "type": "Feature",
      "id": "P-0031",
      "geometry": {
        "type": "Polygon",
        "coordinates": [
          [
            [
              77.210627,
              28.613738
            ],
            [
              77.21061,
              28.613727
            ],
            [
              77.210608,
              28.61372
            ],
            [
              77.210616,
              28.613716
            ],
            [
              77.21062,
              28.61372
            ],
            [
              77.210644,
              28.61372
            ],
            [
              77.210646,
              28.613722
            ],
            [
              77.210644,
              28.613724
            ],
            [
              77.210644,
              28.613731
            ],
            [
              77.210635,
              28.613737
            ],
            [
              77.210627,
              28.613738
            ]
          ]
        ]
      },
      "properties": {
        "parcel_id": "P-0031",
        "numeric_id": 31,
        "area_sqm": 5.68,
        "area_hectares": 0.0006,
        "area_acres": 0.0014,
        "area_gaj": 6.8,
        "perimeter_m": 10.0,
        "compactness": 0.714,
        "builtup_area_sqm": 0.0,
        "builtup_pct": 0.0,
        "building_count": 0,
        "land_use": "Vacant / Open Plot",
        "confidence": 0.89,
        "verification_status": "Pending Review",
        "centroid_px": [
          1987.4,
          240.9
        ],
        "centroid_geo": [
          77.210627,
          28.613727
        ],
        "feature_type": "parcel"
      }
    },
    {
      "type": "Feature",
      "id": "P-0094",
      "geometry": {
        "type": "Polygon",
        "coordinates": [
          [
            [
              77.212226,
              28.613415
            ],
            [
              77.212217,
              28.613408
            ],
            [
              77.212209,
              28.613408
            ],
            [
              77.212207,
              28.613406
            ],
            [
              77.212194,
              28.613393
            ],
            [
              77.212194,
              28.613386
            ],
            [
              77.212192,
              28.613384
            ],
            [
              77.212205,
              28.613384
            ],
            [
              77.212213,
              28.613393
            ],
            [
              77.212226,
              28.613395
            ],
            [
              77.212228,
              28.6134
            ],
            [
              77.212226,
              28.613415
            ]
          ]
        ]
      },
      "properties": {
        "parcel_id": "P-0094",
        "numeric_id": 94,
        "area_sqm": 5.92,
        "area_hectares": 0.0006,
        "area_acres": 0.0015,
        "area_gaj": 7.08,
        "perimeter_m": 11.46,
        "compactness": 0.567,
        "builtup_area_sqm": 0.0,
        "builtup_pct": 0.0,
        "building_count": 0,
        "land_use": "Vacant / Open Plot",
        "confidence": 0.86,
        "verification_status": "Pending Review",
        "centroid_px": [
          3922.7,
          698.8
        ],
        "centroid_geo": [
          77.212211,
          28.613398
        ],
        "feature_type": "parcel"
      }
    },
    {
      "type": "Feature",
      "id": "P-0375",
      "geometry": {
        "type": "Polygon",
        "coordinates": [
          [
            [
              77.209148,
              28.612006
            ],
            [
              77.209142,
              28.612004
            ],
            [
              77.209135,
              28.611997
            ],
            [
              77.209144,
              28.611989
            ],
            [
              77.209142,
              28.611974
            ],
            [
              77.209133,
              28.611967
            ],
            [
              77.209125,
              28.611967
            ],
            [
              77.209114,
              28.611972
            ],
            [
              77.209108,
              28.611967
            ],
            [
              77.209108,
              28.611959
            ],
            [
              77.209112,
              28.611963
            ],
            [
              77.209148,
              28.611963
            ],
            [
              77.209148,
              28.612006
            ]
          ]
        ]
      },
      "properties": {
        "parcel_id": "P-0375",
        "numeric_id": 375,
        "area_sqm": 5.45,
        "area_hectares": 0.0005,
        "area_acres": 0.0013,
        "area_gaj": 6.52,
        "perimeter_m": 18.28,
        "compactness": 0.205,
        "builtup_area_sqm": 0.0,
        "builtup_pct": 0.0,
        "building_count": 0,
        "land_use": "Vacant / Open Plot",
        "confidence": 0.79,
        "verification_status": "Pending Review",
        "centroid_px": [
          165.9,
          2675.0
        ],
        "centroid_geo": [
          77.209136,
          28.611978
        ],
        "feature_type": "parcel"
      }
    },
    {
      "type": "Feature",
      "id": "P-0569",
      "geometry": {
        "type": "Polygon",
        "coordinates": [
          [
            [
              77.210601,
              28.6111
            ],
            [
              77.210599,
              28.611098
            ],
            [
              77.210599,
              28.61109
            ],
            [
              77.210593,
              28.611083
            ],
            [
              77.210591,
              28.611074
            ],
            [
              77.210586,
              28.61107
            ],
            [
              77.210589,
              28.611068
            ],
            [
              77.210589,
              28.611059
            ],
            [
              77.210603,
              28.611059
            ],
            [
              77.210603,
              28.611068
            ],
            [
              77.210608,
              28.611072
            ],
            [
              77.210606,
              28.611074
            ],
            [
              77.210606,
              28.611089
            ],
            [
              77.21061,
              28.611092
            ],
            [
              77.210601,
              28.6111
            ]
          ]
        ]
      },
      "properties": {
        "parcel_id": "P-0569",
        "numeric_id": 569,
        "area_sqm": 5.43,
        "area_hectares": 0.0005,
        "area_acres": 0.0013,
        "area_gaj": 6.49,
        "perimeter_m": 11.88,
        "compactness": 0.483,
        "builtup_area_sqm": 0.0,
        "builtup_pct": 0.0,
        "building_count": 0,
        "land_use": "Vacant / Open Plot",
        "confidence": 0.85,
        "verification_status": "Pending Review",
        "centroid_px": [
          1952.6,
          3929.8
        ],
        "centroid_geo": [
          77.210598,
          28.611076
        ],
        "feature_type": "parcel"
      }
    },
    {
      "type": "Feature",
      "id": "P-0368",
      "geometry": {
        "type": "Polygon",
        "coordinates": [
          [
            [
              77.209675,
              28.61206
            ],
            [
              77.209675,
              28.612056
            ],
            [
              77.209679,
              28.612052
            ],
            [
              77.209679,
              28.612043
            ],
            [
              77.209677,
              28.612041
            ],
            [
              77.209696,
              28.612037
            ],
            [
              77.209711,
              28.612037
            ],
            [
              77.209713,
              28.612039
            ],
            [
              77.209723,
              28.612039
            ],
            [
              77.20973,
              28.612036
            ],
            [
              77.209732,
              28.612037
            ],
            [
              77.209732,
              28.612043
            ],
            [
              77.209707,
              28.612041
            ],
            [
              77.2097,
              28.612047
            ],
            [
              77.2097,
              28.612054
            ],
            [
              77.209681,
              28.612056
            ],
            [
              77.209675,
              28.61206
            ]
          ]
        ]
      },
      "properties": {
        "parcel_id": "P-0368",
        "numeric_id": 368,
        "area_sqm": 5.53,
        "area_hectares": 0.0006,
        "area_acres": 0.0014,
        "area_gaj": 6.62,
        "perimeter_m": 15.47,
        "compactness": 0.291,
        "builtup_area_sqm": 0.0,
        "builtup_pct": 0.0,
        "building_count": 0,
        "land_use": "Vacant / Open Plot",
        "confidence": 0.81,
        "verification_status": "Pending Review",
        "centroid_px": [
          850.6,
          2580.6
        ],
        "centroid_geo": [
          77.209696,
          28.612045
        ],
        "feature_type": "parcel"
      }
    },
    {
      "type": "Feature",
      "id": "P-0470",
      "geometry": {
        "type": "Polygon",
        "coordinates": [
          [
            [
              77.209019,
              28.61151
            ],
            [
              77.209011,
              28.611504
            ],
            [
              77.209002,
              28.611503
            ],
            [
              77.209002,
              28.611492
            ],
            [
              77.209011,
              28.611486
            ],
            [
              77.209011,
              28.611479
            ],
            [
              77.209002,
              28.611471
            ],
            [
              77.209013,
              28.611471
            ],
            [
              77.209015,
              28.611469
            ],
            [
              77.209019,
              28.611471
            ],
            [
              77.209019,
              28.61149
            ],
            [
              77.209021,
              28.611492
            ],
            [
              77.209019,
              28.61151
            ]
          ]
        ]
      },
      "properties": {
        "parcel_id": "P-0470",
        "numeric_id": 470,
        "area_sqm": 5.34,
        "area_hectares": 0.0005,
        "area_acres": 0.0013,
        "area_gaj": 6.39,
        "perimeter_m": 12.38,
        "compactness": 0.438,
        "builtup_area_sqm": 0.0,
        "builtup_pct": 0.0,
        "building_count": 0,
        "land_use": "Vacant / Open Plot",
        "confidence": 0.84,
        "verification_status": "Pending Review",
        "centroid_px": [
          15.4,
          3353.4
        ],
        "centroid_geo": [
          77.209013,
          28.61149
        ],
        "feature_type": "parcel"
      }
    },
    {
      "type": "Feature",
      "id": "P-0003",
      "geometry": {
        "type": "Polygon",
        "coordinates": [
          [
            [
              77.210005,
              28.613898
            ],
            [
              77.210005,
              28.613891
            ],
            [
              77.210013,
              28.613885
            ],
            [
              77.210013,
              28.613876
            ],
            [
              77.210022,
              28.613868
            ],
            [
              77.210022,
              28.613861
            ],
            [
              77.210032,
              28.613848
            ],
            [
              77.210039,
              28.613848
            ],
            [
              77.210039,
              28.613854
            ],
            [
              77.210032,
              28.613859
            ],
            [
              77.210032,
              28.613868
            ],
            [
              77.210024,
              28.613876
            ],
            [
              77.210024,
              28.613883
            ],
            [
              77.210015,
              28.613891
            ],
            [
              77.210015,
              28.613898
            ],
            [
              77.210005,
              28.613898
            ]
          ]
        ]
      },
      "properties": {
        "parcel_id": "P-0003",
        "numeric_id": 3,
        "area_sqm": 5.51,
        "area_hectares": 0.0006,
        "area_acres": 0.0014,
        "area_gaj": 6.59,
        "perimeter_m": 14.85,
        "compactness": 0.314,
        "builtup_area_sqm": 0.0,
        "builtup_pct": 0.0,
        "building_count": 0,
        "land_use": "Vacant / Open Plot",
        "confidence": 0.81,
        "verification_status": "Pending Review",
        "centroid_px": [
          1248.2,
          36.9
        ],
        "centroid_geo": [
          77.210022,
          28.613874
        ],
        "feature_type": "parcel"
      }
    },
    {
      "type": "Feature",
      "id": "P-0270",
      "geometry": {
        "type": "Polygon",
        "coordinates": [
          [
            [
              77.210485,
              28.612546
            ],
            [
              77.210477,
              28.612544
            ],
            [
              77.210468,
              28.612535
            ],
            [
              77.210464,
              28.612535
            ],
            [
              77.210466,
              28.612528
            ],
            [
              77.210474,
              28.612528
            ],
            [
              77.210477,
              28.61253
            ],
            [
              77.210485,
              28.61253
            ],
            [
              77.210487,
              28.612528
            ],
            [
              77.2105,
              28.61253
            ],
            [
              77.210502,
              28.612528
            ],
            [
              77.210502,
              28.612544
            ],
            [
              77.2105,
              28.612543
            ],
            [
              77.210491,
              28.612543
            ],
            [
              77.210485,
              28.612546
            ]
          ]
        ]
      },
      "properties": {
        "parcel_id": "P-0270",
        "numeric_id": 270,
        "area_sqm": 5.51,
        "area_hectares": 0.0006,
        "area_acres": 0.0014,
        "area_gaj": 6.59,
        "perimeter_m": 10.95,
        "compactness": 0.577,
        "builtup_area_sqm": 0.0,
        "builtup_pct": 0.0,
        "building_count": 0,
        "land_use": "Vacant / Open Plot",
        "confidence": 0.87,
        "verification_status": "Pending Review",
        "centroid_px": [
          1813.5,
          1898.2
        ],
        "centroid_geo": [
          77.210485,
          28.612536
        ],
        "feature_type": "parcel"
      }
    },
    {
      "type": "Feature",
      "id": "P-0211",
      "geometry": {
        "type": "Polygon",
        "coordinates": [
          [
            [
              77.209269,
              28.612804
            ],
            [
              77.209264,
              28.612803
            ],
            [
              77.209252,
              28.612803
            ],
            [
              77.209252,
              28.612799
            ],
            [
              77.209245,
              28.612793
            ],
            [
              77.209237,
              28.612793
            ],
            [
              77.209231,
              28.612788
            ],
            [
              77.209269,
              28.612788
            ],
            [
              77.209275,
              28.612784
            ],
            [
              77.209292,
              28.612784
            ],
            [
              77.209292,
              28.612788
            ],
            [
              77.20929,
              28.612786
            ],
            [
              77.209281,
              28.612786
            ],
            [
              77.209269,
              28.612799
            ],
            [
              77.209269,
              28.612804
            ]
          ]
        ]
      },
      "properties": {
        "parcel_id": "P-0211",
        "numeric_id": 211,
        "area_sqm": 5.32,
        "area_hectares": 0.0005,
        "area_acres": 0.0013,
        "area_gaj": 6.36,
        "perimeter_m": 14.88,
        "compactness": 0.302,
        "builtup_area_sqm": 0.0,
        "builtup_pct": 0.0,
        "building_count": 0,
        "land_use": "Vacant / Open Plot",
        "confidence": 0.81,
        "verification_status": "Pending Review",
        "centroid_px": [
          317.7,
          1540.9
        ],
        "centroid_geo": [
          77.20926,
          28.612793
        ],
        "feature_type": "parcel"
      }
    },
    {
      "type": "Feature",
      "id": "P-0521",
      "geometry": {
        "type": "Polygon",
        "coordinates": [
          [
            [
              77.211414,
              28.61131
            ],
            [
              77.211414,
              28.611284
            ],
            [
              77.211405,
              28.611278
            ],
            [
              77.211405,
              28.611267
            ],
            [
              77.211407,
              28.611265
            ],
            [
              77.211407,
              28.611252
            ],
            [
              77.21142,
              28.61125
            ],
            [
              77.211422,
              28.611256
            ],
            [
              77.211418,
              28.611271
            ],
            [
              77.211418,
              28.611298
            ],
            [
              77.211416,
              28.6113
            ],
            [
              77.211416,
              28.61131
            ],
            [
              77.211414,
              28.61131
            ]
          ]
        ]
      },
      "properties": {
        "parcel_id": "P-0521",
        "numeric_id": 521,
        "area_sqm": 5.36,
        "area_hectares": 0.0005,
        "area_acres": 0.0013,
        "area_gaj": 6.41,
        "perimeter_m": 15.16,
        "compactness": 0.293,
        "builtup_area_sqm": 0.0,
        "builtup_pct": 0.0,
        "building_count": 0,
        "land_use": "Vacant / Open Plot",
        "confidence": 0.81,
        "verification_status": "Pending Review",
        "centroid_px": [
          2948.2,
          3658.0
        ],
        "centroid_geo": [
          77.211413,
          28.611271
        ],
        "feature_type": "parcel"
      }
    },
    {
      "type": "Feature",
      "id": "P-0428",
      "geometry": {
        "type": "Polygon",
        "coordinates": [
          [
            [
              77.210047,
              28.611744
            ],
            [
              77.210045,
              28.611738
            ],
            [
              77.210045,
              28.611662
            ],
            [
              77.210058,
              28.611675
            ],
            [
              77.210051,
              28.611681
            ],
            [
              77.210051,
              28.611729
            ],
            [
              77.210047,
              28.611744
            ]
          ]
        ]
      },
      "properties": {
        "parcel_id": "P-0428",
        "numeric_id": 428,
        "area_sqm": 5.43,
        "area_hectares": 0.0005,
        "area_acres": 0.0013,
        "area_gaj": 6.49,
        "perimeter_m": 18.99,
        "compactness": 0.189,
        "builtup_area_sqm": 0.0,
        "builtup_pct": 0.0,
        "building_count": 0,
        "land_use": "Vacant / Open Plot",
        "confidence": 0.79,
        "verification_status": "Pending Review",
        "centroid_px": [
          1280.7,
          3061.4
        ],
        "centroid_geo": [
          77.210048,
          28.6117
        ],
        "feature_type": "parcel"
      }
    },
    {
      "type": "Feature",
      "id": "P-0571",
      "geometry": {
        "type": "Polygon",
        "coordinates": [
          [
            [
              77.209025,
              28.611079
            ],
            [
              77.209023,
              28.611077
            ],
            [
              77.209011,
              28.611077
            ],
            [
              77.209011,
              28.611064
            ],
            [
              77.209008,
              28.611063
            ],
            [
              77.209011,
              28.611059
            ],
            [
              77.209032,
              28.611059
            ],
            [
              77.209032,
              28.611064
            ],
            [
              77.209038,
              28.61107
            ],
            [
              77.209038,
              28.611079
            ],
            [
              77.209025,
              28.611079
            ]
          ]
        ]
      },
      "properties": {
        "parcel_id": "P-0571",
        "numeric_id": 571,
        "area_sqm": 5.32,
        "area_hectares": 0.0005,
        "area_acres": 0.0013,
        "area_gaj": 6.36,
        "perimeter_m": 9.57,
        "compactness": 0.73,
        "builtup_area_sqm": 0.0,
        "builtup_pct": 0.0,
        "building_count": 0,
        "land_use": "Vacant / Open Plot",
        "confidence": 0.9,
        "verification_status": "Pending Review",
        "centroid_px": [
          28.5,
          3939.2
        ],
        "centroid_geo": [
          77.209023,
          28.611069
        ],
        "feature_type": "parcel"
      }
    },
    {
      "type": "Feature",
      "id": "P-0004",
      "geometry": {
        "type": "Polygon",
        "coordinates": [
          [
            [
              77.210053,
              28.613898
            ],
            [
              77.210053,
              28.613893
            ],
            [
              77.210062,
              28.613885
            ],
            [
              77.210062,
              28.613876
            ],
            [
              77.21007,
              28.613868
            ],
            [
              77.21007,
              28.613859
            ],
            [
              77.210077,
              28.613854
            ],
            [
              77.210079,
              28.613848
            ],
            [
              77.210087,
              28.613848
            ],
            [
              77.210087,
              28.613852
            ],
            [
              77.210079,
              28.613861
            ],
            [
              77.210079,
              28.613868
            ],
            [
              77.210072,
              28.613874
            ],
            [
              77.210072,
              28.613885
            ],
            [
              77.210075,
              28.613887
            ],
            [
              77.21007,
              28.613887
            ],
            [
              77.210064,
              28.613893
            ],
            [
              77.210064,
              28.613898
            ],
            [
              77.210053,
              28.613898
            ]
          ]
        ]
      },
      "properties": {
        "parcel_id": "P-0004",
        "numeric_id": 4,
        "area_sqm": 5.32,
        "area_hectares": 0.0005,
        "area_acres": 0.0013,
        "area_gaj": 6.36,
        "perimeter_m": 15.3,
        "compactness": 0.286,
        "builtup_area_sqm": 0.0,
        "builtup_pct": 0.0,
        "building_count": 0,
        "land_use": "Vacant / Open Plot",
        "confidence": 0.81,
        "verification_status": "Pending Review",
        "centroid_px": [
          1307.0,
          36.0
        ],
        "centroid_geo": [
          77.21007,
          28.613874
        ],
        "feature_type": "parcel"
      }
    },
    {
      "type": "Feature",
      "id": "P-0335",
      "geometry": {
        "type": "Polygon",
        "coordinates": [
          [
            [
              77.211301,
              28.612231
            ],
            [
              77.211289,
              28.612219
            ],
            [
              77.21128,
              28.612219
            ],
            [
              77.21128,
              28.612218
            ],
            [
              77.211289,
              28.612218
            ],
            [
              77.211306,
              28.612205
            ],
            [
              77.211308,
              28.612192
            ],
            [
              77.211312,
              28.612188
            ],
            [
              77.211314,
              28.612218
            ],
            [
              77.211306,
              28.612223
            ],
            [
              77.211306,
              28.612227
            ],
            [
              77.211301,
              28.612231
            ]
          ]
        ]
      },
      "properties": {
        "parcel_id": "P-0335",
        "numeric_id": 335,
        "area_sqm": 5.23,
        "area_hectares": 0.0005,
        "area_acres": 0.0013,
        "area_gaj": 6.26,
        "perimeter_m": 13.2,
        "compactness": 0.377,
        "builtup_area_sqm": 0.0,
        "builtup_pct": 0.0,
        "building_count": 0,
        "land_use": "Vacant / Open Plot",
        "confidence": 0.83,
        "verification_status": "Pending Review",
        "centroid_px": [
          2813.8,
          2347.2
        ],
        "centroid_geo": [
          77.211303,
          28.612213
        ],
        "feature_type": "parcel"
      }
    },
    {
      "type": "Feature",
      "id": "P-0196",
      "geometry": {
        "type": "Polygon",
        "coordinates": [
          [
            [
              77.212014,
              28.61291
            ],
            [
              77.212012,
              28.612873
            ],
            [
              77.212016,
              28.612877
            ],
            [
              77.212025,
              28.612877
            ],
            [
              77.212029,
              28.612873
            ],
            [
              77.212035,
              28.612873
            ],
            [
              77.212021,
              28.612886
            ],
            [
              77.212021,
              28.612894
            ],
            [
              77.212027,
              28.612899
            ],
            [
              77.212031,
              28.612899
            ],
            [
              77.212031,
              28.61291
            ],
            [
              77.212014,
              28.61291
            ]
          ]
        ]
      },
      "properties": {
        "parcel_id": "P-0196",
        "numeric_id": 196,
        "area_sqm": 5.0,
        "area_hectares": 0.0005,
        "area_acres": 0.0012,
        "area_gaj": 5.98,
        "perimeter_m": 13.81,
        "compactness": 0.329,
        "builtup_area_sqm": 0.0,
        "builtup_pct": 0.0,
        "building_count": 0,
        "land_use": "Vacant / Open Plot",
        "confidence": 0.82,
        "verification_status": "Pending Review",
        "centroid_px": [
          3690.2,
          1400.6
        ],
        "centroid_geo": [
          77.212021,
          28.612893
        ],
        "feature_type": "parcel"
      }
    },
    {
      "type": "Feature",
      "id": "P-0052",
      "geometry": {
        "type": "Polygon",
        "coordinates": [
          [
            [
              77.209869,
              28.61364
            ],
            [
              77.209865,
              28.613636
            ],
            [
              77.209857,
              28.613636
            ],
            [
              77.209855,
              28.613638
            ],
            [
              77.209852,
              28.613636
            ],
            [
              77.209852,
              28.613627
            ],
            [
              77.209861,
              28.613623
            ],
            [
              77.20988,
              28.613623
            ],
            [
              77.209884,
              28.613621
            ],
            [
              77.209884,
              28.61364
            ],
            [
              77.209869,
              28.61364
            ]
          ]
        ]
      },
      "properties": {
        "parcel_id": "P-0052",
        "numeric_id": 52,
        "area_sqm": 5.09,
        "area_hectares": 0.0005,
        "area_acres": 0.0013,
        "area_gaj": 6.08,
        "perimeter_m": 9.79,
        "compactness": 0.667,
        "builtup_area_sqm": 0.0,
        "builtup_pct": 0.0,
        "building_count": 0,
        "land_use": "Vacant / Open Plot",
        "confidence": 0.88,
        "verification_status": "Pending Review",
        "centroid_px": [
          1062.5,
          374.2
        ],
        "centroid_geo": [
          77.20987,
          28.613631
        ],
        "feature_type": "parcel"
      }
    },
    {
      "type": "Feature",
      "id": "P-0069",
      "geometry": {
        "type": "Polygon",
        "coordinates": [
          [
            [
              77.212029,
              28.613529
            ],
            [
              77.212027,
              28.613504
            ],
            [
              77.212029,
              28.613503
            ],
            [
              77.212059,
              28.613501
            ],
            [
              77.212055,
              28.61351
            ],
            [
              77.212044,
              28.613519
            ],
            [
              77.212038,
              28.613519
            ],
            [
              77.212029,
              28.613529
            ]
          ]
        ]
      },
      "properties": {
        "parcel_id": "P-0069",
        "numeric_id": 69,
        "area_sqm": 5.23,
        "area_hectares": 0.0005,
        "area_acres": 0.0013,
        "area_gaj": 6.26,
        "perimeter_m": 10.41,
        "compactness": 0.607,
        "builtup_area_sqm": 0.0,
        "builtup_pct": 0.0,
        "building_count": 0,
        "land_use": "Vacant / Open Plot",
        "confidence": 0.87,
        "verification_status": "Pending Review",
        "centroid_px": [
          3713.6,
          541.6
        ],
        "centroid_geo": [
          77.21204,
          28.613511
        ],
        "feature_type": "parcel"
      }
    },
    {
      "type": "Feature",
      "id": "P-0542",
      "geometry": {
        "type": "Polygon",
        "coordinates": [
          [
            [
              77.211342,
              28.611224
            ],
            [
              77.211333,
              28.611215
            ],
            [
              77.211329,
              28.611215
            ],
            [
              77.211335,
              28.611209
            ],
            [
              77.211335,
              28.6112
            ],
            [
              77.211333,
              28.611198
            ],
            [
              77.211352,
              28.611198
            ],
            [
              77.211356,
              28.611196
            ],
            [
              77.211367,
              28.6112
            ],
            [
              77.211367,
              28.611207
            ],
            [
              77.211356,
              28.611207
            ],
            [
              77.211352,
              28.611211
            ],
            [
              77.211348,
              28.611211
            ],
            [
              77.211342,
              28.611217
            ],
            [
              77.211342,
              28.611224
            ]
          ]
        ]
      },
      "properties": {
        "parcel_id": "P-0542",
        "numeric_id": 542,
        "area_sqm": 5.11,
        "area_hectares": 0.0005,
        "area_acres": 0.0013,
        "area_gaj": 6.11,
        "perimeter_m": 11.94,
        "compactness": 0.45,
        "builtup_area_sqm": 0.0,
        "builtup_pct": 0.0,
        "building_count": 0,
        "land_use": "Vacant / Open Plot",
        "confidence": 0.84,
        "verification_status": "Pending Review",
        "centroid_px": [
          2867.6,
          3748.4
        ],
        "centroid_geo": [
          77.211348,
          28.611206
        ],
        "feature_type": "parcel"
      }
    },
    {
      "type": "Feature",
      "id": "P-0104",
      "geometry": {
        "type": "Polygon",
        "coordinates": [
          [
            [
              77.210415,
              28.61336
            ],
            [
              77.210407,
              28.613354
            ],
            [
              77.210407,
              28.613348
            ],
            [
              77.2104,
              28.613343
            ],
            [
              77.210409,
              28.613347
            ],
            [
              77.21043,
              28.613347
            ],
            [
              77.210441,
              28.613341
            ],
            [
              77.210449,
              28.613347
            ],
            [
              77.210434,
              28.613358
            ],
            [
              77.210415,
              28.61336
            ]
          ]
        ]
      },
      "properties": {
        "parcel_id": "P-0104",
        "numeric_id": 104,
        "area_sqm": 5.02,
        "area_hectares": 0.0005,
        "area_acres": 0.0012,
        "area_gaj": 6.01,
        "perimeter_m": 11.54,
        "compactness": 0.474,
        "builtup_area_sqm": 0.0,
        "builtup_pct": 0.0,
        "building_count": 0,
        "land_use": "Vacant / Open Plot",
        "confidence": 0.84,
        "verification_status": "Pending Review",
        "centroid_px": [
          1741.9,
          763.9
        ],
        "centroid_geo": [
          77.210426,
          28.613351
        ],
        "feature_type": "parcel"
      }
    },
    {
      "type": "Feature",
      "id": "P-0044",
      "geometry": {
        "type": "Polygon",
        "coordinates": [
          [
            [
              77.210506,
              28.613686
            ],
            [
              77.210504,
              28.613649
            ],
            [
              77.21051,
              28.613647
            ],
            [
              77.210517,
              28.613653
            ],
            [
              77.210525,
              28.613653
            ],
            [
              77.210529,
              28.613659
            ],
            [
              77.210523,
              28.61366
            ],
            [
              77.210517,
              28.613666
            ],
            [
              77.210512,
              28.613673
            ],
            [
              77.210512,
              28.613681
            ],
            [
              77.210506,
              28.613686
            ]
          ]
        ]
      },
      "properties": {
        "parcel_id": "P-0044",
        "numeric_id": 44,
        "area_sqm": 4.76,
        "area_hectares": 0.0005,
        "area_acres": 0.0012,
        "area_gaj": 5.7,
        "perimeter_m": 11.4,
        "compactness": 0.461,
        "builtup_area_sqm": 0.0,
        "builtup_pct": 0.0,
        "building_count": 0,
        "land_use": "Vacant / Open Plot",
        "confidence": 0.84,
        "verification_status": "Pending Review",
        "centroid_px": [
          1847.5,
          330.0
        ],
        "centroid_geo": [
          77.210512,
          28.613663
        ],
        "feature_type": "parcel"
      }
    },
    {
      "type": "Feature",
      "id": "P-0090",
      "geometry": {
        "type": "Polygon",
        "coordinates": [
          [
            [
              77.209002,
              28.613445
            ],
            [
              77.209002,
              28.613408
            ],
            [
              77.209008,
              28.613408
            ],
            [
              77.209013,
              28.613404
            ],
            [
              77.209015,
              28.613412
            ],
            [
              77.209015,
              28.613443
            ],
            [
              77.209002,
              28.613445
            ]
          ]
        ]
      },
      "properties": {
        "parcel_id": "P-0090",
        "numeric_id": 90,
        "area_sqm": 5.09,
        "area_hectares": 0.0005,
        "area_acres": 0.0013,
        "area_gaj": 6.08,
        "perimeter_m": 10.96,
        "compactness": 0.532,
        "builtup_area_sqm": 0.43,
        "builtup_pct": 8.4,
        "building_count": 1,
        "land_use": "Mixed Use",
        "confidence": 0.86,
        "verification_status": "Pending Review",
        "centroid_px": [
          10.3,
          660.0
        ],
        "centroid_geo": [
          77.209008,
          28.613426
        ],
        "feature_type": "parcel"
      }
    },
    {
      "type": "Feature",
      "id": "P-0411",
      "geometry": {
        "type": "Polygon",
        "coordinates": [
          [
            [
              77.21025,
              28.611824
            ],
            [
              77.21025,
              28.611818
            ],
            [
              77.210244,
              28.611813
            ],
            [
              77.210244,
              28.6118
            ],
            [
              77.210248,
              28.611796
            ],
            [
              77.21025,
              28.611796
            ],
            [
              77.21025,
              28.611802
            ],
            [
              77.210261,
              28.611811
            ],
            [
              77.21028,
              28.611813
            ],
            [
              77.21028,
              28.61182
            ],
            [
              77.210252,
              28.611822
            ],
            [
              77.21025,
              28.611824
            ]
          ]
        ]
      },
      "properties": {
        "parcel_id": "P-0411",
        "numeric_id": 411,
        "area_sqm": 4.94,
        "area_hectares": 0.0005,
        "area_acres": 0.0012,
        "area_gaj": 5.9,
        "perimeter_m": 11.5,
        "compactness": 0.469,
        "builtup_area_sqm": 0.0,
        "builtup_pct": 0.0,
        "building_count": 0,
        "land_use": "Vacant / Open Plot",
        "confidence": 0.84,
        "verification_status": "Pending Review",
        "centroid_px": [
          1537.3,
          2904.2
        ],
        "centroid_geo": [
          77.210259,
          28.611813
        ],
        "feature_type": "parcel"
      }
    },
    {
      "type": "Feature",
      "id": "P-0554",
      "geometry": {
        "type": "Polygon",
        "coordinates": [
          [
            [
              77.209622,
              28.611194
            ],
            [
              77.209622,
              28.611187
            ],
            [
              77.209711,
              28.611187
            ],
            [
              77.209709,
              28.611191
            ],
            [
              77.209696,
              28.611194
            ],
            [
              77.209685,
              28.611191
            ],
            [
              77.209671,
              28.611191
            ],
            [
              77.20966,
              28.611194
            ],
            [
              77.209628,
              28.611191
            ],
            [
              77.209622,
              28.611194
            ]
          ]
        ]
      },
      "properties": {
        "parcel_id": "P-0554",
        "numeric_id": 554,
        "area_sqm": 5.0,
        "area_hectares": 0.0005,
        "area_acres": 0.0012,
        "area_gaj": 5.98,
        "perimeter_m": 18.83,
        "compactness": 0.177,
        "builtup_area_sqm": 0.0,
        "builtup_pct": 0.0,
        "building_count": 0,
        "land_use": "Vacant / Open Plot",
        "confidence": 0.79,
        "verification_status": "Pending Review",
        "centroid_px": [
          812.9,
          3771.4
        ],
        "centroid_geo": [
          77.209665,
          28.61119
        ],
        "feature_type": "parcel"
      }
    },
    {
      "type": "Feature",
      "id": "P-0568",
      "geometry": {
        "type": "Polygon",
        "coordinates": [
          [
            [
              77.21054,
              28.611102
            ],
            [
              77.210529,
              28.611092
            ],
            [
              77.210531,
              28.611077
            ],
            [
              77.210525,
              28.61107
            ],
            [
              77.210527,
              28.611068
            ],
            [
              77.210527,
              28.611059
            ],
            [
              77.21054,
              28.611059
            ],
            [
              77.21054,
              28.611066
            ],
            [
              77.210546,
              28.611072
            ],
            [
              77.210544,
              28.611079
            ],
            [
              77.210538,
              28.611087
            ],
            [
              77.21054,
              28.611102
            ]
          ]
        ]
      },
      "properties": {
        "parcel_id": "P-0568",
        "numeric_id": 568,
        "area_sqm": 5.11,
        "area_hectares": 0.0005,
        "area_acres": 0.0013,
        "area_gaj": 6.11,
        "perimeter_m": 11.98,
        "compactness": 0.447,
        "builtup_area_sqm": 0.0,
        "builtup_pct": 0.0,
        "building_count": 0,
        "land_use": "Vacant / Open Plot",
        "confidence": 0.84,
        "verification_status": "Pending Review",
        "centroid_px": [
          1875.6,
          3929.6
        ],
        "centroid_geo": [
          77.210535,
          28.611076
        ],
        "feature_type": "parcel"
      }
    },
    {
      "type": "Feature",
      "id": "P-0158",
      "geometry": {
        "type": "Polygon",
        "coordinates": [
          [
            [
              77.210984,
              28.613144
            ],
            [
              77.210978,
              28.613142
            ],
            [
              77.21098,
              28.613139
            ],
            [
              77.210978,
              28.613114
            ],
            [
              77.210986,
              28.613107
            ],
            [
              77.210993,
              28.613114
            ],
            [
              77.210984,
              28.61312
            ],
            [
              77.210984,
              28.613133
            ],
            [
              77.210991,
              28.613139
            ],
            [
              77.211005,
              28.613139
            ],
            [
              77.211012,
              28.613133
            ],
            [
              77.211012,
              28.613129
            ],
            [
              77.211022,
              28.613137
            ],
            [
              77.211022,
              28.613144
            ],
            [
              77.211016,
              28.61314
            ],
            [
              77.211003,
              28.61314
            ],
            [
              77.210999,
              28.613144
            ],
            [
              77.210997,
              28.613142
            ],
            [
              77.210986,
              28.613142
            ],
            [
              77.210984,
              28.613144
            ]
          ]
        ]
      },
      "properties": {
        "parcel_id": "P-0158",
        "numeric_id": 158,
        "area_sqm": 4.87,
        "area_hectares": 0.0005,
        "area_acres": 0.0012,
        "area_gaj": 5.83,
        "perimeter_m": 18.45,
        "compactness": 0.18,
        "builtup_area_sqm": 0.0,
        "builtup_pct": 0.0,
        "building_count": 0,
        "land_use": "Vacant / Open Plot",
        "confidence": 0.79,
        "verification_status": "Pending Review",
        "centroid_px": [
          2435.3,
          1070.6
        ],
        "centroid_geo": [
          77.210994,
          28.613131
        ],
        "feature_type": "parcel"
      }
    },
    {
      "type": "Feature",
      "id": "P-0567",
      "geometry": {
        "type": "Polygon",
        "coordinates": [
          [
            [
              77.210115,
              28.611103
            ],
            [
              77.210113,
              28.61107
            ],
            [
              77.210111,
              28.611066
            ],
            [
              77.210113,
              28.611059
            ],
            [
              77.210119,
              28.611055
            ],
            [
              77.210125,
              28.611059
            ],
            [
              77.210123,
              28.611061
            ],
            [
              77.210125,
              28.611077
            ],
            [
              77.210121,
              28.611081
            ],
            [
              77.210121,
              28.6111
            ],
            [
              77.210125,
              28.611103
            ],
            [
              77.210115,
              28.611103
            ]
          ]
        ]
      },
      "properties": {
        "parcel_id": "P-0567",
        "numeric_id": 567,
        "area_sqm": 4.91,
        "area_hectares": 0.0005,
        "area_acres": 0.0012,
        "area_gaj": 5.88,
        "perimeter_m": 12.97,
        "compactness": 0.367,
        "builtup_area_sqm": 0.0,
        "builtup_pct": 0.0,
        "building_count": 0,
        "land_use": "Vacant / Open Plot",
        "confidence": 0.82,
        "verification_status": "Pending Review",
        "centroid_px": [
          1365.8,
          3927.8
        ],
        "centroid_geo": [
          77.210118,
          28.611077
        ],
        "feature_type": "parcel"
      }
    },
    {
      "type": "Feature",
      "id": "P-0010",
      "geometry": {
        "type": "Polygon",
        "coordinates": [
          [
            [
              77.211189,
              28.613881
            ],
            [
              77.211187,
              28.61388
            ],
            [
              77.211187,
              28.613863
            ],
            [
              77.211181,
              28.613857
            ],
            [
              77.211181,
              28.613854
            ],
            [
              77.211189,
              28.613846
            ],
            [
              77.211194,
              28.61385
            ],
            [
              77.211194,
              28.613855
            ],
            [
              77.211202,
              28.613863
            ],
            [
              77.211202,
              28.613874
            ],
            [
              77.211208,
              28.61388
            ],
            [
              77.211208,
              28.613881
            ],
            [
              77.211206,
              28.61388
            ],
            [
              77.211189,
              28.613881
            ]
          ]
        ]
      },
      "properties": {
        "parcel_id": "P-0010",
        "numeric_id": 10,
        "area_sqm": 5.13,
        "area_hectares": 0.0005,
        "area_acres": 0.0013,
        "area_gaj": 6.13,
        "perimeter_m": 11.27,
        "compactness": 0.507,
        "builtup_area_sqm": 0.0,
        "builtup_pct": 0.0,
        "building_count": 0,
        "land_use": "Vacant / Open Plot",
        "confidence": 0.85,
        "verification_status": "Pending Review",
        "centroid_px": [
          2678.9,
          47.5
        ],
        "centroid_geo": [
          77.211193,
          28.613866
        ],
        "feature_type": "parcel"
      }
    },
    {
      "type": "Feature",
      "id": "P-0268",
      "geometry": {
        "type": "Polygon",
        "coordinates": [
          [
            [
              77.209829,
              28.612563
            ],
            [
              77.209823,
              28.612559
            ],
            [
              77.209814,
              28.612557
            ],
            [
              77.209814,
              28.61255
            ],
            [
              77.209817,
              28.612548
            ],
            [
              77.209817,
              28.612539
            ],
            [
              77.209814,
              28.612537
            ],
            [
              77.209836,
              28.612533
            ],
            [
              77.209838,
              28.612535
            ],
            [
              77.209838,
              28.612544
            ],
            [
              77.209829,
              28.612552
            ],
            [
              77.209829,
              28.612563
            ]
          ]
        ]
      },
      "properties": {
        "parcel_id": "P-0268",
        "numeric_id": 268,
        "area_sqm": 4.89,
        "area_hectares": 0.0005,
        "area_acres": 0.0012,
        "area_gaj": 5.85,
        "perimeter_m": 9.89,
        "compactness": 0.629,
        "builtup_area_sqm": 0.0,
        "builtup_pct": 0.0,
        "building_count": 0,
        "land_use": "Vacant / Open Plot",
        "confidence": 0.88,
        "verification_status": "Pending Review",
        "centroid_px": [
          1008.4,
          1883.9
        ],
        "centroid_geo": [
          77.209825,
          28.612546
        ],
        "feature_type": "parcel"
      }
    },
    {
      "type": "Feature",
      "id": "P-0507",
      "geometry": {
        "type": "Polygon",
        "coordinates": [
          [
            [
              77.211007,
              28.611402
            ],
            [
              77.211007,
              28.611384
            ],
            [
              77.211005,
              28.611382
            ],
            [
              77.211043,
              28.611382
            ],
            [
              77.211046,
              28.61138
            ],
            [
              77.211046,
              28.611397
            ],
            [
              77.211035,
              28.611389
            ],
            [
              77.211026,
              28.611389
            ],
            [
              77.211007,
              28.611402
            ]
          ]
        ]
      },
      "properties": {
        "parcel_id": "P-0507",
        "numeric_id": 507,
        "area_sqm": 4.89,
        "area_hectares": 0.0005,
        "area_acres": 0.0012,
        "area_gaj": 5.85,
        "perimeter_m": 12.74,
        "compactness": 0.379,
        "builtup_area_sqm": 0.0,
        "builtup_pct": 0.0,
        "building_count": 0,
        "land_use": "Vacant / Open Plot",
        "confidence": 0.83,
        "verification_status": "Pending Review",
        "centroid_px": [
          2472.8,
          3494.9
        ],
        "centroid_geo": [
          77.211024,
          28.611388
        ],
        "feature_type": "parcel"
      }
    },
    {
      "type": "Feature",
      "id": "P-0068",
      "geometry": {
        "type": "Polygon",
        "coordinates": [
          [
            [
              77.211024,
              28.613545
            ],
            [
              77.211022,
              28.613543
            ],
            [
              77.211029,
              28.613538
            ],
            [
              77.211029,
              28.613529
            ],
            [
              77.211026,
              28.613527
            ],
            [
              77.211029,
              28.613516
            ],
            [
              77.211039,
              28.613516
            ],
            [
              77.211046,
              28.61351
            ],
            [
              77.211046,
              28.613501
            ],
            [
              77.211041,
              28.613497
            ],
            [
              77.211046,
              28.613497
            ],
            [
              77.21105,
              28.613493
            ],
            [
              77.211052,
              28.613495
            ],
            [
              77.21105,
              28.613506
            ],
            [
              77.211054,
              28.613512
            ],
            [
              77.21105,
              28.613517
            ],
            [
              77.211046,
              28.613517
            ],
            [
              77.211039,
              28.613523
            ],
            [
              77.211039,
              28.613532
            ],
            [
              77.211041,
              28.613534
            ],
            [
              77.211033,
              28.613538
            ],
            [
              77.211024,
              28.613545
            ]
          ]
        ]
      },
      "properties": {
        "parcel_id": "P-0068",
        "numeric_id": 68,
        "area_sqm": 4.98,
        "area_hectares": 0.0005,
        "area_acres": 0.0012,
        "area_gaj": 5.95,
        "perimeter_m": 16.03,
        "compactness": 0.243,
        "builtup_area_sqm": 0.0,
        "builtup_pct": 0.0,
        "building_count": 0,
        "land_use": "Vacant / Open Plot",
        "confidence": 0.8,
        "verification_status": "Pending Review",
        "centroid_px": [
          2490.2,
          528.8
        ],
        "centroid_geo": [
          77.211039,
          28.61352
        ],
        "feature_type": "parcel"
      }
    },
    {
      "type": "Feature",
      "id": "P-0374",
      "geometry": {
        "type": "Polygon",
        "coordinates": [
          [
            [
              77.209201,
              28.612026
            ],
            [
              77.209199,
              28.612024
            ],
            [
              77.209188,
              28.612024
            ],
            [
              77.209192,
              28.612019
            ],
            [
              77.209192,
              28.612006
            ],
            [
              77.209184,
              28.612
            ],
            [
              77.209184,
              28.611995
            ],
            [
              77.209176,
              28.611987
            ],
            [
              77.209176,
              28.61198
            ],
            [
              77.209182,
              28.61198
            ],
            [
              77.209188,
              28.611987
            ],
            [
              77.209197,
              28.611987
            ],
            [
              77.209197,
              28.612008
            ],
            [
              77.209199,
              28.61201
            ],
            [
              77.209201,
              28.612026
            ]
          ]
        ]
      },
      "properties": {
        "parcel_id": "P-0374",
        "numeric_id": 374,
        "area_sqm": 4.94,
        "area_hectares": 0.0005,
        "area_acres": 0.0012,
        "area_gaj": 5.9,
        "perimeter_m": 14.09,
        "compactness": 0.313,
        "builtup_area_sqm": 0.0,
        "builtup_pct": 0.0,
        "building_count": 0,
        "land_use": "Vacant / Open Plot",
        "confidence": 0.81,
        "verification_status": "Pending Review",
        "centroid_px": [
          232.1,
          2643.9
        ],
        "centroid_geo": [
          77.20919,
          28.612
        ],
        "feature_type": "parcel"
      }
    },
    {
      "type": "Feature",
      "id": "P-0333",
      "geometry": {
        "type": "Polygon",
        "coordinates": [
          [
            [
              77.209326,
              28.612231
            ],
            [
              77.209334,
              28.612229
            ],
            [
              77.209345,
              28.612218
            ],
            [
              77.209345,
              28.61221
            ],
            [
              77.209341,
              28.612206
            ],
            [
              77.209341,
              28.61219
            ],
            [
              77.209336,
              28.612184
            ],
            [
              77.209343,
              28.612182
            ],
            [
              77.209349,
              28.612177
            ],
            [
              77.209349,
              28.612231
            ],
            [
              77.209326,
              28.612231
            ]
          ]
        ]
      },
      "properties": {
        "parcel_id": "P-0333",
        "numeric_id": 333,
        "area_sqm": 4.7,
        "area_hectares": 0.0005,
        "area_acres": 0.0012,
        "area_gaj": 5.62,
        "perimeter_m": 16.28,
        "compactness": 0.223,
        "builtup_area_sqm": 0.0,
        "builtup_pct": 0.0,
        "building_count": 0,
        "land_use": "Vacant / Open Plot",
        "confidence": 0.79,
        "verification_status": "Pending Review",
        "centroid_px": [
          420.5,
          2357.3
        ],
        "centroid_geo": [
          77.209344,
          28.612206
        ],
        "feature_type": "parcel"
      }
    },
    {
      "type": "Feature",
      "id": "P-0384",
      "geometry": {
        "type": "Polygon",
        "coordinates": [
          [
            [
              77.210811,
              28.611913
            ],
            [
              77.210802,
              28.611906
            ],
            [
              77.210798,
              28.611906
            ],
            [
              77.210796,
              28.611881
            ],
            [
              77.210798,
              28.61188
            ],
            [
              77.210798,
              28.611872
            ],
            [
              77.210802,
              28.611868
            ],
            [
              77.210809,
              28.61187
            ],
            [
              77.210806,
              28.611881
            ],
            [
              77.210811,
              28.611891
            ],
            [
              77.210811,
              28.611913
            ]
          ]
        ]
      },
      "properties": {
        "parcel_id": "P-0384",
        "numeric_id": 384,
        "area_sqm": 4.98,
        "area_hectares": 0.0005,
        "area_acres": 0.0012,
        "area_gaj": 5.95,
        "perimeter_m": 11.49,
        "compactness": 0.474,
        "builtup_area_sqm": 0.0,
        "builtup_pct": 0.0,
        "building_count": 0,
        "land_use": "Vacant / Open Plot",
        "confidence": 0.84,
        "verification_status": "Pending Review",
        "centroid_px": [
          2203.2,
          2796.6
        ],
        "centroid_geo": [
          77.210804,
          28.61189
        ],
        "feature_type": "parcel"
      }
    },
    {
      "type": "Feature",
      "id": "P-0164",
      "geometry": {
        "type": "Polygon",
        "coordinates": [
          [
            [
              77.210682,
              28.613135
            ],
            [
              77.210677,
              28.613131
            ],
            [
              77.21069,
              28.61312
            ],
            [
              77.210692,
              28.613111
            ],
            [
              77.210696,
              28.613114
            ],
            [
              77.210701,
              28.613114
            ],
            [
              77.210709,
              28.613122
            ],
            [
              77.210713,
              28.613122
            ],
            [
              77.210709,
              28.613131
            ],
            [
              77.210699,
              28.613131
            ],
            [
              77.210694,
              28.613135
            ],
            [
              77.210682,
              28.613135
            ]
          ]
        ]
      },
      "properties": {
        "parcel_id": "P-0164",
        "numeric_id": 164,
        "area_sqm": 4.85,
        "area_hectares": 0.0005,
        "area_acres": 0.0012,
        "area_gaj": 5.8,
        "perimeter_m": 9.95,
        "compactness": 0.616,
        "builtup_area_sqm": 0.0,
        "builtup_pct": 0.0,
        "building_count": 0,
        "land_use": "Vacant / Open Plot",
        "confidence": 0.87,
        "verification_status": "Pending Review",
        "centroid_px": [
          2071.5,
          1077.9
        ],
        "centroid_geo": [
          77.210696,
          28.613125
        ],
        "feature_type": "parcel"
      }
    },
    {
      "type": "Feature",
      "id": "P-0329",
      "geometry": {
        "type": "Polygon",
        "coordinates": [
          [
            [
              77.210622,
              28.612264
            ],
            [
              77.210616,
              28.612258
            ],
            [
              77.210603,
              28.612258
            ],
            [
              77.210595,
              28.612257
            ],
            [
              77.210595,
              28.612255
            ],
            [
              77.210625,
              28.612255
            ],
            [
              77.210627,
              28.612257
            ],
            [
              77.210675,
              28.612255
            ],
            [
              77.210671,
              28.612258
            ],
            [
              77.210671,
              28.612262
            ],
            [
              77.210665,
              28.612264
            ],
            [
              77.210658,
              28.612262
            ],
            [
              77.210629,
              28.612262
            ],
            [
              77.210622,
              28.612264
            ]
          ]
        ]
      },
      "properties": {
        "parcel_id": "P-0329",
        "numeric_id": 329,
        "area_sqm": 4.91,
        "area_hectares": 0.0005,
        "area_acres": 0.0012,
        "area_gaj": 5.88,
        "perimeter_m": 16.98,
        "compactness": 0.214,
        "builtup_area_sqm": 0.0,
        "builtup_pct": 0.0,
        "building_count": 0,
        "land_use": "Vacant / Open Plot",
        "confidence": 0.79,
        "verification_status": "Pending Review",
        "centroid_px": [
          2002.2,
          2284.1
        ],
        "centroid_geo": [
          77.210639,
          28.612259
        ],
        "feature_type": "parcel"
      }
    },
    {
      "type": "Feature",
      "id": "P-0146",
      "geometry": {
        "type": "Polygon",
        "coordinates": [
          [
            [
              77.211909,
              28.613224
            ],
            [
              77.211902,
              28.613222
            ],
            [
              77.211883,
              28.613222
            ],
            [
              77.211883,
              28.613218
            ],
            [
              77.211879,
              28.613215
            ],
            [
              77.211883,
              28.613202
            ],
            [
              77.211885,
              28.613204
            ],
            [
              77.211906,
              28.613205
            ],
            [
              77.211904,
              28.613207
            ],
            [
              77.211904,
              28.61322
            ],
            [
              77.211909,
              28.613224
            ]
          ]
        ]
      },
      "properties": {
        "parcel_id": "P-0146",
        "numeric_id": 146,
        "area_sqm": 4.59,
        "area_hectares": 0.0005,
        "area_acres": 0.0011,
        "area_gaj": 5.49,
        "perimeter_m": 9.71,
        "compactness": 0.612,
        "builtup_area_sqm": 0.0,
        "builtup_pct": 0.0,
        "building_count": 0,
        "land_use": "Vacant / Open Plot",
        "confidence": 0.87,
        "verification_status": "Pending Review",
        "centroid_px": [
          3533.7,
          955.7
        ],
        "centroid_geo": [
          77.211893,
          28.613213
        ],
        "feature_type": "parcel"
      }
    },
    {
      "type": "Feature",
      "id": "P-0337",
      "geometry": {
        "type": "Polygon",
        "coordinates": [
          [
            [
              77.210248,
              28.612229
            ],
            [
              77.210248,
              28.612197
            ],
            [
              77.210257,
              28.612192
            ],
            [
              77.210257,
              28.612186
            ],
            [
              77.210263,
              28.612192
            ],
            [
              77.210267,
              28.612192
            ],
            [
              77.210263,
              28.612195
            ],
            [
              77.210263,
              28.612203
            ],
            [
              77.210261,
              28.612205
            ],
            [
              77.210261,
              28.612214
            ],
            [
              77.210263,
              28.612216
            ],
            [
              77.210248,
              28.612229
            ]
          ]
        ]
      },
      "properties": {
        "parcel_id": "P-0337",
        "numeric_id": 337,
        "area_sqm": 4.7,
        "area_hectares": 0.0005,
        "area_acres": 0.0012,
        "area_gaj": 5.62,
        "perimeter_m": 11.53,
        "compactness": 0.444,
        "builtup_area_sqm": 0.0,
        "builtup_pct": 0.0,
        "building_count": 0,
        "land_use": "Vacant / Open Plot",
        "confidence": 0.84,
        "verification_status": "Pending Review",
        "centroid_px": [
          1533.2,
          2356.1
        ],
        "centroid_geo": [
          77.210255,
          28.612207
        ],
        "feature_type": "parcel"
      }
    },
    {
      "type": "Feature",
      "id": "P-0046",
      "geometry": {
        "type": "Polygon",
        "coordinates": [
          [
            [
              77.211312,
              28.613685
            ],
            [
              77.211312,
              28.613651
            ],
            [
              77.211316,
              28.613655
            ],
            [
              77.211325,
              28.613655
            ],
            [
              77.211331,
              28.613649
            ],
            [
              77.211331,
              28.613642
            ],
            [
              77.211335,
              28.613636
            ],
            [
              77.211342,
              28.613636
            ],
            [
              77.211337,
              28.613647
            ],
            [
              77.211329,
              28.613657
            ],
            [
              77.211327,
              28.613664
            ],
            [
              77.211312,
              28.613685
            ]
          ]
        ]
      },
      "properties": {
        "parcel_id": "P-0046",
        "numeric_id": 46,
        "area_sqm": 4.7,
        "area_hectares": 0.0005,
        "area_acres": 0.0012,
        "area_gaj": 5.62,
        "perimeter_m": 14.38,
        "compactness": 0.286,
        "builtup_area_sqm": 0.0,
        "builtup_pct": 0.0,
        "building_count": 0,
        "land_use": "Vacant / Open Plot",
        "confidence": 0.81,
        "verification_status": "Pending Review",
        "centroid_px": [
          2837.6,
          335.0
        ],
        "centroid_geo": [
          77.211323,
          28.613659
        ],
        "feature_type": "parcel"
      }
    },
    {
      "type": "Feature",
      "id": "P-0058",
      "geometry": {
        "type": "Polygon",
        "coordinates": [
          [
            [
              77.21083,
              28.613588
            ],
            [
              77.21083,
              28.613579
            ],
            [
              77.210828,
              28.613577
            ],
            [
              77.210838,
              28.613571
            ],
            [
              77.210847,
              28.613577
            ],
            [
              77.210872,
              28.613575
            ],
            [
              77.210878,
              28.613581
            ],
            [
              77.210876,
              28.613586
            ],
            [
              77.210872,
              28.613582
            ],
            [
              77.210864,
              28.613582
            ],
            [
              77.210861,
              28.613584
            ],
            [
              77.210847,
              28.613584
            ],
            [
              77.21083,
              28.613588
            ]
          ]
        ]
      },
      "properties": {
        "parcel_id": "P-0058",
        "numeric_id": 58,
        "area_sqm": 4.85,
        "area_hectares": 0.0005,
        "area_acres": 0.0012,
        "area_gaj": 5.8,
        "perimeter_m": 12.44,
        "compactness": 0.394,
        "builtup_area_sqm": 0.0,
        "builtup_pct": 0.0,
        "building_count": 0,
        "land_use": "Vacant / Open Plot",
        "confidence": 0.83,
        "verification_status": "Pending Review",
        "centroid_px": [
          2260.2,
          445.3
        ],
        "centroid_geo": [
          77.21085,
          28.61358
        ],
        "feature_type": "parcel"
      }
    },
    {
      "type": "Feature",
      "id": "P-0135",
      "geometry": {
        "type": "Polygon",
        "coordinates": [
          [
            [
              77.209833,
              28.61325
            ],
            [
              77.209829,
              28.613246
            ],
            [
              77.209829,
              28.613233
            ],
            [
              77.209836,
              28.613228
            ],
            [
              77.209838,
              28.61322
            ],
            [
              77.209859,
              28.613215
            ],
            [
              77.209863,
              28.613218
            ],
            [
              77.209863,
              28.613224
            ],
            [
              77.209859,
              28.613228
            ],
            [
              77.209857,
              28.613226
            ],
            [
              77.209846,
              28.613226
            ],
            [
              77.20984,
              28.613231
            ],
            [
              77.20984,
              28.613243
            ],
            [
              77.209833,
              28.61325
            ]
          ]
        ]
      },
      "properties": {
        "parcel_id": "P-0135",
        "numeric_id": 135,
        "area_sqm": 4.72,
        "area_hectares": 0.0005,
        "area_acres": 0.0012,
        "area_gaj": 5.65,
        "perimeter_m": 12.19,
        "compactness": 0.4,
        "builtup_area_sqm": 0.0,
        "builtup_pct": 0.0,
        "building_count": 0,
        "land_use": "Vacant / Open Plot",
        "confidence": 0.83,
        "verification_status": "Pending Review",
        "centroid_px": [
          1030.3,
          933.5
        ],
        "centroid_geo": [
          77.209843,
          28.613229
        ],
        "feature_type": "parcel"
      }
    },
    {
      "type": "Feature",
      "id": "P-0286",
      "geometry": {
        "type": "Polygon",
        "coordinates": [
          [
            [
              77.210001,
              28.612448
            ],
            [
              77.209994,
              28.612446
            ],
            [
              77.209996,
              28.612444
            ],
            [
              77.209996,
              28.612437
            ],
            [
              77.209992,
              28.612433
            ],
            [
              77.210037,
              28.612433
            ],
            [
              77.210039,
              28.612431
            ],
            [
              77.210045,
              28.612433
            ],
            [
              77.210043,
              28.612437
            ],
            [
              77.210028,
              28.612439
            ],
            [
              77.21002,
              28.612446
            ],
            [
              77.210015,
              28.612442
            ],
            [
              77.210007,
              28.612442
            ],
            [
              77.210001,
              28.612448
            ]
          ]
        ]
      },
      "properties": {
        "parcel_id": "P-0286",
        "numeric_id": 286,
        "area_sqm": 4.7,
        "area_hectares": 0.0005,
        "area_acres": 0.0012,
        "area_gaj": 5.62,
        "perimeter_m": 13.03,
        "compactness": 0.348,
        "builtup_area_sqm": 0.0,
        "builtup_pct": 0.0,
        "building_count": 0,
        "land_use": "Vacant / Open Plot",
        "confidence": 0.82,
        "verification_status": "Pending Review",
        "centroid_px": [
          1240.0,
          2034.5
        ],
        "centroid_geo": [
          77.210015,
          28.612438
        ],
        "feature_type": "parcel"
      }
    },
    {
      "type": "Feature",
      "id": "P-0492",
      "geometry": {
        "type": "Polygon",
        "coordinates": [
          [
            [
              77.211735,
              28.611466
            ],
            [
              77.211733,
              28.611458
            ],
            [
              77.211722,
              28.611449
            ],
            [
              77.211714,
              28.611436
            ],
            [
              77.211718,
              28.611434
            ],
            [
              77.211725,
              28.61144
            ],
            [
              77.211744,
              28.61144
            ],
            [
              77.211741,
              28.611466
            ],
            [
              77.211735,
              28.611466
            ]
          ]
        ]
      },
      "properties": {
        "parcel_id": "P-0492",
        "numeric_id": 492,
        "area_sqm": 4.87,
        "area_hectares": 0.0005,
        "area_acres": 0.0012,
        "area_gaj": 5.83,
        "perimeter_m": 10.7,
        "compactness": 0.534,
        "builtup_area_sqm": 0.0,
        "builtup_pct": 0.0,
        "building_count": 0,
        "land_use": "Vacant / Open Plot",
        "confidence": 0.86,
        "verification_status": "Pending Review",
        "centroid_px": [
          3337.6,
          3411.4
        ],
        "centroid_geo": [
          77.211732,
          28.611448
        ],
        "feature_type": "parcel"
      }
    },
    {
      "type": "Feature",
      "id": "P-0080",
      "geometry": {
        "type": "Polygon",
        "coordinates": [
          [
            [
              77.209817,
              28.613499
            ],
            [
              77.209806,
              28.613491
            ],
            [
              77.209831,
              28.613465
            ],
            [
              77.209831,
              28.613477
            ],
            [
              77.209827,
              28.613486
            ],
            [
              77.209827,
              28.613497
            ],
            [
              77.209829,
              28.613499
            ],
            [
              77.209817,
              28.613499
            ]
          ]
        ]
      },
      "properties": {
        "parcel_id": "P-0080",
        "numeric_id": 80,
        "area_sqm": 4.42,
        "area_hectares": 0.0004,
        "area_acres": 0.0011,
        "area_gaj": 5.29,
        "perimeter_m": 10.26,
        "compactness": 0.528,
        "builtup_area_sqm": 0.0,
        "builtup_pct": 0.0,
        "building_count": 0,
        "land_use": "Vacant / Open Plot",
        "confidence": 0.86,
        "verification_status": "Pending Review",
        "centroid_px": [
          1002.9,
          576.1
        ],
        "centroid_geo": [
          77.209821,
          28.613486
        ],
        "feature_type": "parcel"
      }
    },
    {
      "type": "Feature",
      "id": "P-0233",
      "geometry": {
        "type": "Polygon",
        "coordinates": [
          [
            [
              77.21013,
              28.612734
            ],
            [
              77.210125,
              28.61273
            ],
            [
              77.210127,
              28.612728
            ],
            [
              77.210127,
              28.612721
            ],
            [
              77.210121,
              28.612712
            ],
            [
              77.210121,
              28.612702
            ],
            [
              77.21013,
              28.612702
            ],
            [
              77.210136,
              28.612697
            ],
            [
              77.210136,
              28.612689
            ],
            [
              77.210132,
              28.612684
            ],
            [
              77.210136,
              28.61268
            ],
            [
              77.210136,
              28.612671
            ],
            [
              77.210134,
              28.612669
            ],
            [
              77.210138,
              28.612667
            ],
            [
              77.210138,
              28.612693
            ],
            [
              77.21014,
              28.612695
            ],
            [
              77.210136,
              28.6127
            ],
            [
              77.210136,
              28.612712
            ],
            [
              77.210132,
              28.612725
            ],
            [
              77.210132,
              28.612732
            ],
            [
              77.210134,
              28.612734
            ],
            [
              77.21013,
              28.612734
            ]
          ]
        ]
      },
      "properties": {
        "parcel_id": "P-0233",
        "numeric_id": 233,
        "area_sqm": 4.4,
        "area_hectares": 0.0004,
        "area_acres": 0.0011,
        "area_gaj": 5.26,
        "perimeter_m": 17.8,
        "compactness": 0.175,
        "builtup_area_sqm": 0.0,
        "builtup_pct": 0.0,
        "building_count": 0,
        "land_use": "Vacant / Open Plot",
        "confidence": 0.78,
        "verification_status": "Pending Review",
        "centroid_px": [
          1381.5,
          1661.1
        ],
        "centroid_geo": [
          77.210131,
          28.612706
        ],
        "feature_type": "parcel"
      }
    },
    {
      "type": "Feature",
      "id": "P-0282",
      "geometry": {
        "type": "Polygon",
        "coordinates": [
          [
            [
              77.211058,
              28.612479
            ],
            [
              77.211048,
              28.612463
            ],
            [
              77.211048,
              28.612444
            ],
            [
              77.211054,
              28.612439
            ],
            [
              77.21106,
              28.612437
            ],
            [
              77.21106,
              28.612478
            ],
            [
              77.211058,
              28.612479
            ]
          ]
        ]
      },
      "properties": {
        "parcel_id": "P-0282",
        "numeric_id": 282,
        "area_sqm": 4.53,
        "area_hectares": 0.0005,
        "area_acres": 0.0011,
        "area_gaj": 5.42,
        "perimeter_m": 10.57,
        "compactness": 0.51,
        "builtup_area_sqm": 0.0,
        "builtup_pct": 0.0,
        "building_count": 0,
        "land_use": "Vacant / Open Plot",
        "confidence": 0.85,
        "verification_status": "Pending Review",
        "centroid_px": [
          2510.0,
          2009.0
        ],
        "centroid_geo": [
          77.211055,
          28.612456
        ],
        "feature_type": "parcel"
      }
    },
    {
      "type": "Feature",
      "id": "P-0519",
      "geometry": {
        "type": "Polygon",
        "coordinates": [
          [
            [
              77.211754,
              28.611323
            ],
            [
              77.211754,
              28.611317
            ],
            [
              77.211771,
              28.611315
            ],
            [
              77.211777,
              28.611308
            ],
            [
              77.211784,
              28.611313
            ],
            [
              77.211794,
              28.611317
            ],
            [
              77.211816,
              28.611315
            ],
            [
              77.211816,
              28.611321
            ],
            [
              77.211754,
              28.611323
            ]
          ]
        ]
      },
      "properties": {
        "parcel_id": "P-0519",
        "numeric_id": 519,
        "area_sqm": 4.53,
        "area_hectares": 0.0005,
        "area_acres": 0.0011,
        "area_gaj": 5.42,
        "perimeter_m": 14.01,
        "compactness": 0.29,
        "builtup_area_sqm": 0.0,
        "builtup_pct": 0.0,
        "building_count": 0,
        "land_use": "Vacant / Open Plot",
        "confidence": 0.81,
        "verification_status": "Pending Review",
        "centroid_px": [
          3399.1,
          3593.1
        ],
        "centroid_geo": [
          77.211783,
          28.611318
        ],
        "feature_type": "parcel"
      }
    },
    {
      "type": "Feature",
      "id": "P-0139",
      "geometry": {
        "type": "Polygon",
        "coordinates": [
          [
            [
              77.212019,
              28.613241
            ],
            [
              77.212014,
              28.613239
            ],
            [
              77.212016,
              28.613237
            ],
            [
              77.212016,
              28.613226
            ],
            [
              77.212023,
              28.613218
            ],
            [
              77.212025,
              28.613211
            ],
            [
              77.212027,
              28.613213
            ],
            [
              77.212046,
              28.613213
            ],
            [
              77.212035,
              28.61322
            ],
            [
              77.212035,
              28.613226
            ],
            [
              77.212025,
              28.613239
            ],
            [
              77.212019,
              28.613241
            ]
          ]
        ]
      },
      "properties": {
        "parcel_id": "P-0139",
        "numeric_id": 139,
        "area_sqm": 4.53,
        "area_hectares": 0.0005,
        "area_acres": 0.0011,
        "area_gaj": 5.42,
        "perimeter_m": 10.41,
        "compactness": 0.525,
        "builtup_area_sqm": 0.0,
        "builtup_pct": 0.0,
        "building_count": 0,
        "land_use": "Vacant / Open Plot",
        "confidence": 0.86,
        "verification_status": "Pending Review",
        "centroid_px": [
          3697.6,
          939.2
        ],
        "centroid_geo": [
          77.212027,
          28.613225
        ],
        "feature_type": "parcel"
      }
    },
    {
      "type": "Feature",
      "id": "P-0534",
      "geometry": {
        "type": "Polygon",
        "coordinates": [
          [
            [
              77.211727,
              28.611276
            ],
            [
              77.211725,
              28.611248
            ],
            [
              77.211744,
              28.611248
            ],
            [
              77.211739,
              28.611256
            ],
            [
              77.211739,
              28.611272
            ],
            [
              77.211733,
              28.611276
            ],
            [
              77.211727,
              28.611276
            ]
          ]
        ]
      },
      "properties": {
        "parcel_id": "P-0534",
        "numeric_id": 534,
        "area_sqm": 4.21,
        "area_hectares": 0.0004,
        "area_acres": 0.001,
        "area_gaj": 5.03,
        "perimeter_m": 9.12,
        "compactness": 0.636,
        "builtup_area_sqm": 0.0,
        "builtup_pct": 0.0,
        "building_count": 0,
        "land_use": "Vacant / Open Plot",
        "confidence": 0.88,
        "verification_status": "Pending Review",
        "centroid_px": [
          3338.1,
          3672.2
        ],
        "centroid_geo": [
          77.211733,
          28.611261
        ],
        "feature_type": "parcel"
      }
    },
    {
      "type": "Feature",
      "id": "P-0287",
      "geometry": {
        "type": "Polygon",
        "coordinates": [
          [
            [
              77.210447,
              28.612446
            ],
            [
              77.210426,
              28.612427
            ],
            [
              77.210422,
              28.612427
            ],
            [
              77.210422,
              28.612424
            ],
            [
              77.210441,
              28.612424
            ],
            [
              77.210443,
              28.612426
            ],
            [
              77.210457,
              28.612424
            ],
            [
              77.210451,
              28.612429
            ],
            [
              77.210451,
              28.612437
            ],
            [
              77.210455,
              28.612446
            ],
            [
              77.210447,
              28.612446
            ]
          ]
        ]
      },
      "properties": {
        "parcel_id": "P-0287",
        "numeric_id": 287,
        "area_sqm": 4.42,
        "area_hectares": 0.0004,
        "area_acres": 0.0011,
        "area_gaj": 5.29,
        "perimeter_m": 11.01,
        "compactness": 0.459,
        "builtup_area_sqm": 0.0,
        "builtup_pct": 0.0,
        "building_count": 0,
        "land_use": "Vacant / Open Plot",
        "confidence": 0.84,
        "verification_status": "Pending Review",
        "centroid_px": [
          1761.0,
          2042.0
        ],
        "centroid_geo": [
          77.210442,
          28.612432
        ],
        "feature_type": "parcel"
      }
    },
    {
      "type": "Feature",
      "id": "P-0200",
      "geometry": {
        "type": "Polygon",
        "coordinates": [
          [
            [
              77.209332,
              28.612819
            ],
            [
              77.209324,
              28.612786
            ],
            [
              77.209319,
              28.612778
            ],
            [
              77.209322,
              28.612751
            ],
            [
              77.209324,
              28.612751
            ],
            [
              77.209324,
              28.612762
            ],
            [
              77.209328,
              28.612771
            ],
            [
              77.20933,
              28.61279
            ],
            [
              77.209338,
              28.612819
            ],
            [
              77.209332,
              28.612819
            ]
          ]
        ]
      },
      "properties": {
        "parcel_id": "P-0200",
        "numeric_id": 200,
        "area_sqm": 4.29,
        "area_hectares": 0.0004,
        "area_acres": 0.0011,
        "area_gaj": 5.14,
        "perimeter_m": 16.51,
        "compactness": 0.198,
        "builtup_area_sqm": 0.0,
        "builtup_pct": 0.0,
        "building_count": 0,
        "land_use": "Vacant / Open Plot",
        "confidence": 0.79,
        "verification_status": "Pending Review",
        "centroid_px": [
          399.9,
          1548.1
        ],
        "centroid_geo": [
          77.209327,
          28.612787
        ],
        "feature_type": "parcel"
      }
    },
    {
      "type": "Feature",
      "id": "P-0501",
      "geometry": {
        "type": "Polygon",
        "coordinates": [
          [
            [
              77.210959,
              28.611423
            ],
            [
              77.210957,
              28.611421
            ],
            [
              77.210944,
              28.611421
            ],
            [
              77.210946,
              28.611414
            ],
            [
              77.210957,
              28.611414
            ],
            [
              77.210963,
              28.611408
            ],
            [
              77.210967,
              28.611399
            ],
            [
              77.210969,
              28.611399
            ],
            [
              77.210971,
              28.611406
            ],
            [
              77.210982,
              28.611415
            ],
            [
              77.210976,
              28.611421
            ],
            [
              77.210961,
              28.611421
            ],
            [
              77.210959,
              28.611423
            ]
          ]
        ]
      },
      "properties": {
        "parcel_id": "P-0501",
        "numeric_id": 501,
        "area_sqm": 4.42,
        "area_hectares": 0.0004,
        "area_acres": 0.0011,
        "area_gaj": 5.29,
        "perimeter_m": 10.55,
        "compactness": 0.5,
        "builtup_area_sqm": 0.0,
        "builtup_pct": 0.0,
        "building_count": 0,
        "land_use": "Vacant / Open Plot",
        "confidence": 0.85,
        "verification_status": "Pending Review",
        "centroid_px": [
          2399.6,
          3459.1
        ],
        "centroid_geo": [
          77.210964,
          28.611414
        ],
        "feature_type": "parcel"
      }
    },
    {
      "type": "Feature",
      "id": "P-0039",
      "geometry": {
        "type": "Polygon",
        "coordinates": [
          [
            [
              77.211348,
              28.613701
            ],
            [
              77.211348,
              28.613694
            ],
            [
              77.211344,
              28.61369
            ],
            [
              77.211352,
              28.613685
            ],
            [
              77.211352,
              28.613677
            ],
            [
              77.211348,
              28.613672
            ],
            [
              77.21135,
              28.613673
            ],
            [
              77.211359,
              28.613673
            ],
            [
              77.211363,
              28.61367
            ],
            [
              77.211367,
              28.613681
            ],
            [
              77.211365,
              28.613686
            ],
            [
              77.211365,
              28.613694
            ],
            [
              77.211367,
              28.613696
            ],
            [
              77.211352,
              28.613698
            ],
            [
              77.211348,
              28.613701
            ]
          ]
        ]
      },
      "properties": {
        "parcel_id": "P-0039",
        "numeric_id": 39,
        "area_sqm": 4.32,
        "area_hectares": 0.0004,
        "area_acres": 0.0011,
        "area_gaj": 5.16,
        "perimeter_m": 10.85,
        "compactness": 0.461,
        "builtup_area_sqm": 0.0,
        "builtup_pct": 0.0,
        "building_count": 0,
        "land_use": "Vacant / Open Plot",
        "confidence": 0.84,
        "verification_status": "Pending Review",
        "centroid_px": [
          2879.3,
          298.0
        ],
        "centroid_geo": [
          77.211357,
          28.613686
        ],
        "feature_type": "parcel"
      }
    },
    {
      "type": "Feature",
      "id": "P-0269",
      "geometry": {
        "type": "Polygon",
        "coordinates": [
          [
            [
              77.210221,
              28.612563
            ],
            [
              77.210214,
              28.612557
            ],
            [
              77.210214,
              28.61255
            ],
            [
              77.21021,
              28.612546
            ],
            [
              77.21021,
              28.612537
            ],
            [
              77.210225,
              28.612539
            ],
            [
              77.210231,
              28.612533
            ],
            [
              77.210237,
              28.612533
            ],
            [
              77.210244,
              28.61253
            ],
            [
              77.210246,
              28.612531
            ],
            [
              77.210221,
              28.612554
            ],
            [
              77.210221,
              28.612563
            ]
          ]
        ]
      },
      "properties": {
        "parcel_id": "P-0269",
        "numeric_id": 269,
        "area_sqm": 4.36,
        "area_hectares": 0.0004,
        "area_acres": 0.0011,
        "area_gaj": 5.21,
        "perimeter_m": 11.86,
        "compactness": 0.389,
        "builtup_area_sqm": 0.0,
        "builtup_pct": 0.0,
        "building_count": 0,
        "land_use": "Vacant / Open Plot",
        "confidence": 0.83,
        "verification_status": "Pending Review",
        "centroid_px": [
          1494.6,
          1887.3
        ],
        "centroid_geo": [
          77.210224,
          28.612544
        ],
        "feature_type": "parcel"
      }
    },
    {
      "type": "Feature",
      "id": "P-0415",
      "geometry": {
        "type": "Polygon",
        "coordinates": [
          [
            [
              77.209613,
              28.611811
            ],
            [
              77.209613,
              28.611789
            ],
            [
              77.209632,
              28.611789
            ],
            [
              77.209635,
              28.61179
            ],
            [
              77.209632,
              28.611809
            ],
            [
              77.20962,
              28.611807
            ],
            [
              77.209613,
              28.611811
            ]
          ]
        ]
      },
      "properties": {
        "parcel_id": "P-0415",
        "numeric_id": 415,
        "area_sqm": 4.34,
        "area_hectares": 0.0004,
        "area_acres": 0.0011,
        "area_gaj": 5.19,
        "perimeter_m": 8.71,
        "compactness": 0.718,
        "builtup_area_sqm": 0.0,
        "builtup_pct": 0.0,
        "building_count": 0,
        "land_use": "Vacant / Open Plot",
        "confidence": 0.89,
        "verification_status": "Pending Review",
        "centroid_px": [
          761.6,
          2924.4
        ],
        "centroid_geo": [
          77.209623,
          28.611798
        ],
        "feature_type": "parcel"
      }
    },
    {
      "type": "Feature",
      "id": "P-0562",
      "geometry": {
        "type": "Polygon",
        "coordinates": [
          [
            [
              77.209552,
              28.611144
            ],
            [
              77.209548,
              28.611141
            ],
            [
              77.209529,
              28.611141
            ],
            [
              77.209525,
              28.611142
            ],
            [
              77.209506,
              28.611137
            ],
            [
              77.209508,
              28.611135
            ],
            [
              77.209563,
              28.611135
            ],
            [
              77.209582,
              28.611139
            ],
            [
              77.209582,
              28.611141
            ],
            [
              77.209573,
              28.611142
            ],
            [
              77.209571,
              28.611141
            ],
            [
              77.209563,
              28.611141
            ],
            [
              77.209552,
              28.611144
            ]
          ]
        ]
      },
      "properties": {
        "parcel_id": "P-0562",
        "numeric_id": 562,
        "area_sqm": 4.47,
        "area_hectares": 0.0004,
        "area_acres": 0.0011,
        "area_gaj": 5.34,
        "perimeter_m": 15.73,
        "compactness": 0.227,
        "builtup_area_sqm": 0.0,
        "builtup_pct": 0.0,
        "building_count": 0,
        "land_use": "Vacant / Open Plot",
        "confidence": 0.8,
        "verification_status": "Pending Review",
        "centroid_px": [
          664.6,
          3843.0
        ],
        "centroid_geo": [
          77.209544,
          28.611138
        ],
        "feature_type": "parcel"
      }
    },
    {
      "type": "Feature",
      "id": "P-0013",
      "geometry": {
        "type": "Polygon",
        "coordinates": [
          [
            [
              77.211606,
              28.613837
            ],
            [
              77.211602,
              28.613833
            ],
            [
              77.211579,
              28.613833
            ],
            [
              77.211579,
              28.613828
            ],
            [
              77.211583,
              28.613824
            ],
            [
              77.2116,
              28.613828
            ],
            [
              77.211623,
              28.613828
            ],
            [
              77.211629,
              28.613822
            ],
            [
              77.211634,
              28.613824
            ],
            [
              77.211629,
              28.613828
            ],
            [
              77.211629,
              28.613833
            ],
            [
              77.211617,
              28.613833
            ],
            [
              77.211606,
              28.613837
            ]
          ]
        ]
      },
      "properties": {
        "parcel_id": "P-0013",
        "numeric_id": 13,
        "area_sqm": 4.12,
        "area_hectares": 0.0004,
        "area_acres": 0.001,
        "area_gaj": 4.93,
        "perimeter_m": 12.94,
        "compactness": 0.309,
        "builtup_area_sqm": 0.0,
        "builtup_pct": 0.0,
        "building_count": 0,
        "land_use": "Vacant / Open Plot",
        "confidence": 0.81,
        "verification_status": "Pending Review",
        "centroid_px": [
          3181.5,
          97.6
        ],
        "centroid_geo": [
          77.211604,
          28.61383
        ],
        "feature_type": "parcel"
      }
    },
    {
      "type": "Feature",
      "id": "P-0026",
      "geometry": {
        "type": "Polygon",
        "coordinates": [
          [
            [
              77.210292,
              28.613753
            ],
            [
              77.210288,
              28.613751
            ],
            [
              77.210273,
              28.613751
            ],
            [
              77.210269,
              28.613748
            ],
            [
              77.210265,
              28.613748
            ],
            [
              77.210288,
              28.613727
            ],
            [
              77.210288,
              28.613735
            ],
            [
              77.210295,
              28.61374
            ],
            [
              77.210299,
              28.61374
            ],
            [
              77.210292,
              28.613748
            ],
            [
              77.210292,
              28.613753
            ]
          ]
        ]
      },
      "properties": {
        "parcel_id": "P-0026",
        "numeric_id": 26,
        "area_sqm": 4.27,
        "area_hectares": 0.0004,
        "area_acres": 0.0011,
        "area_gaj": 5.11,
        "perimeter_m": 9.89,
        "compactness": 0.549,
        "builtup_area_sqm": 0.0,
        "builtup_pct": 0.0,
        "building_count": 0,
        "land_use": "Vacant / Open Plot",
        "confidence": 0.86,
        "verification_status": "Pending Review",
        "centroid_px": [
          1567.2,
          218.5
        ],
        "centroid_geo": [
          77.210283,
          28.613743
        ],
        "feature_type": "parcel"
      }
    },
    {
      "type": "Feature",
      "id": "P-0510",
      "geometry": {
        "type": "Polygon",
        "coordinates": [
          [
            [
              77.211301,
              28.61138
            ],
            [
              77.211295,
              28.611376
            ],
            [
              77.211293,
              28.611356
            ],
            [
              77.211287,
              28.611349
            ],
            [
              77.211312,
              28.611352
            ],
            [
              77.21131,
              28.611363
            ],
            [
              77.211301,
              28.611375
            ],
            [
              77.211301,
              28.61138
            ]
          ]
        ]
      },
      "properties": {
        "parcel_id": "P-0510",
        "numeric_id": 510,
        "area_sqm": 4.29,
        "area_hectares": 0.0004,
        "area_acres": 0.0011,
        "area_gaj": 5.14,
        "perimeter_m": 9.95,
        "compactness": 0.546,
        "builtup_area_sqm": 0.0,
        "builtup_pct": 0.0,
        "building_count": 0,
        "land_use": "Vacant / Open Plot",
        "confidence": 0.86,
        "verification_status": "Pending Review",
        "centroid_px": [
          2810.3,
          3532.5
        ],
        "centroid_geo": [
          77.211301,
          28.611361
        ],
        "feature_type": "parcel"
      }
    },
    {
      "type": "Feature",
      "id": "P-0092",
      "geometry": {
        "type": "Polygon",
        "coordinates": [
          [
            [
              77.21062,
              28.613426
            ],
            [
              77.210618,
              28.613413
            ],
            [
              77.210635,
              28.613413
            ],
            [
              77.210644,
              28.613408
            ],
            [
              77.210652,
              28.613413
            ],
            [
              77.210671,
              28.613413
            ],
            [
              77.210671,
              28.613417
            ],
            [
              77.210663,
              28.613423
            ],
            [
              77.210663,
              28.613426
            ],
            [
              77.210658,
              28.613426
            ],
            [
              77.210646,
              28.613415
            ],
            [
              77.210631,
              28.613417
            ],
            [
              77.210625,
              28.613423
            ],
            [
              77.210625,
              28.613426
            ],
            [
              77.21062,
              28.613426
            ]
          ]
        ]
      },
      "properties": {
        "parcel_id": "P-0092",
        "numeric_id": 92,
        "area_sqm": 4.38,
        "area_hectares": 0.0004,
        "area_acres": 0.0011,
        "area_gaj": 5.24,
        "perimeter_m": 14.24,
        "compactness": 0.272,
        "builtup_area_sqm": 0.0,
        "builtup_pct": 0.0,
        "building_count": 0,
        "land_use": "Vacant / Open Plot",
        "confidence": 0.8,
        "verification_status": "Pending Review",
        "centroid_px": [
          2009.9,
          671.8
        ],
        "centroid_geo": [
          77.210645,
          28.613417
        ],
        "feature_type": "parcel"
      }
    },
    {
      "type": "Feature",
      "id": "P-0155",
      "geometry": {
        "type": "Polygon",
        "coordinates": [
          [
            [
              77.209825,
              28.613153
            ],
            [
              77.209825,
              28.613146
            ],
            [
              77.209821,
              28.613139
            ],
            [
              77.209846,
              28.613137
            ],
            [
              77.209846,
              28.613148
            ],
            [
              77.20985,
              28.613152
            ],
            [
              77.209846,
              28.613153
            ],
            [
              77.209825,
              28.613153
            ]
          ]
        ]
      },
      "properties": {
        "parcel_id": "P-0155",
        "numeric_id": 155,
        "area_sqm": 3.97,
        "area_hectares": 0.0004,
        "area_acres": 0.001,
        "area_gaj": 4.75,
        "perimeter_m": 8.59,
        "compactness": 0.676,
        "builtup_area_sqm": 0.0,
        "builtup_pct": 0.0,
        "building_count": 0,
        "land_use": "Vacant / Open Plot",
        "confidence": 0.89,
        "verification_status": "Pending Review",
        "centroid_px": [
          1020.7,
          1049.9
        ],
        "centroid_geo": [
          77.209836,
          28.613145
        ],
        "feature_type": "parcel"
      }
    },
    {
      "type": "Feature",
      "id": "P-0476",
      "geometry": {
        "type": "Polygon",
        "coordinates": [
          [
            [
              77.209692,
              28.611497
            ],
            [
              77.209687,
              28.611493
            ],
            [
              77.209677,
              28.611493
            ],
            [
              77.209675,
              28.611488
            ],
            [
              77.209677,
              28.611473
            ],
            [
              77.209696,
              28.61149
            ],
            [
              77.209709,
              28.61149
            ],
            [
              77.209717,
              28.611482
            ],
            [
              77.209719,
              28.611484
            ],
            [
              77.209711,
              28.611493
            ],
            [
              77.209692,
              28.611497
            ]
          ]
        ]
      },
      "properties": {
        "parcel_id": "P-0476",
        "numeric_id": 476,
        "area_sqm": 4.21,
        "area_hectares": 0.0004,
        "area_acres": 0.001,
        "area_gaj": 5.03,
        "perimeter_m": 12.5,
        "compactness": 0.338,
        "builtup_area_sqm": 0.0,
        "builtup_pct": 0.0,
        "building_count": 0,
        "land_use": "Vacant / Open Plot",
        "confidence": 0.82,
        "verification_status": "Pending Review",
        "centroid_px": [
          843.8,
          3356.3
        ],
        "centroid_geo": [
          77.209691,
          28.611488
        ],
        "feature_type": "parcel"
      }
    },
    {
      "type": "Feature",
      "id": "P-0078",
      "geometry": {
        "type": "Polygon",
        "coordinates": [
          [
            [
              77.211515,
              28.613501
            ],
            [
              77.211515,
              28.613478
            ],
            [
              77.211511,
              28.613469
            ],
            [
              77.211511,
              28.613441
            ],
            [
              77.211509,
              28.613436
            ],
            [
              77.211515,
              28.613436
            ],
            [
              77.211515,
              28.613447
            ],
            [
              77.211519,
              28.613451
            ],
            [
              77.211517,
              28.613454
            ],
            [
              77.211517,
              28.613471
            ],
            [
              77.211519,
              28.613473
            ],
            [
              77.211521,
              28.613497
            ],
            [
              77.211515,
              28.613501
            ]
          ]
        ]
      },
      "properties": {
        "parcel_id": "P-0078",
        "numeric_id": 78,
        "area_sqm": 4.0,
        "area_hectares": 0.0004,
        "area_acres": 0.001,
        "area_gaj": 4.78,
        "perimeter_m": 15.85,
        "compactness": 0.2,
        "builtup_area_sqm": 0.0,
        "builtup_pct": 0.0,
        "building_count": 0,
        "land_use": "Vacant / Open Plot",
        "confidence": 0.79,
        "verification_status": "Pending Review",
        "centroid_px": [
          3072.7,
          601.7
        ],
        "centroid_geo": [
          77.211515,
          28.613468
        ],
        "feature_type": "parcel"
      }
    },
    {
      "type": "Feature",
      "id": "P-0076",
      "geometry": {
        "type": "Polygon",
        "coordinates": [
          [
            [
              77.209569,
              28.613506
            ],
            [
              77.209554,
              28.613495
            ],
            [
              77.209556,
              28.613493
            ],
            [
              77.209558,
              28.613475
            ],
            [
              77.209565,
              28.613477
            ],
            [
              77.209567,
              28.613488
            ],
            [
              77.209573,
              28.613493
            ],
            [
              77.209573,
              28.613499
            ],
            [
              77.209577,
              28.613503
            ],
            [
              77.209577,
              28.613506
            ],
            [
              77.209569,
              28.613506
            ]
          ]
        ]
      },
      "properties": {
        "parcel_id": "P-0076",
        "numeric_id": 76,
        "area_sqm": 3.91,
        "area_hectares": 0.0004,
        "area_acres": 0.001,
        "area_gaj": 4.68,
        "perimeter_m": 9.51,
        "compactness": 0.543,
        "builtup_area_sqm": 0.0,
        "builtup_pct": 0.0,
        "building_count": 0,
        "land_use": "Vacant / Open Plot",
        "confidence": 0.86,
        "verification_status": "Pending Review",
        "centroid_px": [
          690.1,
          566.7
        ],
        "centroid_geo": [
          77.209565,
          28.613493
        ],
        "feature_type": "parcel"
      }
    },
    {
      "type": "Feature",
      "id": "P-0262",
      "geometry": {
        "type": "Polygon",
        "coordinates": [
          [
            [
              77.211543,
              28.612582
            ],
            [
              77.211543,
              28.612572
            ],
            [
              77.211536,
              28.612567
            ],
            [
              77.211528,
              28.612565
            ],
            [
              77.211524,
              28.612548
            ],
            [
              77.21153,
              28.612548
            ],
            [
              77.211545,
              28.612561
            ],
            [
              77.211555,
              28.612561
            ],
            [
              77.211555,
              28.612565
            ],
            [
              77.211549,
              28.61257
            ],
            [
              77.211543,
              28.612582
            ]
          ]
        ]
      },
      "properties": {
        "parcel_id": "P-0262",
        "numeric_id": 262,
        "area_sqm": 4.21,
        "area_hectares": 0.0004,
        "area_acres": 0.001,
        "area_gaj": 5.03,
        "perimeter_m": 11.05,
        "compactness": 0.433,
        "builtup_area_sqm": 0.0,
        "builtup_pct": 0.0,
        "building_count": 0,
        "land_use": "Vacant / Open Plot",
        "confidence": 0.84,
        "verification_status": "Pending Review",
        "centroid_px": [
          3100.8,
          1861.8
        ],
        "centroid_geo": [
          77.211538,
          28.612562
        ],
        "feature_type": "parcel"
      }
    },
    {
      "type": "Feature",
      "id": "P-0394",
      "geometry": {
        "type": "Polygon",
        "coordinates": [
          [
            [
              77.210916,
              28.611891
            ],
            [
              77.210916,
              28.611885
            ],
            [
              77.210912,
              28.611881
            ],
            [
              77.210919,
              28.611876
            ],
            [
              77.210919,
              28.611867
            ],
            [
              77.210948,
              28.611867
            ],
            [
              77.210946,
              28.611872
            ],
            [
              77.21094,
              28.611876
            ],
            [
              77.210929,
              28.611876
            ],
            [
              77.210923,
              28.611881
            ],
            [
              77.210923,
              28.611889
            ],
            [
              77.210916,
              28.611891
            ]
          ]
        ]
      },
      "properties": {
        "parcel_id": "P-0394",
        "numeric_id": 394,
        "area_sqm": 4.02,
        "area_hectares": 0.0004,
        "area_acres": 0.001,
        "area_gaj": 4.8,
        "perimeter_m": 10.8,
        "compactness": 0.433,
        "builtup_area_sqm": 0.0,
        "builtup_pct": 0.0,
        "building_count": 0,
        "land_use": "Vacant / Open Plot",
        "confidence": 0.84,
        "verification_status": "Pending Review",
        "centroid_px": [
          2355.3,
          2818.3
        ],
        "centroid_geo": [
          77.210928,
          28.611875
        ],
        "feature_type": "parcel"
      }
    },
    {
      "type": "Feature",
      "id": "P-0475",
      "geometry": {
        "type": "Polygon",
        "coordinates": [
          [
            [
              77.211856,
              28.611499
            ],
            [
              77.211851,
              28.611497
            ],
            [
              77.211856,
              28.611493
            ],
            [
              77.211856,
              28.611486
            ],
            [
              77.211849,
              28.61148
            ],
            [
              77.211843,
              28.61148
            ],
            [
              77.211849,
              28.611475
            ],
            [
              77.211849,
              28.61146
            ],
            [
              77.211864,
              28.611475
            ],
            [
              77.211862,
              28.611497
            ],
            [
              77.211856,
              28.611499
            ]
          ]
        ]
      },
      "properties": {
        "parcel_id": "P-0475",
        "numeric_id": 475,
        "area_sqm": 3.95,
        "area_hectares": 0.0004,
        "area_acres": 0.001,
        "area_gaj": 4.73,
        "perimeter_m": 11.24,
        "compactness": 0.393,
        "builtup_area_sqm": 0.0,
        "builtup_pct": 0.0,
        "building_count": 0,
        "land_use": "Vacant / Open Plot",
        "confidence": 0.83,
        "verification_status": "Pending Review",
        "centroid_px": [
          3488.9,
          3367.4
        ],
        "centroid_geo": [
          77.211856,
          28.61148
        ],
        "feature_type": "parcel"
      }
    },
    {
      "type": "Feature",
      "id": "P-0181",
      "geometry": {
        "type": "Polygon",
        "coordinates": [
          [
            [
              77.209778,
              28.613059
            ],
            [
              77.209781,
              28.613057
            ],
            [
              77.209781,
              28.613035
            ],
            [
              77.209787,
              28.613033
            ],
            [
              77.209791,
              28.613037
            ],
            [
              77.209795,
              28.613037
            ],
            [
              77.209795,
              28.613059
            ],
            [
              77.209778,
              28.613059
            ]
          ]
        ]
      },
      "properties": {
        "parcel_id": "P-0181",
        "numeric_id": 181,
        "area_sqm": 3.89,
        "area_hectares": 0.0004,
        "area_acres": 0.001,
        "area_gaj": 4.65,
        "perimeter_m": 8.56,
        "compactness": 0.667,
        "builtup_area_sqm": 0.0,
        "builtup_pct": 0.0,
        "building_count": 0,
        "land_use": "Vacant / Open Plot",
        "confidence": 0.88,
        "verification_status": "Pending Review",
        "centroid_px": [
          962.3,
          1187.2
        ],
        "centroid_geo": [
          77.209788,
          28.613047
        ],
        "feature_type": "parcel"
      }
    },
    {
      "type": "Feature",
      "id": "P-0108",
      "geometry": {
        "type": "Polygon",
        "coordinates": [
          [
            [
              77.210123,
              28.613335
            ],
            [
              77.210113,
              28.613324
            ],
            [
              77.210125,
              28.613313
            ],
            [
              77.21013,
              28.613313
            ],
            [
              77.210142,
              28.613322
            ],
            [
              77.210132,
              28.613332
            ],
            [
              77.210123,
              28.613335
            ]
          ]
        ]
      },
      "properties": {
        "parcel_id": "P-0108",
        "numeric_id": 108,
        "area_sqm": 4.0,
        "area_hectares": 0.0004,
        "area_acres": 0.001,
        "area_gaj": 4.78,
        "perimeter_m": 7.78,
        "compactness": 0.829,
        "builtup_area_sqm": 0.0,
        "builtup_pct": 0.0,
        "building_count": 0,
        "land_use": "Vacant / Open Plot",
        "confidence": 0.92,
        "verification_status": "Pending Review",
        "centroid_px": [
          1376.7,
          801.7
        ],
        "centroid_geo": [
          77.210127,
          28.613324
        ],
        "feature_type": "parcel"
      }
    },
    {
      "type": "Feature",
      "id": "P-0218",
      "geometry": {
        "type": "Polygon",
        "coordinates": [
          [
            [
              77.210584,
              28.612793
            ],
            [
              77.210584,
              28.61279
            ],
            [
              77.210578,
              28.612784
            ],
            [
              77.21057,
              28.612784
            ],
            [
              77.210567,
              28.612777
            ],
            [
              77.210576,
              28.612769
            ],
            [
              77.210576,
              28.612764
            ],
            [
              77.210584,
              28.612764
            ],
            [
              77.210589,
              28.612767
            ],
            [
              77.210586,
              28.612793
            ],
            [
              77.210584,
              28.612793
            ]
          ]
        ]
      },
      "properties": {
        "parcel_id": "P-0218",
        "numeric_id": 218,
        "area_sqm": 4.0,
        "area_hectares": 0.0004,
        "area_acres": 0.001,
        "area_gaj": 4.78,
        "perimeter_m": 9.28,
        "compactness": 0.583,
        "builtup_area_sqm": 0.0,
        "builtup_pct": 0.0,
        "building_count": 0,
        "land_use": "Vacant / Open Plot",
        "confidence": 0.87,
        "verification_status": "Pending Review",
        "centroid_px": [
          1929.9,
          1563.7
        ],
        "centroid_geo": [
          77.21058,
          28.612776
        ],
        "feature_type": "parcel"
      }
    },
    {
      "type": "Feature",
      "id": "P-0339",
      "geometry": {
        "type": "Polygon",
        "coordinates": [
          [
            [
              77.211469,
              28.612229
            ],
            [
              77.211464,
              28.612225
            ],
            [
              77.211454,
              28.612225
            ],
            [
              77.211454,
              28.612218
            ],
            [
              77.211462,
              28.612218
            ],
            [
              77.211464,
              28.612216
            ],
            [
              77.211471,
              28.612221
            ],
            [
              77.211477,
              28.612223
            ],
            [
              77.211486,
              28.612223
            ],
            [
              77.21149,
              28.612219
            ],
            [
              77.211498,
              28.612218
            ],
            [
              77.211511,
              28.612227
            ],
            [
              77.211471,
              28.612227
            ],
            [
              77.211469,
              28.612229
            ]
          ]
        ]
      },
      "properties": {
        "parcel_id": "P-0339",
        "numeric_id": 339,
        "area_sqm": 3.8,
        "area_hectares": 0.0004,
        "area_acres": 0.0009,
        "area_gaj": 4.55,
        "perimeter_m": 13.19,
        "compactness": 0.275,
        "builtup_area_sqm": 0.0,
        "builtup_pct": 0.0,
        "building_count": 0,
        "land_use": "Vacant / Open Plot",
        "confidence": 0.8,
        "verification_status": "Pending Review",
        "centroid_px": [
          3029.4,
          2333.6
        ],
        "centroid_geo": [
          77.21148,
          28.612223
        ],
        "feature_type": "parcel"
      }
    },
    {
      "type": "Feature",
      "id": "P-0051",
      "geometry": {
        "type": "Polygon",
        "coordinates": [
          [
            [
              77.211458,
              28.613649
            ],
            [
              77.211437,
              28.613636
            ],
            [
              77.211424,
              28.613636
            ],
            [
              77.211422,
              28.613638
            ],
            [
              77.211416,
              28.613633
            ],
            [
              77.211401,
              28.613633
            ],
            [
              77.211401,
              28.613629
            ],
            [
              77.211416,
              28.613629
            ],
            [
              77.21142,
              28.613633
            ],
            [
              77.211428,
              28.613633
            ],
            [
              77.211431,
              28.613631
            ],
            [
              77.211435,
              28.613633
            ],
            [
              77.211443,
              28.613633
            ],
            [
              77.211445,
              28.613631
            ],
            [
              77.211454,
              28.613633
            ],
            [
              77.211458,
              28.613649
            ]
          ]
        ]
      },
      "properties": {
        "parcel_id": "P-0051",
        "numeric_id": 51,
        "area_sqm": 3.63,
        "area_hectares": 0.0004,
        "area_acres": 0.0009,
        "area_gaj": 4.34,
        "perimeter_m": 14.28,
        "compactness": 0.224,
        "builtup_area_sqm": 0.0,
        "builtup_pct": 0.0,
        "building_count": 0,
        "land_use": "Vacant / Open Plot",
        "confidence": 0.79,
        "verification_status": "Pending Review",
        "centroid_px": [
          2975.6,
          367.6
        ],
        "centroid_geo": [
          77.211436,
          28.613636
        ],
        "feature_type": "parcel"
      }
    },
    {
      "type": "Feature",
      "id": "P-0059",
      "geometry": {
        "type": "Polygon",
        "coordinates": [
          [
            [
              77.211557,
              28.613586
            ],
            [
              77.211555,
              28.613581
            ],
            [
              77.211557,
              28.613579
            ],
            [
              77.21156,
              28.613555
            ],
            [
              77.211562,
              28.613553
            ],
            [
              77.211562,
              28.613532
            ],
            [
              77.21157,
              28.613532
            ],
            [
              77.211568,
              28.613534
            ],
            [
              77.211564,
              28.613581
            ],
            [
              77.211562,
              28.613586
            ],
            [
              77.211557,
              28.613586
            ]
          ]
        ]
      },
      "properties": {
        "parcel_id": "P-0059",
        "numeric_id": 59,
        "area_sqm": 3.63,
        "area_hectares": 0.0004,
        "area_acres": 0.0009,
        "area_gaj": 4.34,
        "perimeter_m": 13.58,
        "compactness": 0.248,
        "builtup_area_sqm": 0.0,
        "builtup_pct": 0.0,
        "building_count": 0,
        "land_use": "Vacant / Open Plot",
        "confidence": 0.8,
        "verification_status": "Pending Review",
        "centroid_px": [
          3130.2,
          473.2
        ],
        "centroid_geo": [
          77.211562,
          28.61356
        ],
        "feature_type": "parcel"
      }
    },
    {
      "type": "Feature",
      "id": "P-0354",
      "geometry": {
        "type": "Polygon",
        "coordinates": [
          [
            [
              77.209943,
              28.612141
            ],
            [
              77.209946,
              28.61213
            ],
            [
              77.209941,
              28.612123
            ],
            [
              77.209946,
              28.612119
            ],
            [
              77.209948,
              28.612121
            ],
            [
              77.209956,
              28.612121
            ],
            [
              77.20996,
              28.612117
            ],
            [
              77.209969,
              28.612117
            ],
            [
              77.209971,
              28.612121
            ],
            [
              77.209956,
              28.612134
            ],
            [
              77.209943,
              28.612141
            ]
          ]
        ]
      },
      "properties": {
        "parcel_id": "P-0354",
        "numeric_id": 354,
        "area_sqm": 3.76,
        "area_hectares": 0.0004,
        "area_acres": 0.0009,
        "area_gaj": 4.5,
        "perimeter_m": 9.3,
        "compactness": 0.547,
        "builtup_area_sqm": 0.0,
        "builtup_pct": 0.0,
        "building_count": 0,
        "land_use": "Vacant / Open Plot",
        "confidence": 0.86,
        "verification_status": "Pending Review",
        "centroid_px": [
          1166.0,
          2467.5
        ],
        "centroid_geo": [
          77.209955,
          28.612127
        ],
        "feature_type": "parcel"
      }
    },
    {
      "type": "Feature",
      "id": "P-0067",
      "geometry": {
        "type": "Polygon",
        "coordinates": [
          [
            [
              77.209385,
              28.613549
            ],
            [
              77.209366,
              28.613534
            ],
            [
              77.209357,
              28.613532
            ],
            [
              77.209355,
              28.613529
            ],
            [
              77.209379,
              28.613527
            ],
            [
              77.209385,
              28.613532
            ],
            [
              77.209389,
              28.613532
            ],
            [
              77.209387,
              28.613536
            ],
            [
              77.209387,
              28.613543
            ],
            [
              77.209389,
              28.613545
            ],
            [
              77.209385,
              28.613549
            ]
          ]
        ]
      },
      "properties": {
        "parcel_id": "P-0067",
        "numeric_id": 67,
        "area_sqm": 3.78,
        "area_hectares": 0.0004,
        "area_acres": 0.0009,
        "area_gaj": 4.52,
        "perimeter_m": 9.54,
        "compactness": 0.522,
        "builtup_area_sqm": 0.0,
        "builtup_pct": 0.0,
        "building_count": 0,
        "land_use": "Vacant / Open Plot",
        "confidence": 0.85,
        "verification_status": "Pending Review",
        "centroid_px": [
          459.2,
          507.5
        ],
        "centroid_geo": [
          77.209376,
          28.613535
        ],
        "feature_type": "parcel"
      }
    },
    {
      "type": "Feature",
      "id": "P-0520",
      "geometry": {
        "type": "Polygon",
        "coordinates": [
          [
            [
              77.211862,
              28.611315
            ],
            [
              77.211856,
              28.61131
            ],
            [
              77.211851,
              28.61131
            ],
            [
              77.211851,
              28.611295
            ],
            [
              77.211854,
              28.611289
            ],
            [
              77.21186,
              28.611289
            ],
            [
              77.211864,
              28.611285
            ],
            [
              77.211864,
              28.611306
            ],
            [
              77.211873,
              28.611313
            ],
            [
              77.211871,
              28.611315
            ],
            [
              77.211862,
              28.611315
            ]
          ]
        ]
      },
      "properties": {
        "parcel_id": "P-0520",
        "numeric_id": 520,
        "area_sqm": 3.65,
        "area_hectares": 0.0004,
        "area_acres": 0.0009,
        "area_gaj": 4.37,
        "perimeter_m": 9.37,
        "compactness": 0.523,
        "builtup_area_sqm": 0.0,
        "builtup_pct": 0.0,
        "building_count": 0,
        "land_use": "Vacant / Open Plot",
        "confidence": 0.85,
        "verification_status": "Pending Review",
        "centroid_px": [
          3493.1,
          3615.2
        ],
        "centroid_geo": [
          77.21186,
          28.611302
        ],
        "feature_type": "parcel"
      }
    },
    {
      "type": "Feature",
      "id": "P-0223",
      "geometry": {
        "type": "Polygon",
        "coordinates": [
          [
            [
              77.209129,
              28.612767
            ],
            [
              77.209127,
              28.612764
            ],
            [
              77.209129,
              28.612752
            ],
            [
              77.209123,
              28.612747
            ],
            [
              77.209118,
              28.612747
            ],
            [
              77.209118,
              28.612741
            ],
            [
              77.209127,
              28.612736
            ],
            [
              77.209129,
              28.612723
            ],
            [
              77.209133,
              28.612721
            ],
            [
              77.209135,
              28.612726
            ],
            [
              77.209133,
              28.612734
            ],
            [
              77.209133,
              28.612767
            ],
            [
              77.209129,
              28.612767
            ]
          ]
        ]
      },
      "properties": {
        "parcel_id": "P-0223",
        "numeric_id": 223,
        "area_sqm": 3.78,
        "area_hectares": 0.0004,
        "area_acres": 0.0009,
        "area_gaj": 4.52,
        "perimeter_m": 12.23,
        "compactness": 0.318,
        "builtup_area_sqm": 0.0,
        "builtup_pct": 0.0,
        "building_count": 0,
        "land_use": "Vacant / Open Plot",
        "confidence": 0.81,
        "verification_status": "Pending Review",
        "centroid_px": [
          157.6,
          1609.1
        ],
        "centroid_geo": [
          77.209129,
          28.612744
        ],
        "feature_type": "parcel"
      }
    },
    {
      "type": "Feature",
      "id": "P-0324",
      "geometry": {
        "type": "Polygon",
        "coordinates": [
          [
            [
              77.209952,
              28.612292
            ],
            [
              77.209952,
              28.612273
            ],
            [
              77.209958,
              28.61227
            ],
            [
              77.209992,
              28.61227
            ],
            [
              77.209992,
              28.612277
            ],
            [
              77.20996,
              28.612277
            ],
            [
              77.209954,
              28.612283
            ],
            [
              77.209954,
              28.61229
            ],
            [
              77.209952,
              28.612292
            ]
          ]
        ]
      },
      "properties": {
        "parcel_id": "P-0324",
        "numeric_id": 324,
        "area_sqm": 3.63,
        "area_hectares": 0.0004,
        "area_acres": 0.0009,
        "area_gaj": 4.34,
        "perimeter_m": 12.04,
        "compactness": 0.315,
        "builtup_area_sqm": 0.0,
        "builtup_pct": 0.0,
        "building_count": 0,
        "land_use": "Vacant / Open Plot",
        "confidence": 0.81,
        "verification_status": "Pending Review",
        "centroid_px": [
          1185.0,
          2261.7
        ],
        "centroid_geo": [
          77.20997,
          28.612275
        ],
        "feature_type": "parcel"
      }
    },
    {
      "type": "Feature",
      "id": "P-0401",
      "geometry": {
        "type": "Polygon",
        "coordinates": [
          [
            [
              77.209622,
              28.611848
            ],
            [
              77.209603,
              28.611846
            ],
            [
              77.209605,
              28.611844
            ],
            [
              77.209605,
              28.611831
            ],
            [
              77.209622,
              28.611829
            ],
            [
              77.209624,
              28.611831
            ],
            [
              77.209624,
              28.611841
            ],
            [
              77.209628,
              28.611844
            ],
            [
              77.209622,
              28.611848
            ]
          ]
        ]
      },
      "properties": {
        "parcel_id": "P-0401",
        "numeric_id": 401,
        "area_sqm": 3.65,
        "area_hectares": 0.0004,
        "area_acres": 0.0009,
        "area_gaj": 4.37,
        "perimeter_m": 7.93,
        "compactness": 0.729,
        "builtup_area_sqm": 0.0,
        "builtup_pct": 0.0,
        "building_count": 0,
        "land_use": "Vacant / Open Plot",
        "confidence": 0.9,
        "verification_status": "Pending Review",
        "centroid_px": [
          751.4,
          2867.8
        ],
        "centroid_geo": [
          77.209615,
          28.611839
        ],
        "feature_type": "parcel"
      }
    },
    {
      "type": "Feature",
      "id": "P-0143",
      "geometry": {
        "type": "Polygon",
        "coordinates": [
          [
            [
              77.210806,
              28.613231
            ],
            [
              77.210792,
              28.613222
            ],
            [
              77.21079,
              28.613211
            ],
            [
              77.210783,
              28.613198
            ],
            [
              77.210794,
              28.613198
            ],
            [
              77.210794,
              28.613207
            ],
            [
              77.2108,
              28.613213
            ],
            [
              77.210804,
              28.613213
            ],
            [
              77.210804,
              28.613224
            ],
            [
              77.210806,
              28.613226
            ],
            [
              77.210806,
              28.613231
            ]
          ]
        ]
      },
      "properties": {
        "parcel_id": "P-0143",
        "numeric_id": 143,
        "area_sqm": 3.38,
        "area_hectares": 0.0003,
        "area_acres": 0.0008,
        "area_gaj": 4.04,
        "perimeter_m": 10.12,
        "compactness": 0.414,
        "builtup_area_sqm": 0.0,
        "builtup_pct": 0.0,
        "building_count": 0,
        "land_use": "Vacant / Open Plot",
        "confidence": 0.83,
        "verification_status": "Pending Review",
        "centroid_px": [
          2193.5,
          954.2
        ],
        "centroid_geo": [
          77.210796,
          28.613214
        ],
        "feature_type": "parcel"
      }
    },
    {
      "type": "Feature",
      "id": "P-0284",
      "geometry": {
        "type": "Polygon",
        "coordinates": [
          [
            [
              77.211902,
              28.612463
            ],
            [
              77.211902,
              28.612444
            ],
            [
              77.211904,
              28.612444
            ],
            [
              77.211904,
              28.612448
            ],
            [
              77.211911,
              28.612453
            ],
            [
              77.211926,
              28.612452
            ],
            [
              77.21194,
              28.612455
            ],
            [
              77.211938,
              28.612459
            ],
            [
              77.211902,
              28.612463
            ]
          ]
        ]
      },
      "properties": {
        "parcel_id": "P-0284",
        "numeric_id": 284,
        "area_sqm": 3.55,
        "area_hectares": 0.0004,
        "area_acres": 0.0009,
        "area_gaj": 4.24,
        "perimeter_m": 10.53,
        "compactness": 0.402,
        "builtup_area_sqm": 0.0,
        "builtup_pct": 0.0,
        "building_count": 0,
        "land_use": "Vacant / Open Plot",
        "confidence": 0.83,
        "verification_status": "Pending Review",
        "centroid_px": [
          3563.9,
          2009.1
        ],
        "centroid_geo": [
          77.211917,
          28.612456
        ],
        "feature_type": "parcel"
      }
    },
    {
      "type": "Feature",
      "id": "P-0547",
      "geometry": {
        "type": "Polygon",
        "coordinates": [
          [
            [
              77.210174,
              28.611233
            ],
            [
              77.21017,
              28.61123
            ],
            [
              77.210157,
              28.61123
            ],
            [
              77.210155,
              28.611228
            ],
            [
              77.210157,
              28.611226
            ],
            [
              77.210157,
              28.611215
            ],
            [
              77.210159,
              28.611217
            ],
            [
              77.210176,
              28.611217
            ],
            [
              77.210178,
              28.611215
            ],
            [
              77.210178,
              28.611224
            ],
            [
              77.210182,
              28.611228
            ],
            [
              77.21018,
              28.611233
            ],
            [
              77.210174,
              28.611233
            ]
          ]
        ]
      },
      "properties": {
        "parcel_id": "P-0547",
        "numeric_id": 547,
        "area_sqm": 3.61,
        "area_hectares": 0.0004,
        "area_acres": 0.0009,
        "area_gaj": 4.32,
        "perimeter_m": 8.78,
        "compactness": 0.589,
        "builtup_area_sqm": 0.0,
        "builtup_pct": 0.0,
        "building_count": 0,
        "land_use": "Vacant / Open Plot",
        "confidence": 0.87,
        "verification_status": "Pending Review",
        "centroid_px": [
          1428.0,
          3723.4
        ],
        "centroid_geo": [
          77.210169,
          28.611224
        ],
        "feature_type": "parcel"
      }
    },
    {
      "type": "Feature",
      "id": "P-0266",
      "geometry": {
        "type": "Polygon",
        "coordinates": [
          [
            [
              77.212239,
              28.612572
            ],
            [
              77.212239,
              28.612522
            ],
            [
              77.212245,
              28.612518
            ],
            [
              77.212245,
              28.612572
            ],
            [
              77.212239,
              28.612572
            ]
          ]
        ]
      },
      "properties": {
        "parcel_id": "P-0266",
        "numeric_id": 266,
        "area_sqm": 3.59,
        "area_hectares": 0.0004,
        "area_acres": 0.0009,
        "area_gaj": 4.29,
        "perimeter_m": 12.94,
        "compactness": 0.269,
        "builtup_area_sqm": 0.0,
        "builtup_pct": 0.0,
        "building_count": 0,
        "land_use": "Vacant / Open Plot",
        "confidence": 0.8,
        "verification_status": "Pending Review",
        "centroid_px": [
          3960.0,
          1883.7
        ],
        "centroid_geo": [
          77.212242,
          28.612546
        ],
        "feature_type": "parcel"
      }
    },
    {
      "type": "Feature",
      "id": "P-0241",
      "geometry": {
        "type": "Polygon",
        "coordinates": [
          [
            [
              77.209161,
              28.612687
            ],
            [
              77.209161,
              28.612676
            ],
            [
              77.209192,
              28.612678
            ],
            [
              77.209188,
              28.612687
            ],
            [
              77.209161,
              28.612687
            ]
          ]
        ]
      },
      "properties": {
        "parcel_id": "P-0241",
        "numeric_id": 241,
        "area_sqm": 3.31,
        "area_hectares": 0.0003,
        "area_acres": 0.0008,
        "area_gaj": 3.96,
        "perimeter_m": 8.15,
        "compactness": 0.627,
        "builtup_area_sqm": 0.0,
        "builtup_pct": 0.0,
        "building_count": 0,
        "land_use": "Vacant / Open Plot",
        "confidence": 0.88,
        "verification_status": "Pending Review",
        "centroid_px": [
          214.0,
          1694.6
        ],
        "centroid_geo": [
          77.209175,
          28.612682
        ],
        "feature_type": "parcel"
      }
    },
    {
      "type": "Feature",
      "id": "P-0522",
      "geometry": {
        "type": "Polygon",
        "coordinates": [
          [
            [
              77.209597,
              28.611302
            ],
            [
              77.209586,
              28.611295
            ],
            [
              77.209575,
              28.611295
            ],
            [
              77.209573,
              28.611293
            ],
            [
              77.209571,
              28.611287
            ],
            [
              77.209573,
              28.61128
            ],
            [
              77.209584,
              28.61128
            ],
            [
              77.209588,
              28.611276
            ],
            [
              77.209588,
              28.611287
            ],
            [
              77.209597,
              28.611293
            ],
            [
              77.209597,
              28.611302
            ]
          ]
        ]
      },
      "properties": {
        "parcel_id": "P-0522",
        "numeric_id": 522,
        "area_sqm": 3.46,
        "area_hectares": 0.0003,
        "area_acres": 0.0009,
        "area_gaj": 4.14,
        "perimeter_m": 9.08,
        "compactness": 0.527,
        "builtup_area_sqm": 0.0,
        "builtup_pct": 0.0,
        "building_count": 0,
        "land_use": "Vacant / Open Plot",
        "confidence": 0.86,
        "verification_status": "Pending Review",
        "centroid_px": [
          712.6,
          3633.5
        ],
        "centroid_geo": [
          77.209583,
          28.611289
        ],
        "feature_type": "parcel"
      }
    },
    {
      "type": "Feature",
      "id": "P-0536",
      "geometry": {
        "type": "Polygon",
        "coordinates": [
          [
            [
              77.210485,
              28.611271
            ],
            [
              77.210483,
              28.611259
            ],
            [
              77.210519,
              28.611259
            ],
            [
              77.210519,
              28.611269
            ],
            [
              77.210487,
              28.611269
            ],
            [
              77.210485,
              28.611271
            ]
          ]
        ]
      },
      "properties": {
        "parcel_id": "P-0536",
        "numeric_id": 536,
        "area_sqm": 3.57,
        "area_hectares": 0.0004,
        "area_acres": 0.0009,
        "area_gaj": 4.27,
        "perimeter_m": 9.2,
        "compactness": 0.53,
        "builtup_area_sqm": 0.0,
        "builtup_pct": 0.0,
        "building_count": 0,
        "land_use": "Vacant / Open Plot",
        "confidence": 0.86,
        "verification_status": "Pending Review",
        "centroid_px": [
          1833.7,
          3668.0
        ],
        "centroid_geo": [
          77.210501,
          28.611264
        ],
        "feature_type": "parcel"
      }
    },
    {
      "type": "Feature",
      "id": "P-0546",
      "geometry": {
        "type": "Polygon",
        "coordinates": [
          [
            [
              77.210322,
              28.611237
            ],
            [
              77.210318,
              28.61123
            ],
            [
              77.210309,
              28.611224
            ],
            [
              77.210312,
              28.611207
            ],
            [
              77.210314,
              28.611209
            ],
            [
              77.210326,
              28.611209
            ],
            [
              77.210326,
              28.61122
            ],
            [
              77.210322,
              28.611226
            ],
            [
              77.210324,
              28.611237
            ],
            [
              77.210322,
              28.611237
            ]
          ]
        ]
      },
      "properties": {
        "parcel_id": "P-0546",
        "numeric_id": 546,
        "area_sqm": 3.38,
        "area_hectares": 0.0003,
        "area_acres": 0.0008,
        "area_gaj": 4.04,
        "perimeter_m": 8.81,
        "compactness": 0.546,
        "builtup_area_sqm": 0.0,
        "builtup_pct": 0.0,
        "building_count": 0,
        "land_use": "Vacant / Open Plot",
        "confidence": 0.86,
        "verification_status": "Pending Review",
        "centroid_px": [
          1610.4,
          3729.8
        ],
        "centroid_geo": [
          77.210318,
          28.61122
        ],
        "feature_type": "parcel"
      }
    },
    {
      "type": "Feature",
      "id": "P-0410",
      "geometry": {
        "type": "Polygon",
        "coordinates": [
          [
            [
              77.210206,
              28.611826
            ],
            [
              77.210197,
              28.611816
            ],
            [
              77.210191,
              28.611816
            ],
            [
              77.210191,
              28.611815
            ],
            [
              77.210199,
              28.611815
            ],
            [
              77.210206,
              28.611809
            ],
            [
              77.210206,
              28.611803
            ],
            [
              77.210221,
              28.611802
            ],
            [
              77.210223,
              28.611811
            ],
            [
              77.210218,
              28.611811
            ],
            [
              77.210206,
              28.611826
            ]
          ]
        ]
      },
      "properties": {
        "parcel_id": "P-0410",
        "numeric_id": 410,
        "area_sqm": 3.4,
        "area_hectares": 0.0003,
        "area_acres": 0.0008,
        "area_gaj": 4.06,
        "perimeter_m": 9.47,
        "compactness": 0.476,
        "builtup_area_sqm": 0.0,
        "builtup_pct": 0.0,
        "building_count": 0,
        "land_use": "Vacant / Open Plot",
        "confidence": 0.85,
        "verification_status": "Pending Review",
        "centroid_px": [
          1477.4,
          2905.1
        ],
        "centroid_geo": [
          77.210209,
          28.611812
        ],
        "feature_type": "parcel"
      }
    },
    {
      "type": "Feature",
      "id": "P-0454",
      "geometry": {
        "type": "Polygon",
        "coordinates": [
          [
            [
              77.21215,
              28.611627
            ],
            [
              77.212152,
              28.611608
            ],
            [
              77.212165,
              28.611608
            ],
            [
              77.212177,
              28.611605
            ],
            [
              77.212181,
              28.611607
            ],
            [
              77.212156,
              28.611625
            ],
            [
              77.21215,
              28.611627
            ]
          ]
        ]
      },
      "properties": {
        "parcel_id": "P-0454",
        "numeric_id": 454,
        "area_sqm": 3.44,
        "area_hectares": 0.0003,
        "area_acres": 0.0009,
        "area_gaj": 4.11,
        "perimeter_m": 8.97,
        "compactness": 0.537,
        "builtup_area_sqm": 0.0,
        "builtup_pct": 0.0,
        "building_count": 0,
        "land_use": "Vacant / Open Plot",
        "confidence": 0.86,
        "verification_status": "Pending Review",
        "centroid_px": [
          3862.3,
          3180.3
        ],
        "centroid_geo": [
          77.212162,
          28.611614
        ],
        "feature_type": "parcel"
      }
    },
    {
      "type": "Feature",
      "id": "P-0038",
      "geometry": {
        "type": "Polygon",
        "coordinates": [
          [
            [
              77.211824,
              28.613707
            ],
            [
              77.211822,
              28.613683
            ],
            [
              77.21182,
              28.613681
            ],
            [
              77.21182,
              28.613659
            ],
            [
              77.211826,
              28.613659
            ],
            [
              77.211826,
              28.613679
            ],
            [
              77.211828,
              28.613681
            ],
            [
              77.211826,
              28.613683
            ],
            [
              77.211826,
              28.61369
            ],
            [
              77.21183,
              28.613694
            ],
            [
              77.21183,
              28.613705
            ],
            [
              77.211832,
              28.613707
            ],
            [
              77.211824,
              28.613707
            ]
          ]
        ]
      },
      "properties": {
        "parcel_id": "P-0038",
        "numeric_id": 38,
        "area_sqm": 3.23,
        "area_hectares": 0.0003,
        "area_acres": 0.0008,
        "area_gaj": 3.86,
        "perimeter_m": 12.72,
        "compactness": 0.251,
        "builtup_area_sqm": 0.0,
        "builtup_pct": 0.0,
        "building_count": 0,
        "land_use": "Vacant / Open Plot",
        "confidence": 0.8,
        "verification_status": "Pending Review",
        "centroid_px": [
          3450.3,
          302.0
        ],
        "centroid_geo": [
          77.211825,
          28.613683
        ],
        "feature_type": "parcel"
      }
    },
    {
      "type": "Feature",
      "id": "P-0184",
      "geometry": {
        "type": "Polygon",
        "coordinates": [
          [
            [
              77.211517,
              28.613033
            ],
            [
              77.211513,
              28.613005
            ],
            [
              77.211536,
              28.613005
            ],
            [
              77.211528,
              28.613014
            ],
            [
              77.211528,
              28.613018
            ],
            [
              77.211521,
              28.613024
            ],
            [
              77.211519,
              28.613033
            ],
            [
              77.211517,
              28.613033
            ]
          ]
        ]
      },
      "properties": {
        "parcel_id": "P-0184",
        "numeric_id": 184,
        "area_sqm": 3.33,
        "area_hectares": 0.0003,
        "area_acres": 0.0008,
        "area_gaj": 3.99,
        "perimeter_m": 9.28,
        "compactness": 0.487,
        "builtup_area_sqm": 0.0,
        "builtup_pct": 0.0,
        "building_count": 0,
        "land_use": "Vacant / Open Plot",
        "confidence": 0.85,
        "verification_status": "Pending Review",
        "centroid_px": [
          3080.4,
          1232.5
        ],
        "centroid_geo": [
          77.211522,
          28.613014
        ],
        "feature_type": "parcel"
      }
    },
    {
      "type": "Feature",
      "id": "P-0397",
      "geometry": {
        "type": "Polygon",
        "coordinates": [
          [
            [
              77.210278,
              28.611859
            ],
            [
              77.210276,
              28.611852
            ],
            [
              77.210269,
              28.611846
            ],
            [
              77.210261,
              28.611846
            ],
            [
              77.210252,
              28.61185
            ],
            [
              77.210248,
              28.611848
            ],
            [
              77.210248,
              28.611842
            ],
            [
              77.210284,
              28.611841
            ],
            [
              77.210282,
              28.611857
            ],
            [
              77.210278,
              28.611859
            ]
          ]
        ]
      },
      "properties": {
        "parcel_id": "P-0397",
        "numeric_id": 397,
        "area_sqm": 3.14,
        "area_hectares": 0.0003,
        "area_acres": 0.0008,
        "area_gaj": 3.76,
        "perimeter_m": 10.42,
        "compactness": 0.364,
        "builtup_area_sqm": 0.0,
        "builtup_pct": 0.0,
        "building_count": 0,
        "land_use": "Vacant / Open Plot",
        "confidence": 0.82,
        "verification_status": "Pending Review",
        "centroid_px": [
          1550.7,
          2857.3
        ],
        "centroid_geo": [
          77.210269,
          28.611847
        ],
        "feature_type": "parcel"
      }
    },
    {
      "type": "Feature",
      "id": "P-0291",
      "geometry": {
        "type": "Polygon",
        "coordinates": [
          [
            [
              77.210032,
              28.612413
            ],
            [
              77.210032,
              28.612405
            ],
            [
              77.210034,
              28.612403
            ],
            [
              77.210032,
              28.612385
            ],
            [
              77.210034,
              28.612381
            ],
            [
              77.210041,
              28.612381
            ],
            [
              77.210041,
              28.612401
            ],
            [
              77.210049,
              28.612407
            ],
            [
              77.210051,
              28.612413
            ],
            [
              77.210032,
              28.612413
            ]
          ]
        ]
      },
      "properties": {
        "parcel_id": "P-0291",
        "numeric_id": 291,
        "area_sqm": 3.46,
        "area_hectares": 0.0003,
        "area_acres": 0.0009,
        "area_gaj": 4.14,
        "perimeter_m": 10.1,
        "compactness": 0.426,
        "builtup_area_sqm": 0.0,
        "builtup_pct": 0.0,
        "building_count": 0,
        "land_use": "Vacant / Open Plot",
        "confidence": 0.84,
        "verification_status": "Pending Review",
        "centroid_px": [
          1269.0,
          2087.7
        ],
        "centroid_geo": [
          77.210039,
          28.6124
        ],
        "feature_type": "parcel"
      }
    },
    {
      "type": "Feature",
      "id": "P-0085",
      "geometry": {
        "type": "Polygon",
        "coordinates": [
          [
            [
              77.211297,
              28.61349
            ],
            [
              77.211295,
              28.613488
            ],
            [
              77.211285,
              28.613488
            ],
            [
              77.211287,
              28.613484
            ],
            [
              77.211287,
              28.613451
            ],
            [
              77.211293,
              28.613451
            ],
            [
              77.211293,
              28.613469
            ],
            [
              77.211295,
              28.613471
            ],
            [
              77.211297,
              28.61349
            ]
          ]
        ]
      },
      "properties": {
        "parcel_id": "P-0085",
        "numeric_id": 85,
        "area_sqm": 3.2,
        "area_hectares": 0.0003,
        "area_acres": 0.0008,
        "area_gaj": 3.83,
        "perimeter_m": 10.57,
        "compactness": 0.361,
        "builtup_area_sqm": 0.0,
        "builtup_pct": 0.0,
        "building_count": 0,
        "land_use": "Vacant / Open Plot",
        "confidence": 0.82,
        "verification_status": "Pending Review",
        "centroid_px": [
          2798.2,
          596.3
        ],
        "centroid_geo": [
          77.211291,
          28.613471
        ],
        "feature_type": "parcel"
      }
    },
    {
      "type": "Feature",
      "id": "P-0251",
      "geometry": {
        "type": "Polygon",
        "coordinates": [
          [
            [
              77.211323,
              28.612641
            ],
            [
              77.211323,
              28.612626
            ],
            [
              77.211342,
              28.612626
            ],
            [
              77.211344,
              28.612628
            ],
            [
              77.211369,
              28.61263
            ],
            [
              77.211369,
              28.612634
            ],
            [
              77.211365,
              28.612634
            ],
            [
              77.211361,
              28.61263
            ],
            [
              77.21135,
              28.61263
            ],
            [
              77.211346,
              28.612634
            ],
            [
              77.211335,
              28.612634
            ],
            [
              77.211323,
              28.612641
            ]
          ]
        ]
      },
      "properties": {
        "parcel_id": "P-0251",
        "numeric_id": 251,
        "area_sqm": 2.88,
        "area_hectares": 0.0003,
        "area_acres": 0.0007,
        "area_gaj": 3.45,
        "perimeter_m": 11.85,
        "compactness": 0.258,
        "builtup_area_sqm": 0.0,
        "builtup_pct": 0.0,
        "building_count": 0,
        "land_use": "Vacant / Open Plot",
        "confidence": 0.8,
        "verification_status": "Pending Review",
        "centroid_px": [
          2855.2,
          1765.6
        ],
        "centroid_geo": [
          77.211337,
          28.612631
        ],
        "feature_type": "parcel"
      }
    },
    {
      "type": "Feature",
      "id": "P-0009",
      "geometry": {
        "type": "Polygon",
        "coordinates": [
          [
            [
              77.211957,
              28.613898
            ],
            [
              77.211957,
              28.613896
            ],
            [
              77.211985,
              28.613896
            ],
            [
              77.211987,
              28.613894
            ],
            [
              77.211989,
              28.613896
            ],
            [
              77.212046,
              28.613896
            ],
            [
              77.212048,
              28.613894
            ],
            [
              77.212074,
              28.613896
            ],
            [
              77.212074,
              28.613898
            ],
            [
              77.211957,
              28.613898
            ]
          ]
        ]
      },
      "properties": {
        "parcel_id": "P-0009",
        "numeric_id": 9,
        "area_sqm": 2.67,
        "area_hectares": 0.0003,
        "area_acres": 0.0007,
        "area_gaj": 3.19,
        "perimeter_m": 23.42,
        "compactness": 0.061,
        "builtup_area_sqm": 0.0,
        "builtup_pct": 0.0,
        "building_count": 0,
        "land_use": "Vacant / Open Plot",
        "confidence": 0.76,
        "verification_status": "Pending Review",
        "centroid_px": [
          3688.1,
          4.1
        ],
        "centroid_geo": [
          77.212019,
          28.613897
        ],
        "feature_type": "parcel"
      }
    },
    {
      "type": "Feature",
      "id": "B-0001",
      "geometry": {
        "type": "Polygon",
        "coordinates": [
          [
            [
              77.211695,
              28.6118
            ],
            [
              77.211695,
              28.611798
            ],
            [
              77.211703,
              28.611796
            ],
            [
              77.211706,
              28.611792
            ],
            [
              77.21171,
              28.61179
            ],
            [
              77.21171,
              28.6118
            ],
            [
              77.211695,
              28.6118
            ]
          ]
        ]
      },
      "properties": {
        "building_id": "B-0001",
        "area_sqm": 0.77,
        "feature_type": "building"
      }
    },
    {
      "type": "Feature",
      "id": "B-0002",
      "geometry": {
        "type": "Polygon",
        "coordinates": [
          [
            [
              77.209,
              28.612145
            ],
            [
              77.209,
              28.612132
            ],
            [
              77.209002,
              28.612132
            ],
            [
              77.209002,
              28.612138
            ],
            [
              77.209006,
              28.61214
            ],
            [
              77.209006,
              28.612143
            ],
            [
              77.209004,
              28.612145
            ],
            [
              77.209,
              28.612145
            ]
          ]
        ]
      },
      "properties": {
        "building_id": "B-0002",
        "area_sqm": 0.58,
        "feature_type": "building"
      }
    },
    {
      "type": "Feature",
      "id": "B-0003",
      "geometry": {
        "type": "Polygon",
        "coordinates": [
          [
            [
              77.21127,
              28.612338
            ],
            [
              77.21127,
              28.612331
            ],
            [
              77.211274,
              28.612323
            ],
            [
              77.211278,
              28.612323
            ],
            [
              77.211285,
              28.61232
            ],
            [
              77.211285,
              28.612323
            ],
            [
              77.21127,
              28.612338
            ]
          ]
        ]
      },
      "properties": {
        "building_id": "B-0003",
        "area_sqm": 1.15,
        "feature_type": "building"
      }
    },
    {
      "type": "Feature",
      "id": "B-0004",
      "geometry": {
        "type": "Polygon",
        "coordinates": [
          [
            [
              77.210745,
              28.612537
            ],
            [
              77.210745,
              28.61252
            ],
            [
              77.210749,
              28.61252
            ],
            [
              77.210749,
              28.612537
            ],
            [
              77.210745,
              28.612537
            ]
          ]
        ]
      },
      "properties": {
        "building_id": "B-0004",
        "area_sqm": 0.77,
        "feature_type": "building"
      }
    },
    {
      "type": "Feature",
      "id": "B-0005",
      "geometry": {
        "type": "Polygon",
        "coordinates": [
          [
            [
              77.212241,
              28.612936
            ],
            [
              77.212241,
              28.612929
            ],
            [
              77.212239,
              28.612927
            ],
            [
              77.212247,
              28.612927
            ],
            [
              77.212245,
              28.612931
            ],
            [
              77.212245,
              28.612936
            ],
            [
              77.212241,
              28.612936
            ]
          ]
        ]
      },
      "properties": {
        "building_id": "B-0005",
        "area_sqm": 0.49,
        "feature_type": "building"
      }
    },
    {
      "type": "Feature",
      "id": "B-0006",
      "geometry": {
        "type": "Polygon",
        "coordinates": [
          [
            [
              77.211803,
              28.6132
            ],
            [
              77.211801,
              28.613198
            ],
            [
              77.21179,
              28.613198
            ],
            [
              77.21179,
              28.613185
            ],
            [
              77.211794,
              28.613185
            ],
            [
              77.211794,
              28.613189
            ],
            [
              77.211796,
              28.613191
            ],
            [
              77.211807,
              28.613191
            ],
            [
              77.211807,
              28.6132
            ],
            [
              77.211803,
              28.6132
            ]
          ]
        ]
      },
      "properties": {
        "building_id": "B-0006",
        "area_sqm": 1.75,
        "feature_type": "building"
      }
    },
    {
      "type": "Feature",
      "id": "B-0007",
      "geometry": {
        "type": "Polygon",
        "coordinates": [
          [
            [
              77.211608,
              28.613233
            ],
            [
              77.211604,
              28.613226
            ],
            [
              77.211591,
              28.613226
            ],
            [
              77.211591,
              28.613209
            ],
            [
              77.211604,
              28.613209
            ],
            [
              77.211606,
              28.613207
            ],
            [
              77.211606,
              28.613226
            ],
            [
              77.211608,
              28.613228
            ],
            [
              77.211608,
              28.613233
            ]
          ],
          [
            [
              77.211598,
              28.613213
            ],
            [
              77.2116,
              28.613215
            ],
            [
              77.211602,
              28.613213
            ],
            [
              77.2116,
              28.613211
            ],
            [
              77.211598,
              28.613213
            ]
          ]
        ]
      },
      "properties": {
        "building_id": "B-0007",
        "area_sqm": 2.78,
        "feature_type": "building"
      }
    },
    {
      "type": "Feature",
      "id": "B-0008",
      "geometry": {
        "type": "Polygon",
        "coordinates": [
          [
            [
              77.209,
              28.613417
            ],
            [
              77.209,
              28.6134
            ],
            [
              77.209006,
              28.6134
            ],
            [
              77.209006,
              28.613417
            ],
            [
              77.209,
              28.613417
            ]
          ]
        ]
      },
      "properties": {
        "building_id": "B-0008",
        "area_sqm": 1.15,
        "feature_type": "building"
      }
    },
    {
      "type": "Feature",
      "id": "R-0001",
      "geometry": {
        "type": "LineString",
        "coordinates": [
          [
            77.212241,
            28.613898
          ],
          [
            77.212247,
            28.613894
          ],
          [
            77.212245,
            28.613889
          ],
          [
            77.212241,
            28.613887
          ],
          [
            77.212239,
            28.61388
          ],
          [
            77.212245,
            28.613883
          ],
          [
            77.212247,
            28.61388
          ],
          [
            77.212245,
            28.613885
          ],
          [
            77.212247,
            28.613887
          ],
          [
            77.212245,
            28.613893
          ],
          [
            77.212247,
            28.613894
          ],
          [
            77.212247,
            28.6139
          ]
        ]
      },
      "properties": {
        "road_id": "R-0001",
        "length_m": 6.43,
        "feature_type": "road"
      }
    }
  ]
}