{
  "type": "FeatureCollection",
  "metadata": {
    "width": 4000,
    "height": 3000,
    "gsd_meters": 0.08,
    "total_features": 566,
    "counts": {
      "Building": 59,
      "Tree / Forest": 464,
      "Agricultural Land": 8,
      "Playground / Open Turf": 1,
      "Road / Pathway": 29,
      "Vacant / Open Land": 5
    },
    "total_surveyed_sqm": 85870.71,
    "total_builtup_sqm": 6327.63,
    "builtup_pct": 7.4
  },
  "features": [
    {
      "type": "Feature",
      "id": "CAD-0001",
      "geometry": {
        "type": "Polygon",
        "coordinates": [
          [
            [
              796.0,
              2459.0
            ],
            [
              796.0,
              2437.0
            ],
            [
              784.0,
              2453.0
            ],
            [
              753.0,
              2428.0
            ],
            [
              578.0,
              2146.0
            ],
            [
              656.0,
              2100.0
            ],
            [
              668.0,
              1975.0
            ],
            [
              515.0,
              1978.0
            ],
            [
              200.0,
              2246.0
            ],
            [
              203.0,
              2287.0
            ],
            [
              487.0,
              2675.0
            ],
            [
              796.0,
              2459.0
            ]
          ]
        ]
      },
      "properties": {
        "parcel_id": "CAD-0001",
        "feature_type": "Building",
        "land_use": "Residential",
        "category": "Structure",
        "color_hex": "#FF3232",
        "area_px": 225314.0,
        "area_sqm": 1442.01,
        "area_hectares": 0.1442,
        "area_acres": 0.3563,
        "area_gaj": 1724.64,
        "perimeter_m": 167.63,
        "vertex_count": 12,
        "confidence": 0.88,
        "verification_status": "Verified"
      }
    },
    {
      "type": "Feature",
      "id": "CAD-0002",
      "geometry": {
        "type": "Polygon",
        "coordinates": [
          [
            [
              2493.0,
              2600.0
            ],
            [
              2496.0,
              2696.0
            ],
            [
              2571.0,
              2696.0
            ],
            [
              2575.0,
              2693.0
            ],
            [
              2575.0,
              2606.0
            ],
            [
              2571.0,
              2600.0
            ],
            [
              2525.0,
              2600.0
            ],
            [
              2525.0,
              2615.0
            ],
            [
              2512.0,
              2621.0
            ],
            [
              2493.0,
              2618.0
            ],
            [
              2493.0,
              2609.0
            ],
            [
              2500.0,
              2600.0
            ],
            [
              2493.0,
              2600.0
            ]
          ]
        ]
      },
      "properties": {
        "parcel_id": "CAD-0002",
        "feature_type": "Building",
        "land_use": "Residential",
        "category": "Structure",
        "color_hex": "#FF3232",
        "area_px": 7237.5,
        "area_sqm": 46.32,
        "area_hectares": 0.0046,
        "area_acres": 0.0114,
        "area_gaj": 55.4,
        "perimeter_m": 31.38,
        "vertex_count": 13,
        "confidence": 0.88,
        "verification_status": "Verified"
      }
    },
    {
      "type": "Feature",
      "id": "CAD-0003",
      "geometry": {
        "type": "Polygon",
        "coordinates": [
          [
            [
              3737.0,
              1609.0
            ],
            [
              3712.0,
              1637.0
            ],
            [
              3712.0,
              1793.0
            ],
            [
              3750.0,
              1834.0
            ],
            [
              3812.0,
              1834.0
            ],
            [
              3809.0,
              1609.0
            ],
            [
              3737.0,
              1609.0
            ]
          ]
        ]
      },
      "properties": {
        "parcel_id": "CAD-0003",
        "feature_type": "Building",
        "land_use": "Residential",
        "category": "Structure",
        "color_hex": "#FF3232",
        "area_px": 20882.5,
        "area_sqm": 133.65,
        "area_hectares": 0.0134,
        "area_acres": 0.033,
        "area_gaj": 159.85,
        "perimeter_m": 48.68,
        "vertex_count": 7,
        "confidence": 0.88,
        "verification_status": "Verified"
      }
    },
    {
      "type": "Feature",
      "id": "CAD-0004",
      "geometry": {
        "type": "Polygon",
        "coordinates": [
          [
            [
              3650.0,
              2609.0
            ],
            [
              3650.0,
              2687.0
            ],
            [
              3675.0,
              2700.0
            ],
            [
              3737.0,
              2700.0
            ],
            [
              3746.0,
              2681.0
            ],
            [
              3746.0,
              2640.0
            ],
            [
              3734.0,
              2609.0
            ],
            [
              3650.0,
              2609.0
            ]
          ]
        ]
      },
      "properties": {
        "parcel_id": "CAD-0004",
        "feature_type": "Building",
        "land_use": "Residential",
        "category": "Structure",
        "color_hex": "#FF3232",
        "area_px": 8278.0,
        "area_sqm": 52.98,
        "area_hectares": 0.0053,
        "area_acres": 0.0131,
        "area_gaj": 63.36,
        "perimeter_m": 27.8,
        "vertex_count": 8,
        "confidence": 0.88,
        "verification_status": "Verified"
      }
    },
    {
      "type": "Feature",
      "id": "CAD-0005",
      "geometry": {
        "type": "Polygon",
        "coordinates": [
          [
            [
              1303.0,
              2175.0
            ],
            [
              1262.0,
              2209.0
            ],
            [
              1262.0,
              2231.0
            ],
            [
              1275.0,
              2240.0
            ],
            [
              1393.0,
              2434.0
            ],
            [
              1415.0,
              2443.0
            ],
            [
              1453.0,
              2418.0
            ],
            [
              1462.0,
              2396.0
            ],
            [
              1409.0,
              2331.0
            ],
            [
              1343.0,
              2200.0
            ],
            [
              1340.0,
              2175.0
            ],
            [
              1303.0,
              2175.0
            ]
          ]
        ]
      },
      "properties": {
        "parcel_id": "CAD-0005",
        "feature_type": "Building",
        "land_use": "Residential",
        "category": "Structure",
        "color_hex": "#FF3232",
        "area_px": 21381.5,
        "area_sqm": 136.84,
        "area_hectares": 0.0137,
        "area_acres": 0.0338,
        "area_gaj": 163.66,
        "perimeter_m": 56.31,
        "vertex_count": 12,
        "confidence": 0.88,
        "verification_status": "Verified"
      }
    },
    {
      "type": "Feature",
      "id": "CAD-0006",
      "geometry": {
        "type": "Polygon",
        "coordinates": [
          [
            [
              3493.0,
              2568.0
            ],
            [
              3493.0,
              2665.0
            ],
            [
              3506.0,
              2668.0
            ],
            [
              3531.0,
              2709.0
            ],
            [
              3590.0,
              2709.0
            ],
            [
              3587.0,
              2581.0
            ],
            [
              3575.0,
              2568.0
            ],
            [
              3493.0,
              2568.0
            ]
          ]
        ]
      },
      "properties": {
        "parcel_id": "CAD-0006",
        "feature_type": "Building",
        "land_use": "Residential",
        "category": "Structure",
        "color_hex": "#FF3232",
        "area_px": 12528.5,
        "area_sqm": 80.18,
        "area_hectares": 0.008,
        "area_acres": 0.0198,
        "area_gaj": 95.9,
        "perimeter_m": 35.61,
        "vertex_count": 8,
        "confidence": 0.88,
        "verification_status": "Verified"
      }
    },
    {
      "type": "Feature",
      "id": "CAD-0007",
      "geometry": {
        "type": "Polygon",
        "coordinates": [
          [
            [
              3334.0,
              1331.0
            ],
            [
              3290.0,
              1331.0
            ],
            [
              3290.0,
              1337.0
            ],
            [
              3278.0,
              1346.0
            ],
            [
              3275.0,
              1353.0
            ],
            [
              3240.0,
              1368.0
            ],
            [
              3240.0,
              1400.0
            ],
            [
              3253.0,
              1409.0
            ],
            [
              3271.0,
              1431.0
            ],
            [
              3287.0,
              1434.0
            ],
            [
              3303.0,
              1428.0
            ],
            [
              3331.0,
              1403.0
            ],
            [
              3346.0,
              1400.0
            ],
            [
              3356.0,
              1393.0
            ],
            [
              3359.0,
              1381.0
            ],
            [
              3346.0,
              1365.0
            ],
            [
              3334.0,
              1331.0
            ]
          ]
        ]
      },
      "properties": {
        "parcel_id": "CAD-0007",
        "feature_type": "Building",
        "land_use": "Residential",
        "category": "Structure",
        "color_hex": "#FF3232",
        "area_px": 8056.5,
        "area_sqm": 51.56,
        "area_hectares": 0.0052,
        "area_acres": 0.0127,
        "area_gaj": 61.67,
        "perimeter_m": 28.35,
        "vertex_count": 17,
        "confidence": 0.88,
        "verification_status": "Verified"
      }
    },
    {
      "type": "Feature",
      "id": "CAD-0008",
      "geometry": {
        "type": "Polygon",
        "coordinates": [
          [
            [
              2965.0,
              1534.0
            ],
            [
              2931.0,
              1534.0
            ],
            [
              2928.0,
              1540.0
            ],
            [
              2912.0,
              1546.0
            ],
            [
              2903.0,
              1556.0
            ],
            [
              2896.0,
              1556.0
            ],
            [
              2893.0,
              1559.0
            ],
            [
              2893.0,
              1596.0
            ],
            [
              2900.0,
              1596.0
            ],
            [
              2912.0,
              1609.0
            ],
            [
              2915.0,
              1606.0
            ],
            [
              2928.0,
              1606.0
            ],
            [
              2943.0,
              1593.0
            ],
            [
              2965.0,
              1584.0
            ],
            [
              2978.0,
              1571.0
            ],
            [
              2978.0,
              1565.0
            ],
            [
              2968.0,
              1556.0
            ],
            [
              2965.0,
              1534.0
            ]
          ]
        ]
      },
      "properties": {
        "parcel_id": "CAD-0008",
        "feature_type": "Building",
        "land_use": "Residential",
        "category": "Structure",
        "color_hex": "#FF3232",
        "area_px": 4344.5,
        "area_sqm": 27.8,
        "area_hectares": 0.0028,
        "area_acres": 0.0069,
        "area_gaj": 33.25,
        "perimeter_m": 21.21,
        "vertex_count": 18,
        "confidence": 0.88,
        "verification_status": "Verified"
      }
    },
    {
      "type": "Feature",
      "id": "CAD-0009",
      "geometry": {
        "type": "Polygon",
        "coordinates": [
          [
            [
              3362.0,
              1962.0
            ],
            [
              3362.0,
              2015.0
            ],
            [
              3396.0,
              2031.0
            ],
            [
              3600.0,
              2021.0
            ],
            [
              3618.0,
              2009.0
            ],
            [
              3590.0,
              1943.0
            ],
            [
              3559.0,
              1928.0
            ],
            [
              3428.0,
              1928.0
            ],
            [
              3412.0,
              1953.0
            ],
            [
              3362.0,
              1962.0
            ]
          ]
        ]
      },
      "properties": {
        "parcel_id": "CAD-0009",
        "feature_type": "Building",
        "land_use": "Residential",
        "category": "Structure",
        "color_hex": "#FF3232",
        "area_px": 21480.5,
        "area_sqm": 137.48,
        "area_hectares": 0.0137,
        "area_acres": 0.034,
        "area_gaj": 164.43,
        "perimeter_m": 50.73,
        "vertex_count": 10,
        "confidence": 0.88,
        "verification_status": "Verified"
      }
    },
    {
      "type": "Feature",
      "id": "CAD-0010",
      "geometry": {
        "type": "Polygon",
        "coordinates": [
          [
            [
              1071.0,
              1637.0
            ],
            [
              1056.0,
              1653.0
            ],
            [
              1034.0,
              1662.0
            ],
            [
              1034.0,
              1693.0
            ],
            [
              1062.0,
              1725.0
            ],
            [
              1131.0,
              1840.0
            ],
            [
              1146.0,
              1837.0
            ],
            [
              1187.0,
              1803.0
            ],
            [
              1134.0,
              1700.0
            ],
            [
              1115.0,
              1637.0
            ],
            [
              1071.0,
              1637.0
            ]
          ]
        ]
      },
      "properties": {
        "parcel_id": "CAD-0010",
        "feature_type": "Building",
        "land_use": "Residential",
        "category": "Structure",
        "color_hex": "#FF3232",
        "area_px": 15488.5,
        "area_sqm": 99.13,
        "area_hectares": 0.0099,
        "area_acres": 0.0245,
        "area_gaj": 118.56,
        "perimeter_m": 43.8,
        "vertex_count": 11,
        "confidence": 0.88,
        "verification_status": "Verified"
      }
    },
    {
      "type": "Feature",
      "id": "CAD-0011",
      "geometry": {
        "type": "Polygon",
        "coordinates": [
          [
            [
              3746.0,
              1387.0
            ],
            [
              3746.0,
              1378.0
            ],
            [
              3759.0,
              1387.0
            ],
            [
              3796.0,
              1387.0
            ],
            [
              3746.0,
              1387.0
            ],
            [
              3765.0,
              1315.0
            ],
            [
              3821.0,
              1321.0
            ],
            [
              3834.0,
              1334.0
            ],
            [
              3828.0,
              1387.0
            ],
            [
              3887.0,
              1387.0
            ],
            [
              3915.0,
              1275.0
            ],
            [
              3912.0,
              1243.0
            ],
            [
              3878.0,
              1218.0
            ],
            [
              3796.0,
              1218.0
            ],
            [
              3746.0,
              1268.0
            ],
            [
              3746.0,
              1312.0
            ],
            [
              3765.0,
              1315.0
            ],
            [
              3746.0,
              1387.0
            ]
          ]
        ]
      },
      "properties": {
        "parcel_id": "CAD-0011",
        "feature_type": "Building",
        "land_use": "Residential",
        "category": "Structure",
        "color_hex": "#FF3232",
        "area_px": 19208.0,
        "area_sqm": 122.93,
        "area_hectares": 0.0123,
        "area_acres": 0.0304,
        "area_gaj": 147.02,
        "perimeter_m": 68.28,
        "vertex_count": 18,
        "confidence": 0.88,
        "verification_status": "Verified"
      }
    },
    {
      "type": "Feature",
      "id": "CAD-0012",
      "geometry": {
        "type": "Polygon",
        "coordinates": [
          [
            [
              2584.0,
              1237.0
            ],
            [
              2584.0,
              1296.0
            ],
            [
              2650.0,
              1293.0
            ],
            [
              2665.0,
              1284.0
            ],
            [
              2665.0,
              1246.0
            ],
            [
              2662.0,
              1246.0
            ],
            [
              2656.0,
              1237.0
            ],
            [
              2584.0,
              1237.0
            ]
          ]
        ]
      },
      "properties": {
        "parcel_id": "CAD-0012",
        "feature_type": "Building",
        "land_use": "Residential",
        "category": "Structure",
        "color_hex": "#FF3232",
        "area_px": 4503.0,
        "area_sqm": 28.82,
        "area_hectares": 0.0029,
        "area_acres": 0.0071,
        "area_gaj": 34.47,
        "perimeter_m": 21.31,
        "vertex_count": 8,
        "confidence": 0.88,
        "verification_status": "Verified"
      }
    },
    {
      "type": "Feature",
      "id": "CAD-0013",
      "geometry": {
        "type": "Polygon",
        "coordinates": [
          [
            [
              1625.0,
              1034.0
            ],
            [
              1625.0,
              1103.0
            ],
            [
              1643.0,
              1103.0
            ],
            [
              1646.0,
              1106.0
            ],
            [
              1659.0,
              1106.0
            ],
            [
              1662.0,
              1109.0
            ],
            [
              1678.0,
              1109.0
            ],
            [
              1684.0,
              1103.0
            ],
            [
              1684.0,
              1087.0
            ],
            [
              1687.0,
              1084.0
            ],
            [
              1687.0,
              1043.0
            ],
            [
              1684.0,
              1040.0
            ],
            [
              1684.0,
              1034.0
            ],
            [
              1625.0,
              1034.0
            ]
          ]
        ]
      },
      "properties": {
        "parcel_id": "CAD-0013",
        "feature_type": "Building",
        "land_use": "Residential",
        "category": "Structure",
        "color_hex": "#FF3232",
        "area_px": 4374.0,
        "area_sqm": 27.99,
        "area_hectares": 0.0028,
        "area_acres": 0.0069,
        "area_gaj": 33.48,
        "perimeter_m": 21.08,
        "vertex_count": 14,
        "confidence": 0.88,
        "verification_status": "Verified"
      }
    },
    {
      "type": "Feature",
      "id": "CAD-0014",
      "geometry": {
        "type": "Polygon",
        "coordinates": [
          [
            [
              2990.0,
              2168.0
            ],
            [
              2990.0,
              2231.0
            ],
            [
              3006.0,
              2240.0
            ],
            [
              3037.0,
              2243.0
            ],
            [
              3071.0,
              2228.0
            ],
            [
              3121.0,
              2228.0
            ],
            [
              3156.0,
              2246.0
            ],
            [
              3215.0,
              2246.0
            ],
            [
              3225.0,
              2240.0
            ],
            [
              3225.0,
              2209.0
            ],
            [
              3200.0,
              2181.0
            ],
            [
              3193.0,
              2162.0
            ],
            [
              3175.0,
              2150.0
            ],
            [
              3165.0,
              2125.0
            ],
            [
              3056.0,
              2125.0
            ],
            [
              3040.0,
              2143.0
            ],
            [
              3018.0,
              2146.0
            ],
            [
              2990.0,
              2168.0
            ]
          ]
        ]
      },
      "properties": {
        "parcel_id": "CAD-0014",
        "feature_type": "Building",
        "land_use": "Residential",
        "category": "Structure",
        "color_hex": "#FF3232",
        "area_px": 22210.0,
        "area_sqm": 142.14,
        "area_hectares": 0.0142,
        "area_acres": 0.0351,
        "area_gaj": 170.0,
        "perimeter_m": 51.03,
        "vertex_count": 18,
        "confidence": 0.88,
        "verification_status": "Verified"
      }
    },
    {
      "type": "Feature",
      "id": "CAD-0015",
      "geometry": {
        "type": "Polygon",
        "coordinates": [
          [
            [
              1400.0,
              1287.0
            ],
            [
              1343.0,
              1287.0
            ],
            [
              1390.0,
              1296.0
            ],
            [
              1393.0,
              1309.0
            ],
            [
              1309.0,
              1309.0
            ],
            [
              1234.0,
              1290.0
            ],
            [
              1250.0,
              1271.0
            ],
            [
              1125.0,
              1271.0
            ],
            [
              1075.0,
              1306.0
            ],
            [
              1031.0,
              1315.0
            ],
            [
              965.0,
              1365.0
            ],
            [
              962.0,
              1415.0
            ],
            [
              1103.0,
              1415.0
            ],
            [
              1287.0,
              1440.0
            ],
            [
              1400.0,
              1428.0
            ],
            [
              1400.0,
              1287.0
            ]
          ]
        ]
      },
      "properties": {
        "parcel_id": "CAD-0015",
        "feature_type": "Building",
        "land_use": "Residential",
        "category": "Structure",
        "color_hex": "#FF3232",
        "area_px": 55436.0,
        "area_sqm": 354.79,
        "area_hectares": 0.0355,
        "area_acres": 0.0877,
        "area_gaj": 424.33,
        "perimeter_m": 99.97,
        "vertex_count": 16,
        "confidence": 0.88,
        "verification_status": "Verified"
      }
    },
    {
      "type": "Feature",
      "id": "CAD-0016",
      "geometry": {
        "type": "Polygon",
        "coordinates": [
          [
            [
              800.0,
              2062.0
            ],
            [
              800.0,
              2137.0
            ],
            [
              812.0,
              2146.0
            ],
            [
              846.0,
              2146.0
            ],
            [
              884.0,
              2131.0
            ],
            [
              884.0,
              2090.0
            ],
            [
              875.0,
              2071.0
            ],
            [
              875.0,
              2059.0
            ],
            [
              878.0,
              2056.0
            ],
            [
              809.0,
              2056.0
            ],
            [
              800.0,
              2062.0
            ]
          ]
        ]
      },
      "properties": {
        "parcel_id": "CAD-0016",
        "feature_type": "Building",
        "land_use": "Residential",
        "category": "Structure",
        "color_hex": "#FF3232",
        "area_px": 6966.0,
        "area_sqm": 44.58,
        "area_hectares": 0.0045,
        "area_acres": 0.011,
        "area_gaj": 53.32,
        "perimeter_m": 25.83,
        "vertex_count": 11,
        "confidence": 0.88,
        "verification_status": "Verified"
      }
    },
    {
      "type": "Feature",
      "id": "CAD-0017",
      "geometry": {
        "type": "Polygon",
        "coordinates": [
          [
            [
              3984.0,
              1103.0
            ],
            [
              3975.0,
              1121.0
            ],
            [
              3962.0,
              1134.0
            ],
            [
              3962.0,
              1165.0
            ],
            [
              3978.0,
              1171.0
            ],
            [
              3987.0,
              1181.0
            ],
            [
              3996.0,
              1181.0
            ],
            [
              3996.0,
              1103.0
            ],
            [
              3984.0,
              1103.0
            ]
          ]
        ]
      },
      "properties": {
        "parcel_id": "CAD-0017",
        "feature_type": "Building",
        "land_use": "Residential",
        "category": "Structure",
        "color_hex": "#FF3232",
        "area_px": 1996.5,
        "area_sqm": 12.78,
        "area_hectares": 0.0013,
        "area_acres": 0.0032,
        "area_gaj": 15.28,
        "perimeter_m": 15.92,
        "vertex_count": 9,
        "confidence": 0.88,
        "verification_status": "Verified"
      }
    },
    {
      "type": "Feature",
      "id": "CAD-0018",
      "geometry": {
        "type": "Polygon",
        "coordinates": [
          [
            [
              2365.0,
              1393.0
            ],
            [
              2365.0,
              1456.0
            ],
            [
              2421.0,
              1456.0
            ],
            [
              2437.0,
              1450.0
            ],
            [
              2440.0,
              1446.0
            ],
            [
              2440.0,
              1393.0
            ],
            [
              2365.0,
              1393.0
            ]
          ]
        ]
      },
      "properties": {
        "parcel_id": "CAD-0018",
        "feature_type": "Building",
        "land_use": "Residential",
        "category": "Structure",
        "color_hex": "#FF3232",
        "area_px": 4645.5,
        "area_sqm": 29.73,
        "area_hectares": 0.003,
        "area_acres": 0.0073,
        "area_gaj": 35.56,
        "perimeter_m": 21.53,
        "vertex_count": 7,
        "confidence": 0.88,
        "verification_status": "Verified"
      }
    },
    {
      "type": "Feature",
      "id": "CAD-0019",
      "geometry": {
        "type": "Polygon",
        "coordinates": [
          [
            [
              3015.0,
              2081.0
            ],
            [
              3281.0,
              1728.0
            ],
            [
              3259.0,
              1950.0
            ],
            [
              3162.0,
              1993.0
            ],
            [
              3103.0,
              2075.0
            ],
            [
              3025.0,
              1962.0
            ],
            [
              3059.0,
              1896.0
            ],
            [
              3015.0,
              1825.0
            ],
            [
              3081.0,
              1821.0
            ],
            [
              3200.0,
              1728.0
            ],
            [
              3015.0,
              1728.0
            ],
            [
              3265.0,
              1728.0
            ],
            [
              3312.0,
              1865.0
            ],
            [
              3262.0,
              1950.0
            ],
            [
              3281.0,
              1728.0
            ],
            [
              3303.0,
              1728.0
            ],
            [
              3015.0,
              2081.0
            ]
          ]
        ]
      },
      "properties": {
        "parcel_id": "CAD-0019",
        "feature_type": "Building",
        "land_use": "Residential",
        "category": "Structure",
        "color_hex": "#FF3232",
        "area_px": 61244.0,
        "area_sqm": 391.96,
        "area_hectares": 0.0392,
        "area_acres": 0.0969,
        "area_gaj": 468.78,
        "perimeter_m": 221.06,
        "vertex_count": 17,
        "confidence": 0.88,
        "verification_status": "Verified"
      }
    },
    {
      "type": "Feature",
      "id": "CAD-0020",
      "geometry": {
        "type": "Polygon",
        "coordinates": [
          [
            [
              3712.0,
              1109.0
            ],
            [
              3712.0,
              1143.0
            ],
            [
              3725.0,
              1143.0
            ],
            [
              3756.0,
              1162.0
            ],
            [
              3771.0,
              1162.0
            ],
            [
              3781.0,
              1153.0
            ],
            [
              3790.0,
              1150.0
            ],
            [
              3793.0,
              1143.0
            ],
            [
              3806.0,
              1131.0
            ],
            [
              3803.0,
              1118.0
            ],
            [
              3787.0,
              1109.0
            ],
            [
              3775.0,
              1093.0
            ],
            [
              3725.0,
              1093.0
            ],
            [
              3728.0,
              1100.0
            ],
            [
              3712.0,
              1109.0
            ]
          ]
        ]
      },
      "properties": {
        "parcel_id": "CAD-0020",
        "feature_type": "Building",
        "land_use": "Residential",
        "category": "Structure",
        "color_hex": "#FF3232",
        "area_px": 4763.0,
        "area_sqm": 30.48,
        "area_hectares": 0.003,
        "area_acres": 0.0075,
        "area_gaj": 36.45,
        "perimeter_m": 21.94,
        "vertex_count": 15,
        "confidence": 0.88,
        "verification_status": "Verified"
      }
    },
    {
      "type": "Feature",
      "id": "CAD-0021",
      "geometry": {
        "type": "Polygon",
        "coordinates": [
          [
            [
              3056.0,
              2412.0
            ],
            [
              3056.0,
              2475.0
            ],
            [
              3084.0,
              2493.0
            ],
            [
              3121.0,
              2500.0
            ],
            [
              3131.0,
              2512.0
            ],
            [
              3131.0,
              2521.0
            ],
            [
              3162.0,
              2521.0
            ],
            [
              3168.0,
              2490.0
            ],
            [
              3175.0,
              2478.0
            ],
            [
              3175.0,
              2437.0
            ],
            [
              3165.0,
              2421.0
            ],
            [
              3134.0,
              2412.0
            ],
            [
              3056.0,
              2412.0
            ]
          ]
        ]
      },
      "properties": {
        "parcel_id": "CAD-0021",
        "feature_type": "Building",
        "land_use": "Residential",
        "category": "Structure",
        "color_hex": "#FF3232",
        "area_px": 10168.0,
        "area_sqm": 65.08,
        "area_hectares": 0.0065,
        "area_acres": 0.0161,
        "area_gaj": 77.84,
        "perimeter_m": 32.41,
        "vertex_count": 13,
        "confidence": 0.88,
        "verification_status": "Verified"
      }
    },
    {
      "type": "Feature",
      "id": "CAD-0022",
      "geometry": {
        "type": "Polygon",
        "coordinates": [
          [
            [
              2371.0,
              1662.0
            ],
            [
              2340.0,
              1662.0
            ],
            [
              2306.0,
              1700.0
            ],
            [
              2296.0,
              1703.0
            ],
            [
              2281.0,
              1715.0
            ],
            [
              2281.0,
              1734.0
            ],
            [
              2303.0,
              1759.0
            ],
            [
              2321.0,
              1756.0
            ],
            [
              2331.0,
              1746.0
            ],
            [
              2350.0,
              1740.0
            ],
            [
              2362.0,
              1728.0
            ],
            [
              2381.0,
              1725.0
            ],
            [
              2390.0,
              1712.0
            ],
            [
              2400.0,
              1709.0
            ],
            [
              2387.0,
              1696.0
            ],
            [
              2387.0,
              1690.0
            ],
            [
              2371.0,
              1662.0
            ]
          ]
        ]
      },
      "properties": {
        "parcel_id": "CAD-0022",
        "feature_type": "Building",
        "land_use": "Residential",
        "category": "Structure",
        "color_hex": "#FF3232",
        "area_px": 6592.5,
        "area_sqm": 42.19,
        "area_hectares": 0.0042,
        "area_acres": 0.0104,
        "area_gaj": 50.46,
        "perimeter_m": 26.83,
        "vertex_count": 17,
        "confidence": 0.88,
        "verification_status": "Verified"
      }
    },
    {
      "type": "Feature",
      "id": "CAD-0023",
      "geometry": {
        "type": "Polygon",
        "coordinates": [
          [
            [
              2509.0,
              1384.0
            ],
            [
              2509.0,
              1446.0
            ],
            [
              2568.0,
              1446.0
            ],
            [
              2571.0,
              1443.0
            ],
            [
              2571.0,
              1437.0
            ],
            [
              2575.0,
              1434.0
            ],
            [
              2575.0,
              1418.0
            ],
            [
              2578.0,
              1415.0
            ],
            [
              2578.0,
              1393.0
            ],
            [
              2575.0,
              1390.0
            ],
            [
              2575.0,
              1384.0
            ],
            [
              2509.0,
              1384.0
            ]
          ]
        ]
      },
      "properties": {
        "parcel_id": "CAD-0023",
        "feature_type": "Building",
        "land_use": "Residential",
        "category": "Structure",
        "color_hex": "#FF3232",
        "area_px": 4120.5,
        "area_sqm": 26.37,
        "area_hectares": 0.0026,
        "area_acres": 0.0065,
        "area_gaj": 31.54,
        "perimeter_m": 20.38,
        "vertex_count": 12,
        "confidence": 0.88,
        "verification_status": "Verified"
      }
    },
    {
      "type": "Feature",
      "id": "CAD-0024",
      "geometry": {
        "type": "Polygon",
        "coordinates": [
          [
            [
              2931.0,
              1071.0
            ],
            [
              2931.0,
              1125.0
            ],
            [
              2934.0,
              1131.0
            ],
            [
              2943.0,
              1137.0
            ],
            [
              2968.0,
              1137.0
            ],
            [
              2971.0,
              1134.0
            ],
            [
              2981.0,
              1134.0
            ],
            [
              2987.0,
              1131.0
            ],
            [
              2987.0,
              1078.0
            ],
            [
              2990.0,
              1071.0
            ],
            [
              2931.0,
              1071.0
            ]
          ]
        ]
      },
      "properties": {
        "parcel_id": "CAD-0024",
        "feature_type": "Building",
        "land_use": "Residential",
        "category": "Structure",
        "color_hex": "#FF3232",
        "area_px": 3588.0,
        "area_sqm": 22.96,
        "area_hectares": 0.0023,
        "area_acres": 0.0057,
        "area_gaj": 27.46,
        "perimeter_m": 18.97,
        "vertex_count": 11,
        "confidence": 0.88,
        "verification_status": "Verified"
      }
    },
    {
      "type": "Feature",
      "id": "CAD-0025",
      "geometry": {
        "type": "Polygon",
        "coordinates": [
          [
            [
              3275.0,
              2359.0
            ],
            [
              3275.0,
              2434.0
            ],
            [
              3290.0,
              2434.0
            ],
            [
              3334.0,
              2453.0
            ],
            [
              3350.0,
              2450.0
            ],
            [
              3368.0,
              2428.0
            ],
            [
              3371.0,
              2415.0
            ],
            [
              3371.0,
              2381.0
            ],
            [
              3353.0,
              2359.0
            ],
            [
              3275.0,
              2359.0
            ]
          ]
        ]
      },
      "properties": {
        "parcel_id": "CAD-0025",
        "feature_type": "Building",
        "land_use": "Residential",
        "category": "Structure",
        "color_hex": "#FF3232",
        "area_px": 7740.0,
        "area_sqm": 49.54,
        "area_hectares": 0.005,
        "area_acres": 0.0122,
        "area_gaj": 59.25,
        "perimeter_m": 26.91,
        "vertex_count": 10,
        "confidence": 0.88,
        "verification_status": "Verified"
      }
    },
    {
      "type": "Feature",
      "id": "CAD-0026",
      "geometry": {
        "type": "Polygon",
        "coordinates": [
          [
            [
              3562.0,
              1534.0
            ],
            [
              3562.0,
              1568.0
            ],
            [
              3575.0,
              1578.0
            ],
            [
              3578.0,
              1587.0
            ],
            [
              3593.0,
              1606.0
            ],
            [
              3606.0,
              1612.0
            ],
            [
              3618.0,
              1612.0
            ],
            [
              3640.0,
              1606.0
            ],
            [
              3653.0,
              1590.0
            ],
            [
              3650.0,
              1571.0
            ],
            [
              3640.0,
              1553.0
            ],
            [
              3634.0,
              1550.0
            ],
            [
              3634.0,
              1537.0
            ],
            [
              3625.0,
              1518.0
            ],
            [
              3587.0,
              1518.0
            ],
            [
              3584.0,
              1525.0
            ],
            [
              3562.0,
              1534.0
            ]
          ]
        ]
      },
      "properties": {
        "parcel_id": "CAD-0026",
        "feature_type": "Building",
        "land_use": "Residential",
        "category": "Structure",
        "color_hex": "#FF3232",
        "area_px": 6210.5,
        "area_sqm": 39.75,
        "area_hectares": 0.004,
        "area_acres": 0.0098,
        "area_gaj": 47.54,
        "perimeter_m": 24.3,
        "vertex_count": 17,
        "confidence": 0.88,
        "verification_status": "Verified"
      }
    },
    {
      "type": "Feature",
      "id": "CAD-0027",
      "geometry": {
        "type": "Polygon",
        "coordinates": [
          [
            [
              1178.0,
              1871.0
            ],
            [
              1143.0,
              1893.0
            ],
            [
              1128.0,
              1912.0
            ],
            [
              1190.0,
              2028.0
            ],
            [
              1228.0,
              2075.0
            ],
            [
              1256.0,
              2125.0
            ],
            [
              1265.0,
              2125.0
            ],
            [
              1309.0,
              2100.0
            ],
            [
              1312.0,
              2084.0
            ],
            [
              1246.0,
              1984.0
            ],
            [
              1193.0,
              1871.0
            ],
            [
              1178.0,
              1871.0
            ]
          ]
        ]
      },
      "properties": {
        "parcel_id": "CAD-0027",
        "feature_type": "Building",
        "land_use": "Residential",
        "category": "Structure",
        "color_hex": "#FF3232",
        "area_px": 18465.0,
        "area_sqm": 118.18,
        "area_hectares": 0.0118,
        "area_acres": 0.0292,
        "area_gaj": 141.34,
        "perimeter_m": 52.03,
        "vertex_count": 12,
        "confidence": 0.88,
        "verification_status": "Verified"
      }
    },
    {
      "type": "Feature",
      "id": "CAD-0028",
      "geometry": {
        "type": "Polygon",
        "coordinates": [
          [
            [
              2665.0,
              2046.0
            ],
            [
              2665.0,
              2078.0
            ],
            [
              2693.0,
              2093.0
            ],
            [
              2709.0,
              2112.0
            ],
            [
              2725.0,
              2121.0
            ],
            [
              2740.0,
              2121.0
            ],
            [
              2756.0,
              2112.0
            ],
            [
              2775.0,
              2090.0
            ],
            [
              2775.0,
              2081.0
            ],
            [
              2765.0,
              2075.0
            ],
            [
              2765.0,
              2071.0
            ],
            [
              2721.0,
              2025.0
            ],
            [
              2690.0,
              2025.0
            ],
            [
              2678.0,
              2046.0
            ],
            [
              2665.0,
              2046.0
            ]
          ]
        ]
      },
      "properties": {
        "parcel_id": "CAD-0028",
        "feature_type": "Building",
        "land_use": "Residential",
        "category": "Structure",
        "color_hex": "#FF3232",
        "area_px": 6772.0,
        "area_sqm": 43.34,
        "area_hectares": 0.0043,
        "area_acres": 0.0107,
        "area_gaj": 51.83,
        "perimeter_m": 26.07,
        "vertex_count": 15,
        "confidence": 0.88,
        "verification_status": "Verified"
      }
    },
    {
      "type": "Feature",
      "id": "CAD-0029",
      "geometry": {
        "type": "Polygon",
        "coordinates": [
          [
            [
              3662.0,
              2503.0
            ],
            [
              3662.0,
              2565.0
            ],
            [
              3665.0,
              2568.0
            ],
            [
              3728.0,
              2568.0
            ],
            [
              3740.0,
              2562.0
            ],
            [
              3743.0,
              2556.0
            ],
            [
              3743.0,
              2521.0
            ],
            [
              3731.0,
              2503.0
            ],
            [
              3662.0,
              2503.0
            ]
          ]
        ]
      },
      "properties": {
        "parcel_id": "CAD-0029",
        "feature_type": "Building",
        "land_use": "Residential",
        "category": "Structure",
        "color_hex": "#FF3232",
        "area_px": 5067.0,
        "area_sqm": 32.43,
        "area_hectares": 0.0032,
        "area_acres": 0.008,
        "area_gaj": 38.79,
        "perimeter_m": 22.0,
        "vertex_count": 9,
        "confidence": 0.88,
        "verification_status": "Verified"
      }
    },
    {
      "type": "Feature",
      "id": "CAD-0030",
      "geometry": {
        "type": "Polygon",
        "coordinates": [
          [
            [
              1928.0,
              1503.0
            ],
            [
              1928.0,
              1575.0
            ],
            [
              1962.0,
              1575.0
            ],
            [
              1984.0,
              1562.0
            ],
            [
              2009.0,
              1556.0
            ],
            [
              2009.0,
              1537.0
            ],
            [
              2000.0,
              1525.0
            ],
            [
              2000.0,
              1518.0
            ],
            [
              1996.0,
              1515.0
            ],
            [
              1993.0,
              1503.0
            ],
            [
              1928.0,
              1503.0
            ]
          ]
        ]
      },
      "properties": {
        "parcel_id": "CAD-0030",
        "feature_type": "Building",
        "land_use": "Residential",
        "category": "Structure",
        "color_hex": "#FF3232",
        "area_px": 4973.5,
        "area_sqm": 31.83,
        "area_hectares": 0.0032,
        "area_acres": 0.0079,
        "area_gaj": 38.07,
        "perimeter_m": 22.45,
        "vertex_count": 11,
        "confidence": 0.88,
        "verification_status": "Verified"
      }
    },
    {
      "type": "Feature",
      "id": "CAD-0031",
      "geometry": {
        "type": "Polygon",
        "coordinates": [
          [
            [
              3846.0,
              1609.0
            ],
            [
              3846.0,
              1728.0
            ],
            [
              3862.0,
              1740.0
            ],
            [
              3856.0,
              1821.0
            ],
            [
              3862.0,
              1828.0
            ],
            [
              3934.0,
              1825.0
            ],
            [
              3934.0,
              1609.0
            ],
            [
              3846.0,
              1609.0
            ]
          ]
        ]
      },
      "properties": {
        "parcel_id": "CAD-0031",
        "feature_type": "Building",
        "land_use": "Residential",
        "category": "Structure",
        "color_hex": "#FF3232",
        "area_px": 18153.5,
        "area_sqm": 116.18,
        "area_hectares": 0.0116,
        "area_acres": 0.0287,
        "area_gaj": 138.95,
        "perimeter_m": 48.44,
        "vertex_count": 8,
        "confidence": 0.88,
        "verification_status": "Verified"
      }
    },
    {
      "type": "Feature",
      "id": "CAD-0032",
      "geometry": {
        "type": "Polygon",
        "coordinates": [
          [
            [
              2556.0,
              984.0
            ],
            [
              2556.0,
              1046.0
            ],
            [
              2568.0,
              1046.0
            ],
            [
              2571.0,
              1050.0
            ],
            [
              2584.0,
              1050.0
            ],
            [
              2606.0,
              1028.0
            ],
            [
              2609.0,
              1015.0
            ],
            [
              2612.0,
              1012.0
            ],
            [
              2612.0,
              990.0
            ],
            [
              2609.0,
              984.0
            ],
            [
              2556.0,
              984.0
            ]
          ]
        ]
      },
      "properties": {
        "parcel_id": "CAD-0032",
        "feature_type": "Building",
        "land_use": "Residential",
        "category": "Structure",
        "color_hex": "#FF3232",
        "area_px": 3195.5,
        "area_sqm": 20.45,
        "area_hectares": 0.002,
        "area_acres": 0.0051,
        "area_gaj": 24.46,
        "perimeter_m": 17.79,
        "vertex_count": 11,
        "confidence": 0.88,
        "verification_status": "Verified"
      }
    },
    {
      "type": "Feature",
      "id": "CAD-0033",
      "geometry": {
        "type": "Polygon",
        "coordinates": [
          [
            [
              2968.0,
              443.0
            ],
            [
              2962.0,
              478.0
            ],
            [
              3012.0,
              509.0
            ],
            [
              3084.0,
              578.0
            ],
            [
              3146.0,
              615.0
            ],
            [
              3165.0,
              615.0
            ],
            [
              3181.0,
              603.0
            ],
            [
              3184.0,
              584.0
            ],
            [
              3178.0,
              575.0
            ],
            [
              3093.0,
              528.0
            ],
            [
              3068.0,
              496.0
            ],
            [
              3009.0,
              446.0
            ],
            [
              2968.0,
              443.0
            ]
          ]
        ]
      },
      "properties": {
        "parcel_id": "CAD-0033",
        "feature_type": "Building",
        "land_use": "Residential",
        "category": "Structure",
        "color_hex": "#FF3232",
        "area_px": 12172.5,
        "area_sqm": 77.9,
        "area_hectares": 0.0078,
        "area_acres": 0.0192,
        "area_gaj": 93.17,
        "perimeter_m": 47.32,
        "vertex_count": 13,
        "confidence": 0.88,
        "verification_status": "Verified"
      }
    },
    {
      "type": "Feature",
      "id": "CAD-0034",
      "geometry": {
        "type": "Polygon",
        "coordinates": [
          [
            [
              2112.0,
              1556.0
            ],
            [
              2112.0,
              1637.0
            ],
            [
              2128.0,
              1650.0
            ],
            [
              2153.0,
              1650.0
            ],
            [
              2165.0,
              1637.0
            ],
            [
              2178.0,
              1631.0
            ],
            [
              2178.0,
              1596.0
            ],
            [
              2171.0,
              1587.0
            ],
            [
              2168.0,
              1556.0
            ],
            [
              2112.0,
              1556.0
            ]
          ]
        ]
      },
      "properties": {
        "parcel_id": "CAD-0034",
        "feature_type": "Building",
        "land_use": "Residential",
        "category": "Structure",
        "color_hex": "#FF3232",
        "area_px": 5514.5,
        "area_sqm": 35.29,
        "area_hectares": 0.0035,
        "area_acres": 0.0087,
        "area_gaj": 42.21,
        "perimeter_m": 23.37,
        "vertex_count": 10,
        "confidence": 0.88,
        "verification_status": "Verified"
      }
    },
    {
      "type": "Feature",
      "id": "CAD-0035",
      "geometry": {
        "type": "Polygon",
        "coordinates": [
          [
            [
              3700.0,
              1900.0
            ],
            [
              3700.0,
              1965.0
            ],
            [
              3718.0,
              1971.0
            ],
            [
              3721.0,
              1975.0
            ],
            [
              3775.0,
              1975.0
            ],
            [
              3787.0,
              1965.0
            ],
            [
              3790.0,
              1959.0
            ],
            [
              3790.0,
              1918.0
            ],
            [
              3784.0,
              1909.0
            ],
            [
              3784.0,
              1900.0
            ],
            [
              3700.0,
              1900.0
            ]
          ]
        ]
      },
      "properties": {
        "parcel_id": "CAD-0035",
        "feature_type": "Building",
        "land_use": "Residential",
        "category": "Structure",
        "color_hex": "#FF3232",
        "area_px": 6442.5,
        "area_sqm": 41.23,
        "area_hectares": 0.0041,
        "area_acres": 0.0102,
        "area_gaj": 49.31,
        "perimeter_m": 24.81,
        "vertex_count": 11,
        "confidence": 0.88,
        "verification_status": "Verified"
      }
    },
    {
      "type": "Feature",
      "id": "CAD-0036",
      "geometry": {
        "type": "Polygon",
        "coordinates": [
          [
            [
              3443.0,
              6.0
            ],
            [
              3403.0,
              6.0
            ],
            [
              3381.0,
              21.0
            ],
            [
              3356.0,
              9.0
            ],
            [
              3343.0,
              12.0
            ],
            [
              3325.0,
              34.0
            ],
            [
              3309.0,
              43.0
            ],
            [
              3309.0,
              78.0
            ],
            [
              3318.0,
              78.0
            ],
            [
              3337.0,
              90.0
            ],
            [
              3381.0,
              131.0
            ],
            [
              3431.0,
              87.0
            ],
            [
              3428.0,
              46.0
            ],
            [
              3443.0,
              37.0
            ],
            [
              3443.0,
              6.0
            ]
          ]
        ]
      },
      "properties": {
        "parcel_id": "CAD-0036",
        "feature_type": "Building",
        "land_use": "Residential",
        "category": "Structure",
        "color_hex": "#FF3232",
        "area_px": 11024.0,
        "area_sqm": 70.55,
        "area_hectares": 0.0071,
        "area_acres": 0.0174,
        "area_gaj": 84.38,
        "perimeter_m": 34.98,
        "vertex_count": 15,
        "confidence": 0.88,
        "verification_status": "Verified"
      }
    },
    {
      "type": "Feature",
      "id": "CAD-0037",
      "geometry": {
        "type": "Polygon",
        "coordinates": [
          [
            [
              2228.0,
              2490.0
            ],
            [
              2228.0,
              2581.0
            ],
            [
              2318.0,
              2581.0
            ],
            [
              2321.0,
              2578.0
            ],
            [
              2321.0,
              2490.0
            ],
            [
              2228.0,
              2490.0
            ]
          ]
        ]
      },
      "properties": {
        "parcel_id": "CAD-0037",
        "feature_type": "Building",
        "land_use": "Residential",
        "category": "Structure",
        "color_hex": "#FF3232",
        "area_px": 8458.5,
        "area_sqm": 54.13,
        "area_hectares": 0.0054,
        "area_acres": 0.0134,
        "area_gaj": 64.74,
        "perimeter_m": 29.3,
        "vertex_count": 6,
        "confidence": 0.88,
        "verification_status": "Verified"
      }
    },
    {
      "type": "Feature",
      "id": "CAD-0038",
      "geometry": {
        "type": "Polygon",
        "coordinates": [
          [
            [
              2931.0,
              690.0
            ],
            [
              2931.0,
              740.0
            ],
            [
              2943.0,
              734.0
            ],
            [
              2962.0,
              743.0
            ],
            [
              2987.0,
              746.0
            ],
            [
              2990.0,
              750.0
            ],
            [
              3006.0,
              750.0
            ],
            [
              3018.0,
              740.0
            ],
            [
              3028.0,
              725.0
            ],
            [
              3021.0,
              709.0
            ],
            [
              3003.0,
              700.0
            ],
            [
              2996.0,
              700.0
            ],
            [
              2987.0,
              690.0
            ],
            [
              2931.0,
              690.0
            ]
          ]
        ]
      },
      "properties": {
        "parcel_id": "CAD-0038",
        "feature_type": "Building",
        "land_use": "Residential",
        "category": "Structure",
        "color_hex": "#FF3232",
        "area_px": 4484.5,
        "area_sqm": 28.7,
        "area_hectares": 0.0029,
        "area_acres": 0.0071,
        "area_gaj": 34.33,
        "perimeter_m": 22.26,
        "vertex_count": 14,
        "confidence": 0.88,
        "verification_status": "Verified"
      }
    },
    {
      "type": "Feature",
      "id": "CAD-0039",
      "geometry": {
        "type": "Polygon",
        "coordinates": [
          [
            [
              2659.0,
              912.0
            ],
            [
              2662.0,
              981.0
            ],
            [
              2743.0,
              984.0
            ],
            [
              2756.0,
              990.0
            ],
            [
              2784.0,
              990.0
            ],
            [
              2790.0,
              984.0
            ],
            [
              2796.0,
              937.0
            ],
            [
              2771.0,
              903.0
            ],
            [
              2665.0,
              903.0
            ],
            [
              2659.0,
              912.0
            ]
          ]
        ]
      },
      "properties": {
        "parcel_id": "CAD-0039",
        "feature_type": "Building",
        "land_use": "Residential",
        "category": "Structure",
        "color_hex": "#FF3232",
        "area_px": 10587.0,
        "area_sqm": 67.76,
        "area_hectares": 0.0068,
        "area_acres": 0.0167,
        "area_gaj": 81.04,
        "perimeter_m": 32.59,
        "vertex_count": 10,
        "confidence": 0.88,
        "verification_status": "Verified"
      }
    },
    {
      "type": "Feature",
      "id": "CAD-0040",
      "geometry": {
        "type": "Polygon",
        "coordinates": [
          [
            [
              3231.0,
              600.0
            ],
            [
              3193.0,
              631.0
            ],
            [
              3193.0,
              656.0
            ],
            [
              3225.0,
              671.0
            ],
            [
              3256.0,
              665.0
            ],
            [
              3275.0,
              678.0
            ],
            [
              3278.0,
              693.0
            ],
            [
              3253.0,
              725.0
            ],
            [
              3268.0,
              737.0
            ],
            [
              3318.0,
              756.0
            ],
            [
              3365.0,
              678.0
            ],
            [
              3362.0,
              650.0
            ],
            [
              3350.0,
              640.0
            ],
            [
              3315.0,
              640.0
            ],
            [
              3271.0,
              625.0
            ],
            [
              3259.0,
              600.0
            ],
            [
              3231.0,
              600.0
            ]
          ]
        ]
      },
      "properties": {
        "parcel_id": "CAD-0040",
        "feature_type": "Building",
        "land_use": "Residential",
        "category": "Structure",
        "color_hex": "#FF3232",
        "area_px": 13261.5,
        "area_sqm": 84.87,
        "area_hectares": 0.0085,
        "area_acres": 0.021,
        "area_gaj": 101.5,
        "perimeter_m": 45.17,
        "vertex_count": 17,
        "confidence": 0.88,
        "verification_status": "Verified"
      }
    },
    {
      "type": "Feature",
      "id": "CAD-0041",
      "geometry": {
        "type": "Polygon",
        "coordinates": [
          [
            [
              3550.0,
              978.0
            ],
            [
              3550.0,
              987.0
            ],
            [
              3559.0,
              990.0
            ],
            [
              3550.0,
              996.0
            ],
            [
              3550.0,
              1037.0
            ],
            [
              3578.0,
              1046.0
            ],
            [
              3584.0,
              1053.0
            ],
            [
              3600.0,
              1050.0
            ],
            [
              3609.0,
              1031.0
            ],
            [
              3628.0,
              1012.0
            ],
            [
              3625.0,
              990.0
            ],
            [
              3615.0,
              981.0
            ],
            [
              3606.0,
              978.0
            ],
            [
              3550.0,
              978.0
            ]
          ]
        ]
      },
      "properties": {
        "parcel_id": "CAD-0041",
        "feature_type": "Building",
        "land_use": "Residential",
        "category": "Structure",
        "color_hex": "#FF3232",
        "area_px": 4586.0,
        "area_sqm": 29.35,
        "area_hectares": 0.0029,
        "area_acres": 0.0073,
        "area_gaj": 35.1,
        "perimeter_m": 21.94,
        "vertex_count": 14,
        "confidence": 0.88,
        "verification_status": "Verified"
      }
    },
    {
      "type": "Feature",
      "id": "CAD-0042",
      "geometry": {
        "type": "Polygon",
        "coordinates": [
          [
            [
              3681.0,
              1600.0
            ],
            [
              3593.0,
              1600.0
            ],
            [
              3615.0,
              1656.0
            ],
            [
              3575.0,
              1681.0
            ],
            [
              3546.0,
              1665.0
            ],
            [
              3506.0,
              1600.0
            ],
            [
              3443.0,
              1600.0
            ],
            [
              3450.0,
              1621.0
            ],
            [
              3390.0,
              1646.0
            ],
            [
              3403.0,
              1725.0
            ],
            [
              3459.0,
              1787.0
            ],
            [
              3609.0,
              1781.0
            ],
            [
              3590.0,
              1850.0
            ],
            [
              3612.0,
              1865.0
            ],
            [
              3678.0,
              1850.0
            ],
            [
              3650.0,
              1693.0
            ],
            [
              3615.0,
              1656.0
            ],
            [
              3593.0,
              1600.0
            ],
            [
              3681.0,
              1600.0
            ]
          ]
        ]
      },
      "properties": {
        "parcel_id": "CAD-0042",
        "feature_type": "Building",
        "land_use": "Residential",
        "category": "Structure",
        "color_hex": "#FF3232",
        "area_px": 39864.5,
        "area_sqm": 255.13,
        "area_hectares": 0.0255,
        "area_acres": 0.063,
        "area_gaj": 305.14,
        "perimeter_m": 103.45,
        "vertex_count": 19,
        "confidence": 0.88,
        "verification_status": "Verified"
      }
    },
    {
      "type": "Feature",
      "id": "CAD-0043",
      "geometry": {
        "type": "Polygon",
        "coordinates": [
          [
            [
              3996.0,
              490.0
            ],
            [
              3996.0,
              375.0
            ],
            [
              3896.0,
              300.0
            ],
            [
              3890.0,
              281.0
            ],
            [
              3915.0,
              259.0
            ],
            [
              3787.0,
              259.0
            ],
            [
              3762.0,
              318.0
            ],
            [
              3762.0,
              362.0
            ],
            [
              3784.0,
              362.0
            ],
            [
              3834.0,
              428.0
            ],
            [
              3800.0,
              459.0
            ],
            [
              3881.0,
              490.0
            ],
            [
              3806.0,
              459.0
            ],
            [
              3793.0,
              490.0
            ],
            [
              3762.0,
              478.0
            ],
            [
              3762.0,
              459.0
            ],
            [
              3800.0,
              459.0
            ],
            [
              3837.0,
              428.0
            ],
            [
              3953.0,
              468.0
            ],
            [
              3971.0,
              490.0
            ],
            [
              3996.0,
              490.0
            ]
          ]
        ]
      },
      "properties": {
        "parcel_id": "CAD-0043",
        "feature_type": "Building",
        "land_use": "Residential",
        "category": "Structure",
        "color_hex": "#FF3232",
        "area_px": 31453.5,
        "area_sqm": 201.3,
        "area_hectares": 0.0201,
        "area_acres": 0.0497,
        "area_gaj": 240.75,
        "perimeter_m": 95.7,
        "vertex_count": 21,
        "confidence": 0.88,
        "verification_status": "Verified"
      }
    },
    {
      "type": "Feature",
      "id": "CAD-0044",
      "geometry": {
        "type": "Polygon",
        "coordinates": [
          [
            [
              2746.0,
              1484.0
            ],
            [
              2746.0,
              1540.0
            ],
            [
              2812.0,
              1540.0
            ],
            [
              2821.0,
              1531.0
            ],
            [
              2821.0,
              1500.0
            ],
            [
              2812.0,
              1484.0
            ],
            [
              2746.0,
              1484.0
            ]
          ]
        ]
      },
      "properties": {
        "parcel_id": "CAD-0044",
        "feature_type": "Building",
        "land_use": "Residential",
        "category": "Structure",
        "color_hex": "#FF3232",
        "area_px": 4090.5,
        "area_sqm": 26.18,
        "area_hectares": 0.0026,
        "area_acres": 0.0065,
        "area_gaj": 31.31,
        "perimeter_m": 20.01,
        "vertex_count": 7,
        "confidence": 0.88,
        "verification_status": "Verified"
      }
    },
    {
      "type": "Feature",
      "id": "CAD-0045",
      "geometry": {
        "type": "Polygon",
        "coordinates": [
          [
            [
              3043.0,
              2290.0
            ],
            [
              3043.0,
              2356.0
            ],
            [
              3115.0,
              2371.0
            ],
            [
              3193.0,
              2368.0
            ],
            [
              3209.0,
              2359.0
            ],
            [
              3246.0,
              2362.0
            ],
            [
              3262.0,
              2350.0
            ],
            [
              3265.0,
              2312.0
            ],
            [
              3250.0,
              2293.0
            ],
            [
              3240.0,
              2290.0
            ],
            [
              3043.0,
              2290.0
            ]
          ]
        ]
      },
      "properties": {
        "parcel_id": "CAD-0045",
        "feature_type": "Building",
        "land_use": "Residential",
        "category": "Structure",
        "color_hex": "#FF3232",
        "area_px": 16273.5,
        "area_sqm": 104.15,
        "area_hectares": 0.0104,
        "area_acres": 0.0257,
        "area_gaj": 124.56,
        "perimeter_m": 45.03,
        "vertex_count": 11,
        "confidence": 0.88,
        "verification_status": "Verified"
      }
    },
    {
      "type": "Feature",
      "id": "CAD-0046",
      "geometry": {
        "type": "Polygon",
        "coordinates": [
          [
            [
              3287.0,
              2259.0
            ],
            [
              3290.0,
              2325.0
            ],
            [
              3428.0,
              2321.0
            ],
            [
              3459.0,
              2315.0
            ],
            [
              3468.0,
              2306.0
            ],
            [
              3468.0,
              2281.0
            ],
            [
              3456.0,
              2243.0
            ],
            [
              3306.0,
              2243.0
            ],
            [
              3287.0,
              2259.0
            ]
          ]
        ]
      },
      "properties": {
        "parcel_id": "CAD-0046",
        "feature_type": "Building",
        "land_use": "Residential",
        "category": "Structure",
        "color_hex": "#FF3232",
        "area_px": 13904.0,
        "area_sqm": 88.99,
        "area_hectares": 0.0089,
        "area_acres": 0.022,
        "area_gaj": 106.43,
        "perimeter_m": 39.05,
        "vertex_count": 9,
        "confidence": 0.88,
        "verification_status": "Verified"
      }
    },
    {
      "type": "Feature",
      "id": "CAD-0047",
      "geometry": {
        "type": "Polygon",
        "coordinates": [
          [
            [
              3709.0,
              106.0
            ],
            [
              3715.0,
              109.0
            ],
            [
              3725.0,
              109.0
            ],
            [
              3734.0,
              118.0
            ],
            [
              3746.0,
              118.0
            ],
            [
              3756.0,
              112.0
            ],
            [
              3762.0,
              100.0
            ],
            [
              3778.0,
              84.0
            ],
            [
              3775.0,
              71.0
            ],
            [
              3771.0,
              68.0
            ],
            [
              3771.0,
              59.0
            ],
            [
              3712.0,
              59.0
            ],
            [
              3712.0,
              71.0
            ],
            [
              3709.0,
              75.0
            ],
            [
              3709.0,
              106.0
            ]
          ]
        ]
      },
      "properties": {
        "parcel_id": "CAD-0047",
        "feature_type": "Building",
        "land_use": "Residential",
        "category": "Structure",
        "color_hex": "#FF3232",
        "area_px": 3200.5,
        "area_sqm": 20.48,
        "area_hectares": 0.002,
        "area_acres": 0.0051,
        "area_gaj": 24.49,
        "perimeter_m": 17.88,
        "vertex_count": 15,
        "confidence": 0.88,
        "verification_status": "Verified"
      }
    },
    {
      "type": "Feature",
      "id": "CAD-0048",
      "geometry": {
        "type": "Polygon",
        "coordinates": [
          [
            [
              518.0,
              2981.0
            ],
            [
              559.0,
              2940.0
            ],
            [
              584.0,
              2959.0
            ],
            [
              643.0,
              2906.0
            ],
            [
              693.0,
              2906.0
            ],
            [
              834.0,
              2806.0
            ],
            [
              928.0,
              2775.0
            ],
            [
              940.0,
              2756.0
            ],
            [
              850.0,
              2628.0
            ],
            [
              787.0,
              2643.0
            ],
            [
              737.0,
              2628.0
            ],
            [
              665.0,
              2706.0
            ],
            [
              493.0,
              2806.0
            ],
            [
              493.0,
              2881.0
            ],
            [
              531.0,
              2862.0
            ],
            [
              515.0,
              2881.0
            ],
            [
              559.0,
              2937.0
            ],
            [
              518.0,
              2981.0
            ]
          ]
        ]
      },
      "properties": {
        "parcel_id": "CAD-0048",
        "feature_type": "Building",
        "land_use": "Residential",
        "category": "Structure",
        "color_hex": "#FF3232",
        "area_px": 76509.0,
        "area_sqm": 489.66,
        "area_hectares": 0.049,
        "area_acres": 0.121,
        "area_gaj": 585.63,
        "perimeter_m": 109.22,
        "vertex_count": 18,
        "confidence": 0.88,
        "verification_status": "Verified"
      }
    },
    {
      "type": "Feature",
      "id": "CAD-0049",
      "geometry": {
        "type": "Polygon",
        "coordinates": [
          [
            [
              3065.0,
              2781.0
            ],
            [
              3065.0,
              2871.0
            ],
            [
              3096.0,
              2871.0
            ],
            [
              3100.0,
              2868.0
            ],
            [
              3103.0,
              2871.0
            ],
            [
              3143.0,
              2871.0
            ],
            [
              3150.0,
              2865.0
            ],
            [
              3156.0,
              2850.0
            ],
            [
              3156.0,
              2781.0
            ],
            [
              3065.0,
              2781.0
            ]
          ]
        ]
      },
      "properties": {
        "parcel_id": "CAD-0049",
        "feature_type": "Building",
        "land_use": "Residential",
        "category": "Structure",
        "color_hex": "#FF3232",
        "area_px": 8068.5,
        "area_sqm": 51.64,
        "area_hectares": 0.0052,
        "area_acres": 0.0128,
        "area_gaj": 61.76,
        "perimeter_m": 28.45,
        "vertex_count": 10,
        "confidence": 0.88,
        "verification_status": "Verified"
      }
    },
    {
      "type": "Feature",
      "id": "CAD-0050",
      "geometry": {
        "type": "Polygon",
        "coordinates": [
          [
            [
              3781.0,
              2615.0
            ],
            [
              3781.0,
              2659.0
            ],
            [
              3793.0,
              2681.0
            ],
            [
              3803.0,
              2690.0
            ],
            [
              3890.0,
              2693.0
            ],
            [
              3896.0,
              2681.0
            ],
            [
              3903.0,
              2693.0
            ],
            [
              3900.0,
              2653.0
            ],
            [
              3903.0,
              2612.0
            ],
            [
              3784.0,
              2612.0
            ],
            [
              3781.0,
              2615.0
            ]
          ]
        ]
      },
      "properties": {
        "parcel_id": "CAD-0050",
        "feature_type": "Building",
        "land_use": "Residential",
        "category": "Structure",
        "color_hex": "#FF3232",
        "area_px": 9361.5,
        "area_sqm": 59.91,
        "area_hectares": 0.006,
        "area_acres": 0.0148,
        "area_gaj": 71.65,
        "perimeter_m": 32.11,
        "vertex_count": 11,
        "confidence": 0.88,
        "verification_status": "Verified"
      }
    },
    {
      "type": "Feature",
      "id": "CAD-0051",
      "geometry": {
        "type": "Polygon",
        "coordinates": [
          [
            [
              2271.0,
              1812.0
            ],
            [
              2253.0,
              1806.0
            ],
            [
              2259.0,
              1796.0
            ],
            [
              2271.0,
              1790.0
            ],
            [
              2271.0,
              1781.0
            ],
            [
              2221.0,
              1696.0
            ],
            [
              2215.0,
              1668.0
            ],
            [
              2178.0,
              1671.0
            ],
            [
              2159.0,
              1687.0
            ],
            [
              2159.0,
              1718.0
            ],
            [
              2184.0,
              1746.0
            ],
            [
              2225.0,
              1812.0
            ],
            [
              2253.0,
              1806.0
            ],
            [
              2271.0,
              1812.0
            ]
          ]
        ]
      },
      "properties": {
        "parcel_id": "CAD-0051",
        "feature_type": "Building",
        "land_use": "Residential",
        "category": "Structure",
        "color_hex": "#FF3232",
        "area_px": 8637.5,
        "area_sqm": 55.28,
        "area_hectares": 0.0055,
        "area_acres": 0.0137,
        "area_gaj": 66.11,
        "perimeter_m": 34.89,
        "vertex_count": 14,
        "confidence": 0.88,
        "verification_status": "Verified"
      }
    },
    {
      "type": "Feature",
      "id": "CAD-0052",
      "geometry": {
        "type": "Polygon",
        "coordinates": [
          [
            [
              2128.0,
              2178.0
            ],
            [
              2109.0,
              2193.0
            ],
            [
              2096.0,
              2196.0
            ],
            [
              2096.0,
              2231.0
            ],
            [
              2125.0,
              2259.0
            ],
            [
              2131.0,
              2281.0
            ],
            [
              2159.0,
              2325.0
            ],
            [
              2171.0,
              2337.0
            ],
            [
              2181.0,
              2340.0
            ],
            [
              2206.0,
              2315.0
            ],
            [
              2206.0,
              2271.0
            ],
            [
              2171.0,
              2215.0
            ],
            [
              2156.0,
              2181.0
            ],
            [
              2128.0,
              2178.0
            ]
          ]
        ]
      },
      "properties": {
        "parcel_id": "CAD-0052",
        "feature_type": "Building",
        "land_use": "Residential",
        "category": "Structure",
        "color_hex": "#FF3232",
        "area_px": 10277.0,
        "area_sqm": 65.77,
        "area_hectares": 0.0066,
        "area_acres": 0.0163,
        "area_gaj": 78.66,
        "perimeter_m": 34.08,
        "vertex_count": 14,
        "confidence": 0.88,
        "verification_status": "Verified"
      }
    },
    {
      "type": "Feature",
      "id": "CAD-0053",
      "geometry": {
        "type": "Polygon",
        "coordinates": [
          [
            [
              2715.0,
              2168.0
            ],
            [
              2715.0,
              2196.0
            ],
            [
              2725.0,
              2200.0
            ],
            [
              2756.0,
              2228.0
            ],
            [
              2768.0,
              2234.0
            ],
            [
              2771.0,
              2240.0
            ],
            [
              2778.0,
              2240.0
            ],
            [
              2787.0,
              2246.0
            ],
            [
              2803.0,
              2240.0
            ],
            [
              2825.0,
              2209.0
            ],
            [
              2821.0,
              2206.0
            ],
            [
              2821.0,
              2193.0
            ],
            [
              2790.0,
              2175.0
            ],
            [
              2765.0,
              2146.0
            ],
            [
              2740.0,
              2146.0
            ],
            [
              2715.0,
              2168.0
            ]
          ]
        ]
      },
      "properties": {
        "parcel_id": "CAD-0053",
        "feature_type": "Building",
        "land_use": "Residential",
        "category": "Structure",
        "color_hex": "#FF3232",
        "area_px": 6608.5,
        "area_sqm": 42.29,
        "area_hectares": 0.0042,
        "area_acres": 0.0105,
        "area_gaj": 50.58,
        "perimeter_m": 25.92,
        "vertex_count": 16,
        "confidence": 0.88,
        "verification_status": "Verified"
      }
    },
    {
      "type": "Feature",
      "id": "CAD-0054",
      "geometry": {
        "type": "Polygon",
        "coordinates": [
          [
            [
              2421.0,
              315.0
            ],
            [
              2371.0,
              315.0
            ],
            [
              2318.0,
              375.0
            ],
            [
              2309.0,
              375.0
            ],
            [
              2303.0,
              368.0
            ],
            [
              2303.0,
              418.0
            ],
            [
              2325.0,
              421.0
            ],
            [
              2346.0,
              437.0
            ],
            [
              2365.0,
              431.0
            ],
            [
              2421.0,
              365.0
            ],
            [
              2421.0,
              350.0
            ],
            [
              2409.0,
              334.0
            ],
            [
              2421.0,
              315.0
            ]
          ]
        ]
      },
      "properties": {
        "parcel_id": "CAD-0054",
        "feature_type": "Building",
        "land_use": "Residential",
        "category": "Structure",
        "color_hex": "#FF3232",
        "area_px": 8888.5,
        "area_sqm": 56.89,
        "area_hectares": 0.0057,
        "area_acres": 0.0141,
        "area_gaj": 68.04,
        "perimeter_m": 32.87,
        "vertex_count": 13,
        "confidence": 0.88,
        "verification_status": "Verified"
      }
    },
    {
      "type": "Feature",
      "id": "CAD-0055",
      "geometry": {
        "type": "Polygon",
        "coordinates": [
          [
            [
              2193.0,
              1537.0
            ],
            [
              2193.0,
              1578.0
            ],
            [
              2200.0,
              1590.0
            ],
            [
              2203.0,
              1612.0
            ],
            [
              2209.0,
              1621.0
            ],
            [
              2256.0,
              1618.0
            ],
            [
              2262.0,
              1612.0
            ],
            [
              2262.0,
              1578.0
            ],
            [
              2256.0,
              1565.0
            ],
            [
              2256.0,
              1556.0
            ],
            [
              2250.0,
              1553.0
            ],
            [
              2250.0,
              1537.0
            ],
            [
              2193.0,
              1537.0
            ]
          ]
        ]
      },
      "properties": {
        "parcel_id": "CAD-0055",
        "feature_type": "Building",
        "land_use": "Residential",
        "category": "Structure",
        "color_hex": "#FF3232",
        "area_px": 5042.0,
        "area_sqm": 32.27,
        "area_hectares": 0.0032,
        "area_acres": 0.008,
        "area_gaj": 38.59,
        "perimeter_m": 22.44,
        "vertex_count": 13,
        "confidence": 0.88,
        "verification_status": "Verified"
      }
    },
    {
      "type": "Feature",
      "id": "CAD-0056",
      "geometry": {
        "type": "Polygon",
        "coordinates": [
          [
            [
              3137.0,
              153.0
            ],
            [
              3103.0,
              153.0
            ],
            [
              3084.0,
              171.0
            ],
            [
              3081.0,
              171.0
            ],
            [
              3071.0,
              184.0
            ],
            [
              3071.0,
              221.0
            ],
            [
              3078.0,
              221.0
            ],
            [
              3087.0,
              215.0
            ],
            [
              3115.0,
              215.0
            ],
            [
              3140.0,
              200.0
            ],
            [
              3140.0,
              196.0
            ],
            [
              3146.0,
              190.0
            ],
            [
              3146.0,
              181.0
            ],
            [
              3150.0,
              178.0
            ],
            [
              3143.0,
              171.0
            ],
            [
              3137.0,
              159.0
            ],
            [
              3137.0,
              153.0
            ]
          ]
        ]
      },
      "properties": {
        "parcel_id": "CAD-0056",
        "feature_type": "Building",
        "land_use": "Residential",
        "category": "Structure",
        "color_hex": "#FF3232",
        "area_px": 3818.5,
        "area_sqm": 24.44,
        "area_hectares": 0.0024,
        "area_acres": 0.006,
        "area_gaj": 29.23,
        "perimeter_m": 19.79,
        "vertex_count": 17,
        "confidence": 0.88,
        "verification_status": "Verified"
      }
    },
    {
      "type": "Feature",
      "id": "CAD-0057",
      "geometry": {
        "type": "Polygon",
        "coordinates": [
          [
            [
              3228.0,
              990.0
            ],
            [
              3212.0,
              1012.0
            ],
            [
              3212.0,
              1040.0
            ],
            [
              3225.0,
              1043.0
            ],
            [
              3268.0,
              1084.0
            ],
            [
              3281.0,
              1087.0
            ],
            [
              3287.0,
              1093.0
            ],
            [
              3303.0,
              1090.0
            ],
            [
              3312.0,
              1084.0
            ],
            [
              3325.0,
              1068.0
            ],
            [
              3318.0,
              1056.0
            ],
            [
              3296.0,
              1043.0
            ],
            [
              3271.0,
              1021.0
            ],
            [
              3262.0,
              1006.0
            ],
            [
              3259.0,
              990.0
            ],
            [
              3228.0,
              990.0
            ]
          ]
        ]
      },
      "properties": {
        "parcel_id": "CAD-0057",
        "feature_type": "Building",
        "land_use": "Residential",
        "category": "Structure",
        "color_hex": "#FF3232",
        "area_px": 5985.5,
        "area_sqm": 38.31,
        "area_hectares": 0.0038,
        "area_acres": 0.0095,
        "area_gaj": 45.82,
        "perimeter_m": 26.8,
        "vertex_count": 16,
        "confidence": 0.88,
        "verification_status": "Verified"
      }
    },
    {
      "type": "Feature",
      "id": "CAD-0058",
      "geometry": {
        "type": "Polygon",
        "coordinates": [
          [
            [
              3256.0,
              2209.0
            ],
            [
              3409.0,
              2206.0
            ],
            [
              3450.0,
              2178.0
            ],
            [
              3484.0,
              2184.0
            ],
            [
              3584.0,
              2178.0
            ],
            [
              3587.0,
              2121.0
            ],
            [
              3578.0,
              2100.0
            ],
            [
              3346.0,
              2100.0
            ],
            [
              3337.0,
              2118.0
            ],
            [
              3293.0,
              2125.0
            ],
            [
              3256.0,
              2143.0
            ],
            [
              3256.0,
              2209.0
            ]
          ]
        ]
      },
      "properties": {
        "parcel_id": "CAD-0058",
        "feature_type": "Building",
        "land_use": "Residential",
        "category": "Structure",
        "color_hex": "#FF3232",
        "area_px": 29135.0,
        "area_sqm": 186.46,
        "area_hectares": 0.0186,
        "area_acres": 0.0461,
        "area_gaj": 223.01,
        "perimeter_m": 65.69,
        "vertex_count": 12,
        "confidence": 0.88,
        "verification_status": "Verified"
      }
    },
    {
      "type": "Feature",
      "id": "CAD-0059",
      "geometry": {
        "type": "Polygon",
        "coordinates": [
          [
            [
              1621.0,
              2234.0
            ],
            [
              1590.0,
              2234.0
            ],
            [
              1575.0,
              2250.0
            ],
            [
              1565.0,
              2253.0
            ],
            [
              1556.0,
              2262.0
            ],
            [
              1543.0,
              2265.0
            ],
            [
              1540.0,
              2268.0
            ],
            [
              1540.0,
              2306.0
            ],
            [
              1550.0,
              2312.0
            ],
            [
              1559.0,
              2312.0
            ],
            [
              1565.0,
              2318.0
            ],
            [
              1571.0,
              2318.0
            ],
            [
              1596.0,
              2306.0
            ],
            [
              1603.0,
              2306.0
            ],
            [
              1615.0,
              2300.0
            ],
            [
              1621.0,
              2293.0
            ],
            [
              1631.0,
              2290.0
            ],
            [
              1637.0,
              2271.0
            ],
            [
              1631.0,
              2253.0
            ],
            [
              1621.0,
              2240.0
            ],
            [
              1621.0,
              2234.0
            ]
          ]
        ]
      },
      "properties": {
        "parcel_id": "CAD-0059",
        "feature_type": "Building",
        "land_use": "Residential",
        "category": "Structure",
        "color_hex": "#FF3232",
        "area_px": 5664.0,
        "area_sqm": 36.25,
        "area_hectares": 0.0036,
        "area_acres": 0.009,
        "area_gaj": 43.35,
        "perimeter_m": 23.68,
        "vertex_count": 21,
        "confidence": 0.88,
        "verification_status": "Verified"
      }
    },
    {
      "type": "Feature",
      "id": "CAD-0060",
      "geometry": {
        "type": "Polygon",
        "coordinates": [
          [
            [
              1710.0,
              2989.0
            ],
            [
              1710.0,
              2994.0
            ],
            [
              1707.0,
              2999.0
            ],
            [
              1631.0,
              2999.0
            ],
            [
              1629.0,
              2992.0
            ],
            [
              1631.0,
              2988.0
            ],
            [
              1676.0,
              2985.0
            ],
            [
              1710.0,
              2989.0
            ]
          ]
        ]
      },
      "properties": {
        "parcel_id": "CAD-0060",
        "feature_type": "Tree / Forest",
        "land_use": "Vacant",
        "category": "Vegetation",
        "color_hex": "#00B400",
        "area_px": 906.5,
        "area_sqm": 5.8,
        "area_hectares": 0.0006,
        "area_acres": 0.0014,
        "area_gaj": 6.94,
        "perimeter_m": 14.23,
        "vertex_count": 8,
        "confidence": 0.85,
        "verification_status": "Pending Review"
      }
    },
    {
      "type": "Feature",
      "id": "CAD-0061",
      "geometry": {
        "type": "Polygon",
        "coordinates": [
          [
            [
              1822.0,
              2985.0
            ],
            [
              1822.0,
              2987.0
            ],
            [
              1816.0,
              2990.0
            ],
            [
              1776.0,
              2999.0
            ],
            [
              1760.0,
              2999.0
            ],
            [
              1761.0,
              2991.0
            ],
            [
              1769.0,
              2986.0
            ],
            [
              1809.0,
              2980.0
            ],
            [
              1822.0,
              2985.0
            ]
          ]
        ]
      },
      "properties": {
        "parcel_id": "CAD-0061",
        "feature_type": "Tree / Forest",
        "land_use": "Vacant",
        "category": "Vegetation",
        "color_hex": "#00B400",
        "area_px": 460.5,
        "area_sqm": 2.95,
        "area_hectares": 0.0003,
        "area_acres": 0.0007,
        "area_gaj": 3.53,
        "perimeter_m": 11.01,
        "vertex_count": 9,
        "confidence": 0.85,
        "verification_status": "Pending Review"
      }
    },
    {
      "type": "Feature",
      "id": "CAD-0062",
      "geometry": {
        "type": "Polygon",
        "coordinates": [
          [
            [
              2031.0,
              2977.0
            ],
            [
              2031.0,
              2999.0
            ],
            [
              1993.0,
              2999.0
            ],
            [
              1988.0,
              2985.0
            ],
            [
              1989.0,
              2979.0
            ],
            [
              1997.0,
              2976.0
            ],
            [
              2031.0,
              2977.0
            ]
          ]
        ]
      },
      "properties": {
        "parcel_id": "CAD-0062",
        "feature_type": "Tree / Forest",
        "land_use": "Vacant",
        "category": "Vegetation",
        "color_hex": "#00B400",
        "area_px": 896.0,
        "area_sqm": 5.73,
        "area_hectares": 0.0006,
        "area_acres": 0.0014,
        "area_gaj": 6.85,
        "perimeter_m": 9.88,
        "vertex_count": 7,
        "confidence": 0.85,
        "verification_status": "Pending Review"
      }
    },
    {
      "type": "Feature",
      "id": "CAD-0063",
      "geometry": {
        "type": "Polygon",
        "coordinates": [
          [
            [
              2187.0,
              2974.0
            ],
            [
              2184.0,
              2980.0
            ],
            [
              2175.0,
              2985.0
            ],
            [
              2133.0,
              2999.0
            ],
            [
              2116.0,
              2999.0
            ],
            [
              2110.0,
              2982.0
            ],
            [
              2110.0,
              2978.0
            ],
            [
              2128.0,
              2975.0
            ],
            [
              2176.0,
              2972.0
            ],
            [
              2187.0,
              2974.0
            ]
          ]
        ]
      },
      "properties": {
        "parcel_id": "CAD-0063",
        "feature_type": "Tree / Forest",
        "land_use": "Vacant",
        "category": "Vegetation",
        "color_hex": "#00B400",
        "area_px": 1129.5,
        "area_sqm": 7.23,
        "area_hectares": 0.0007,
        "area_acres": 0.0018,
        "area_gaj": 8.65,
        "perimeter_m": 14.23,
        "vertex_count": 10,
        "confidence": 0.85,
        "verification_status": "Pending Review"
      }
    },
    {
      "type": "Feature",
      "id": "CAD-0064",
      "geometry": {
        "type": "Polygon",
        "coordinates": [
          [
            [
              2558.0,
              2974.0
            ],
            [
              2561.0,
              2977.0
            ],
            [
              2563.0,
              2982.0
            ],
            [
              2562.0,
              2991.0
            ],
            [
              2558.0,
              2999.0
            ],
            [
              2539.0,
              2999.0
            ],
            [
              2540.0,
              2992.0
            ],
            [
              2548.0,
              2971.0
            ],
            [
              2551.0,
              2970.0
            ],
            [
              2558.0,
              2974.0
            ]
          ]
        ]
      },
      "properties": {
        "parcel_id": "CAD-0064",
        "feature_type": "Tree / Forest",
        "land_use": "Vacant",
        "category": "Vegetation",
        "color_hex": "#00B400",
        "area_px": 449.5,
        "area_sqm": 2.88,
        "area_hectares": 0.0003,
        "area_acres": 0.0007,
        "area_gaj": 3.44,
        "perimeter_m": 6.99,
        "vertex_count": 10,
        "confidence": 0.85,
        "verification_status": "Pending Review"
      }
    },
    {
      "type": "Feature",
      "id": "CAD-0065",
      "geometry": {
        "type": "Polygon",
        "coordinates": [
          [
            [
              578.0,
              2965.0
            ],
            [
              595.0,
              2956.0
            ],
            [
              597.0,
              2957.0
            ],
            [
              610.0,
              2992.0
            ],
            [
              609.0,
              2999.0
            ],
            [
              594.0,
              2999.0
            ],
            [
              578.0,
              2974.0
            ],
            [
              578.0,
              2965.0
            ]
          ]
        ]
      },
      "properties": {
        "parcel_id": "CAD-0065",
        "feature_type": "Tree / Forest",
        "land_use": "Vacant",
        "category": "Vegetation",
        "color_hex": "#00B400",
        "area_px": 623.0,
        "area_sqm": 3.99,
        "area_hectares": 0.0004,
        "area_acres": 0.001,
        "area_gaj": 4.77,
        "perimeter_m": 9.56,
        "vertex_count": 8,
        "confidence": 0.85,
        "verification_status": "Pending Review"
      }
    },
    {
      "type": "Feature",
      "id": "CAD-0066",
      "geometry": {
        "type": "Polygon",
        "coordinates": [
          [
            [
              2476.0,
              2952.0
            ],
            [
              2453.0,
              2999.0
            ],
            [
              2432.0,
              2999.0
            ],
            [
              2427.0,
              2958.0
            ],
            [
              2428.0,
              2954.0
            ],
            [
              2432.0,
              2951.0
            ],
            [
              2476.0,
              2952.0
            ]
          ]
        ]
      },
      "properties": {
        "parcel_id": "CAD-0066",
        "feature_type": "Tree / Forest",
        "land_use": "Vacant",
        "category": "Vegetation",
        "color_hex": "#00B400",
        "area_px": 1193.0,
        "area_sqm": 7.64,
        "area_hectares": 0.0008,
        "area_acres": 0.0019,
        "area_gaj": 9.14,
        "perimeter_m": 13.42,
        "vertex_count": 7,
        "confidence": 0.85,
        "verification_status": "Pending Review"
      }
    },
    {
      "type": "Feature",
      "id": "CAD-0067",
      "geometry": {
        "type": "Polygon",
        "coordinates": [
          [
            [
              657.0,
              2934.0
            ],
            [
              670.0,
              2932.0
            ],
            [
              676.0,
              2936.0
            ],
            [
              679.0,
              2945.0
            ],
            [
              678.0,
              2951.0
            ],
            [
              676.0,
              2955.0
            ],
            [
              669.0,
              2961.0
            ],
            [
              657.0,
              2955.0
            ],
            [
              654.0,
              2948.0
            ],
            [
              653.0,
              2937.0
            ],
            [
              657.0,
              2934.0
            ]
          ]
        ]
      },
      "properties": {
        "parcel_id": "CAD-0067",
        "feature_type": "Tree / Forest",
        "land_use": "Vacant",
        "category": "Vegetation",
        "color_hex": "#00B400",
        "area_px": 518.0,
        "area_sqm": 3.32,
        "area_hectares": 0.0003,
        "area_acres": 0.0008,
        "area_gaj": 3.97,
        "perimeter_m": 6.94,
        "vertex_count": 11,
        "confidence": 0.85,
        "verification_status": "Pending Review"
      }
    },
    {
      "type": "Feature",
      "id": "CAD-0068",
      "geometry": {
        "type": "Polygon",
        "coordinates": [
          [
            [
              1024.0,
              2923.0
            ],
            [
              1035.0,
              2928.0
            ],
            [
              1035.0,
              2930.0
            ],
            [
              1021.0,
              2954.0
            ],
            [
              1016.0,
              2957.0
            ],
            [
              1003.0,
              2946.0
            ],
            [
              1003.0,
              2943.0
            ],
            [
              1012.0,
              2924.0
            ],
            [
              1014.0,
              2923.0
            ],
            [
              1024.0,
              2923.0
            ]
          ]
        ]
      },
      "properties": {
        "parcel_id": "CAD-0068",
        "feature_type": "Tree / Forest",
        "land_use": "Vacant",
        "category": "Vegetation",
        "color_hex": "#00B400",
        "area_px": 462.5,
        "area_sqm": 2.96,
        "area_hectares": 0.0003,
        "area_acres": 0.0007,
        "area_gaj": 3.54,
        "perimeter_m": 8.08,
        "vertex_count": 10,
        "confidence": 0.85,
        "verification_status": "Pending Review"
      }
    },
    {
      "type": "Feature",
      "id": "CAD-0069",
      "geometry": {
        "type": "Polygon",
        "coordinates": [
          [
            [
              2761.0,
              2918.0
            ],
            [
              2804.0,
              2979.0
            ],
            [
              2790.0,
              2999.0
            ],
            [
              2770.0,
              2999.0
            ],
            [
              2758.0,
              2927.0
            ],
            [
              2761.0,
              2918.0
            ]
          ]
        ]
      },
      "properties": {
        "parcel_id": "CAD-0069",
        "feature_type": "Tree / Forest",
        "land_use": "Vacant",
        "category": "Vegetation",
        "color_hex": "#00B400",
        "area_px": 1257.0,
        "area_sqm": 8.04,
        "area_hectares": 0.0008,
        "area_acres": 0.002,
        "area_gaj": 9.62,
        "perimeter_m": 16.12,
        "vertex_count": 6,
        "confidence": 0.85,
        "verification_status": "Pending Review"
      }
    },
    {
      "type": "Feature",
      "id": "CAD-0070",
      "geometry": {
        "type": "Polygon",
        "coordinates": [
          [
            [
              979.0,
              2918.0
            ],
            [
              972.0,
              2936.0
            ],
            [
              926.0,
              2989.0
            ],
            [
              911.0,
              2999.0
            ],
            [
              869.0,
              2999.0
            ],
            [
              868.0,
              2988.0
            ],
            [
              876.0,
              2976.0
            ],
            [
              972.0,
              2919.0
            ],
            [
              979.0,
              2918.0
            ]
          ]
        ]
      },
      "properties": {
        "parcel_id": "CAD-0070",
        "feature_type": "Tree / Forest",
        "land_use": "Vacant",
        "category": "Vegetation",
        "color_hex": "#00B400",
        "area_px": 2666.0,
        "area_sqm": 17.06,
        "area_hectares": 0.0017,
        "area_acres": 0.0042,
        "area_gaj": 20.4,
        "perimeter_m": 23.5,
        "vertex_count": 9,
        "confidence": 0.85,
        "verification_status": "Pending Review"
      }
    },
    {
      "type": "Feature",
      "id": "CAD-0071",
      "geometry": {
        "type": "Polygon",
        "coordinates": [
          [
            [
              2949.0,
              2913.0
            ],
            [
              2951.0,
              2922.0
            ],
            [
              2951.0,
              2930.0
            ],
            [
              2949.0,
              2932.0
            ],
            [
              2936.0,
              2935.0
            ],
            [
              2930.0,
              2935.0
            ],
            [
              2925.0,
              2932.0
            ],
            [
              2924.0,
              2913.0
            ],
            [
              2937.0,
              2910.0
            ],
            [
              2944.0,
              2911.0
            ],
            [
              2949.0,
              2913.0
            ]
          ]
        ]
      },
      "properties": {
        "parcel_id": "CAD-0071",
        "feature_type": "Tree / Forest",
        "land_use": "Vacant",
        "category": "Vegetation",
        "color_hex": "#00B400",
        "area_px": 565.5,
        "area_sqm": 3.62,
        "area_hectares": 0.0004,
        "area_acres": 0.0009,
        "area_gaj": 4.33,
        "perimeter_m": 7.2,
        "vertex_count": 11,
        "confidence": 0.85,
        "verification_status": "Pending Review"
      }
    },
    {
      "type": "Feature",
      "id": "CAD-0072",
      "geometry": {
        "type": "Polygon",
        "coordinates": [
          [
            [
              1988.0,
              2914.0
            ],
            [
              1993.0,
              2904.0
            ],
            [
              2001.0,
              2901.0
            ],
            [
              2052.0,
              2908.0
            ],
            [
              2059.0,
              2913.0
            ],
            [
              2061.0,
              2920.0
            ],
            [
              2055.0,
              2926.0
            ],
            [
              1993.0,
              2927.0
            ],
            [
              1988.0,
              2921.0
            ],
            [
              1988.0,
              2914.0
            ]
          ]
        ]
      },
      "properties": {
        "parcel_id": "CAD-0072",
        "feature_type": "Tree / Forest",
        "land_use": "Vacant",
        "category": "Vegetation",
        "color_hex": "#00B400",
        "area_px": 915.5,
        "area_sqm": 5.86,
        "area_hectares": 0.0006,
        "area_acres": 0.0014,
        "area_gaj": 7.01,
        "perimeter_m": 13.79,
        "vertex_count": 10,
        "confidence": 0.85,
        "verification_status": "Pending Review"
      }
    },
    {
      "type": "Feature",
      "id": "CAD-0073",
      "geometry": {
        "type": "Polygon",
        "coordinates": [
          [
            [
              3223.0,
              2894.0
            ],
            [
              3226.0,
              2893.0
            ],
            [
              3243.0,
              2900.0
            ],
            [
              3247.0,
              2920.0
            ],
            [
              3247.0,
              2930.0
            ],
            [
              3242.0,
              2932.0
            ],
            [
              3239.0,
              2931.0
            ],
            [
              3223.0,
              2917.0
            ],
            [
              3221.0,
              2914.0
            ],
            [
              3218.0,
              2899.0
            ],
            [
              3223.0,
              2894.0
            ]
          ]
        ]
      },
      "properties": {
        "parcel_id": "CAD-0073",
        "feature_type": "Tree / Forest",
        "land_use": "Vacant",
        "category": "Vegetation",
        "color_hex": "#00B400",
        "area_px": 650.5,
        "area_sqm": 4.16,
        "area_hectares": 0.0004,
        "area_acres": 0.001,
        "area_gaj": 4.98,
        "perimeter_m": 8.62,
        "vertex_count": 11,
        "confidence": 0.85,
        "verification_status": "Pending Review"
      }
    },
    {
      "type": "Feature",
      "id": "CAD-0074",
      "geometry": {
        "type": "Polygon",
        "coordinates": [
          [
            [
              2084.0,
              2881.0
            ],
            [
              2088.0,
              2881.0
            ],
            [
              2128.0,
              2918.0
            ],
            [
              2136.0,
              2928.0
            ],
            [
              2136.0,
              2932.0
            ],
            [
              2133.0,
              2934.0
            ],
            [
              2086.0,
              2926.0
            ],
            [
              2083.0,
              2922.0
            ],
            [
              2082.0,
              2885.0
            ],
            [
              2084.0,
              2881.0
            ]
          ]
        ]
      },
      "properties": {
        "parcel_id": "CAD-0074",
        "feature_type": "Tree / Forest",
        "land_use": "Vacant",
        "category": "Vegetation",
        "color_hex": "#00B400",
        "area_px": 829.0,
        "area_sqm": 5.31,
        "area_hectares": 0.0005,
        "area_acres": 0.0013,
        "area_gaj": 6.35,
        "perimeter_m": 13.84,
        "vertex_count": 10,
        "confidence": 0.85,
        "verification_status": "Pending Review"
      }
    },
    {
      "type": "Feature",
      "id": "CAD-0075",
      "geometry": {
        "type": "Polygon",
        "coordinates": [
          [
            [
              3902.0,
              2881.0
            ],
            [
              3903.0,
              2891.0
            ],
            [
              3812.0,
              2990.0
            ],
            [
              3678.0,
              2992.0
            ],
            [
              3665.0,
              2973.0
            ],
            [
              3664.0,
              2895.0
            ],
            [
              3902.0,
              2881.0
            ]
          ]
        ]
      },
      "properties": {
        "parcel_id": "CAD-0075",
        "feature_type": "Tree / Forest",
        "land_use": "Vacant",
        "category": "Vegetation",
        "color_hex": "#00B400",
        "area_px": 11601.5,
        "area_sqm": 74.25,
        "area_hectares": 0.0074,
        "area_acres": 0.0183,
        "area_gaj": 88.8,
        "perimeter_m": 49.44,
        "vertex_count": 7,
        "confidence": 0.85,
        "verification_status": "Pending Review"
      }
    },
    {
      "type": "Feature",
      "id": "CAD-0076",
      "geometry": {
        "type": "Polygon",
        "coordinates": [
          [
            [
              1431.0,
              2869.0
            ],
            [
              1439.0,
              2873.0
            ],
            [
              1459.0,
              2933.0
            ],
            [
              1459.0,
              2937.0
            ],
            [
              1456.0,
              2939.0
            ],
            [
              1449.0,
              2939.0
            ],
            [
              1432.0,
              2930.0
            ],
            [
              1429.0,
              2926.0
            ],
            [
              1420.0,
              2889.0
            ],
            [
              1427.0,
              2871.0
            ],
            [
              1431.0,
              2869.0
            ]
          ]
        ]
      },
      "properties": {
        "parcel_id": "CAD-0076",
        "feature_type": "Tree / Forest",
        "land_use": "Vacant",
        "category": "Vegetation",
        "color_hex": "#00B400",
        "area_px": 935.5,
        "area_sqm": 5.99,
        "area_hectares": 0.0006,
        "area_acres": 0.0015,
        "area_gaj": 7.16,
        "perimeter_m": 13.83,
        "vertex_count": 11,
        "confidence": 0.85,
        "verification_status": "Pending Review"
      }
    },
    {
      "type": "Feature",
      "id": "CAD-0077",
      "geometry": {
        "type": "Polygon",
        "coordinates": [
          [
            [
              1110.0,
              2871.0
            ],
            [
              1111.0,
              2878.0
            ],
            [
              1093.0,
              2900.0
            ],
            [
              1080.0,
              2907.0
            ],
            [
              1076.0,
              2906.0
            ],
            [
              1074.0,
              2902.0
            ],
            [
              1073.0,
              2882.0
            ],
            [
              1090.0,
              2868.0
            ],
            [
              1110.0,
              2871.0
            ]
          ]
        ]
      },
      "properties": {
        "parcel_id": "CAD-0077",
        "feature_type": "Tree / Forest",
        "land_use": "Vacant",
        "category": "Vegetation",
        "color_hex": "#00B400",
        "area_px": 762.5,
        "area_sqm": 4.88,
        "area_hectares": 0.0005,
        "area_acres": 0.0012,
        "area_gaj": 5.84,
        "perimeter_m": 9.69,
        "vertex_count": 9,
        "confidence": 0.85,
        "verification_status": "Pending Review"
      }
    },
    {
      "type": "Feature",
      "id": "CAD-0078",
      "geometry": {
        "type": "Polygon",
        "coordinates": [
          [
            [
              2320.0,
              2902.0
            ],
            [
              2355.0,
              2862.0
            ],
            [
              2391.0,
              2927.0
            ],
            [
              2375.0,
              2930.0
            ],
            [
              2328.0,
              2926.0
            ],
            [
              2321.0,
              2917.0
            ],
            [
              2320.0,
              2902.0
            ]
          ]
        ]
      },
      "properties": {
        "parcel_id": "CAD-0078",
        "feature_type": "Tree / Forest",
        "land_use": "Vacant",
        "category": "Vegetation",
        "color_hex": "#00B400",
        "area_px": 1974.0,
        "area_sqm": 12.63,
        "area_hectares": 0.0013,
        "area_acres": 0.0031,
        "area_gaj": 15.11,
        "perimeter_m": 17.39,
        "vertex_count": 7,
        "confidence": 0.85,
        "verification_status": "Pending Review"
      }
    },
    {
      "type": "Feature",
      "id": "CAD-0079",
      "geometry": {
        "type": "Polygon",
        "coordinates": [
          [
            [
              1591.0,
              2864.0
            ],
            [
              1595.0,
              2861.0
            ],
            [
              1604.0,
              2861.0
            ],
            [
              1614.0,
              2865.0
            ],
            [
              1631.0,
              2877.0
            ],
            [
              1631.0,
              2887.0
            ],
            [
              1627.0,
              2888.0
            ],
            [
              1594.0,
              2873.0
            ],
            [
              1591.0,
              2867.0
            ],
            [
              1591.0,
              2864.0
            ]
          ]
        ]
      },
      "properties": {
        "parcel_id": "CAD-0079",
        "feature_type": "Tree / Forest",
        "land_use": "Vacant",
        "category": "Vegetation",
        "color_hex": "#00B400",
        "area_px": 419.5,
        "area_sqm": 2.68,
        "area_hectares": 0.0003,
        "area_acres": 0.0007,
        "area_gaj": 3.21,
        "perimeter_m": 8.45,
        "vertex_count": 10,
        "confidence": 0.85,
        "verification_status": "Pending Review"
      }
    },
    {
      "type": "Feature",
      "id": "CAD-0080",
      "geometry": {
        "type": "Polygon",
        "coordinates": [
          [
            [
              2721.0,
              2859.0
            ],
            [
              2735.0,
              2906.0
            ],
            [
              2735.0,
              2922.0
            ],
            [
              2677.0,
              2999.0
            ],
            [
              2648.0,
              2999.0
            ],
            [
              2645.0,
              2989.0
            ],
            [
              2655.0,
              2936.0
            ],
            [
              2674.0,
              2892.0
            ],
            [
              2697.0,
              2866.0
            ],
            [
              2721.0,
              2859.0
            ]
          ]
        ]
      },
      "properties": {
        "parcel_id": "CAD-0080",
        "feature_type": "Tree / Forest",
        "land_use": "Vacant",
        "category": "Vegetation",
        "color_hex": "#00B400",
        "area_px": 5474.5,
        "area_sqm": 35.04,
        "area_hectares": 0.0035,
        "area_acres": 0.0087,
        "area_gaj": 41.91,
        "perimeter_m": 29.0,
        "vertex_count": 10,
        "confidence": 0.85,
        "verification_status": "Pending Review"
      }
    },
    {
      "type": "Feature",
      "id": "CAD-0081",
      "geometry": {
        "type": "Polygon",
        "coordinates": [
          [
            [
              3273.0,
              2848.0
            ],
            [
              3278.0,
              2849.0
            ],
            [
              3293.0,
              2866.0
            ],
            [
              3307.0,
              2887.0
            ],
            [
              3307.0,
              2891.0
            ],
            [
              3284.0,
              2902.0
            ],
            [
              3269.0,
              2895.0
            ],
            [
              3248.0,
              2874.0
            ],
            [
              3248.0,
              2872.0
            ],
            [
              3273.0,
              2848.0
            ]
          ]
        ]
      },
      "properties": {
        "parcel_id": "CAD-0081",
        "feature_type": "Tree / Forest",
        "land_use": "Vacant",
        "category": "Vegetation",
        "color_hex": "#00B400",
        "area_px": 1374.5,
        "area_sqm": 8.8,
        "area_hectares": 0.0009,
        "area_acres": 0.0022,
        "area_gaj": 10.52,
        "perimeter_m": 13.23,
        "vertex_count": 10,
        "confidence": 0.85,
        "verification_status": "Pending Review"
      }
    },
    {
      "type": "Feature",
      "id": "CAD-0082",
      "geometry": {
        "type": "Polygon",
        "coordinates": [
          [
            [
              3991.0,
              2856.0
            ],
            [
              3966.0,
              2885.0
            ],
            [
              3932.0,
              2900.0
            ],
            [
              3927.0,
              2898.0
            ],
            [
              3924.0,
              2880.0
            ],
            [
              3937.0,
              2862.0
            ],
            [
              3967.0,
              2845.0
            ],
            [
              3991.0,
              2856.0
            ]
          ]
        ]
      },
      "properties": {
        "parcel_id": "CAD-0082",
        "feature_type": "Tree / Forest",
        "land_use": "Vacant",
        "category": "Vegetation",
        "color_hex": "#00B400",
        "area_px": 1190.0,
        "area_sqm": 7.62,
        "area_hectares": 0.0008,
        "area_acres": 0.0019,
        "area_gaj": 9.11,
        "perimeter_m": 14.57,
        "vertex_count": 8,
        "confidence": 0.85,
        "verification_status": "Pending Review"
      }
    },
    {
      "type": "Feature",
      "id": "CAD-0083",
      "geometry": {
        "type": "Polygon",
        "coordinates": [
          [
            [
              3672.0,
              2830.0
            ],
            [
              3674.0,
              2831.0
            ],
            [
              3681.0,
              2842.0
            ],
            [
              3681.0,
              2845.0
            ],
            [
              3678.0,
              2850.0
            ],
            [
              3674.0,
              2852.0
            ],
            [
              3665.0,
              2851.0
            ],
            [
              3661.0,
              2849.0
            ],
            [
              3656.0,
              2843.0
            ],
            [
              3654.0,
              2833.0
            ],
            [
              3659.0,
              2831.0
            ],
            [
              3672.0,
              2830.0
            ]
          ]
        ]
      },
      "properties": {
        "parcel_id": "CAD-0083",
        "feature_type": "Tree / Forest",
        "land_use": "Vacant",
        "category": "Vegetation",
        "color_hex": "#00B400",
        "area_px": 423.0,
        "area_sqm": 2.71,
        "area_hectares": 0.0003,
        "area_acres": 0.0007,
        "area_gaj": 3.24,
        "perimeter_m": 6.28,
        "vertex_count": 12,
        "confidence": 0.85,
        "verification_status": "Pending Review"
      }
    },
    {
      "type": "Feature",
      "id": "CAD-0084",
      "geometry": {
        "type": "Polygon",
        "coordinates": [
          [
            [
              379.0,
              2831.0
            ],
            [
              379.0,
              2836.0
            ],
            [
              377.0,
              2840.0
            ],
            [
              367.0,
              2849.0
            ],
            [
              357.0,
              2854.0
            ],
            [
              352.0,
              2854.0
            ],
            [
              347.0,
              2851.0
            ],
            [
              346.0,
              2843.0
            ],
            [
              348.0,
              2840.0
            ],
            [
              362.0,
              2828.0
            ],
            [
              367.0,
              2826.0
            ],
            [
              375.0,
              2828.0
            ],
            [
              379.0,
              2831.0
            ]
          ]
        ]
      },
      "properties": {
        "parcel_id": "CAD-0084",
        "feature_type": "Tree / Forest",
        "land_use": "Vacant",
        "category": "Vegetation",
        "color_hex": "#00B400",
        "area_px": 563.0,
        "area_sqm": 3.6,
        "area_hectares": 0.0004,
        "area_acres": 0.0009,
        "area_gaj": 4.31,
        "perimeter_m": 7.49,
        "vertex_count": 13,
        "confidence": 0.85,
        "verification_status": "Pending Review"
      }
    },
    {
      "type": "Feature",
      "id": "CAD-0085",
      "geometry": {
        "type": "Polygon",
        "coordinates": [
          [
            [
              1985.0,
              2815.0
            ],
            [
              1991.0,
              2820.0
            ],
            [
              2003.0,
              2836.0
            ],
            [
              2003.0,
              2862.0
            ],
            [
              1983.0,
              2875.0
            ],
            [
              1981.0,
              2874.0
            ],
            [
              1976.0,
              2821.0
            ],
            [
              1979.0,
              2817.0
            ],
            [
              1985.0,
              2815.0
            ]
          ]
        ]
      },
      "properties": {
        "parcel_id": "CAD-0085",
        "feature_type": "Tree / Forest",
        "land_use": "Vacant",
        "category": "Vegetation",
        "color_hex": "#00B400",
        "area_px": 901.0,
        "area_sqm": 5.77,
        "area_hectares": 0.0006,
        "area_acres": 0.0014,
        "area_gaj": 6.9,
        "perimeter_m": 11.56,
        "vertex_count": 9,
        "confidence": 0.85,
        "verification_status": "Pending Review"
      }
    },
    {
      "type": "Feature",
      "id": "CAD-0086",
      "geometry": {
        "type": "Polygon",
        "coordinates": [
          [
            [
              3509.0,
              2816.0
            ],
            [
              3508.0,
              2826.0
            ],
            [
              3504.0,
              2828.0
            ],
            [
              3478.0,
              2827.0
            ],
            [
              3473.0,
              2823.0
            ],
            [
              3474.0,
              2811.0
            ],
            [
              3479.0,
              2808.0
            ],
            [
              3505.0,
              2813.0
            ],
            [
              3509.0,
              2816.0
            ]
          ]
        ]
      },
      "properties": {
        "parcel_id": "CAD-0086",
        "feature_type": "Tree / Forest",
        "land_use": "Vacant",
        "category": "Vegetation",
        "color_hex": "#00B400",
        "area_px": 444.5,
        "area_sqm": 2.84,
        "area_hectares": 0.0003,
        "area_acres": 0.0007,
        "area_gaj": 3.4,
        "perimeter_m": 7.7,
        "vertex_count": 9,
        "confidence": 0.85,
        "verification_status": "Pending Review"
      }
    },
    {
      "type": "Feature",
      "id": "CAD-0087",
      "geometry": {
        "type": "Polygon",
        "coordinates": [
          [
            [
              1865.0,
              2811.0
            ],
            [
              1868.0,
              2816.0
            ],
            [
              1876.0,
              2847.0
            ],
            [
              1840.0,
              2860.0
            ],
            [
              1836.0,
              2860.0
            ],
            [
              1827.0,
              2855.0
            ],
            [
              1824.0,
              2851.0
            ],
            [
              1824.0,
              2822.0
            ],
            [
              1832.0,
              2809.0
            ],
            [
              1843.0,
              2804.0
            ],
            [
              1865.0,
              2811.0
            ]
          ]
        ]
      },
      "properties": {
        "parcel_id": "CAD-0087",
        "feature_type": "Tree / Forest",
        "land_use": "Vacant",
        "category": "Vegetation",
        "color_hex": "#00B400",
        "area_px": 1979.0,
        "area_sqm": 12.67,
        "area_hectares": 0.0013,
        "area_acres": 0.0031,
        "area_gaj": 15.15,
        "perimeter_m": 13.99,
        "vertex_count": 11,
        "confidence": 0.85,
        "verification_status": "Pending Review"
      }
    },
    {
      "type": "Feature",
      "id": "CAD-0088",
      "geometry": {
        "type": "Polygon",
        "coordinates": [
          [
            [
              1718.0,
              2807.0
            ],
            [
              1720.0,
              2809.0
            ],
            [
              1722.0,
              2820.0
            ],
            [
              1720.0,
              2836.0
            ],
            [
              1716.0,
              2841.0
            ],
            [
              1691.0,
              2858.0
            ],
            [
              1684.0,
              2856.0
            ],
            [
              1677.0,
              2844.0
            ],
            [
              1680.0,
              2836.0
            ],
            [
              1701.0,
              2807.0
            ],
            [
              1710.0,
              2804.0
            ],
            [
              1718.0,
              2807.0
            ]
          ]
        ]
      },
      "properties": {
        "parcel_id": "CAD-0088",
        "feature_type": "Tree / Forest",
        "land_use": "Vacant",
        "category": "Vegetation",
        "color_hex": "#00B400",
        "area_px": 1150.5,
        "area_sqm": 7.36,
        "area_hectares": 0.0007,
        "area_acres": 0.0018,
        "area_gaj": 8.8,
        "perimeter_m": 12.03,
        "vertex_count": 12,
        "confidence": 0.85,
        "verification_status": "Pending Review"
      }
    },
    {
      "type": "Feature",
      "id": "CAD-0089",
      "geometry": {
        "type": "Polygon",
        "coordinates": [
          [
            [
              942.0,
              2806.0
            ],
            [
              961.0,
              2842.0
            ],
            [
              908.0,
              2900.0
            ],
            [
              745.0,
              2999.0
            ],
            [
              704.0,
              2999.0
            ],
            [
              718.0,
              2943.0
            ],
            [
              770.0,
              2859.0
            ],
            [
              911.0,
              2792.0
            ],
            [
              942.0,
              2806.0
            ]
          ]
        ]
      },
      "properties": {
        "parcel_id": "CAD-0089",
        "feature_type": "Tree / Forest",
        "land_use": "Vacant",
        "category": "Vegetation",
        "color_hex": "#00B400",
        "area_px": 11697.0,
        "area_sqm": 74.86,
        "area_hectares": 0.0075,
        "area_acres": 0.0185,
        "area_gaj": 89.53,
        "perimeter_m": 55.81,
        "vertex_count": 9,
        "confidence": 0.85,
        "verification_status": "Pending Review"
      }
    },
    {
      "type": "Feature",
      "id": "CAD-0090",
      "geometry": {
        "type": "Polygon",
        "coordinates": [
          [
            [
              3959.0,
              2788.0
            ],
            [
              3964.0,
              2791.0
            ],
            [
              3976.0,
              2822.0
            ],
            [
              3954.0,
              2839.0
            ],
            [
              3941.0,
              2839.0
            ],
            [
              3927.0,
              2830.0
            ],
            [
              3923.0,
              2824.0
            ],
            [
              3922.0,
              2814.0
            ],
            [
              3937.0,
              2795.0
            ],
            [
              3959.0,
              2788.0
            ]
          ]
        ]
      },
      "properties": {
        "parcel_id": "CAD-0090",
        "feature_type": "Tree / Forest",
        "land_use": "Vacant",
        "category": "Vegetation",
        "color_hex": "#00B400",
        "area_px": 1677.5,
        "area_sqm": 10.74,
        "area_hectares": 0.0011,
        "area_acres": 0.0027,
        "area_gaj": 12.85,
        "perimeter_m": 12.89,
        "vertex_count": 10,
        "confidence": 0.85,
        "verification_status": "Pending Review"
      }
    },
    {
      "type": "Feature",
      "id": "CAD-0091",
      "geometry": {
        "type": "Polygon",
        "coordinates": [
          [
            [
              2088.0,
              2825.0
            ],
            [
              2023.0,
              2834.0
            ],
            [
              2008.0,
              2826.0
            ],
            [
              2001.0,
              2817.0
            ],
            [
              1994.0,
              2795.0
            ],
            [
              2004.0,
              2792.0
            ],
            [
              2074.0,
              2787.0
            ],
            [
              2086.0,
              2808.0
            ],
            [
              2088.0,
              2825.0
            ]
          ]
        ]
      },
      "properties": {
        "parcel_id": "CAD-0091",
        "feature_type": "Tree / Forest",
        "land_use": "Vacant",
        "category": "Vegetation",
        "color_hex": "#00B400",
        "area_px": 1844.0,
        "area_sqm": 11.8,
        "area_hectares": 0.0012,
        "area_acres": 0.0029,
        "area_gaj": 14.11,
        "perimeter_m": 19.12,
        "vertex_count": 9,
        "confidence": 0.85,
        "verification_status": "Pending Review"
      }
    },
    {
      "type": "Feature",
      "id": "CAD-0092",
      "geometry": {
        "type": "Polygon",
        "coordinates": [
          [
            [
              975.0,
              2785.0
            ],
            [
              980.0,
              2787.0
            ],
            [
              988.0,
              2808.0
            ],
            [
              988.0,
              2813.0
            ],
            [
              973.0,
              2826.0
            ],
            [
              968.0,
              2823.0
            ],
            [
              964.0,
              2802.0
            ],
            [
              973.0,
              2786.0
            ],
            [
              975.0,
              2785.0
            ]
          ]
        ]
      },
      "properties": {
        "parcel_id": "CAD-0092",
        "feature_type": "Tree / Forest",
        "land_use": "Vacant",
        "category": "Vegetation",
        "color_hex": "#00B400",
        "area_px": 411.0,
        "area_sqm": 2.63,
        "area_hectares": 0.0003,
        "area_acres": 0.0006,
        "area_gaj": 3.15,
        "perimeter_m": 8.04,
        "vertex_count": 9,
        "confidence": 0.85,
        "verification_status": "Pending Review"
      }
    },
    {
      "type": "Feature",
      "id": "CAD-0093",
      "geometry": {
        "type": "Polygon",
        "coordinates": [
          [
            [
              3321.0,
              2773.0
            ],
            [
              3330.0,
              2774.0
            ],
            [
              3382.0,
              2815.0
            ],
            [
              3398.0,
              2833.0
            ],
            [
              3399.0,
              2838.0
            ],
            [
              3394.0,
              2842.0
            ],
            [
              3388.0,
              2841.0
            ],
            [
              3356.0,
              2820.0
            ],
            [
              3324.0,
              2785.0
            ],
            [
              3320.0,
              2778.0
            ],
            [
              3321.0,
              2773.0
            ]
          ]
        ]
      },
      "properties": {
        "parcel_id": "CAD-0093",
        "feature_type": "Tree / Forest",
        "land_use": "Vacant",
        "category": "Vegetation",
        "color_hex": "#00B400",
        "area_px": 988.0,
        "area_sqm": 6.32,
        "area_hectares": 0.0006,
        "area_acres": 0.0016,
        "area_gaj": 7.56,
        "perimeter_m": 17.26,
        "vertex_count": 11,
        "confidence": 0.85,
        "verification_status": "Pending Review"
      }
    },
    {
      "type": "Feature",
      "id": "CAD-0094",
      "geometry": {
        "type": "Polygon",
        "coordinates": [
          [
            [
              1577.0,
              2771.0
            ],
            [
              1584.0,
              2778.0
            ],
            [
              1585.0,
              2814.0
            ],
            [
              1578.0,
              2829.0
            ],
            [
              1571.0,
              2838.0
            ],
            [
              1544.0,
              2833.0
            ],
            [
              1542.0,
              2828.0
            ],
            [
              1573.0,
              2771.0
            ],
            [
              1577.0,
              2771.0
            ]
          ]
        ]
      },
      "properties": {
        "parcel_id": "CAD-0094",
        "feature_type": "Tree / Forest",
        "land_use": "Vacant",
        "category": "Vegetation",
        "color_hex": "#00B400",
        "area_px": 1136.5,
        "area_sqm": 7.27,
        "area_hectares": 0.0007,
        "area_acres": 0.0018,
        "area_gaj": 8.69,
        "perimeter_m": 14.05,
        "vertex_count": 9,
        "confidence": 0.85,
        "verification_status": "Pending Review"
      }
    },
    {
      "type": "Feature",
      "id": "CAD-0095",
      "geometry": {
        "type": "Polygon",
        "coordinates": [
          [
            [
              3963.0,
              2758.0
            ],
            [
              3969.0,
              2754.0
            ],
            [
              3974.0,
              2754.0
            ],
            [
              3983.0,
              2757.0
            ],
            [
              3999.0,
              2773.0
            ],
            [
              3999.0,
              2781.0
            ],
            [
              3996.0,
              2782.0
            ],
            [
              3973.0,
              2775.0
            ],
            [
              3965.0,
              2771.0
            ],
            [
              3962.0,
              2768.0
            ],
            [
              3963.0,
              2758.0
            ]
          ]
        ]
      },
      "properties": {
        "parcel_id": "CAD-0095",
        "feature_type": "Tree / Forest",
        "land_use": "Vacant",
        "category": "Vegetation",
        "color_hex": "#00B400",
        "area_px": 593.0,
        "area_sqm": 3.8,
        "area_hectares": 0.0004,
        "area_acres": 0.0009,
        "area_gaj": 4.54,
        "perimeter_m": 8.22,
        "vertex_count": 11,
        "confidence": 0.85,
        "verification_status": "Pending Review"
      }
    },
    {
      "type": "Feature",
      "id": "CAD-0096",
      "geometry": {
        "type": "Polygon",
        "coordinates": [
          [
            [
              2412.0,
              2752.0
            ],
            [
              2423.0,
              2768.0
            ],
            [
              2421.0,
              2781.0
            ],
            [
              2413.0,
              2798.0
            ],
            [
              2394.0,
              2826.0
            ],
            [
              2391.0,
              2828.0
            ],
            [
              2385.0,
              2827.0
            ],
            [
              2378.0,
              2822.0
            ],
            [
              2381.0,
              2804.0
            ],
            [
              2400.0,
              2763.0
            ],
            [
              2407.0,
              2753.0
            ],
            [
              2412.0,
              2752.0
            ]
          ]
        ]
      },
      "properties": {
        "parcel_id": "CAD-0096",
        "feature_type": "Tree / Forest",
        "land_use": "Vacant",
        "category": "Vegetation",
        "color_hex": "#00B400",
        "area_px": 1495.5,
        "area_sqm": 9.57,
        "area_hectares": 0.001,
        "area_acres": 0.0024,
        "area_gaj": 11.45,
        "perimeter_m": 14.74,
        "vertex_count": 12,
        "confidence": 0.85,
        "verification_status": "Pending Review"
      }
    },
    {
      "type": "Feature",
      "id": "CAD-0097",
      "geometry": {
        "type": "Polygon",
        "coordinates": [
          [
            [
              44.0,
              2749.0
            ],
            [
              46.0,
              2748.0
            ],
            [
              58.0,
              2748.0
            ],
            [
              66.0,
              2752.0
            ],
            [
              72.0,
              2758.0
            ],
            [
              72.0,
              2763.0
            ],
            [
              71.0,
              2765.0
            ],
            [
              68.0,
              2768.0
            ],
            [
              62.0,
              2771.0
            ],
            [
              56.0,
              2771.0
            ],
            [
              54.0,
              2770.0
            ],
            [
              48.0,
              2761.0
            ],
            [
              44.0,
              2749.0
            ]
          ]
        ]
      },
      "properties": {
        "parcel_id": "CAD-0097",
        "feature_type": "Tree / Forest",
        "land_use": "Vacant",
        "category": "Vegetation",
        "color_hex": "#00B400",
        "area_px": 436.0,
        "area_sqm": 2.79,
        "area_hectares": 0.0003,
        "area_acres": 0.0007,
        "area_gaj": 3.34,
        "perimeter_m": 6.52,
        "vertex_count": 13,
        "confidence": 0.85,
        "verification_status": "Pending Review"
      }
    },
    {
      "type": "Feature",
      "id": "CAD-0098",
      "geometry": {
        "type": "Polygon",
        "coordinates": [
          [
            [
              1830.0,
              2726.0
            ],
            [
              1846.0,
              2732.0
            ],
            [
              1865.0,
              2745.0
            ],
            [
              1866.0,
              2780.0
            ],
            [
              1860.0,
              2786.0
            ],
            [
              1837.0,
              2793.0
            ],
            [
              1833.0,
              2791.0
            ],
            [
              1824.0,
              2763.0
            ],
            [
              1826.0,
              2728.0
            ],
            [
              1830.0,
              2726.0
            ]
          ]
        ]
      },
      "properties": {
        "parcel_id": "CAD-0098",
        "feature_type": "Tree / Forest",
        "land_use": "Vacant",
        "category": "Vegetation",
        "color_hex": "#00B400",
        "area_px": 1638.0,
        "area_sqm": 10.48,
        "area_hectares": 0.001,
        "area_acres": 0.0026,
        "area_gaj": 12.53,
        "perimeter_m": 14.49,
        "vertex_count": 10,
        "confidence": 0.85,
        "verification_status": "Pending Review"
      }
    },
    {
      "type": "Feature",
      "id": "CAD-0099",
      "geometry": {
        "type": "Polygon",
        "coordinates": [
          [
            [
              3156.0,
              2727.0
            ],
            [
              3165.0,
              2761.0
            ],
            [
              3163.0,
              2770.0
            ],
            [
              3129.0,
              2780.0
            ],
            [
              3065.0,
              2779.0
            ],
            [
              3063.0,
              2762.0
            ],
            [
              3074.0,
              2745.0
            ],
            [
              3089.0,
              2736.0
            ],
            [
              3148.0,
              2721.0
            ],
            [
              3156.0,
              2727.0
            ]
          ]
        ]
      },
      "properties": {
        "parcel_id": "CAD-0099",
        "feature_type": "Tree / Forest",
        "land_use": "Vacant",
        "category": "Vegetation",
        "color_hex": "#00B400",
        "area_px": 3549.5,
        "area_sqm": 22.72,
        "area_hectares": 0.0023,
        "area_acres": 0.0056,
        "area_gaj": 27.17,
        "perimeter_m": 21.57,
        "vertex_count": 10,
        "confidence": 0.85,
        "verification_status": "Pending Review"
      }
    },
    {
      "type": "Feature",
      "id": "CAD-0100",
      "geometry": {
        "type": "Polygon",
        "coordinates": [
          [
            [
              2065.0,
              2717.0
            ],
            [
              2067.0,
              2716.0
            ],
            [
              2075.0,
              2716.0
            ],
            [
              2080.0,
              2717.0
            ],
            [
              2088.0,
              2721.0
            ],
            [
              2093.0,
              2736.0
            ],
            [
              2093.0,
              2738.0
            ],
            [
              2089.0,
              2745.0
            ],
            [
              2087.0,
              2746.0
            ],
            [
              2083.0,
              2744.0
            ],
            [
              2072.0,
              2732.0
            ],
            [
              2065.0,
              2719.0
            ],
            [
              2065.0,
              2717.0
            ]
          ]
        ]
      },
      "properties": {
        "parcel_id": "CAD-0100",
        "feature_type": "Tree / Forest",
        "land_use": "Vacant",
        "category": "Vegetation",
        "color_hex": "#00B400",
        "area_px": 419.0,
        "area_sqm": 2.68,
        "area_hectares": 0.0003,
        "area_acres": 0.0007,
        "area_gaj": 3.21,
        "perimeter_m": 7.19,
        "vertex_count": 13,
        "confidence": 0.85,
        "verification_status": "Pending Review"
      }
    },
    {
      "type": "Feature",
      "id": "CAD-0101",
      "geometry": {
        "type": "Polygon",
        "coordinates": [
          [
            [
              2185.0,
              2717.0
            ],
            [
              2197.0,
              2715.0
            ],
            [
              2225.0,
              2735.0
            ],
            [
              2233.0,
              2775.0
            ],
            [
              2233.0,
              2787.0
            ],
            [
              2225.0,
              2788.0
            ],
            [
              2179.0,
              2754.0
            ],
            [
              2182.0,
              2720.0
            ],
            [
              2185.0,
              2717.0
            ]
          ]
        ]
      },
      "properties": {
        "parcel_id": "CAD-0101",
        "feature_type": "Tree / Forest",
        "land_use": "Vacant",
        "category": "Vegetation",
        "color_hex": "#00B400",
        "area_px": 1410.5,
        "area_sqm": 9.03,
        "area_hectares": 0.0009,
        "area_acres": 0.0022,
        "area_gaj": 10.8,
        "perimeter_m": 16.24,
        "vertex_count": 9,
        "confidence": 0.85,
        "verification_status": "Pending Review"
      }
    },
    {
      "type": "Feature",
      "id": "CAD-0102",
      "geometry": {
        "type": "Polygon",
        "coordinates": [
          [
            [
              1539.0,
              2710.0
            ],
            [
              1567.0,
              2702.0
            ],
            [
              1574.0,
              2702.0
            ],
            [
              1582.0,
              2708.0
            ],
            [
              1582.0,
              2737.0
            ],
            [
              1574.0,
              2768.0
            ],
            [
              1568.0,
              2768.0
            ],
            [
              1534.0,
              2749.0
            ],
            [
              1535.0,
              2714.0
            ],
            [
              1539.0,
              2710.0
            ]
          ]
        ]
      },
      "properties": {
        "parcel_id": "CAD-0102",
        "feature_type": "Tree / Forest",
        "land_use": "Vacant",
        "category": "Vegetation",
        "color_hex": "#00B400",
        "area_px": 1726.0,
        "area_sqm": 11.05,
        "area_hectares": 0.0011,
        "area_acres": 0.0027,
        "area_gaj": 13.22,
        "perimeter_m": 15.42,
        "vertex_count": 10,
        "confidence": 0.85,
        "verification_status": "Pending Review"
      }
    },
    {
      "type": "Feature",
      "id": "CAD-0103",
      "geometry": {
        "type": "Polygon",
        "coordinates": [
          [
            [
              2634.0,
              2717.0
            ],
            [
              2609.0,
              2725.0
            ],
            [
              2568.0,
              2725.0
            ],
            [
              2557.0,
              2714.0
            ],
            [
              2557.0,
              2711.0
            ],
            [
              2576.0,
              2704.0
            ],
            [
              2619.0,
              2698.0
            ],
            [
              2634.0,
              2712.0
            ],
            [
              2634.0,
              2717.0
            ]
          ]
        ]
      },
      "properties": {
        "parcel_id": "CAD-0103",
        "feature_type": "Tree / Forest",
        "land_use": "Vacant",
        "category": "Vegetation",
        "color_hex": "#00B400",
        "area_px": 1006.0,
        "area_sqm": 6.44,
        "area_hectares": 0.0006,
        "area_acres": 0.0016,
        "area_gaj": 7.7,
        "perimeter_m": 14.0,
        "vertex_count": 9,
        "confidence": 0.85,
        "verification_status": "Pending Review"
      }
    },
    {
      "type": "Feature",
      "id": "CAD-0104",
      "geometry": {
        "type": "Polygon",
        "coordinates": [
          [
            [
              15.0,
              2687.0
            ],
            [
              18.0,
              2687.0
            ],
            [
              23.0,
              2690.0
            ],
            [
              30.0,
              2696.0
            ],
            [
              31.0,
              2699.0
            ],
            [
              31.0,
              2704.0
            ],
            [
              22.0,
              2715.0
            ],
            [
              20.0,
              2716.0
            ],
            [
              18.0,
              2715.0
            ],
            [
              6.0,
              2697.0
            ],
            [
              6.0,
              2695.0
            ],
            [
              15.0,
              2687.0
            ]
          ]
        ]
      },
      "properties": {
        "parcel_id": "CAD-0104",
        "feature_type": "Tree / Forest",
        "land_use": "Vacant",
        "category": "Vegetation",
        "color_hex": "#00B400",
        "area_px": 409.5,
        "area_sqm": 2.62,
        "area_hectares": 0.0003,
        "area_acres": 0.0006,
        "area_gaj": 3.13,
        "perimeter_m": 6.45,
        "vertex_count": 12,
        "confidence": 0.85,
        "verification_status": "Pending Review"
      }
    },
    {
      "type": "Feature",
      "id": "CAD-0105",
      "geometry": {
        "type": "Polygon",
        "coordinates": [
          [
            [
              3814.0,
              2710.0
            ],
            [
              3809.0,
              2713.0
            ],
            [
              3798.0,
              2709.0
            ],
            [
              3771.0,
              2692.0
            ],
            [
              3771.0,
              2690.0
            ],
            [
              3780.0,
              2686.0
            ],
            [
              3803.0,
              2696.0
            ],
            [
              3814.0,
              2703.0
            ],
            [
              3814.0,
              2710.0
            ]
          ]
        ]
      },
      "properties": {
        "parcel_id": "CAD-0105",
        "feature_type": "Tree / Forest",
        "land_use": "Vacant",
        "category": "Vegetation",
        "color_hex": "#00B400",
        "area_px": 464.0,
        "area_sqm": 2.97,
        "area_hectares": 0.0003,
        "area_acres": 0.0007,
        "area_gaj": 3.55,
        "perimeter_m": 8.51,
        "vertex_count": 9,
        "confidence": 0.85,
        "verification_status": "Pending Review"
      }
    },
    {
      "type": "Feature",
      "id": "CAD-0106",
      "geometry": {
        "type": "Polygon",
        "coordinates": [
          [
            [
              1395.0,
              2674.0
            ],
            [
              1398.0,
              2674.0
            ],
            [
              1402.0,
              2677.0
            ],
            [
              1405.0,
              2687.0
            ],
            [
              1404.0,
              2703.0
            ],
            [
              1401.0,
              2705.0
            ],
            [
              1391.0,
              2700.0
            ],
            [
              1389.0,
              2698.0
            ],
            [
              1386.0,
              2691.0
            ],
            [
              1386.0,
              2686.0
            ],
            [
              1388.0,
              2682.0
            ],
            [
              1393.0,
              2675.0
            ],
            [
              1395.0,
              2674.0
            ]
          ]
        ]
      },
      "properties": {
        "parcel_id": "CAD-0106",
        "feature_type": "Tree / Forest",
        "land_use": "Vacant",
        "category": "Vegetation",
        "color_hex": "#00B400",
        "area_px": 409.5,
        "area_sqm": 2.62,
        "area_hectares": 0.0003,
        "area_acres": 0.0006,
        "area_gaj": 3.13,
        "perimeter_m": 6.4,
        "vertex_count": 13,
        "confidence": 0.85,
        "verification_status": "Pending Review"
      }
    },
    {
      "type": "Feature",
      "id": "CAD-0107",
      "geometry": {
        "type": "Polygon",
        "coordinates": [
          [
            [
              1353.0,
              2670.0
            ],
            [
              1371.0,
              2722.0
            ],
            [
              1263.0,
              2851.0
            ],
            [
              1207.0,
              2832.0
            ],
            [
              1194.0,
              2809.0
            ],
            [
              1203.0,
              2754.0
            ],
            [
              1289.0,
              2683.0
            ],
            [
              1353.0,
              2670.0
            ]
          ]
        ]
      },
      "properties": {
        "parcel_id": "CAD-0107",
        "feature_type": "Tree / Forest",
        "land_use": "Vacant",
        "category": "Vegetation",
        "color_hex": "#00B400",
        "area_px": 12657.5,
        "area_sqm": 81.01,
        "area_hectares": 0.0081,
        "area_acres": 0.02,
        "area_gaj": 96.89,
        "perimeter_m": 43.31,
        "vertex_count": 8,
        "confidence": 0.85,
        "verification_status": "Pending Review"
      }
    },
    {
      "type": "Feature",
      "id": "CAD-0108",
      "geometry": {
        "type": "Polygon",
        "coordinates": [
          [
            [
              2259.0,
              2672.0
            ],
            [
              2267.0,
              2667.0
            ],
            [
              2276.0,
              2667.0
            ],
            [
              2284.0,
              2671.0
            ],
            [
              2289.0,
              2687.0
            ],
            [
              2289.0,
              2698.0
            ],
            [
              2287.0,
              2703.0
            ],
            [
              2285.0,
              2704.0
            ],
            [
              2261.0,
              2691.0
            ],
            [
              2257.0,
              2684.0
            ],
            [
              2259.0,
              2672.0
            ]
          ]
        ]
      },
      "properties": {
        "parcel_id": "CAD-0108",
        "feature_type": "Tree / Forest",
        "land_use": "Vacant",
        "category": "Vegetation",
        "color_hex": "#00B400",
        "area_px": 738.5,
        "area_sqm": 4.73,
        "area_hectares": 0.0005,
        "area_acres": 0.0012,
        "area_gaj": 5.66,
        "perimeter_m": 8.82,
        "vertex_count": 11,
        "confidence": 0.85,
        "verification_status": "Pending Review"
      }
    },
    {
      "type": "Feature",
      "id": "CAD-0109",
      "geometry": {
        "type": "Polygon",
        "coordinates": [
          [
            [
              3630.0,
              2666.0
            ],
            [
              3633.0,
              2668.0
            ],
            [
              3642.0,
              2687.0
            ],
            [
              3642.0,
              2692.0
            ],
            [
              3636.0,
              2705.0
            ],
            [
              3633.0,
              2707.0
            ],
            [
              3626.0,
              2708.0
            ],
            [
              3621.0,
              2706.0
            ],
            [
              3615.0,
              2696.0
            ],
            [
              3618.0,
              2670.0
            ],
            [
              3630.0,
              2666.0
            ]
          ]
        ]
      },
      "properties": {
        "parcel_id": "CAD-0109",
        "feature_type": "Tree / Forest",
        "land_use": "Vacant",
        "category": "Vegetation",
        "color_hex": "#00B400",
        "area_px": 747.0,
        "area_sqm": 4.78,
        "area_hectares": 0.0005,
        "area_acres": 0.0012,
        "area_gaj": 5.72,
        "perimeter_m": 8.84,
        "vertex_count": 11,
        "confidence": 0.85,
        "verification_status": "Pending Review"
      }
    },
    {
      "type": "Feature",
      "id": "CAD-0110",
      "geometry": {
        "type": "Polygon",
        "coordinates": [
          [
            [
              2691.0,
              2679.0
            ],
            [
              2750.0,
              2853.0
            ],
            [
              2556.0,
              2842.0
            ],
            [
              2535.0,
              2820.0
            ],
            [
              2539.0,
              2785.0
            ],
            [
              2624.0,
              2675.0
            ],
            [
              2645.0,
              2664.0
            ],
            [
              2691.0,
              2679.0
            ]
          ]
        ]
      },
      "properties": {
        "parcel_id": "CAD-0110",
        "feature_type": "Tree / Forest",
        "land_use": "Vacant",
        "category": "Vegetation",
        "color_hex": "#00B400",
        "area_px": 10568.5,
        "area_sqm": 67.64,
        "area_hectares": 0.0068,
        "area_acres": 0.0167,
        "area_gaj": 80.9,
        "perimeter_m": 52.38,
        "vertex_count": 8,
        "confidence": 0.85,
        "verification_status": "Pending Review"
      }
    },
    {
      "type": "Feature",
      "id": "CAD-0111",
      "geometry": {
        "type": "Polygon",
        "coordinates": [
          [
            [
              614.0,
              2649.0
            ],
            [
              614.0,
              2674.0
            ],
            [
              613.0,
              2676.0
            ],
            [
              609.0,
              2678.0
            ],
            [
              596.0,
              2677.0
            ],
            [
              594.0,
              2676.0
            ],
            [
              597.0,
              2654.0
            ],
            [
              606.0,
              2646.0
            ],
            [
              614.0,
              2649.0
            ]
          ]
        ]
      },
      "properties": {
        "parcel_id": "CAD-0111",
        "feature_type": "Tree / Forest",
        "land_use": "Vacant",
        "category": "Vegetation",
        "color_hex": "#00B400",
        "area_px": 485.5,
        "area_sqm": 3.11,
        "area_hectares": 0.0003,
        "area_acres": 0.0008,
        "area_gaj": 3.72,
        "perimeter_m": 7.18,
        "vertex_count": 9,
        "confidence": 0.85,
        "verification_status": "Pending Review"
      }
    },
    {
      "type": "Feature",
      "id": "CAD-0112",
      "geometry": {
        "type": "Polygon",
        "coordinates": [
          [
            [
              2139.0,
              2641.0
            ],
            [
              2162.0,
              2653.0
            ],
            [
              2163.0,
              2675.0
            ],
            [
              2161.0,
              2690.0
            ],
            [
              2144.0,
              2734.0
            ],
            [
              2135.0,
              2737.0
            ],
            [
              2123.0,
              2734.0
            ],
            [
              2117.0,
              2724.0
            ],
            [
              2117.0,
              2717.0
            ],
            [
              2132.0,
              2647.0
            ],
            [
              2139.0,
              2641.0
            ]
          ]
        ]
      },
      "properties": {
        "parcel_id": "CAD-0112",
        "feature_type": "Tree / Forest",
        "land_use": "Vacant",
        "category": "Vegetation",
        "color_hex": "#00B400",
        "area_px": 2271.0,
        "area_sqm": 14.53,
        "area_hectares": 0.0015,
        "area_acres": 0.0036,
        "area_gaj": 17.38,
        "perimeter_m": 18.53,
        "vertex_count": 11,
        "confidence": 0.85,
        "verification_status": "Pending Review"
      }
    },
    {
      "type": "Feature",
      "id": "CAD-0113",
      "geometry": {
        "type": "Polygon",
        "coordinates": [
          [
            [
              2434.0,
              2701.0
            ],
            [
              2464.0,
              2637.0
            ],
            [
              2476.0,
              2630.0
            ],
            [
              2484.0,
              2636.0
            ],
            [
              2540.0,
              2711.0
            ],
            [
              2503.0,
              2726.0
            ],
            [
              2439.0,
              2708.0
            ],
            [
              2434.0,
              2701.0
            ]
          ]
        ]
      },
      "properties": {
        "parcel_id": "CAD-0113",
        "feature_type": "Tree / Forest",
        "land_use": "Vacant",
        "category": "Vegetation",
        "color_hex": "#00B400",
        "area_px": 3750.5,
        "area_sqm": 24.0,
        "area_hectares": 0.0024,
        "area_acres": 0.0059,
        "area_gaj": 28.7,
        "perimeter_m": 24.25,
        "vertex_count": 8,
        "confidence": 0.85,
        "verification_status": "Pending Review"
      }
    },
    {
      "type": "Feature",
      "id": "CAD-0114",
      "geometry": {
        "type": "Polygon",
        "coordinates": [
          [
            [
              3061.0,
              2637.0
            ],
            [
              3065.0,
              2630.0
            ],
            [
              3074.0,
              2627.0
            ],
            [
              3081.0,
              2627.0
            ],
            [
              3096.0,
              2631.0
            ],
            [
              3105.0,
              2635.0
            ],
            [
              3106.0,
              2642.0
            ],
            [
              3102.0,
              2644.0
            ],
            [
              3065.0,
              2645.0
            ],
            [
              3062.0,
              2643.0
            ],
            [
              3061.0,
              2637.0
            ]
          ]
        ]
      },
      "properties": {
        "parcel_id": "CAD-0114",
        "feature_type": "Tree / Forest",
        "land_use": "Vacant",
        "category": "Vegetation",
        "color_hex": "#00B400",
        "area_px": 427.5,
        "area_sqm": 2.74,
        "area_hectares": 0.0003,
        "area_acres": 0.0007,
        "area_gaj": 3.28,
        "perimeter_m": 8.65,
        "vertex_count": 11,
        "confidence": 0.85,
        "verification_status": "Pending Review"
      }
    },
    {
      "type": "Feature",
      "id": "CAD-0115",
      "geometry": {
        "type": "Polygon",
        "coordinates": [
          [
            [
              907.0,
              2626.0
            ],
            [
              920.0,
              2617.0
            ],
            [
              960.0,
              2622.0
            ],
            [
              982.0,
              2640.0
            ],
            [
              1007.0,
              2674.0
            ],
            [
              1023.0,
              2716.0
            ],
            [
              1021.0,
              2763.0
            ],
            [
              1008.0,
              2768.0
            ],
            [
              925.0,
              2705.0
            ],
            [
              906.0,
              2674.0
            ],
            [
              907.0,
              2626.0
            ]
          ]
        ]
      },
      "properties": {
        "parcel_id": "CAD-0115",
        "feature_type": "Tree / Forest",
        "land_use": "Vacant",
        "category": "Vegetation",
        "color_hex": "#00B400",
        "area_px": 8814.5,
        "area_sqm": 56.41,
        "area_hectares": 0.0056,
        "area_acres": 0.0139,
        "area_gaj": 67.47,
        "perimeter_m": 33.7,
        "vertex_count": 11,
        "confidence": 0.85,
        "verification_status": "Pending Review"
      }
    },
    {
      "type": "Feature",
      "id": "CAD-0116",
      "geometry": {
        "type": "Polygon",
        "coordinates": [
          [
            [
              1057.0,
              2622.0
            ],
            [
              1069.0,
              2615.0
            ],
            [
              1076.0,
              2616.0
            ],
            [
              1163.0,
              2668.0
            ],
            [
              1166.0,
              2682.0
            ],
            [
              1159.0,
              2688.0
            ],
            [
              1110.0,
              2707.0
            ],
            [
              1102.0,
              2706.0
            ],
            [
              1064.0,
              2670.0
            ],
            [
              1057.0,
              2622.0
            ]
          ]
        ]
      },
      "properties": {
        "parcel_id": "CAD-0116",
        "feature_type": "Tree / Forest",
        "land_use": "Vacant",
        "category": "Vegetation",
        "color_hex": "#00B400",
        "area_px": 3274.5,
        "area_sqm": 20.96,
        "area_hectares": 0.0021,
        "area_acres": 0.0052,
        "area_gaj": 25.07,
        "perimeter_m": 24.59,
        "vertex_count": 10,
        "confidence": 0.85,
        "verification_status": "Pending Review"
      }
    },
    {
      "type": "Feature",
      "id": "CAD-0117",
      "geometry": {
        "type": "Polygon",
        "coordinates": [
          [
            [
              1707.0,
              2606.0
            ],
            [
              1714.0,
              2612.0
            ],
            [
              1718.0,
              2672.0
            ],
            [
              1686.0,
              2703.0
            ],
            [
              1678.0,
              2691.0
            ],
            [
              1675.0,
              2671.0
            ],
            [
              1678.0,
              2620.0
            ],
            [
              1707.0,
              2606.0
            ]
          ]
        ]
      },
      "properties": {
        "parcel_id": "CAD-0117",
        "feature_type": "Tree / Forest",
        "land_use": "Vacant",
        "category": "Vegetation",
        "color_hex": "#00B400",
        "area_px": 1663.0,
        "area_sqm": 10.64,
        "area_hectares": 0.0011,
        "area_acres": 0.0026,
        "area_gaj": 12.73,
        "perimeter_m": 18.55,
        "vertex_count": 8,
        "confidence": 0.85,
        "verification_status": "Pending Review"
      }
    },
    {
      "type": "Feature",
      "id": "CAD-0118",
      "geometry": {
        "type": "Polygon",
        "coordinates": [
          [
            [
              3289.0,
              2602.0
            ],
            [
              3347.0,
              2636.0
            ],
            [
              3367.0,
              2717.0
            ],
            [
              3317.0,
              2765.0
            ],
            [
              3309.0,
              2757.0
            ],
            [
              3274.0,
              2656.0
            ],
            [
              3273.0,
              2634.0
            ],
            [
              3280.0,
              2609.0
            ],
            [
              3289.0,
              2602.0
            ]
          ]
        ]
      },
      "properties": {
        "parcel_id": "CAD-0118",
        "feature_type": "Tree / Forest",
        "land_use": "Vacant",
        "category": "Vegetation",
        "color_hex": "#00B400",
        "area_px": 7119.5,
        "area_sqm": 45.56,
        "area_hectares": 0.0046,
        "area_acres": 0.0113,
        "area_gaj": 54.49,
        "perimeter_m": 31.81,
        "vertex_count": 9,
        "confidence": 0.85,
        "verification_status": "Pending Review"
      }
    },
    {
      "type": "Feature",
      "id": "CAD-0119",
      "geometry": {
        "type": "Polygon",
        "coordinates": [
          [
            [
              1414.0,
              2605.0
            ],
            [
              1413.0,
              2612.0
            ],
            [
              1398.0,
              2645.0
            ],
            [
              1386.0,
              2661.0
            ],
            [
              1376.0,
              2665.0
            ],
            [
              1347.0,
              2643.0
            ],
            [
              1347.0,
              2638.0
            ],
            [
              1392.0,
              2600.0
            ],
            [
              1397.0,
              2598.0
            ],
            [
              1414.0,
              2605.0
            ]
          ]
        ]
      },
      "properties": {
        "parcel_id": "CAD-0119",
        "feature_type": "Tree / Forest",
        "land_use": "Vacant",
        "category": "Vegetation",
        "color_hex": "#00B400",
        "area_px": 1377.0,
        "area_sqm": 8.81,
        "area_hectares": 0.0009,
        "area_acres": 0.0022,
        "area_gaj": 10.54,
        "perimeter_m": 15.85,
        "vertex_count": 10,
        "confidence": 0.85,
        "verification_status": "Pending Review"
      }
    },
    {
      "type": "Feature",
      "id": "CAD-0120",
      "geometry": {
        "type": "Polygon",
        "coordinates": [
          [
            [
              1534.0,
              2579.0
            ],
            [
              1529.0,
              2606.0
            ],
            [
              1506.0,
              2649.0
            ],
            [
              1489.0,
              2658.0
            ],
            [
              1438.0,
              2656.0
            ],
            [
              1441.0,
              2619.0
            ],
            [
              1525.0,
              2578.0
            ],
            [
              1534.0,
              2579.0
            ]
          ]
        ]
      },
      "properties": {
        "parcel_id": "CAD-0120",
        "feature_type": "Tree / Forest",
        "land_use": "Vacant",
        "category": "Vegetation",
        "color_hex": "#00B400",
        "area_px": 2976.0,
        "area_sqm": 19.05,
        "area_hectares": 0.0019,
        "area_acres": 0.0047,
        "area_gaj": 22.78,
        "perimeter_m": 22.89,
        "vertex_count": 8,
        "confidence": 0.85,
        "verification_status": "Pending Review"
      }
    },
    {
      "type": "Feature",
      "id": "CAD-0121",
      "geometry": {
        "type": "Polygon",
        "coordinates": [
          [
            [
              2722.0,
              2575.0
            ],
            [
              2750.0,
              2580.0
            ],
            [
              2768.0,
              2588.0
            ],
            [
              2772.0,
              2599.0
            ],
            [
              2734.0,
              2645.0
            ],
            [
              2728.0,
              2642.0
            ],
            [
              2724.0,
              2636.0
            ],
            [
              2718.0,
              2579.0
            ],
            [
              2722.0,
              2575.0
            ]
          ]
        ]
      },
      "properties": {
        "parcel_id": "CAD-0121",
        "feature_type": "Tree / Forest",
        "land_use": "Vacant",
        "category": "Vegetation",
        "color_hex": "#00B400",
        "area_px": 1655.0,
        "area_sqm": 10.59,
        "area_hectares": 0.0011,
        "area_acres": 0.0026,
        "area_gaj": 12.67,
        "perimeter_m": 15.71,
        "vertex_count": 9,
        "confidence": 0.85,
        "verification_status": "Pending Review"
      }
    },
    {
      "type": "Feature",
      "id": "CAD-0122",
      "geometry": {
        "type": "Polygon",
        "coordinates": [
          [
            [
              1708.0,
              2574.0
            ],
            [
              1709.0,
              2577.0
            ],
            [
              1707.0,
              2596.0
            ],
            [
              1683.0,
              2612.0
            ],
            [
              1681.0,
              2611.0
            ],
            [
              1679.0,
              2598.0
            ],
            [
              1690.0,
              2574.0
            ],
            [
              1692.0,
              2573.0
            ],
            [
              1708.0,
              2574.0
            ]
          ]
        ]
      },
      "properties": {
        "parcel_id": "CAD-0122",
        "feature_type": "Tree / Forest",
        "land_use": "Vacant",
        "category": "Vegetation",
        "color_hex": "#00B400",
        "area_px": 462.5,
        "area_sqm": 2.96,
        "area_hectares": 0.0003,
        "area_acres": 0.0007,
        "area_gaj": 3.54,
        "perimeter_m": 8.89,
        "vertex_count": 9,
        "confidence": 0.85,
        "verification_status": "Pending Review"
      }
    },
    {
      "type": "Feature",
      "id": "CAD-0123",
      "geometry": {
        "type": "Polygon",
        "coordinates": [
          [
            [
              1559.0,
              2573.0
            ],
            [
              1582.0,
              2614.0
            ],
            [
              1581.0,
              2667.0
            ],
            [
              1573.0,
              2681.0
            ],
            [
              1564.0,
              2679.0
            ],
            [
              1533.0,
              2626.0
            ],
            [
              1534.0,
              2611.0
            ],
            [
              1559.0,
              2573.0
            ]
          ]
        ]
      },
      "properties": {
        "parcel_id": "CAD-0123",
        "feature_type": "Tree / Forest",
        "land_use": "Vacant",
        "category": "Vegetation",
        "color_hex": "#00B400",
        "area_px": 1828.5,
        "area_sqm": 11.7,
        "area_hectares": 0.0012,
        "area_acres": 0.0029,
        "area_gaj": 13.99,
        "perimeter_m": 19.78,
        "vertex_count": 8,
        "confidence": 0.85,
        "verification_status": "Pending Review"
      }
    },
    {
      "type": "Feature",
      "id": "CAD-0124",
      "geometry": {
        "type": "Polygon",
        "coordinates": [
          [
            [
              1431.0,
              2569.0
            ],
            [
              1437.0,
              2566.0
            ],
            [
              1440.0,
              2566.0
            ],
            [
              1448.0,
              2568.0
            ],
            [
              1454.0,
              2572.0
            ],
            [
              1455.0,
              2584.0
            ],
            [
              1453.0,
              2594.0
            ],
            [
              1449.0,
              2597.0
            ],
            [
              1446.0,
              2596.0
            ],
            [
              1429.0,
              2584.0
            ],
            [
              1429.0,
              2575.0
            ],
            [
              1431.0,
              2569.0
            ]
          ]
        ]
      },
      "properties": {
        "parcel_id": "CAD-0124",
        "feature_type": "Tree / Forest",
        "land_use": "Vacant",
        "category": "Vegetation",
        "color_hex": "#00B400",
        "area_px": 560.5,
        "area_sqm": 3.59,
        "area_hectares": 0.0004,
        "area_acres": 0.0009,
        "area_gaj": 4.29,
        "perimeter_m": 7.34,
        "vertex_count": 12,
        "confidence": 0.85,
        "verification_status": "Pending Review"
      }
    },
    {
      "type": "Feature",
      "id": "CAD-0125",
      "geometry": {
        "type": "Polygon",
        "coordinates": [
          [
            [
              2427.0,
              2566.0
            ],
            [
              2424.0,
              2604.0
            ],
            [
              2411.0,
              2613.0
            ],
            [
              2369.0,
              2599.0
            ],
            [
              2361.0,
              2593.0
            ],
            [
              2359.0,
              2583.0
            ],
            [
              2362.0,
              2577.0
            ],
            [
              2378.0,
              2570.0
            ],
            [
              2415.0,
              2564.0
            ],
            [
              2427.0,
              2566.0
            ]
          ]
        ]
      },
      "properties": {
        "parcel_id": "CAD-0125",
        "feature_type": "Tree / Forest",
        "land_use": "Vacant",
        "category": "Vegetation",
        "color_hex": "#00B400",
        "area_px": 1788.0,
        "area_sqm": 11.44,
        "area_hectares": 0.0011,
        "area_acres": 0.0028,
        "area_gaj": 13.68,
        "perimeter_m": 15.38,
        "vertex_count": 10,
        "confidence": 0.85,
        "verification_status": "Pending Review"
      }
    },
    {
      "type": "Feature",
      "id": "CAD-0126",
      "geometry": {
        "type": "Polygon",
        "coordinates": [
          [
            [
              1001.0,
              2566.0
            ],
            [
              1004.0,
              2564.0
            ],
            [
              1010.0,
              2565.0
            ],
            [
              1032.0,
              2579.0
            ],
            [
              1036.0,
              2589.0
            ],
            [
              1036.0,
              2592.0
            ],
            [
              1027.0,
              2597.0
            ],
            [
              1017.0,
              2594.0
            ],
            [
              1002.0,
              2574.0
            ],
            [
              1001.0,
              2566.0
            ]
          ]
        ]
      },
      "properties": {
        "parcel_id": "CAD-0126",
        "feature_type": "Tree / Forest",
        "land_use": "Vacant",
        "category": "Vegetation",
        "color_hex": "#00B400",
        "area_px": 517.0,
        "area_sqm": 3.31,
        "area_hectares": 0.0003,
        "area_acres": 0.0008,
        "area_gaj": 3.96,
        "perimeter_m": 8.27,
        "vertex_count": 10,
        "confidence": 0.85,
        "verification_status": "Pending Review"
      }
    },
    {
      "type": "Feature",
      "id": "CAD-0127",
      "geometry": {
        "type": "Polygon",
        "coordinates": [
          [
            [
              3914.0,
              2564.0
            ],
            [
              3916.0,
              2561.0
            ],
            [
              3921.0,
              2559.0
            ],
            [
              3962.0,
              2560.0
            ],
            [
              3967.0,
              2564.0
            ],
            [
              3974.0,
              2578.0
            ],
            [
              3969.0,
              2581.0
            ],
            [
              3927.0,
              2579.0
            ],
            [
              3919.0,
              2574.0
            ],
            [
              3914.0,
              2564.0
            ]
          ]
        ]
      },
      "properties": {
        "parcel_id": "CAD-0127",
        "feature_type": "Tree / Forest",
        "land_use": "Vacant",
        "category": "Vegetation",
        "color_hex": "#00B400",
        "area_px": 799.5,
        "area_sqm": 5.12,
        "area_hectares": 0.0005,
        "area_acres": 0.0013,
        "area_gaj": 6.12,
        "perimeter_m": 11.24,
        "vertex_count": 10,
        "confidence": 0.85,
        "verification_status": "Pending Review"
      }
    },
    {
      "type": "Feature",
      "id": "CAD-0128",
      "geometry": {
        "type": "Polygon",
        "coordinates": [
          [
            [
              738.0,
              2554.0
            ],
            [
              743.0,
              2560.0
            ],
            [
              740.0,
              2574.0
            ],
            [
              734.0,
              2582.0
            ],
            [
              724.0,
              2587.0
            ],
            [
              719.0,
              2587.0
            ],
            [
              714.0,
              2585.0
            ],
            [
              715.0,
              2575.0
            ],
            [
              720.0,
              2562.0
            ],
            [
              730.0,
              2555.0
            ],
            [
              735.0,
              2553.0
            ],
            [
              738.0,
              2554.0
            ]
          ]
        ]
      },
      "properties": {
        "parcel_id": "CAD-0128",
        "feature_type": "Tree / Forest",
        "land_use": "Vacant",
        "category": "Vegetation",
        "color_hex": "#00B400",
        "area_px": 601.5,
        "area_sqm": 3.85,
        "area_hectares": 0.0004,
        "area_acres": 0.001,
        "area_gaj": 4.6,
        "perimeter_m": 7.87,
        "vertex_count": 12,
        "confidence": 0.85,
        "verification_status": "Pending Review"
      }
    },
    {
      "type": "Feature",
      "id": "CAD-0129",
      "geometry": {
        "type": "Polygon",
        "coordinates": [
          [
            [
              1553.0,
              2542.0
            ],
            [
              1556.0,
              2549.0
            ],
            [
              1555.0,
              2561.0
            ],
            [
              1551.0,
              2566.0
            ],
            [
              1537.0,
              2574.0
            ],
            [
              1535.0,
              2573.0
            ],
            [
              1537.0,
              2551.0
            ],
            [
              1551.0,
              2541.0
            ],
            [
              1553.0,
              2542.0
            ]
          ]
        ]
      },
      "properties": {
        "parcel_id": "CAD-0129",
        "feature_type": "Tree / Forest",
        "land_use": "Vacant",
        "category": "Vegetation",
        "color_hex": "#00B400",
        "area_px": 404.5,
        "area_sqm": 2.59,
        "area_hectares": 0.0003,
        "area_acres": 0.0006,
        "area_gaj": 3.1,
        "perimeter_m": 6.88,
        "vertex_count": 9,
        "confidence": 0.85,
        "verification_status": "Pending Review"
      }
    },
    {
      "type": "Feature",
      "id": "CAD-0130",
      "geometry": {
        "type": "Polygon",
        "coordinates": [
          [
            [
              2124.0,
              2552.0
            ],
            [
              2121.0,
              2593.0
            ],
            [
              2108.0,
              2604.0
            ],
            [
              2061.0,
              2611.0
            ],
            [
              1970.0,
              2580.0
            ],
            [
              1970.0,
              2556.0
            ],
            [
              1975.0,
              2544.0
            ],
            [
              2093.0,
              2538.0
            ],
            [
              2114.0,
              2544.0
            ],
            [
              2124.0,
              2552.0
            ]
          ]
        ]
      },
      "properties": {
        "parcel_id": "CAD-0130",
        "feature_type": "Tree / Forest",
        "land_use": "Vacant",
        "category": "Vegetation",
        "color_hex": "#00B400",
        "area_px": 5771.0,
        "area_sqm": 36.93,
        "area_hectares": 0.0037,
        "area_acres": 0.0091,
        "area_gaj": 44.17,
        "perimeter_m": 31.33,
        "vertex_count": 10,
        "confidence": 0.85,
        "verification_status": "Pending Review"
      }
    },
    {
      "type": "Feature",
      "id": "CAD-0131",
      "geometry": {
        "type": "Polygon",
        "coordinates": [
          [
            [
              1477.0,
              2535.0
            ],
            [
              1479.0,
              2535.0
            ],
            [
              1483.0,
              2537.0
            ],
            [
              1486.0,
              2540.0
            ],
            [
              1488.0,
              2547.0
            ],
            [
              1488.0,
              2551.0
            ],
            [
              1486.0,
              2558.0
            ],
            [
              1479.0,
              2562.0
            ],
            [
              1472.0,
              2559.0
            ],
            [
              1467.0,
              2553.0
            ],
            [
              1468.0,
              2543.0
            ],
            [
              1473.0,
              2537.0
            ],
            [
              1477.0,
              2535.0
            ]
          ]
        ]
      },
      "properties": {
        "parcel_id": "CAD-0131",
        "feature_type": "Tree / Forest",
        "land_use": "Vacant",
        "category": "Vegetation",
        "color_hex": "#00B400",
        "area_px": 414.5,
        "area_sqm": 2.65,
        "area_hectares": 0.0003,
        "area_acres": 0.0007,
        "area_gaj": 3.17,
        "perimeter_m": 6.01,
        "vertex_count": 13,
        "confidence": 0.85,
        "verification_status": "Pending Review"
      }
    },
    {
      "type": "Feature",
      "id": "CAD-0132",
      "geometry": {
        "type": "Polygon",
        "coordinates": [
          [
            [
              3458.0,
              2528.0
            ],
            [
              3596.0,
              2715.0
            ],
            [
              3627.0,
              2827.0
            ],
            [
              3597.0,
              2850.0
            ],
            [
              3571.0,
              2846.0
            ],
            [
              3467.0,
              2718.0
            ],
            [
              3458.0,
              2528.0
            ]
          ]
        ]
      },
      "properties": {
        "parcel_id": "CAD-0132",
        "feature_type": "Tree / Forest",
        "land_use": "Vacant",
        "category": "Vegetation",
        "color_hex": "#00B400",
        "area_px": 9620.5,
        "area_sqm": 61.57,
        "area_hectares": 0.0062,
        "area_acres": 0.0152,
        "area_gaj": 73.64,
        "perimeter_m": 61.43,
        "vertex_count": 7,
        "confidence": 0.85,
        "verification_status": "Pending Review"
      }
    },
    {
      "type": "Feature",
      "id": "CAD-0133",
      "geometry": {
        "type": "Polygon",
        "coordinates": [
          [
            [
              3390.0,
              2536.0
            ],
            [
              3357.0,
              2597.0
            ],
            [
              3324.0,
              2605.0
            ],
            [
              3300.0,
              2593.0
            ],
            [
              3301.0,
              2584.0
            ],
            [
              3325.0,
              2557.0
            ],
            [
              3358.0,
              2529.0
            ],
            [
              3368.0,
              2525.0
            ],
            [
              3390.0,
              2536.0
            ]
          ]
        ]
      },
      "properties": {
        "parcel_id": "CAD-0133",
        "feature_type": "Tree / Forest",
        "land_use": "Vacant",
        "category": "Vegetation",
        "color_hex": "#00B400",
        "area_px": 2949.5,
        "area_sqm": 18.88,
        "area_hectares": 0.0019,
        "area_acres": 0.0047,
        "area_gaj": 22.58,
        "perimeter_m": 20.32,
        "vertex_count": 9,
        "confidence": 0.85,
        "verification_status": "Pending Review"
      }
    },
    {
      "type": "Feature",
      "id": "CAD-0134",
      "geometry": {
        "type": "Polygon",
        "coordinates": [
          [
            [
              2659.0,
              2583.0
            ],
            [
              2654.0,
              2601.0
            ],
            [
              2524.0,
              2604.0
            ],
            [
              2496.0,
              2589.0
            ],
            [
              2501.0,
              2566.0
            ],
            [
              2520.0,
              2541.0
            ],
            [
              2616.0,
              2523.0
            ],
            [
              2642.0,
              2540.0
            ],
            [
              2659.0,
              2583.0
            ]
          ]
        ]
      },
      "properties": {
        "parcel_id": "CAD-0134",
        "feature_type": "Tree / Forest",
        "land_use": "Vacant",
        "category": "Vegetation",
        "color_hex": "#00B400",
        "area_px": 8412.0,
        "area_sqm": 53.84,
        "area_hectares": 0.0054,
        "area_acres": 0.0133,
        "area_gaj": 64.39,
        "perimeter_m": 32.83,
        "vertex_count": 9,
        "confidence": 0.85,
        "verification_status": "Pending Review"
      }
    },
    {
      "type": "Feature",
      "id": "CAD-0135",
      "geometry": {
        "type": "Polygon",
        "coordinates": [
          [
            [
              3550.0,
              2557.0
            ],
            [
              3624.0,
              2519.0
            ],
            [
              3643.0,
              2520.0
            ],
            [
              3735.0,
              2594.0
            ],
            [
              3643.0,
              2604.0
            ],
            [
              3590.0,
              2587.0
            ],
            [
              3550.0,
              2557.0
            ]
          ]
        ]
      },
      "properties": {
        "parcel_id": "CAD-0135",
        "feature_type": "Tree / Forest",
        "land_use": "Vacant",
        "category": "Vegetation",
        "color_hex": "#00B400",
        "area_px": 4690.5,
        "area_sqm": 30.02,
        "area_hectares": 0.003,
        "area_acres": 0.0074,
        "area_gaj": 35.9,
        "perimeter_m": 33.48,
        "vertex_count": 7,
        "confidence": 0.85,
        "verification_status": "Pending Review"
      }
    },
    {
      "type": "Feature",
      "id": "CAD-0136",
      "geometry": {
        "type": "Polygon",
        "coordinates": [
          [
            [
              3929.0,
              2519.0
            ],
            [
              3930.0,
              2532.0
            ],
            [
              3926.0,
              2538.0
            ],
            [
              3857.0,
              2541.0
            ],
            [
              3851.0,
              2538.0
            ],
            [
              3849.0,
              2534.0
            ],
            [
              3849.0,
              2528.0
            ],
            [
              3855.0,
              2522.0
            ],
            [
              3907.0,
              2515.0
            ],
            [
              3922.0,
              2515.0
            ],
            [
              3929.0,
              2519.0
            ]
          ]
        ]
      },
      "properties": {
        "parcel_id": "CAD-0136",
        "feature_type": "Tree / Forest",
        "land_use": "Vacant",
        "category": "Vegetation",
        "color_hex": "#00B400",
        "area_px": 1220.0,
        "area_sqm": 7.81,
        "area_hectares": 0.0008,
        "area_acres": 0.0019,
        "area_gaj": 9.34,
        "perimeter_m": 15.24,
        "vertex_count": 11,
        "confidence": 0.85,
        "verification_status": "Pending Review"
      }
    },
    {
      "type": "Feature",
      "id": "CAD-0137",
      "geometry": {
        "type": "Polygon",
        "coordinates": [
          [
            [
              3285.0,
              2518.0
            ],
            [
              3285.0,
              2528.0
            ],
            [
              3272.0,
              2536.0
            ],
            [
              3268.0,
              2536.0
            ],
            [
              3256.0,
              2530.0
            ],
            [
              3253.0,
              2526.0
            ],
            [
              3253.0,
              2524.0
            ],
            [
              3272.0,
              2513.0
            ],
            [
              3279.0,
              2514.0
            ],
            [
              3285.0,
              2518.0
            ]
          ]
        ]
      },
      "properties": {
        "parcel_id": "CAD-0137",
        "feature_type": "Tree / Forest",
        "land_use": "Vacant",
        "category": "Vegetation",
        "color_hex": "#00B400",
        "area_px": 446.5,
        "area_sqm": 2.86,
        "area_hectares": 0.0003,
        "area_acres": 0.0007,
        "area_gaj": 3.42,
        "perimeter_m": 6.87,
        "vertex_count": 10,
        "confidence": 0.85,
        "verification_status": "Pending Review"
      }
    },
    {
      "type": "Feature",
      "id": "CAD-0138",
      "geometry": {
        "type": "Polygon",
        "coordinates": [
          [
            [
              1608.0,
              2512.0
            ],
            [
              1612.0,
              2511.0
            ],
            [
              1644.0,
              2519.0
            ],
            [
              1649.0,
              2528.0
            ],
            [
              1648.0,
              2534.0
            ],
            [
              1634.0,
              2536.0
            ],
            [
              1612.0,
              2532.0
            ],
            [
              1608.0,
              2527.0
            ],
            [
              1607.0,
              2521.0
            ],
            [
              1608.0,
              2512.0
            ]
          ]
        ]
      },
      "properties": {
        "parcel_id": "CAD-0138",
        "feature_type": "Tree / Forest",
        "land_use": "Vacant",
        "category": "Vegetation",
        "color_hex": "#00B400",
        "area_px": 566.0,
        "area_sqm": 3.62,
        "area_hectares": 0.0004,
        "area_acres": 0.0009,
        "area_gaj": 4.33,
        "perimeter_m": 8.92,
        "vertex_count": 10,
        "confidence": 0.85,
        "verification_status": "Pending Review"
      }
    },
    {
      "type": "Feature",
      "id": "CAD-0139",
      "geometry": {
        "type": "Polygon",
        "coordinates": [
          [
            [
              928.0,
              2523.0
            ],
            [
              927.0,
              2531.0
            ],
            [
              912.0,
              2537.0
            ],
            [
              893.0,
              2542.0
            ],
            [
              889.0,
              2540.0
            ],
            [
              888.0,
              2538.0
            ],
            [
              888.0,
              2528.0
            ],
            [
              890.0,
              2523.0
            ],
            [
              897.0,
              2517.0
            ],
            [
              906.0,
              2512.0
            ],
            [
              911.0,
              2511.0
            ],
            [
              928.0,
              2523.0
            ]
          ]
        ]
      },
      "properties": {
        "parcel_id": "CAD-0139",
        "feature_type": "Tree / Forest",
        "land_use": "Vacant",
        "category": "Vegetation",
        "color_hex": "#00B400",
        "area_px": 781.0,
        "area_sqm": 5.0,
        "area_hectares": 0.0005,
        "area_acres": 0.0012,
        "area_gaj": 5.98,
        "perimeter_m": 8.91,
        "vertex_count": 12,
        "confidence": 0.85,
        "verification_status": "Pending Review"
      }
    },
    {
      "type": "Feature",
      "id": "CAD-0140",
      "geometry": {
        "type": "Polygon",
        "coordinates": [
          [
            [
              2993.0,
              2531.0
            ],
            [
              3007.0,
              2515.0
            ],
            [
              3064.0,
              2495.0
            ],
            [
              3214.0,
              2513.0
            ],
            [
              3240.0,
              2532.0
            ],
            [
              3260.0,
              2572.0
            ],
            [
              3136.0,
              2587.0
            ],
            [
              3028.0,
              2565.0
            ],
            [
              2997.0,
              2547.0
            ],
            [
              2993.0,
              2531.0
            ]
          ]
        ]
      },
      "properties": {
        "parcel_id": "CAD-0140",
        "feature_type": "Tree / Forest",
        "land_use": "Vacant",
        "category": "Vegetation",
        "color_hex": "#00B400",
        "area_px": 10992.0,
        "area_sqm": 70.35,
        "area_hectares": 0.007,
        "area_acres": 0.0174,
        "area_gaj": 84.14,
        "perimeter_m": 47.77,
        "vertex_count": 10,
        "confidence": 0.85,
        "verification_status": "Pending Review"
      }
    },
    {
      "type": "Feature",
      "id": "CAD-0141",
      "geometry": {
        "type": "Polygon",
        "coordinates": [
          [
            [
              1945.0,
              2495.0
            ],
            [
              1951.0,
              2505.0
            ],
            [
              1946.0,
              2523.0
            ],
            [
              1863.0,
              2650.0
            ],
            [
              1858.0,
              2650.0
            ],
            [
              1827.0,
              2621.0
            ],
            [
              1826.0,
              2551.0
            ],
            [
              1913.0,
              2502.0
            ],
            [
              1945.0,
              2495.0
            ]
          ]
        ]
      },
      "properties": {
        "parcel_id": "CAD-0141",
        "feature_type": "Tree / Forest",
        "land_use": "Vacant",
        "category": "Vegetation",
        "color_hex": "#00B400",
        "area_px": 5468.0,
        "area_sqm": 35.0,
        "area_hectares": 0.0035,
        "area_acres": 0.0086,
        "area_gaj": 41.86,
        "perimeter_m": 34.57,
        "vertex_count": 9,
        "confidence": 0.85,
        "verification_status": "Pending Review"
      }
    },
    {
      "type": "Feature",
      "id": "CAD-0142",
      "geometry": {
        "type": "Polygon",
        "coordinates": [
          [
            [
              981.0,
              2502.0
            ],
            [
              981.0,
              2504.0
            ],
            [
              978.0,
              2509.0
            ],
            [
              971.0,
              2516.0
            ],
            [
              965.0,
              2519.0
            ],
            [
              955.0,
              2520.0
            ],
            [
              950.0,
              2517.0
            ],
            [
              954.0,
              2504.0
            ],
            [
              957.0,
              2501.0
            ],
            [
              970.0,
              2493.0
            ],
            [
              981.0,
              2502.0
            ]
          ]
        ]
      },
      "properties": {
        "parcel_id": "CAD-0142",
        "feature_type": "Tree / Forest",
        "land_use": "Vacant",
        "category": "Vegetation",
        "color_hex": "#00B400",
        "area_px": 507.5,
        "area_sqm": 3.25,
        "area_hectares": 0.0003,
        "area_acres": 0.0008,
        "area_gaj": 3.89,
        "perimeter_m": 7.01,
        "vertex_count": 11,
        "confidence": 0.85,
        "verification_status": "Pending Review"
      }
    },
    {
      "type": "Feature",
      "id": "CAD-0143",
      "geometry": {
        "type": "Polygon",
        "coordinates": [
          [
            [
              2847.0,
              2485.0
            ],
            [
              2851.0,
              2486.0
            ],
            [
              2866.0,
              2495.0
            ],
            [
              2865.0,
              2509.0
            ],
            [
              2863.0,
              2515.0
            ],
            [
              2861.0,
              2516.0
            ],
            [
              2858.0,
              2515.0
            ],
            [
              2841.0,
              2502.0
            ],
            [
              2840.0,
              2497.0
            ],
            [
              2841.0,
              2491.0
            ],
            [
              2847.0,
              2485.0
            ]
          ]
        ]
      },
      "properties": {
        "parcel_id": "CAD-0143",
        "feature_type": "Tree / Forest",
        "land_use": "Vacant",
        "category": "Vegetation",
        "color_hex": "#00B400",
        "area_px": 452.0,
        "area_sqm": 2.89,
        "area_hectares": 0.0003,
        "area_acres": 0.0007,
        "area_gaj": 3.46,
        "perimeter_m": 7.08,
        "vertex_count": 11,
        "confidence": 0.85,
        "verification_status": "Pending Review"
      }
    },
    {
      "type": "Feature",
      "id": "CAD-0144",
      "geometry": {
        "type": "Polygon",
        "coordinates": [
          [
            [
              2920.0,
              2482.0
            ],
            [
              2955.0,
              2491.0
            ],
            [
              2974.0,
              2510.0
            ],
            [
              2975.0,
              2527.0
            ],
            [
              2968.0,
              2538.0
            ],
            [
              2925.0,
              2558.0
            ],
            [
              2914.0,
              2553.0
            ],
            [
              2907.0,
              2541.0
            ],
            [
              2908.0,
              2512.0
            ],
            [
              2914.0,
              2490.0
            ],
            [
              2920.0,
              2482.0
            ]
          ]
        ]
      },
      "properties": {
        "parcel_id": "CAD-0144",
        "feature_type": "Tree / Forest",
        "land_use": "Vacant",
        "category": "Vegetation",
        "color_hex": "#00B400",
        "area_px": 3365.0,
        "area_sqm": 21.54,
        "area_hectares": 0.0022,
        "area_acres": 0.0053,
        "area_gaj": 25.76,
        "perimeter_m": 18.26,
        "vertex_count": 11,
        "confidence": 0.85,
        "verification_status": "Pending Review"
      }
    },
    {
      "type": "Feature",
      "id": "CAD-0145",
      "geometry": {
        "type": "Polygon",
        "coordinates": [
          [
            [
              1546.0,
              2481.0
            ],
            [
              1555.0,
              2480.0
            ],
            [
              1600.0,
              2490.0
            ],
            [
              1596.0,
              2512.0
            ],
            [
              1569.0,
              2538.0
            ],
            [
              1558.0,
              2538.0
            ],
            [
              1542.0,
              2528.0
            ],
            [
              1537.0,
              2488.0
            ],
            [
              1546.0,
              2481.0
            ]
          ]
        ]
      },
      "properties": {
        "parcel_id": "CAD-0145",
        "feature_type": "Tree / Forest",
        "land_use": "Vacant",
        "category": "Vegetation",
        "color_hex": "#00B400",
        "area_px": 1805.5,
        "area_sqm": 11.56,
        "area_hectares": 0.0012,
        "area_acres": 0.0029,
        "area_gaj": 13.83,
        "perimeter_m": 15.73,
        "vertex_count": 9,
        "confidence": 0.85,
        "verification_status": "Pending Review"
      }
    },
    {
      "type": "Feature",
      "id": "CAD-0146",
      "geometry": {
        "type": "Polygon",
        "coordinates": [
          [
            [
              3474.0,
              2497.0
            ],
            [
              3470.0,
              2504.0
            ],
            [
              3421.0,
              2520.0
            ],
            [
              3414.0,
              2518.0
            ],
            [
              3414.0,
              2510.0
            ],
            [
              3448.0,
              2476.0
            ],
            [
              3474.0,
              2497.0
            ]
          ]
        ]
      },
      "properties": {
        "parcel_id": "CAD-0146",
        "feature_type": "Tree / Forest",
        "land_use": "Vacant",
        "category": "Vegetation",
        "color_hex": "#00B400",
        "area_px": 1064.5,
        "area_sqm": 6.81,
        "area_hectares": 0.0007,
        "area_acres": 0.0017,
        "area_gaj": 8.14,
        "perimeter_m": 12.51,
        "vertex_count": 7,
        "confidence": 0.85,
        "verification_status": "Pending Review"
      }
    },
    {
      "type": "Feature",
      "id": "CAD-0147",
      "geometry": {
        "type": "Polygon",
        "coordinates": [
          [
            [
              2731.0,
              2486.0
            ],
            [
              2746.0,
              2475.0
            ],
            [
              2766.0,
              2487.0
            ],
            [
              2767.0,
              2496.0
            ],
            [
              2760.0,
              2503.0
            ],
            [
              2736.0,
              2497.0
            ],
            [
              2731.0,
              2494.0
            ],
            [
              2731.0,
              2486.0
            ]
          ]
        ]
      },
      "properties": {
        "parcel_id": "CAD-0147",
        "feature_type": "Tree / Forest",
        "land_use": "Vacant",
        "category": "Vegetation",
        "color_hex": "#00B400",
        "area_px": 569.0,
        "area_sqm": 3.64,
        "area_hectares": 0.0004,
        "area_acres": 0.0009,
        "area_gaj": 4.35,
        "perimeter_m": 7.96,
        "vertex_count": 8,
        "confidence": 0.85,
        "verification_status": "Pending Review"
      }
    },
    {
      "type": "Feature",
      "id": "CAD-0148",
      "geometry": {
        "type": "Polygon",
        "coordinates": [
          [
            [
              2216.0,
              2500.0
            ],
            [
              2175.0,
              2508.0
            ],
            [
              2086.0,
              2507.0
            ],
            [
              2082.0,
              2495.0
            ],
            [
              2085.0,
              2488.0
            ],
            [
              2137.0,
              2465.0
            ],
            [
              2173.0,
              2459.0
            ],
            [
              2217.0,
              2482.0
            ],
            [
              2216.0,
              2500.0
            ]
          ]
        ]
      },
      "properties": {
        "parcel_id": "CAD-0148",
        "feature_type": "Tree / Forest",
        "land_use": "Vacant",
        "category": "Vegetation",
        "color_hex": "#00B400",
        "area_px": 3136.5,
        "area_sqm": 20.07,
        "area_hectares": 0.002,
        "area_acres": 0.005,
        "area_gaj": 24.0,
        "perimeter_m": 24.97,
        "vertex_count": 9,
        "confidence": 0.85,
        "verification_status": "Pending Review"
      }
    },
    {
      "type": "Feature",
      "id": "CAD-0149",
      "geometry": {
        "type": "Polygon",
        "coordinates": [
          [
            [
              1864.0,
              2503.0
            ],
            [
              1858.0,
              2510.0
            ],
            [
              1850.0,
              2514.0
            ],
            [
              1824.0,
              2507.0
            ],
            [
              1805.0,
              2478.0
            ],
            [
              1803.0,
              2465.0
            ],
            [
              1809.0,
              2458.0
            ],
            [
              1867.0,
              2465.0
            ],
            [
              1864.0,
              2503.0
            ]
          ]
        ]
      },
      "properties": {
        "parcel_id": "CAD-0149",
        "feature_type": "Tree / Forest",
        "land_use": "Vacant",
        "category": "Vegetation",
        "color_hex": "#00B400",
        "area_px": 1822.0,
        "area_sqm": 11.66,
        "area_hectares": 0.0012,
        "area_acres": 0.0029,
        "area_gaj": 13.95,
        "perimeter_m": 15.89,
        "vertex_count": 9,
        "confidence": 0.85,
        "verification_status": "Pending Review"
      }
    },
    {
      "type": "Feature",
      "id": "CAD-0150",
      "geometry": {
        "type": "Polygon",
        "coordinates": [
          [
            [
              3298.0,
              2457.0
            ],
            [
              3314.0,
              2453.0
            ],
            [
              3345.0,
              2458.0
            ],
            [
              3347.0,
              2464.0
            ],
            [
              3336.0,
              2492.0
            ],
            [
              3329.0,
              2494.0
            ],
            [
              3320.0,
              2490.0
            ],
            [
              3301.0,
              2474.0
            ],
            [
              3298.0,
              2457.0
            ]
          ]
        ]
      },
      "properties": {
        "parcel_id": "CAD-0150",
        "feature_type": "Tree / Forest",
        "land_use": "Vacant",
        "category": "Vegetation",
        "color_hex": "#00B400",
        "area_px": 1284.0,
        "area_sqm": 8.22,
        "area_hectares": 0.0008,
        "area_acres": 0.002,
        "area_gaj": 9.83,
        "perimeter_m": 11.48,
        "vertex_count": 9,
        "confidence": 0.85,
        "verification_status": "Pending Review"
      }
    },
    {
      "type": "Feature",
      "id": "CAD-0151",
      "geometry": {
        "type": "Polygon",
        "coordinates": [
          [
            [
              1608.0,
              2444.0
            ],
            [
              1614.0,
              2448.0
            ],
            [
              1615.0,
              2453.0
            ],
            [
              1614.0,
              2469.0
            ],
            [
              1611.0,
              2471.0
            ],
            [
              1602.0,
              2471.0
            ],
            [
              1591.0,
              2461.0
            ],
            [
              1591.0,
              2451.0
            ],
            [
              1599.0,
              2446.0
            ],
            [
              1608.0,
              2444.0
            ]
          ]
        ]
      },
      "properties": {
        "parcel_id": "CAD-0151",
        "feature_type": "Tree / Forest",
        "land_use": "Vacant",
        "category": "Vegetation",
        "color_hex": "#00B400",
        "area_px": 515.0,
        "area_sqm": 3.3,
        "area_hectares": 0.0003,
        "area_acres": 0.0008,
        "area_gaj": 3.95,
        "perimeter_m": 6.76,
        "vertex_count": 10,
        "confidence": 0.85,
        "verification_status": "Pending Review"
      }
    },
    {
      "type": "Feature",
      "id": "CAD-0152",
      "geometry": {
        "type": "Polygon",
        "coordinates": [
          [
            [
              2585.0,
              2447.0
            ],
            [
              2619.0,
              2442.0
            ],
            [
              2625.0,
              2443.0
            ],
            [
              2649.0,
              2473.0
            ],
            [
              2649.0,
              2477.0
            ],
            [
              2624.0,
              2479.0
            ],
            [
              2616.0,
              2476.0
            ],
            [
              2588.0,
              2453.0
            ],
            [
              2585.0,
              2447.0
            ]
          ]
        ]
      },
      "properties": {
        "parcel_id": "CAD-0152",
        "feature_type": "Tree / Forest",
        "land_use": "Vacant",
        "category": "Vegetation",
        "color_hex": "#00B400",
        "area_px": 1005.0,
        "area_sqm": 6.43,
        "area_hectares": 0.0006,
        "area_acres": 0.0016,
        "area_gaj": 7.69,
        "perimeter_m": 12.75,
        "vertex_count": 9,
        "confidence": 0.85,
        "verification_status": "Pending Review"
      }
    },
    {
      "type": "Feature",
      "id": "CAD-0153",
      "geometry": {
        "type": "Polygon",
        "coordinates": [
          [
            [
              2032.0,
              2449.0
            ],
            [
              2031.0,
              2461.0
            ],
            [
              2028.0,
              2467.0
            ],
            [
              1974.0,
              2495.0
            ],
            [
              1972.0,
              2494.0
            ],
            [
              1967.0,
              2481.0
            ],
            [
              1974.0,
              2470.0
            ],
            [
              2023.0,
              2442.0
            ],
            [
              2032.0,
              2449.0
            ]
          ]
        ]
      },
      "properties": {
        "parcel_id": "CAD-0153",
        "feature_type": "Tree / Forest",
        "land_use": "Vacant",
        "category": "Vegetation",
        "color_hex": "#00B400",
        "area_px": 1137.5,
        "area_sqm": 7.28,
        "area_hectares": 0.0007,
        "area_acres": 0.0018,
        "area_gaj": 8.71,
        "perimeter_m": 14.13,
        "vertex_count": 9,
        "confidence": 0.85,
        "verification_status": "Pending Review"
      }
    },
    {
      "type": "Feature",
      "id": "CAD-0154",
      "geometry": {
        "type": "Polygon",
        "coordinates": [
          [
            [
              3645.0,
              2440.0
            ],
            [
              3655.0,
              2438.0
            ],
            [
              3669.0,
              2446.0
            ],
            [
              3699.0,
              2477.0
            ],
            [
              3705.0,
              2488.0
            ],
            [
              3674.0,
              2489.0
            ],
            [
              3647.0,
              2451.0
            ],
            [
              3645.0,
              2440.0
            ]
          ]
        ]
      },
      "properties": {
        "parcel_id": "CAD-0154",
        "feature_type": "Tree / Forest",
        "land_use": "Vacant",
        "category": "Vegetation",
        "color_hex": "#00B400",
        "area_px": 829.5,
        "area_sqm": 5.31,
        "area_hectares": 0.0005,
        "area_acres": 0.0013,
        "area_gaj": 6.35,
        "perimeter_m": 13.66,
        "vertex_count": 8,
        "confidence": 0.85,
        "verification_status": "Pending Review"
      }
    },
    {
      "type": "Feature",
      "id": "CAD-0155",
      "geometry": {
        "type": "Polygon",
        "coordinates": [
          [
            [
              3464.0,
              2450.0
            ],
            [
              3485.0,
              2429.0
            ],
            [
              3531.0,
              2433.0
            ],
            [
              3562.0,
              2485.0
            ],
            [
              3569.0,
              2504.0
            ],
            [
              3567.0,
              2523.0
            ],
            [
              3552.0,
              2524.0
            ],
            [
              3523.0,
              2511.0
            ],
            [
              3466.0,
              2461.0
            ],
            [
              3464.0,
              2450.0
            ]
          ]
        ]
      },
      "properties": {
        "parcel_id": "CAD-0155",
        "feature_type": "Tree / Forest",
        "land_use": "Vacant",
        "category": "Vegetation",
        "color_hex": "#00B400",
        "area_px": 4534.0,
        "area_sqm": 29.02,
        "area_hectares": 0.0029,
        "area_acres": 0.0072,
        "area_gaj": 34.71,
        "perimeter_m": 24.77,
        "vertex_count": 10,
        "confidence": 0.85,
        "verification_status": "Pending Review"
      }
    },
    {
      "type": "Feature",
      "id": "CAD-0156",
      "geometry": {
        "type": "Polygon",
        "coordinates": [
          [
            [
              2480.0,
              2442.0
            ],
            [
              2473.0,
              2466.0
            ],
            [
              2328.0,
              2508.0
            ],
            [
              2251.0,
              2481.0
            ],
            [
              2231.0,
              2460.0
            ],
            [
              2232.0,
              2448.0
            ],
            [
              2242.0,
              2443.0
            ],
            [
              2437.0,
              2429.0
            ],
            [
              2470.0,
              2431.0
            ],
            [
              2480.0,
              2442.0
            ]
          ]
        ]
      },
      "properties": {
        "parcel_id": "CAD-0156",
        "feature_type": "Tree / Forest",
        "land_use": "Vacant",
        "category": "Vegetation",
        "color_hex": "#00B400",
        "area_px": 7226.5,
        "area_sqm": 46.25,
        "area_hectares": 0.0046,
        "area_acres": 0.0114,
        "area_gaj": 55.31,
        "perimeter_m": 44.26,
        "vertex_count": 10,
        "confidence": 0.85,
        "verification_status": "Pending Review"
      }
    },
    {
      "type": "Feature",
      "id": "CAD-0157",
      "geometry": {
        "type": "Polygon",
        "coordinates": [
          [
            [
              1629.0,
              2425.0
            ],
            [
              1640.0,
              2416.0
            ],
            [
              1727.0,
              2399.0
            ],
            [
              1747.0,
              2415.0
            ],
            [
              1775.0,
              2506.0
            ],
            [
              1757.0,
              2518.0
            ],
            [
              1684.0,
              2514.0
            ],
            [
              1644.0,
              2462.0
            ],
            [
              1628.0,
              2434.0
            ],
            [
              1629.0,
              2425.0
            ]
          ]
        ]
      },
      "properties": {
        "parcel_id": "CAD-0157",
        "feature_type": "Tree / Forest",
        "land_use": "Vacant",
        "category": "Vegetation",
        "color_hex": "#00B400",
        "area_px": 9146.0,
        "area_sqm": 58.53,
        "area_hectares": 0.0059,
        "area_acres": 0.0145,
        "area_gaj": 70.0,
        "perimeter_m": 34.03,
        "vertex_count": 10,
        "confidence": 0.85,
        "verification_status": "Pending Review"
      }
    },
    {
      "type": "Feature",
      "id": "CAD-0158",
      "geometry": {
        "type": "Polygon",
        "coordinates": [
          [
            [
              1272.0,
              2400.0
            ],
            [
              1272.0,
              2404.0
            ],
            [
              1268.0,
              2409.0
            ],
            [
              1249.0,
              2423.0
            ],
            [
              1234.0,
              2427.0
            ],
            [
              1224.0,
              2415.0
            ],
            [
              1225.0,
              2410.0
            ],
            [
              1251.0,
              2401.0
            ],
            [
              1266.0,
              2397.0
            ],
            [
              1272.0,
              2400.0
            ]
          ]
        ]
      },
      "properties": {
        "parcel_id": "CAD-0158",
        "feature_type": "Tree / Forest",
        "land_use": "Vacant",
        "category": "Vegetation",
        "color_hex": "#00B400",
        "area_px": 655.0,
        "area_sqm": 4.19,
        "area_hectares": 0.0004,
        "area_acres": 0.001,
        "area_gaj": 5.01,
        "perimeter_m": 9.6,
        "vertex_count": 10,
        "confidence": 0.85,
        "verification_status": "Pending Review"
      }
    },
    {
      "type": "Feature",
      "id": "CAD-0159",
      "geometry": {
        "type": "Polygon",
        "coordinates": [
          [
            [
              3968.0,
              2402.0
            ],
            [
              3957.0,
              2413.0
            ],
            [
              3921.0,
              2407.0
            ],
            [
              3905.0,
              2399.0
            ],
            [
              3905.0,
              2397.0
            ],
            [
              3911.0,
              2394.0
            ],
            [
              3933.0,
              2393.0
            ],
            [
              3965.0,
              2398.0
            ],
            [
              3968.0,
              2400.0
            ],
            [
              3968.0,
              2402.0
            ]
          ]
        ]
      },
      "properties": {
        "parcel_id": "CAD-0159",
        "feature_type": "Tree / Forest",
        "land_use": "Vacant",
        "category": "Vegetation",
        "color_hex": "#00B400",
        "area_px": 434.0,
        "area_sqm": 2.78,
        "area_hectares": 0.0003,
        "area_acres": 0.0007,
        "area_gaj": 3.32,
        "perimeter_m": 11.09,
        "vertex_count": 10,
        "confidence": 0.85,
        "verification_status": "Pending Review"
      }
    },
    {
      "type": "Feature",
      "id": "CAD-0160",
      "geometry": {
        "type": "Polygon",
        "coordinates": [
          [
            [
              1070.0,
              2390.0
            ],
            [
              1084.0,
              2405.0
            ],
            [
              1098.0,
              2449.0
            ],
            [
              1080.0,
              2492.0
            ],
            [
              1069.0,
              2499.0
            ],
            [
              1062.0,
              2499.0
            ],
            [
              1056.0,
              2496.0
            ],
            [
              1040.0,
              2468.0
            ],
            [
              1062.0,
              2400.0
            ],
            [
              1070.0,
              2390.0
            ]
          ]
        ]
      },
      "properties": {
        "parcel_id": "CAD-0160",
        "feature_type": "Tree / Forest",
        "land_use": "Vacant",
        "category": "Vegetation",
        "color_hex": "#00B400",
        "area_px": 2317.5,
        "area_sqm": 14.83,
        "area_hectares": 0.0015,
        "area_acres": 0.0037,
        "area_gaj": 17.74,
        "perimeter_m": 20.53,
        "vertex_count": 10,
        "confidence": 0.85,
        "verification_status": "Pending Review"
      }
    },
    {
      "type": "Feature",
      "id": "CAD-0161",
      "geometry": {
        "type": "Polygon",
        "coordinates": [
          [
            [
              3268.0,
              2378.0
            ],
            [
              3273.0,
              2393.0
            ],
            [
              3273.0,
              2402.0
            ],
            [
              3270.0,
              2417.0
            ],
            [
              3265.0,
              2425.0
            ],
            [
              3236.0,
              2433.0
            ],
            [
              3209.0,
              2429.0
            ],
            [
              3215.0,
              2405.0
            ],
            [
              3259.0,
              2376.0
            ],
            [
              3268.0,
              2378.0
            ]
          ]
        ]
      },
      "properties": {
        "parcel_id": "CAD-0161",
        "feature_type": "Tree / Forest",
        "land_use": "Vacant",
        "category": "Vegetation",
        "color_hex": "#00B400",
        "area_px": 1322.5,
        "area_sqm": 8.46,
        "area_hectares": 0.0008,
        "area_acres": 0.0021,
        "area_gaj": 10.12,
        "perimeter_m": 15.49,
        "vertex_count": 10,
        "confidence": 0.85,
        "verification_status": "Pending Review"
      }
    },
    {
      "type": "Feature",
      "id": "CAD-0162",
      "geometry": {
        "type": "Polygon",
        "coordinates": [
          [
            [
              3227.0,
              2375.0
            ],
            [
              3215.0,
              2403.0
            ],
            [
              3184.0,
              2430.0
            ],
            [
              3177.0,
              2428.0
            ],
            [
              3169.0,
              2414.0
            ],
            [
              3163.0,
              2391.0
            ],
            [
              3164.0,
              2382.0
            ],
            [
              3171.0,
              2372.0
            ],
            [
              3182.0,
              2370.0
            ],
            [
              3227.0,
              2375.0
            ]
          ]
        ]
      },
      "properties": {
        "parcel_id": "CAD-0162",
        "feature_type": "Tree / Forest",
        "land_use": "Vacant",
        "category": "Vegetation",
        "color_hex": "#00B400",
        "area_px": 2015.5,
        "area_sqm": 12.9,
        "area_hectares": 0.0013,
        "area_acres": 0.0032,
        "area_gaj": 15.43,
        "perimeter_m": 15.72,
        "vertex_count": 10,
        "confidence": 0.85,
        "verification_status": "Pending Review"
      }
    },
    {
      "type": "Feature",
      "id": "CAD-0163",
      "geometry": {
        "type": "Polygon",
        "coordinates": [
          [
            [
              1300.0,
              2368.0
            ],
            [
              1314.0,
              2374.0
            ],
            [
              1323.0,
              2383.0
            ],
            [
              1327.0,
              2396.0
            ],
            [
              1315.0,
              2414.0
            ],
            [
              1305.0,
              2426.0
            ],
            [
              1301.0,
              2428.0
            ],
            [
              1296.0,
              2425.0
            ],
            [
              1290.0,
              2417.0
            ],
            [
              1282.0,
              2383.0
            ],
            [
              1285.0,
              2373.0
            ],
            [
              1300.0,
              2368.0
            ]
          ]
        ]
      },
      "properties": {
        "parcel_id": "CAD-0163",
        "feature_type": "Tree / Forest",
        "land_use": "Vacant",
        "category": "Vegetation",
        "color_hex": "#00B400",
        "area_px": 1505.0,
        "area_sqm": 9.63,
        "area_hectares": 0.001,
        "area_acres": 0.0024,
        "area_gaj": 11.52,
        "perimeter_m": 12.82,
        "vertex_count": 12,
        "confidence": 0.85,
        "verification_status": "Pending Review"
      }
    },
    {
      "type": "Feature",
      "id": "CAD-0164",
      "geometry": {
        "type": "Polygon",
        "coordinates": [
          [
            [
              2909.0,
              2366.0
            ],
            [
              2913.0,
              2369.0
            ],
            [
              2915.0,
              2374.0
            ],
            [
              2915.0,
              2381.0
            ],
            [
              2905.0,
              2404.0
            ],
            [
              2899.0,
              2407.0
            ],
            [
              2896.0,
              2405.0
            ],
            [
              2893.0,
              2400.0
            ],
            [
              2892.0,
              2395.0
            ],
            [
              2899.0,
              2369.0
            ],
            [
              2904.0,
              2366.0
            ],
            [
              2909.0,
              2366.0
            ]
          ]
        ]
      },
      "properties": {
        "parcel_id": "CAD-0164",
        "feature_type": "Tree / Forest",
        "land_use": "Vacant",
        "category": "Vegetation",
        "color_hex": "#00B400",
        "area_px": 476.0,
        "area_sqm": 3.05,
        "area_hectares": 0.0003,
        "area_acres": 0.0008,
        "area_gaj": 3.65,
        "perimeter_m": 8.12,
        "vertex_count": 12,
        "confidence": 0.85,
        "verification_status": "Pending Review"
      }
    },
    {
      "type": "Feature",
      "id": "CAD-0165",
      "geometry": {
        "type": "Polygon",
        "coordinates": [
          [
            [
              2022.0,
              2366.0
            ],
            [
              2026.0,
              2368.0
            ],
            [
              2034.0,
              2376.0
            ],
            [
              2050.0,
              2405.0
            ],
            [
              2050.0,
              2407.0
            ],
            [
              2034.0,
              2417.0
            ],
            [
              2032.0,
              2416.0
            ],
            [
              2021.0,
              2382.0
            ],
            [
              2020.0,
              2367.0
            ],
            [
              2022.0,
              2366.0
            ]
          ]
        ]
      },
      "properties": {
        "parcel_id": "CAD-0165",
        "feature_type": "Tree / Forest",
        "land_use": "Vacant",
        "category": "Vegetation",
        "color_hex": "#00B400",
        "area_px": 542.5,
        "area_sqm": 3.47,
        "area_hectares": 0.0003,
        "area_acres": 0.0009,
        "area_gaj": 4.15,
        "perimeter_m": 10.0,
        "vertex_count": 10,
        "confidence": 0.85,
        "verification_status": "Pending Review"
      }
    },
    {
      "type": "Feature",
      "id": "CAD-0166",
      "geometry": {
        "type": "Polygon",
        "coordinates": [
          [
            [
              2884.0,
              2392.0
            ],
            [
              2876.0,
              2396.0
            ],
            [
              2834.0,
              2386.0
            ],
            [
              2831.0,
              2384.0
            ],
            [
              2831.0,
              2382.0
            ],
            [
              2836.0,
              2377.0
            ],
            [
              2860.0,
              2366.0
            ],
            [
              2866.0,
              2365.0
            ],
            [
              2868.0,
              2366.0
            ],
            [
              2884.0,
              2390.0
            ],
            [
              2884.0,
              2392.0
            ]
          ]
        ]
      },
      "properties": {
        "parcel_id": "CAD-0166",
        "feature_type": "Tree / Forest",
        "land_use": "Vacant",
        "category": "Vegetation",
        "color_hex": "#00B400",
        "area_px": 496.0,
        "area_sqm": 3.17,
        "area_hectares": 0.0003,
        "area_acres": 0.0008,
        "area_gaj": 3.79,
        "perimeter_m": 10.43,
        "vertex_count": 11,
        "confidence": 0.85,
        "verification_status": "Pending Review"
      }
    },
    {
      "type": "Feature",
      "id": "CAD-0167",
      "geometry": {
        "type": "Polygon",
        "coordinates": [
          [
            [
              2222.0,
              2364.0
            ],
            [
              2229.0,
              2369.0
            ],
            [
              2229.0,
              2405.0
            ],
            [
              2217.0,
              2452.0
            ],
            [
              2202.0,
              2453.0
            ],
            [
              2162.0,
              2404.0
            ],
            [
              2164.0,
              2374.0
            ],
            [
              2222.0,
              2364.0
            ]
          ]
        ]
      },
      "properties": {
        "parcel_id": "CAD-0167",
        "feature_type": "Tree / Forest",
        "land_use": "Vacant",
        "category": "Vegetation",
        "color_hex": "#00B400",
        "area_px": 2286.5,
        "area_sqm": 14.63,
        "area_hectares": 0.0015,
        "area_acres": 0.0036,
        "area_gaj": 17.5,
        "perimeter_m": 20.83,
        "vertex_count": 8,
        "confidence": 0.85,
        "verification_status": "Pending Review"
      }
    },
    {
      "type": "Feature",
      "id": "CAD-0168",
      "geometry": {
        "type": "Polygon",
        "coordinates": [
          [
            [
              2012.0,
              2363.0
            ],
            [
              2017.0,
              2366.0
            ],
            [
              2008.0,
              2404.0
            ],
            [
              1995.0,
              2410.0
            ],
            [
              1986.0,
              2401.0
            ],
            [
              1979.0,
              2375.0
            ],
            [
              1979.0,
              2369.0
            ],
            [
              2012.0,
              2363.0
            ]
          ]
        ]
      },
      "properties": {
        "parcel_id": "CAD-0168",
        "feature_type": "Tree / Forest",
        "land_use": "Vacant",
        "category": "Vegetation",
        "color_hex": "#00B400",
        "area_px": 718.5,
        "area_sqm": 4.6,
        "area_hectares": 0.0005,
        "area_acres": 0.0011,
        "area_gaj": 5.5,
        "perimeter_m": 11.07,
        "vertex_count": 8,
        "confidence": 0.85,
        "verification_status": "Pending Review"
      }
    },
    {
      "type": "Feature",
      "id": "CAD-0169",
      "geometry": {
        "type": "Polygon",
        "coordinates": [
          [
            [
              2740.0,
              2366.0
            ],
            [
              2746.0,
              2361.0
            ],
            [
              2751.0,
              2360.0
            ],
            [
              2765.0,
              2367.0
            ],
            [
              2771.0,
              2375.0
            ],
            [
              2771.0,
              2381.0
            ],
            [
              2767.0,
              2388.0
            ],
            [
              2765.0,
              2389.0
            ],
            [
              2758.0,
              2386.0
            ],
            [
              2740.0,
              2368.0
            ],
            [
              2740.0,
              2366.0
            ]
          ]
        ]
      },
      "properties": {
        "parcel_id": "CAD-0169",
        "feature_type": "Tree / Forest",
        "land_use": "Vacant",
        "category": "Vegetation",
        "color_hex": "#00B400",
        "area_px": 437.0,
        "area_sqm": 2.8,
        "area_hectares": 0.0003,
        "area_acres": 0.0007,
        "area_gaj": 3.35,
        "perimeter_m": 7.19,
        "vertex_count": 11,
        "confidence": 0.85,
        "verification_status": "Pending Review"
      }
    },
    {
      "type": "Feature",
      "id": "CAD-0170",
      "geometry": {
        "type": "Polygon",
        "coordinates": [
          [
            [
              3613.0,
              2355.0
            ],
            [
              3621.0,
              2362.0
            ],
            [
              3615.0,
              2393.0
            ],
            [
              3611.0,
              2402.0
            ],
            [
              3599.0,
              2403.0
            ],
            [
              3576.0,
              2386.0
            ],
            [
              3575.0,
              2378.0
            ],
            [
              3577.0,
              2374.0
            ],
            [
              3597.0,
              2358.0
            ],
            [
              3605.0,
              2354.0
            ],
            [
              3613.0,
              2355.0
            ]
          ]
        ]
      },
      "properties": {
        "parcel_id": "CAD-0170",
        "feature_type": "Tree / Forest",
        "land_use": "Vacant",
        "category": "Vegetation",
        "color_hex": "#00B400",
        "area_px": 1408.0,
        "area_sqm": 9.01,
        "area_hectares": 0.0009,
        "area_acres": 0.0022,
        "area_gaj": 10.78,
        "perimeter_m": 11.83,
        "vertex_count": 11,
        "confidence": 0.85,
        "verification_status": "Pending Review"
      }
    },
    {
      "type": "Feature",
      "id": "CAD-0171",
      "geometry": {
        "type": "Polygon",
        "coordinates": [
          [
            [
              3454.0,
              2330.0
            ],
            [
              3466.0,
              2340.0
            ],
            [
              3468.0,
              2347.0
            ],
            [
              3451.0,
              2371.0
            ],
            [
              3434.0,
              2384.0
            ],
            [
              3429.0,
              2385.0
            ],
            [
              3427.0,
              2384.0
            ],
            [
              3425.0,
              2356.0
            ],
            [
              3447.0,
              2332.0
            ],
            [
              3454.0,
              2330.0
            ]
          ]
        ]
      },
      "properties": {
        "parcel_id": "CAD-0171",
        "feature_type": "Tree / Forest",
        "land_use": "Vacant",
        "category": "Vegetation",
        "color_hex": "#00B400",
        "area_px": 1030.5,
        "area_sqm": 6.6,
        "area_hectares": 0.0007,
        "area_acres": 0.0016,
        "area_gaj": 7.89,
        "perimeter_m": 11.92,
        "vertex_count": 10,
        "confidence": 0.85,
        "verification_status": "Pending Review"
      }
    },
    {
      "type": "Feature",
      "id": "CAD-0172",
      "geometry": {
        "type": "Polygon",
        "coordinates": [
          [
            [
              3669.0,
              2303.0
            ],
            [
              3671.0,
              2307.0
            ],
            [
              3663.0,
              2328.0
            ],
            [
              3660.0,
              2332.0
            ],
            [
              3634.0,
              2347.0
            ],
            [
              3631.0,
              2346.0
            ],
            [
              3631.0,
              2343.0
            ],
            [
              3649.0,
              2320.0
            ],
            [
              3665.0,
              2303.0
            ],
            [
              3669.0,
              2303.0
            ]
          ]
        ]
      },
      "properties": {
        "parcel_id": "CAD-0172",
        "feature_type": "Tree / Forest",
        "land_use": "Vacant",
        "category": "Vegetation",
        "color_hex": "#00B400",
        "area_px": 429.0,
        "area_sqm": 2.75,
        "area_hectares": 0.0003,
        "area_acres": 0.0007,
        "area_gaj": 3.29,
        "perimeter_m": 9.97,
        "vertex_count": 10,
        "confidence": 0.85,
        "verification_status": "Pending Review"
      }
    },
    {
      "type": "Feature",
      "id": "CAD-0173",
      "geometry": {
        "type": "Polygon",
        "coordinates": [
          [
            [
              895.0,
              2299.0
            ],
            [
              901.0,
              2304.0
            ],
            [
              910.0,
              2327.0
            ],
            [
              910.0,
              2339.0
            ],
            [
              906.0,
              2348.0
            ],
            [
              883.0,
              2378.0
            ],
            [
              874.0,
              2383.0
            ],
            [
              867.0,
              2383.0
            ],
            [
              864.0,
              2381.0
            ],
            [
              865.0,
              2307.0
            ],
            [
              880.0,
              2301.0
            ],
            [
              895.0,
              2299.0
            ]
          ]
        ]
      },
      "properties": {
        "parcel_id": "CAD-0173",
        "feature_type": "Tree / Forest",
        "land_use": "Vacant",
        "category": "Vegetation",
        "color_hex": "#00B400",
        "area_px": 2004.5,
        "area_sqm": 12.83,
        "area_hectares": 0.0013,
        "area_acres": 0.0032,
        "area_gaj": 15.34,
        "perimeter_m": 17.47,
        "vertex_count": 12,
        "confidence": 0.85,
        "verification_status": "Pending Review"
      }
    },
    {
      "type": "Feature",
      "id": "CAD-0174",
      "geometry": {
        "type": "Polygon",
        "coordinates": [
          [
            [
              3014.0,
              2299.0
            ],
            [
              3034.0,
              2300.0
            ],
            [
              3149.0,
              2385.0
            ],
            [
              3151.0,
              2392.0
            ],
            [
              3028.0,
              2448.0
            ],
            [
              3022.0,
              2446.0
            ],
            [
              3012.0,
              2430.0
            ],
            [
              2998.0,
              2375.0
            ],
            [
              3014.0,
              2299.0
            ]
          ]
        ]
      },
      "properties": {
        "parcel_id": "CAD-0174",
        "feature_type": "Tree / Forest",
        "land_use": "Vacant",
        "category": "Vegetation",
        "color_hex": "#00B400",
        "area_px": 5973.5,
        "area_sqm": 38.23,
        "area_hectares": 0.0038,
        "area_acres": 0.0094,
        "area_gaj": 45.72,
        "perimeter_m": 37.21,
        "vertex_count": 9,
        "confidence": 0.85,
        "verification_status": "Pending Review"
      }
    },
    {
      "type": "Feature",
      "id": "CAD-0175",
      "geometry": {
        "type": "Polygon",
        "coordinates": [
          [
            [
              2117.0,
              2305.0
            ],
            [
              2128.0,
              2295.0
            ],
            [
              2137.0,
              2298.0
            ],
            [
              2180.0,
              2341.0
            ],
            [
              2167.0,
              2347.0
            ],
            [
              2121.0,
              2336.0
            ],
            [
              2117.0,
              2305.0
            ]
          ]
        ]
      },
      "properties": {
        "parcel_id": "CAD-0175",
        "feature_type": "Tree / Forest",
        "land_use": "Vacant",
        "category": "Vegetation",
        "color_hex": "#00B400",
        "area_px": 1387.5,
        "area_sqm": 8.88,
        "area_hectares": 0.0009,
        "area_acres": 0.0022,
        "area_gaj": 10.62,
        "perimeter_m": 14.24,
        "vertex_count": 7,
        "confidence": 0.85,
        "verification_status": "Pending Review"
      }
    },
    {
      "type": "Feature",
      "id": "CAD-0176",
      "geometry": {
        "type": "Polygon",
        "coordinates": [
          [
            [
              1134.0,
              2300.0
            ],
            [
              1132.0,
              2321.0
            ],
            [
              1128.0,
              2324.0
            ],
            [
              1096.0,
              2328.0
            ],
            [
              1082.0,
              2314.0
            ],
            [
              1082.0,
              2310.0
            ],
            [
              1085.0,
              2305.0
            ],
            [
              1122.0,
              2293.0
            ],
            [
              1134.0,
              2300.0
            ]
          ]
        ]
      },
      "properties": {
        "parcel_id": "CAD-0176",
        "feature_type": "Tree / Forest",
        "land_use": "Vacant",
        "category": "Vegetation",
        "color_hex": "#00B400",
        "area_px": 1235.0,
        "area_sqm": 7.9,
        "area_hectares": 0.0008,
        "area_acres": 0.002,
        "area_gaj": 9.45,
        "perimeter_m": 11.26,
        "vertex_count": 9,
        "confidence": 0.85,
        "verification_status": "Pending Review"
      }
    },
    {
      "type": "Feature",
      "id": "CAD-0177",
      "geometry": {
        "type": "Polygon",
        "coordinates": [
          [
            [
              1239.0,
              2292.0
            ],
            [
              1240.0,
              2306.0
            ],
            [
              1230.0,
              2309.0
            ],
            [
              1183.0,
              2315.0
            ],
            [
              1178.0,
              2312.0
            ],
            [
              1173.0,
              2305.0
            ],
            [
              1175.0,
              2302.0
            ],
            [
              1235.0,
              2291.0
            ],
            [
              1239.0,
              2292.0
            ]
          ]
        ]
      },
      "properties": {
        "parcel_id": "CAD-0177",
        "feature_type": "Tree / Forest",
        "land_use": "Vacant",
        "category": "Vegetation",
        "color_hex": "#00B400",
        "area_px": 880.5,
        "area_sqm": 5.64,
        "area_hectares": 0.0006,
        "area_acres": 0.0014,
        "area_gaj": 6.75,
        "perimeter_m": 12.4,
        "vertex_count": 9,
        "confidence": 0.85,
        "verification_status": "Pending Review"
      }
    },
    {
      "type": "Feature",
      "id": "CAD-0178",
      "geometry": {
        "type": "Polygon",
        "coordinates": [
          [
            [
              2609.0,
              2288.0
            ],
            [
              2615.0,
              2292.0
            ],
            [
              2622.0,
              2302.0
            ],
            [
              2623.0,
              2311.0
            ],
            [
              2621.0,
              2319.0
            ],
            [
              2615.0,
              2323.0
            ],
            [
              2597.0,
              2324.0
            ],
            [
              2589.0,
              2319.0
            ],
            [
              2585.0,
              2309.0
            ],
            [
              2586.0,
              2300.0
            ],
            [
              2588.0,
              2294.0
            ],
            [
              2592.0,
              2290.0
            ],
            [
              2599.0,
              2287.0
            ],
            [
              2609.0,
              2288.0
            ]
          ]
        ]
      },
      "properties": {
        "parcel_id": "CAD-0178",
        "feature_type": "Tree / Forest",
        "land_use": "Vacant",
        "category": "Vegetation",
        "color_hex": "#00B400",
        "area_px": 1086.0,
        "area_sqm": 6.95,
        "area_hectares": 0.0007,
        "area_acres": 0.0017,
        "area_gaj": 8.31,
        "perimeter_m": 9.67,
        "vertex_count": 14,
        "confidence": 0.85,
        "verification_status": "Pending Review"
      }
    },
    {
      "type": "Feature",
      "id": "CAD-0179",
      "geometry": {
        "type": "Polygon",
        "coordinates": [
          [
            [
              1703.0,
              2305.0
            ],
            [
              1544.0,
              2451.0
            ],
            [
              1364.0,
              2574.0
            ],
            [
              1203.0,
              2661.0
            ],
            [
              1228.0,
              2577.0
            ],
            [
              1377.0,
              2422.0
            ],
            [
              1666.0,
              2281.0
            ],
            [
              1703.0,
              2305.0
            ]
          ]
        ]
      },
      "properties": {
        "parcel_id": "CAD-0179",
        "feature_type": "Tree / Forest",
        "land_use": "Vacant",
        "category": "Vegetation",
        "color_hex": "#00B400",
        "area_px": 27257.5,
        "area_sqm": 174.45,
        "area_hectares": 0.0174,
        "area_acres": 0.0431,
        "area_gaj": 208.64,
        "perimeter_m": 102.81,
        "vertex_count": 8,
        "confidence": 0.85,
        "verification_status": "Pending Review"
      }
    },
    {
      "type": "Feature",
      "id": "CAD-0180",
      "geometry": {
        "type": "Polygon",
        "coordinates": [
          [
            [
              3287.0,
              2280.0
            ],
            [
              3288.0,
              2313.0
            ],
            [
              3285.0,
              2315.0
            ],
            [
              3273.0,
              2317.0
            ],
            [
              3271.0,
              2316.0
            ],
            [
              3265.0,
              2297.0
            ],
            [
              3264.0,
              2285.0
            ],
            [
              3287.0,
              2280.0
            ]
          ]
        ]
      },
      "properties": {
        "parcel_id": "CAD-0180",
        "feature_type": "Tree / Forest",
        "land_use": "Vacant",
        "category": "Vegetation",
        "color_hex": "#00B400",
        "area_px": 673.0,
        "area_sqm": 4.31,
        "area_hectares": 0.0004,
        "area_acres": 0.0011,
        "area_gaj": 5.15,
        "perimeter_m": 8.52,
        "vertex_count": 8,
        "confidence": 0.85,
        "verification_status": "Pending Review"
      }
    },
    {
      "type": "Feature",
      "id": "CAD-0181",
      "geometry": {
        "type": "Polygon",
        "coordinates": [
          [
            [
              980.0,
              2280.0
            ],
            [
              978.0,
              2295.0
            ],
            [
              973.0,
              2299.0
            ],
            [
              918.0,
              2310.0
            ],
            [
              911.0,
              2307.0
            ],
            [
              912.0,
              2299.0
            ],
            [
              918.0,
              2289.0
            ],
            [
              953.0,
              2274.0
            ],
            [
              967.0,
              2275.0
            ],
            [
              980.0,
              2280.0
            ]
          ]
        ]
      },
      "properties": {
        "parcel_id": "CAD-0181",
        "feature_type": "Tree / Forest",
        "land_use": "Vacant",
        "category": "Vegetation",
        "color_hex": "#00B400",
        "area_px": 1206.0,
        "area_sqm": 7.72,
        "area_hectares": 0.0008,
        "area_acres": 0.0019,
        "area_gaj": 9.23,
        "perimeter_m": 13.68,
        "vertex_count": 10,
        "confidence": 0.85,
        "verification_status": "Pending Review"
      }
    },
    {
      "type": "Feature",
      "id": "CAD-0182",
      "geometry": {
        "type": "Polygon",
        "coordinates": [
          [
            [
              1975.0,
              2262.0
            ],
            [
              1977.0,
              2275.0
            ],
            [
              1974.0,
              2280.0
            ],
            [
              1940.0,
              2296.0
            ],
            [
              1934.0,
              2293.0
            ],
            [
              1932.0,
              2283.0
            ],
            [
              1936.0,
              2278.0
            ],
            [
              1973.0,
              2261.0
            ],
            [
              1975.0,
              2262.0
            ]
          ]
        ]
      },
      "properties": {
        "parcel_id": "CAD-0182",
        "feature_type": "Tree / Forest",
        "land_use": "Vacant",
        "category": "Vegetation",
        "color_hex": "#00B400",
        "area_px": 595.0,
        "area_sqm": 3.81,
        "area_hectares": 0.0004,
        "area_acres": 0.0009,
        "area_gaj": 4.56,
        "perimeter_m": 9.83,
        "vertex_count": 9,
        "confidence": 0.85,
        "verification_status": "Pending Review"
      }
    },
    {
      "type": "Feature",
      "id": "CAD-0183",
      "geometry": {
        "type": "Polygon",
        "coordinates": [
          [
            [
              2471.0,
              2254.0
            ],
            [
              2475.0,
              2254.0
            ],
            [
              2484.0,
              2261.0
            ],
            [
              2515.0,
              2305.0
            ],
            [
              2522.0,
              2327.0
            ],
            [
              2521.0,
              2330.0
            ],
            [
              2503.0,
              2336.0
            ],
            [
              2491.0,
              2329.0
            ],
            [
              2481.0,
              2313.0
            ],
            [
              2471.0,
              2254.0
            ]
          ]
        ]
      },
      "properties": {
        "parcel_id": "CAD-0183",
        "feature_type": "Tree / Forest",
        "land_use": "Vacant",
        "category": "Vegetation",
        "color_hex": "#00B400",
        "area_px": 1527.5,
        "area_sqm": 9.78,
        "area_hectares": 0.001,
        "area_acres": 0.0024,
        "area_gaj": 11.7,
        "perimeter_m": 16.56,
        "vertex_count": 10,
        "confidence": 0.85,
        "verification_status": "Pending Review"
      }
    },
    {
      "type": "Feature",
      "id": "CAD-0184",
      "geometry": {
        "type": "Polygon",
        "coordinates": [
          [
            [
              3241.0,
              2250.0
            ],
            [
              3241.0,
              2261.0
            ],
            [
              3237.0,
              2275.0
            ],
            [
              3234.0,
              2277.0
            ],
            [
              3205.0,
              2270.0
            ],
            [
              3196.0,
              2265.0
            ],
            [
              3196.0,
              2263.0
            ],
            [
              3215.0,
              2252.0
            ],
            [
              3236.0,
              2247.0
            ],
            [
              3241.0,
              2250.0
            ]
          ]
        ]
      },
      "properties": {
        "parcel_id": "CAD-0184",
        "feature_type": "Tree / Forest",
        "land_use": "Vacant",
        "category": "Vegetation",
        "color_hex": "#00B400",
        "area_px": 769.5,
        "area_sqm": 4.92,
        "area_hectares": 0.0005,
        "area_acres": 0.0012,
        "area_gaj": 5.88,
        "perimeter_m": 9.65,
        "vertex_count": 10,
        "confidence": 0.85,
        "verification_status": "Pending Review"
      }
    },
    {
      "type": "Feature",
      "id": "CAD-0185",
      "geometry": {
        "type": "Polygon",
        "coordinates": [
          [
            [
              2604.0,
              2246.0
            ],
            [
              2715.0,
              2265.0
            ],
            [
              2730.0,
              2278.0
            ],
            [
              2740.0,
              2312.0
            ],
            [
              2733.0,
              2369.0
            ],
            [
              2726.0,
              2379.0
            ],
            [
              2715.0,
              2381.0
            ],
            [
              2622.0,
              2283.0
            ],
            [
              2604.0,
              2246.0
            ]
          ]
        ]
      },
      "properties": {
        "parcel_id": "CAD-0185",
        "feature_type": "Tree / Forest",
        "land_use": "Vacant",
        "category": "Vegetation",
        "color_hex": "#00B400",
        "area_px": 4360.5,
        "area_sqm": 27.91,
        "area_hectares": 0.0028,
        "area_acres": 0.0069,
        "area_gaj": 33.38,
        "perimeter_m": 34.0,
        "vertex_count": 9,
        "confidence": 0.85,
        "verification_status": "Pending Review"
      }
    },
    {
      "type": "Feature",
      "id": "CAD-0186",
      "geometry": {
        "type": "Polygon",
        "coordinates": [
          [
            [
              2783.0,
              2249.0
            ],
            [
              2781.0,
              2254.0
            ],
            [
              2763.0,
              2274.0
            ],
            [
              2759.0,
              2276.0
            ],
            [
              2754.0,
              2276.0
            ],
            [
              2747.0,
              2270.0
            ],
            [
              2748.0,
              2264.0
            ],
            [
              2771.0,
              2245.0
            ],
            [
              2776.0,
              2244.0
            ],
            [
              2783.0,
              2249.0
            ]
          ]
        ]
      },
      "properties": {
        "parcel_id": "CAD-0186",
        "feature_type": "Tree / Forest",
        "land_use": "Vacant",
        "category": "Vegetation",
        "color_hex": "#00B400",
        "area_px": 487.5,
        "area_sqm": 3.12,
        "area_hectares": 0.0003,
        "area_acres": 0.0008,
        "area_gaj": 3.73,
        "perimeter_m": 8.05,
        "vertex_count": 10,
        "confidence": 0.85,
        "verification_status": "Pending Review"
      }
    },
    {
      "type": "Feature",
      "id": "CAD-0187",
      "geometry": {
        "type": "Polygon",
        "coordinates": [
          [
            [
              3684.0,
              2258.0
            ],
            [
              3731.0,
              2241.0
            ],
            [
              3871.0,
              2359.0
            ],
            [
              3872.0,
              2393.0
            ],
            [
              3794.0,
              2413.0
            ],
            [
              3763.0,
              2396.0
            ],
            [
              3680.0,
              2295.0
            ],
            [
              3684.0,
              2258.0
            ]
          ]
        ]
      },
      "properties": {
        "parcel_id": "CAD-0187",
        "feature_type": "Tree / Forest",
        "land_use": "Vacant",
        "category": "Vegetation",
        "color_hex": "#00B400",
        "area_px": 9113.0,
        "area_sqm": 58.32,
        "area_hectares": 0.0058,
        "area_acres": 0.0144,
        "area_gaj": 69.75,
        "perimeter_m": 44.07,
        "vertex_count": 8,
        "confidence": 0.85,
        "verification_status": "Pending Review"
      }
    },
    {
      "type": "Feature",
      "id": "CAD-0188",
      "geometry": {
        "type": "Polygon",
        "coordinates": [
          [
            [
              2695.0,
              2236.0
            ],
            [
              2700.0,
              2233.0
            ],
            [
              2727.0,
              2241.0
            ],
            [
              2727.0,
              2243.0
            ],
            [
              2725.0,
              2248.0
            ],
            [
              2709.0,
              2257.0
            ],
            [
              2699.0,
              2254.0
            ],
            [
              2695.0,
              2249.0
            ],
            [
              2694.0,
              2243.0
            ],
            [
              2695.0,
              2236.0
            ]
          ]
        ]
      },
      "properties": {
        "parcel_id": "CAD-0188",
        "feature_type": "Tree / Forest",
        "land_use": "Vacant",
        "category": "Vegetation",
        "color_hex": "#00B400",
        "area_px": 474.0,
        "area_sqm": 3.03,
        "area_hectares": 0.0003,
        "area_acres": 0.0007,
        "area_gaj": 3.62,
        "perimeter_m": 7.18,
        "vertex_count": 10,
        "confidence": 0.85,
        "verification_status": "Pending Review"
      }
    },
    {
      "type": "Feature",
      "id": "CAD-0189",
      "geometry": {
        "type": "Polygon",
        "coordinates": [
          [
            [
              820.0,
              2214.0
            ],
            [
              823.0,
              2215.0
            ],
            [
              841.0,
              2267.0
            ],
            [
              841.0,
              2270.0
            ],
            [
              834.0,
              2275.0
            ],
            [
              816.0,
              2254.0
            ],
            [
              812.0,
              2229.0
            ],
            [
              816.0,
              2216.0
            ],
            [
              820.0,
              2214.0
            ]
          ]
        ]
      },
      "properties": {
        "parcel_id": "CAD-0189",
        "feature_type": "Tree / Forest",
        "land_use": "Vacant",
        "category": "Vegetation",
        "color_hex": "#00B400",
        "area_px": 544.0,
        "area_sqm": 3.48,
        "area_hectares": 0.0003,
        "area_acres": 0.0009,
        "area_gaj": 4.16,
        "perimeter_m": 11.27,
        "vertex_count": 9,
        "confidence": 0.85,
        "verification_status": "Pending Review"
      }
    },
    {
      "type": "Feature",
      "id": "CAD-0190",
      "geometry": {
        "type": "Polygon",
        "coordinates": [
          [
            [
              1253.0,
              2205.0
            ],
            [
              1260.0,
              2208.0
            ],
            [
              1292.0,
              2273.0
            ],
            [
              1298.0,
              2299.0
            ],
            [
              1299.0,
              2334.0
            ],
            [
              1298.0,
              2341.0
            ],
            [
              1287.0,
              2351.0
            ],
            [
              1269.0,
              2347.0
            ],
            [
              1254.0,
              2337.0
            ],
            [
              1244.0,
              2218.0
            ],
            [
              1253.0,
              2205.0
            ]
          ]
        ]
      },
      "properties": {
        "parcel_id": "CAD-0190",
        "feature_type": "Tree / Forest",
        "land_use": "Vacant",
        "category": "Vegetation",
        "color_hex": "#00B400",
        "area_px": 3654.0,
        "area_sqm": 23.39,
        "area_hectares": 0.0023,
        "area_acres": 0.0058,
        "area_gaj": 27.97,
        "perimeter_m": 26.83,
        "vertex_count": 11,
        "confidence": 0.85,
        "verification_status": "Pending Review"
      }
    },
    {
      "type": "Feature",
      "id": "CAD-0191",
      "geometry": {
        "type": "Polygon",
        "coordinates": [
          [
            [
              3704.0,
              2208.0
            ],
            [
              3723.0,
              2202.0
            ],
            [
              3752.0,
              2207.0
            ],
            [
              3756.0,
              2219.0
            ],
            [
              3753.0,
              2225.0
            ],
            [
              3747.0,
              2227.0
            ],
            [
              3719.0,
              2224.0
            ],
            [
              3707.0,
              2216.0
            ],
            [
              3704.0,
              2212.0
            ],
            [
              3704.0,
              2208.0
            ]
          ]
        ]
      },
      "properties": {
        "parcel_id": "CAD-0191",
        "feature_type": "Tree / Forest",
        "land_use": "Vacant",
        "category": "Vegetation",
        "color_hex": "#00B400",
        "area_px": 713.0,
        "area_sqm": 4.56,
        "area_hectares": 0.0005,
        "area_acres": 0.0011,
        "area_gaj": 5.45,
        "perimeter_m": 10.13,
        "vertex_count": 10,
        "confidence": 0.85,
        "verification_status": "Pending Review"
      }
    },
    {
      "type": "Feature",
      "id": "CAD-0192",
      "geometry": {
        "type": "Polygon",
        "coordinates": [
          [
            [
              974.0,
              2202.0
            ],
            [
              983.0,
              2205.0
            ],
            [
              987.0,
              2209.0
            ],
            [
              998.0,
              2240.0
            ],
            [
              991.0,
              2252.0
            ],
            [
              984.0,
              2257.0
            ],
            [
              976.0,
              2255.0
            ],
            [
              972.0,
              2252.0
            ],
            [
              964.0,
              2229.0
            ],
            [
              968.0,
              2208.0
            ],
            [
              974.0,
              2202.0
            ]
          ]
        ]
      },
      "properties": {
        "parcel_id": "CAD-0192",
        "feature_type": "Tree / Forest",
        "land_use": "Vacant",
        "category": "Vegetation",
        "color_hex": "#00B400",
        "area_px": 1042.0,
        "area_sqm": 6.67,
        "area_hectares": 0.0007,
        "area_acres": 0.0016,
        "area_gaj": 7.98,
        "perimeter_m": 11.04,
        "vertex_count": 11,
        "confidence": 0.85,
        "verification_status": "Pending Review"
      }
    },
    {
      "type": "Feature",
      "id": "CAD-0193",
      "geometry": {
        "type": "Polygon",
        "coordinates": [
          [
            [
              2068.0,
              2204.0
            ],
            [
              2080.0,
              2201.0
            ],
            [
              2095.0,
              2202.0
            ],
            [
              2126.0,
              2271.0
            ],
            [
              2121.0,
              2281.0
            ],
            [
              2105.0,
              2289.0
            ],
            [
              2081.0,
              2273.0
            ],
            [
              2059.0,
              2235.0
            ],
            [
              2059.0,
              2211.0
            ],
            [
              2068.0,
              2204.0
            ]
          ]
        ]
      },
      "properties": {
        "parcel_id": "CAD-0193",
        "feature_type": "Tree / Forest",
        "land_use": "Vacant",
        "category": "Vegetation",
        "color_hex": "#00B400",
        "area_px": 2736.0,
        "area_sqm": 17.51,
        "area_hectares": 0.0018,
        "area_acres": 0.0043,
        "area_gaj": 20.94,
        "perimeter_m": 19.22,
        "vertex_count": 10,
        "confidence": 0.85,
        "verification_status": "Pending Review"
      }
    },
    {
      "type": "Feature",
      "id": "CAD-0194",
      "geometry": {
        "type": "Polygon",
        "coordinates": [
          [
            [
              1631.0,
              2200.0
            ],
            [
              1637.0,
              2200.0
            ],
            [
              1643.0,
              2202.0
            ],
            [
              1647.0,
              2214.0
            ],
            [
              1647.0,
              2223.0
            ],
            [
              1643.0,
              2228.0
            ],
            [
              1640.0,
              2230.0
            ],
            [
              1635.0,
              2230.0
            ],
            [
              1633.0,
              2229.0
            ],
            [
              1626.0,
              2220.0
            ],
            [
              1623.0,
              2211.0
            ],
            [
              1623.0,
              2208.0
            ],
            [
              1625.0,
              2205.0
            ],
            [
              1631.0,
              2200.0
            ]
          ]
        ]
      },
      "properties": {
        "parcel_id": "CAD-0194",
        "feature_type": "Tree / Forest",
        "land_use": "Vacant",
        "category": "Vegetation",
        "color_hex": "#00B400",
        "area_px": 494.0,
        "area_sqm": 3.16,
        "area_hectares": 0.0003,
        "area_acres": 0.0008,
        "area_gaj": 3.78,
        "perimeter_m": 6.92,
        "vertex_count": 14,
        "confidence": 0.85,
        "verification_status": "Pending Review"
      }
    },
    {
      "type": "Feature",
      "id": "CAD-0195",
      "geometry": {
        "type": "Polygon",
        "coordinates": [
          [
            [
              1028.0,
              2204.0
            ],
            [
              1028.0,
              2210.0
            ],
            [
              1021.0,
              2225.0
            ],
            [
              1015.0,
              2230.0
            ],
            [
              1009.0,
              2228.0
            ],
            [
              1003.0,
              2211.0
            ],
            [
              1003.0,
              2207.0
            ],
            [
              1021.0,
              2200.0
            ],
            [
              1028.0,
              2204.0
            ]
          ]
        ]
      },
      "properties": {
        "parcel_id": "CAD-0195",
        "feature_type": "Tree / Forest",
        "land_use": "Vacant",
        "category": "Vegetation",
        "color_hex": "#00B400",
        "area_px": 404.5,
        "area_sqm": 2.59,
        "area_hectares": 0.0003,
        "area_acres": 0.0006,
        "area_gaj": 3.1,
        "perimeter_m": 6.89,
        "vertex_count": 9,
        "confidence": 0.85,
        "verification_status": "Pending Review"
      }
    },
    {
      "type": "Feature",
      "id": "CAD-0196",
      "geometry": {
        "type": "Polygon",
        "coordinates": [
          [
            [
              3919.0,
              2191.0
            ],
            [
              3865.0,
              2246.0
            ],
            [
              3854.0,
              2248.0
            ],
            [
              3837.0,
              2243.0
            ],
            [
              3829.0,
              2227.0
            ],
            [
              3828.0,
              2209.0
            ],
            [
              3840.0,
              2194.0
            ],
            [
              3898.0,
              2189.0
            ],
            [
              3919.0,
              2191.0
            ]
          ]
        ]
      },
      "properties": {
        "parcel_id": "CAD-0196",
        "feature_type": "Tree / Forest",
        "land_use": "Vacant",
        "category": "Vegetation",
        "color_hex": "#00B400",
        "area_px": 2052.5,
        "area_sqm": 13.14,
        "area_hectares": 0.0013,
        "area_acres": 0.0032,
        "area_gaj": 15.72,
        "perimeter_m": 19.23,
        "vertex_count": 9,
        "confidence": 0.85,
        "verification_status": "Pending Review"
      }
    },
    {
      "type": "Feature",
      "id": "CAD-0197",
      "geometry": {
        "type": "Polygon",
        "coordinates": [
          [
            [
              3561.0,
              2183.0
            ],
            [
              3563.0,
              2182.0
            ],
            [
              3567.0,
              2182.0
            ],
            [
              3584.0,
              2188.0
            ],
            [
              3585.0,
              2189.0
            ],
            [
              3584.0,
              2202.0
            ],
            [
              3580.0,
              2205.0
            ],
            [
              3573.0,
              2205.0
            ],
            [
              3567.0,
              2201.0
            ],
            [
              3564.0,
              2198.0
            ],
            [
              3561.0,
              2187.0
            ],
            [
              3561.0,
              2183.0
            ]
          ]
        ]
      },
      "properties": {
        "parcel_id": "CAD-0197",
        "feature_type": "Tree / Forest",
        "land_use": "Vacant",
        "category": "Vegetation",
        "color_hex": "#00B400",
        "area_px": 400.0,
        "area_sqm": 2.56,
        "area_hectares": 0.0003,
        "area_acres": 0.0006,
        "area_gaj": 3.06,
        "perimeter_m": 6.21,
        "vertex_count": 12,
        "confidence": 0.85,
        "verification_status": "Pending Review"
      }
    },
    {
      "type": "Feature",
      "id": "CAD-0198",
      "geometry": {
        "type": "Polygon",
        "coordinates": [
          [
            [
              1144.0,
              2181.0
            ],
            [
              1143.0,
              2189.0
            ],
            [
              1134.0,
              2196.0
            ],
            [
              1115.0,
              2201.0
            ],
            [
              1110.0,
              2199.0
            ],
            [
              1107.0,
              2195.0
            ],
            [
              1107.0,
              2192.0
            ],
            [
              1125.0,
              2178.0
            ],
            [
              1139.0,
              2177.0
            ],
            [
              1144.0,
              2181.0
            ]
          ]
        ]
      },
      "properties": {
        "parcel_id": "CAD-0198",
        "feature_type": "Tree / Forest",
        "land_use": "Vacant",
        "category": "Vegetation",
        "color_hex": "#00B400",
        "area_px": 473.5,
        "area_sqm": 3.03,
        "area_hectares": 0.0003,
        "area_acres": 0.0007,
        "area_gaj": 3.62,
        "perimeter_m": 7.66,
        "vertex_count": 10,
        "confidence": 0.85,
        "verification_status": "Pending Review"
      }
    },
    {
      "type": "Feature",
      "id": "CAD-0199",
      "geometry": {
        "type": "Polygon",
        "coordinates": [
          [
            [
              782.0,
              2171.0
            ],
            [
              787.0,
              2174.0
            ],
            [
              805.0,
              2205.0
            ],
            [
              806.0,
              2215.0
            ],
            [
              799.0,
              2220.0
            ],
            [
              774.0,
              2202.0
            ],
            [
              772.0,
              2199.0
            ],
            [
              775.0,
              2179.0
            ],
            [
              782.0,
              2171.0
            ]
          ]
        ]
      },
      "properties": {
        "parcel_id": "CAD-0199",
        "feature_type": "Tree / Forest",
        "land_use": "Vacant",
        "category": "Vegetation",
        "color_hex": "#00B400",
        "area_px": 683.0,
        "area_sqm": 4.37,
        "area_hectares": 0.0004,
        "area_acres": 0.0011,
        "area_gaj": 5.23,
        "perimeter_m": 10.05,
        "vertex_count": 9,
        "confidence": 0.85,
        "verification_status": "Pending Review"
      }
    },
    {
      "type": "Feature",
      "id": "CAD-0200",
      "geometry": {
        "type": "Polygon",
        "coordinates": [
          [
            [
              3217.0,
              2173.0
            ],
            [
              3224.0,
              2170.0
            ],
            [
              3229.0,
              2170.0
            ],
            [
              3245.0,
              2184.0
            ],
            [
              3255.0,
              2213.0
            ],
            [
              3254.0,
              2218.0
            ],
            [
              3241.0,
              2219.0
            ],
            [
              3233.0,
              2217.0
            ],
            [
              3229.0,
              2214.0
            ],
            [
              3217.0,
              2173.0
            ]
          ]
        ]
      },
      "properties": {
        "parcel_id": "CAD-0200",
        "feature_type": "Tree / Forest",
        "land_use": "Vacant",
        "category": "Vegetation",
        "color_hex": "#00B400",
        "area_px": 924.0,
        "area_sqm": 5.91,
        "area_hectares": 0.0006,
        "area_acres": 0.0015,
        "area_gaj": 7.07,
        "perimeter_m": 11.09,
        "vertex_count": 10,
        "confidence": 0.85,
        "verification_status": "Pending Review"
      }
    },
    {
      "type": "Feature",
      "id": "CAD-0201",
      "geometry": {
        "type": "Polygon",
        "coordinates": [
          [
            [
              2665.0,
              2171.0
            ],
            [
              2688.0,
              2167.0
            ],
            [
              2697.0,
              2169.0
            ],
            [
              2704.0,
              2190.0
            ],
            [
              2702.0,
              2218.0
            ],
            [
              2697.0,
              2223.0
            ],
            [
              2688.0,
              2223.0
            ],
            [
              2682.0,
              2219.0
            ],
            [
              2665.0,
              2198.0
            ],
            [
              2661.0,
              2176.0
            ],
            [
              2665.0,
              2171.0
            ]
          ]
        ]
      },
      "properties": {
        "parcel_id": "CAD-0201",
        "feature_type": "Tree / Forest",
        "land_use": "Vacant",
        "category": "Vegetation",
        "color_hex": "#00B400",
        "area_px": 1492.0,
        "area_sqm": 9.55,
        "area_hectares": 0.001,
        "area_acres": 0.0024,
        "area_gaj": 11.42,
        "perimeter_m": 12.95,
        "vertex_count": 11,
        "confidence": 0.85,
        "verification_status": "Pending Review"
      }
    },
    {
      "type": "Feature",
      "id": "CAD-0202",
      "geometry": {
        "type": "Polygon",
        "coordinates": [
          [
            [
              2990.0,
              2162.0
            ],
            [
              3015.0,
              2256.0
            ],
            [
              3010.0,
              2268.0
            ],
            [
              2967.0,
              2278.0
            ],
            [
              2921.0,
              2266.0
            ],
            [
              2916.0,
              2254.0
            ],
            [
              2963.0,
              2165.0
            ],
            [
              2971.0,
              2161.0
            ],
            [
              2990.0,
              2162.0
            ]
          ]
        ]
      },
      "properties": {
        "parcel_id": "CAD-0202",
        "feature_type": "Tree / Forest",
        "land_use": "Vacant",
        "category": "Vegetation",
        "color_hex": "#00B400",
        "area_px": 3742.5,
        "area_sqm": 23.95,
        "area_hectares": 0.0024,
        "area_acres": 0.0059,
        "area_gaj": 28.64,
        "perimeter_m": 27.49,
        "vertex_count": 9,
        "confidence": 0.85,
        "verification_status": "Pending Review"
      }
    },
    {
      "type": "Feature",
      "id": "CAD-0203",
      "geometry": {
        "type": "Polygon",
        "coordinates": [
          [
            [
              2171.0,
              2175.0
            ],
            [
              2209.0,
              2156.0
            ],
            [
              2216.0,
              2156.0
            ],
            [
              2222.0,
              2161.0
            ],
            [
              2240.0,
              2192.0
            ],
            [
              2232.0,
              2220.0
            ],
            [
              2219.0,
              2223.0
            ],
            [
              2184.0,
              2212.0
            ],
            [
              2173.0,
              2190.0
            ],
            [
              2171.0,
              2175.0
            ]
          ]
        ]
      },
      "properties": {
        "parcel_id": "CAD-0203",
        "feature_type": "Tree / Forest",
        "land_use": "Vacant",
        "category": "Vegetation",
        "color_hex": "#00B400",
        "area_px": 2722.5,
        "area_sqm": 17.42,
        "area_hectares": 0.0017,
        "area_acres": 0.0043,
        "area_gaj": 20.83,
        "perimeter_m": 16.96,
        "vertex_count": 10,
        "confidence": 0.85,
        "verification_status": "Pending Review"
      }
    },
    {
      "type": "Feature",
      "id": "CAD-0204",
      "geometry": {
        "type": "Polygon",
        "coordinates": [
          [
            [
              773.0,
              2137.0
            ],
            [
              776.0,
              2137.0
            ],
            [
              786.0,
              2143.0
            ],
            [
              782.0,
              2169.0
            ],
            [
              780.0,
              2170.0
            ],
            [
              768.0,
              2163.0
            ],
            [
              761.0,
              2153.0
            ],
            [
              762.0,
              2146.0
            ],
            [
              773.0,
              2137.0
            ]
          ]
        ]
      },
      "properties": {
        "parcel_id": "CAD-0204",
        "feature_type": "Tree / Forest",
        "land_use": "Vacant",
        "category": "Vegetation",
        "color_hex": "#00B400",
        "area_px": 516.0,
        "area_sqm": 3.3,
        "area_hectares": 0.0003,
        "area_acres": 0.0008,
        "area_gaj": 3.95,
        "perimeter_m": 7.25,
        "vertex_count": 9,
        "confidence": 0.85,
        "verification_status": "Pending Review"
      }
    },
    {
      "type": "Feature",
      "id": "CAD-0205",
      "geometry": {
        "type": "Polygon",
        "coordinates": [
          [
            [
              1295.0,
              2134.0
            ],
            [
              1298.0,
              2144.0
            ],
            [
              1295.0,
              2181.0
            ],
            [
              1268.0,
              2203.0
            ],
            [
              1188.0,
              2186.0
            ],
            [
              1184.0,
              2182.0
            ],
            [
              1184.0,
              2160.0
            ],
            [
              1198.0,
              2148.0
            ],
            [
              1272.0,
              2134.0
            ],
            [
              1295.0,
              2134.0
            ]
          ]
        ]
      },
      "properties": {
        "parcel_id": "CAD-0205",
        "feature_type": "Tree / Forest",
        "land_use": "Vacant",
        "category": "Vegetation",
        "color_hex": "#00B400",
        "area_px": 3824.0,
        "area_sqm": 24.47,
        "area_hectares": 0.0024,
        "area_acres": 0.006,
        "area_gaj": 29.27,
        "perimeter_m": 24.69,
        "vertex_count": 10,
        "confidence": 0.85,
        "verification_status": "Pending Review"
      }
    },
    {
      "type": "Feature",
      "id": "CAD-0206",
      "geometry": {
        "type": "Polygon",
        "coordinates": [
          [
            [
              3325.0,
              2114.0
            ],
            [
              3325.0,
              2119.0
            ],
            [
              3289.0,
              2126.0
            ],
            [
              3288.0,
              2125.0
            ],
            [
              3288.0,
              2113.0
            ],
            [
              3294.0,
              2110.0
            ],
            [
              3307.0,
              2108.0
            ],
            [
              3316.0,
              2110.0
            ],
            [
              3325.0,
              2114.0
            ]
          ]
        ]
      },
      "properties": {
        "parcel_id": "CAD-0206",
        "feature_type": "Tree / Forest",
        "land_use": "Vacant",
        "category": "Vegetation",
        "color_hex": "#00B400",
        "area_px": 417.5,
        "area_sqm": 2.67,
        "area_hectares": 0.0003,
        "area_acres": 0.0007,
        "area_gaj": 3.19,
        "perimeter_m": 7.52,
        "vertex_count": 9,
        "confidence": 0.85,
        "verification_status": "Pending Review"
      }
    },
    {
      "type": "Feature",
      "id": "CAD-0207",
      "geometry": {
        "type": "Polygon",
        "coordinates": [
          [
            [
              943.0,
              2107.0
            ],
            [
              949.0,
              2113.0
            ],
            [
              955.0,
              2128.0
            ],
            [
              955.0,
              2157.0
            ],
            [
              934.0,
              2178.0
            ],
            [
              920.0,
              2164.0
            ],
            [
              917.0,
              2117.0
            ],
            [
              925.0,
              2109.0
            ],
            [
              943.0,
              2107.0
            ]
          ]
        ]
      },
      "properties": {
        "parcel_id": "CAD-0207",
        "feature_type": "Tree / Forest",
        "land_use": "Vacant",
        "category": "Vegetation",
        "color_hex": "#00B400",
        "area_px": 1843.5,
        "area_sqm": 11.8,
        "area_hectares": 0.0012,
        "area_acres": 0.0029,
        "area_gaj": 14.11,
        "perimeter_m": 14.37,
        "vertex_count": 9,
        "confidence": 0.85,
        "verification_status": "Pending Review"
      }
    },
    {
      "type": "Feature",
      "id": "CAD-0208",
      "geometry": {
        "type": "Polygon",
        "coordinates": [
          [
            [
              299.0,
              2112.0
            ],
            [
              298.0,
              2122.0
            ],
            [
              271.0,
              2147.0
            ],
            [
              262.0,
              2151.0
            ],
            [
              236.0,
              2149.0
            ],
            [
              237.0,
              2142.0
            ],
            [
              285.0,
              2105.0
            ],
            [
              290.0,
              2103.0
            ],
            [
              294.0,
              2105.0
            ],
            [
              299.0,
              2112.0
            ]
          ]
        ]
      },
      "properties": {
        "parcel_id": "CAD-0208",
        "feature_type": "Tree / Forest",
        "land_use": "Vacant",
        "category": "Vegetation",
        "color_hex": "#00B400",
        "area_px": 1057.5,
        "area_sqm": 6.77,
        "area_hectares": 0.0007,
        "area_acres": 0.0017,
        "area_gaj": 8.1,
        "perimeter_m": 13.51,
        "vertex_count": 10,
        "confidence": 0.85,
        "verification_status": "Pending Review"
      }
    },
    {
      "type": "Feature",
      "id": "CAD-0209",
      "geometry": {
        "type": "Polygon",
        "coordinates": [
          [
            [
              2392.0,
              2104.0
            ],
            [
              2421.0,
              2101.0
            ],
            [
              2445.0,
              2118.0
            ],
            [
              2457.0,
              2160.0
            ],
            [
              2460.0,
              2196.0
            ],
            [
              2455.0,
              2204.0
            ],
            [
              2451.0,
              2204.0
            ],
            [
              2423.0,
              2173.0
            ],
            [
              2398.0,
              2127.0
            ],
            [
              2391.0,
              2109.0
            ],
            [
              2392.0,
              2104.0
            ]
          ]
        ]
      },
      "properties": {
        "parcel_id": "CAD-0209",
        "feature_type": "Tree / Forest",
        "land_use": "Vacant",
        "category": "Vegetation",
        "color_hex": "#00B400",
        "area_px": 3219.0,
        "area_sqm": 20.6,
        "area_hectares": 0.0021,
        "area_acres": 0.0051,
        "area_gaj": 24.64,
        "perimeter_m": 21.63,
        "vertex_count": 11,
        "confidence": 0.85,
        "verification_status": "Pending Review"
      }
    },
    {
      "type": "Feature",
      "id": "CAD-0210",
      "geometry": {
        "type": "Polygon",
        "coordinates": [
          [
            [
              2657.0,
              2106.0
            ],
            [
              2661.0,
              2101.0
            ],
            [
              2669.0,
              2098.0
            ],
            [
              2698.0,
              2112.0
            ],
            [
              2735.0,
              2138.0
            ],
            [
              2728.0,
              2154.0
            ],
            [
              2721.0,
              2159.0
            ],
            [
              2716.0,
              2159.0
            ],
            [
              2681.0,
              2146.0
            ],
            [
              2659.0,
              2122.0
            ],
            [
              2657.0,
              2106.0
            ]
          ]
        ]
      },
      "properties": {
        "parcel_id": "CAD-0210",
        "feature_type": "Tree / Forest",
        "land_use": "Vacant",
        "category": "Vegetation",
        "color_hex": "#00B400",
        "area_px": 1768.5,
        "area_sqm": 11.32,
        "area_hectares": 0.0011,
        "area_acres": 0.0028,
        "area_gaj": 13.54,
        "perimeter_m": 16.76,
        "vertex_count": 11,
        "confidence": 0.85,
        "verification_status": "Pending Review"
      }
    },
    {
      "type": "Feature",
      "id": "CAD-0211",
      "geometry": {
        "type": "Polygon",
        "coordinates": [
          [
            [
              2275.0,
              2093.0
            ],
            [
              2191.0,
              2151.0
            ],
            [
              1657.0,
              2412.0
            ],
            [
              1854.0,
              2280.0
            ],
            [
              2226.0,
              2082.0
            ],
            [
              2275.0,
              2093.0
            ]
          ]
        ]
      },
      "properties": {
        "parcel_id": "CAD-0211",
        "feature_type": "Tree / Forest",
        "land_use": "Vacant",
        "category": "Vegetation",
        "color_hex": "#00B400",
        "area_px": 16493.5,
        "area_sqm": 105.56,
        "area_hectares": 0.0106,
        "area_acres": 0.0261,
        "area_gaj": 126.25,
        "perimeter_m": 112.42,
        "vertex_count": 6,
        "confidence": 0.85,
        "verification_status": "Pending Review"
      }
    },
    {
      "type": "Feature",
      "id": "CAD-0212",
      "geometry": {
        "type": "Polygon",
        "coordinates": [
          [
            [
              735.0,
              2080.0
            ],
            [
              745.0,
              2079.0
            ],
            [
              754.0,
              2081.0
            ],
            [
              772.0,
              2107.0
            ],
            [
              772.0,
              2109.0
            ],
            [
              755.0,
              2115.0
            ],
            [
              741.0,
              2109.0
            ],
            [
              738.0,
              2106.0
            ],
            [
              735.0,
              2080.0
            ]
          ]
        ]
      },
      "properties": {
        "parcel_id": "CAD-0212",
        "feature_type": "Tree / Forest",
        "land_use": "Vacant",
        "category": "Vegetation",
        "color_hex": "#00B400",
        "area_px": 648.5,
        "area_sqm": 4.15,
        "area_hectares": 0.0004,
        "area_acres": 0.001,
        "area_gaj": 4.96,
        "perimeter_m": 9.33,
        "vertex_count": 9,
        "confidence": 0.85,
        "verification_status": "Pending Review"
      }
    },
    {
      "type": "Feature",
      "id": "CAD-0213",
      "geometry": {
        "type": "Polygon",
        "coordinates": [
          [
            [
              2910.0,
              2076.0
            ],
            [
              2919.0,
              2075.0
            ],
            [
              2954.0,
              2089.0
            ],
            [
              2955.0,
              2094.0
            ],
            [
              2953.0,
              2100.0
            ],
            [
              2936.0,
              2111.0
            ],
            [
              2932.0,
              2111.0
            ],
            [
              2925.0,
              2105.0
            ],
            [
              2909.0,
              2080.0
            ],
            [
              2910.0,
              2076.0
            ]
          ]
        ]
      },
      "properties": {
        "parcel_id": "CAD-0213",
        "feature_type": "Tree / Forest",
        "land_use": "Vacant",
        "category": "Vegetation",
        "color_hex": "#00B400",
        "area_px": 601.5,
        "area_sqm": 3.85,
        "area_hectares": 0.0004,
        "area_acres": 0.001,
        "area_gaj": 4.6,
        "perimeter_m": 10.04,
        "vertex_count": 10,
        "confidence": 0.85,
        "verification_status": "Pending Review"
      }
    },
    {
      "type": "Feature",
      "id": "CAD-0214",
      "geometry": {
        "type": "Polygon",
        "coordinates": [
          [
            [
              3111.0,
              2090.0
            ],
            [
              3144.0,
              2071.0
            ],
            [
              3257.0,
              2129.0
            ],
            [
              3262.0,
              2139.0
            ],
            [
              3250.0,
              2167.0
            ],
            [
              3186.0,
              2155.0
            ],
            [
              3101.0,
              2116.0
            ],
            [
              3111.0,
              2090.0
            ]
          ]
        ]
      },
      "properties": {
        "parcel_id": "CAD-0214",
        "feature_type": "Tree / Forest",
        "land_use": "Vacant",
        "category": "Vegetation",
        "color_hex": "#00B400",
        "area_px": 3632.5,
        "area_sqm": 23.25,
        "area_hectares": 0.0023,
        "area_acres": 0.0057,
        "area_gaj": 27.81,
        "perimeter_m": 31.46,
        "vertex_count": 8,
        "confidence": 0.85,
        "verification_status": "Pending Review"
      }
    },
    {
      "type": "Feature",
      "id": "CAD-0215",
      "geometry": {
        "type": "Polygon",
        "coordinates": [
          [
            [
              2649.0,
              2068.0
            ],
            [
              2649.0,
              2078.0
            ],
            [
              2643.0,
              2109.0
            ],
            [
              2641.0,
              2110.0
            ],
            [
              2635.0,
              2109.0
            ],
            [
              2619.0,
              2103.0
            ],
            [
              2619.0,
              2099.0
            ],
            [
              2632.0,
              2072.0
            ],
            [
              2642.0,
              2065.0
            ],
            [
              2649.0,
              2068.0
            ]
          ]
        ]
      },
      "properties": {
        "parcel_id": "CAD-0215",
        "feature_type": "Tree / Forest",
        "land_use": "Vacant",
        "category": "Vegetation",
        "color_hex": "#00B400",
        "area_px": 686.0,
        "area_sqm": 4.39,
        "area_hectares": 0.0004,
        "area_acres": 0.0011,
        "area_gaj": 5.25,
        "perimeter_m": 9.66,
        "vertex_count": 10,
        "confidence": 0.85,
        "verification_status": "Pending Review"
      }
    },
    {
      "type": "Feature",
      "id": "CAD-0216",
      "geometry": {
        "type": "Polygon",
        "coordinates": [
          [
            [
              374.0,
              2070.0
            ],
            [
              373.0,
              2077.0
            ],
            [
              367.0,
              2089.0
            ],
            [
              358.0,
              2099.0
            ],
            [
              347.0,
              2106.0
            ],
            [
              338.0,
              2108.0
            ],
            [
              324.0,
              2101.0
            ],
            [
              312.0,
              2090.0
            ],
            [
              312.0,
              2085.0
            ],
            [
              318.0,
              2077.0
            ],
            [
              345.0,
              2059.0
            ],
            [
              366.0,
              2065.0
            ],
            [
              374.0,
              2070.0
            ]
          ]
        ]
      },
      "properties": {
        "parcel_id": "CAD-0216",
        "feature_type": "Tree / Forest",
        "land_use": "Vacant",
        "category": "Vegetation",
        "color_hex": "#00B400",
        "area_px": 1761.0,
        "area_sqm": 11.27,
        "area_hectares": 0.0011,
        "area_acres": 0.0028,
        "area_gaj": 13.48,
        "perimeter_m": 13.35,
        "vertex_count": 13,
        "confidence": 0.85,
        "verification_status": "Pending Review"
      }
    },
    {
      "type": "Feature",
      "id": "CAD-0217",
      "geometry": {
        "type": "Polygon",
        "coordinates": [
          [
            [
              1422.0,
              2054.0
            ],
            [
              1431.0,
              2050.0
            ],
            [
              1434.0,
              2051.0
            ],
            [
              1437.0,
              2054.0
            ],
            [
              1446.0,
              2073.0
            ],
            [
              1446.0,
              2078.0
            ],
            [
              1444.0,
              2079.0
            ],
            [
              1436.0,
              2079.0
            ],
            [
              1434.0,
              2078.0
            ],
            [
              1420.0,
              2063.0
            ],
            [
              1419.0,
              2059.0
            ],
            [
              1422.0,
              2054.0
            ]
          ]
        ]
      },
      "properties": {
        "parcel_id": "CAD-0217",
        "feature_type": "Tree / Forest",
        "land_use": "Vacant",
        "category": "Vegetation",
        "color_hex": "#00B400",
        "area_px": 420.5,
        "area_sqm": 2.69,
        "area_hectares": 0.0003,
        "area_acres": 0.0007,
        "area_gaj": 3.22,
        "perimeter_m": 6.9,
        "vertex_count": 12,
        "confidence": 0.85,
        "verification_status": "Pending Review"
      }
    },
    {
      "type": "Feature",
      "id": "CAD-0218",
      "geometry": {
        "type": "Polygon",
        "coordinates": [
          [
            [
              3611.0,
              2054.0
            ],
            [
              3607.0,
              2087.0
            ],
            [
              3600.0,
              2097.0
            ],
            [
              3572.0,
              2099.0
            ],
            [
              3522.0,
              2087.0
            ],
            [
              3517.0,
              2080.0
            ],
            [
              3520.0,
              2073.0
            ],
            [
              3573.0,
              2040.0
            ],
            [
              3605.0,
              2047.0
            ],
            [
              3611.0,
              2054.0
            ]
          ]
        ]
      },
      "properties": {
        "parcel_id": "CAD-0218",
        "feature_type": "Tree / Forest",
        "land_use": "Vacant",
        "category": "Vegetation",
        "color_hex": "#00B400",
        "area_px": 3135.0,
        "area_sqm": 20.06,
        "area_hectares": 0.002,
        "area_acres": 0.005,
        "area_gaj": 23.99,
        "perimeter_m": 19.65,
        "vertex_count": 10,
        "confidence": 0.85,
        "verification_status": "Pending Review"
      }
    },
    {
      "type": "Feature",
      "id": "CAD-0219",
      "geometry": {
        "type": "Polygon",
        "coordinates": [
          [
            [
              1341.0,
              2040.0
            ],
            [
              1353.0,
              2048.0
            ],
            [
              1361.0,
              2059.0
            ],
            [
              1359.0,
              2081.0
            ],
            [
              1352.0,
              2101.0
            ],
            [
              1344.0,
              2104.0
            ],
            [
              1342.0,
              2103.0
            ],
            [
              1327.0,
              2064.0
            ],
            [
              1327.0,
              2053.0
            ],
            [
              1341.0,
              2040.0
            ]
          ]
        ]
      },
      "properties": {
        "parcel_id": "CAD-0219",
        "feature_type": "Tree / Forest",
        "land_use": "Vacant",
        "category": "Vegetation",
        "color_hex": "#00B400",
        "area_px": 1268.5,
        "area_sqm": 8.12,
        "area_hectares": 0.0008,
        "area_acres": 0.002,
        "area_gaj": 9.71,
        "perimeter_m": 12.32,
        "vertex_count": 10,
        "confidence": 0.85,
        "verification_status": "Pending Review"
      }
    },
    {
      "type": "Feature",
      "id": "CAD-0220",
      "geometry": {
        "type": "Polygon",
        "coordinates": [
          [
            [
              2896.0,
              2065.0
            ],
            [
              2887.0,
              2069.0
            ],
            [
              2862.0,
              2061.0
            ],
            [
              2844.0,
              2042.0
            ],
            [
              2844.0,
              2039.0
            ],
            [
              2847.0,
              2037.0
            ],
            [
              2885.0,
              2040.0
            ],
            [
              2887.0,
              2041.0
            ],
            [
              2893.0,
              2054.0
            ],
            [
              2896.0,
              2065.0
            ]
          ]
        ]
      },
      "properties": {
        "parcel_id": "CAD-0220",
        "feature_type": "Tree / Forest",
        "land_use": "Vacant",
        "category": "Vegetation",
        "color_hex": "#00B400",
        "area_px": 755.5,
        "area_sqm": 4.84,
        "area_hectares": 0.0005,
        "area_acres": 0.0012,
        "area_gaj": 5.79,
        "perimeter_m": 10.8,
        "vertex_count": 10,
        "confidence": 0.85,
        "verification_status": "Pending Review"
      }
    },
    {
      "type": "Feature",
      "id": "CAD-0221",
      "geometry": {
        "type": "Polygon",
        "coordinates": [
          [
            [
              2480.0,
              2036.0
            ],
            [
              2482.0,
              2035.0
            ],
            [
              2509.0,
              2044.0
            ],
            [
              2515.0,
              2048.0
            ],
            [
              2518.0,
              2065.0
            ],
            [
              2511.0,
              2082.0
            ],
            [
              2509.0,
              2083.0
            ],
            [
              2501.0,
              2078.0
            ],
            [
              2491.0,
              2065.0
            ],
            [
              2481.0,
              2045.0
            ],
            [
              2480.0,
              2036.0
            ]
          ]
        ]
      },
      "properties": {
        "parcel_id": "CAD-0221",
        "feature_type": "Tree / Forest",
        "land_use": "Vacant",
        "category": "Vegetation",
        "color_hex": "#00B400",
        "area_px": 812.5,
        "area_sqm": 5.2,
        "area_hectares": 0.0005,
        "area_acres": 0.0013,
        "area_gaj": 6.22,
        "perimeter_m": 10.64,
        "vertex_count": 11,
        "confidence": 0.85,
        "verification_status": "Pending Review"
      }
    },
    {
      "type": "Feature",
      "id": "CAD-0222",
      "geometry": {
        "type": "Polygon",
        "coordinates": [
          [
            [
              2809.0,
              2023.0
            ],
            [
              2812.0,
              2025.0
            ],
            [
              2815.0,
              2070.0
            ],
            [
              2807.0,
              2097.0
            ],
            [
              2803.0,
              2099.0
            ],
            [
              2796.0,
              2094.0
            ],
            [
              2780.0,
              2065.0
            ],
            [
              2780.0,
              2059.0
            ],
            [
              2796.0,
              2031.0
            ],
            [
              2809.0,
              2023.0
            ]
          ]
        ]
      },
      "properties": {
        "parcel_id": "CAD-0222",
        "feature_type": "Tree / Forest",
        "land_use": "Vacant",
        "category": "Vegetation",
        "color_hex": "#00B400",
        "area_px": 901.5,
        "area_sqm": 5.77,
        "area_hectares": 0.0006,
        "area_acres": 0.0014,
        "area_gaj": 6.9,
        "perimeter_m": 14.13,
        "vertex_count": 10,
        "confidence": 0.85,
        "verification_status": "Pending Review"
      }
    },
    {
      "type": "Feature",
      "id": "CAD-0223",
      "geometry": {
        "type": "Polygon",
        "coordinates": [
          [
            [
              1972.0,
              2015.0
            ],
            [
              1972.0,
              2017.0
            ],
            [
              1957.0,
              2047.0
            ],
            [
              1953.0,
              2050.0
            ],
            [
              1947.0,
              2047.0
            ],
            [
              1943.0,
              2033.0
            ],
            [
              1944.0,
              2025.0
            ],
            [
              1964.0,
              2014.0
            ],
            [
              1972.0,
              2015.0
            ]
          ]
        ]
      },
      "properties": {
        "parcel_id": "CAD-0223",
        "feature_type": "Tree / Forest",
        "land_use": "Vacant",
        "category": "Vegetation",
        "color_hex": "#00B400",
        "area_px": 430.0,
        "area_sqm": 2.75,
        "area_hectares": 0.0003,
        "area_acres": 0.0007,
        "area_gaj": 3.29,
        "perimeter_m": 8.06,
        "vertex_count": 9,
        "confidence": 0.85,
        "verification_status": "Pending Review"
      }
    },
    {
      "type": "Feature",
      "id": "CAD-0224",
      "geometry": {
        "type": "Polygon",
        "coordinates": [
          [
            [
              797.0,
              2012.0
            ],
            [
              831.0,
              2040.0
            ],
            [
              835.0,
              2045.0
            ],
            [
              835.0,
              2055.0
            ],
            [
              784.0,
              2066.0
            ],
            [
              771.0,
              2054.0
            ],
            [
              767.0,
              2030.0
            ],
            [
              776.0,
              2015.0
            ],
            [
              797.0,
              2012.0
            ]
          ]
        ]
      },
      "properties": {
        "parcel_id": "CAD-0224",
        "feature_type": "Tree / Forest",
        "land_use": "Vacant",
        "category": "Vegetation",
        "color_hex": "#00B400",
        "area_px": 2227.0,
        "area_sqm": 14.25,
        "area_hectares": 0.0014,
        "area_acres": 0.0035,
        "area_gaj": 17.04,
        "perimeter_m": 15.47,
        "vertex_count": 9,
        "confidence": 0.85,
        "verification_status": "Pending Review"
      }
    },
    {
      "type": "Feature",
      "id": "CAD-0225",
      "geometry": {
        "type": "Polygon",
        "coordinates": [
          [
            [
              2778.0,
              2002.0
            ],
            [
              2782.0,
              2041.0
            ],
            [
              2765.0,
              2046.0
            ],
            [
              2748.0,
              2038.0
            ],
            [
              2748.0,
              2013.0
            ],
            [
              2753.0,
              2008.0
            ],
            [
              2767.0,
              2002.0
            ],
            [
              2778.0,
              2002.0
            ]
          ]
        ]
      },
      "properties": {
        "parcel_id": "CAD-0225",
        "feature_type": "Tree / Forest",
        "land_use": "Vacant",
        "category": "Vegetation",
        "color_hex": "#00B400",
        "area_px": 1123.0,
        "area_sqm": 7.19,
        "area_hectares": 0.0007,
        "area_acres": 0.0018,
        "area_gaj": 8.6,
        "perimeter_m": 10.72,
        "vertex_count": 8,
        "confidence": 0.85,
        "verification_status": "Pending Review"
      }
    },
    {
      "type": "Feature",
      "id": "CAD-0226",
      "geometry": {
        "type": "Polygon",
        "coordinates": [
          [
            [
              2948.0,
              2002.0
            ],
            [
              2948.0,
              2005.0
            ],
            [
              2919.0,
              2047.0
            ],
            [
              2917.0,
              2048.0
            ],
            [
              2913.0,
              2046.0
            ],
            [
              2911.0,
              2038.0
            ],
            [
              2929.0,
              2012.0
            ],
            [
              2940.0,
              2001.0
            ],
            [
              2944.0,
              2000.0
            ],
            [
              2948.0,
              2002.0
            ]
          ]
        ]
      },
      "properties": {
        "parcel_id": "CAD-0226",
        "feature_type": "Tree / Forest",
        "land_use": "Vacant",
        "category": "Vegetation",
        "color_hex": "#00B400",
        "area_px": 492.5,
        "area_sqm": 3.15,
        "area_hectares": 0.0003,
        "area_acres": 0.0008,
        "area_gaj": 3.77,
        "perimeter_m": 9.98,
        "vertex_count": 10,
        "confidence": 0.85,
        "verification_status": "Pending Review"
      }
    },
    {
      "type": "Feature",
      "id": "CAD-0227",
      "geometry": {
        "type": "Polygon",
        "coordinates": [
          [
            [
              1686.0,
              2002.0
            ],
            [
              1693.0,
              1999.0
            ],
            [
              1707.0,
              2007.0
            ],
            [
              1738.0,
              2044.0
            ],
            [
              1749.0,
              2067.0
            ],
            [
              1741.0,
              2073.0
            ],
            [
              1721.0,
              2069.0
            ],
            [
              1712.0,
              2062.0
            ],
            [
              1686.0,
              2009.0
            ],
            [
              1686.0,
              2002.0
            ]
          ]
        ]
      },
      "properties": {
        "parcel_id": "CAD-0227",
        "feature_type": "Tree / Forest",
        "land_use": "Vacant",
        "category": "Vegetation",
        "color_hex": "#00B400",
        "area_px": 1299.0,
        "area_sqm": 8.31,
        "area_hectares": 0.0008,
        "area_acres": 0.0021,
        "area_gaj": 9.94,
        "perimeter_m": 16.43,
        "vertex_count": 10,
        "confidence": 0.85,
        "verification_status": "Pending Review"
      }
    },
    {
      "type": "Feature",
      "id": "CAD-0228",
      "geometry": {
        "type": "Polygon",
        "coordinates": [
          [
            [
              2174.0,
              1984.0
            ],
            [
              2183.0,
              2023.0
            ],
            [
              1748.0,
              2278.0
            ],
            [
              1773.0,
              2204.0
            ],
            [
              2076.0,
              2026.0
            ],
            [
              2174.0,
              1984.0
            ]
          ]
        ]
      },
      "properties": {
        "parcel_id": "CAD-0228",
        "feature_type": "Tree / Forest",
        "land_use": "Vacant",
        "category": "Vegetation",
        "color_hex": "#00B400",
        "area_px": 14342.0,
        "area_sqm": 91.79,
        "area_hectares": 0.0092,
        "area_acres": 0.0227,
        "area_gaj": 109.78,
        "perimeter_m": 86.43,
        "vertex_count": 6,
        "confidence": 0.85,
        "verification_status": "Pending Review"
      }
    },
    {
      "type": "Feature",
      "id": "CAD-0229",
      "geometry": {
        "type": "Polygon",
        "coordinates": [
          [
            [
              960.0,
              2011.0
            ],
            [
              990.0,
              1984.0
            ],
            [
              1031.0,
              1984.0
            ],
            [
              1173.0,
              2048.0
            ],
            [
              1188.0,
              2071.0
            ],
            [
              1187.0,
              2093.0
            ],
            [
              1159.0,
              2103.0
            ],
            [
              974.0,
              2091.0
            ],
            [
              960.0,
              2062.0
            ],
            [
              960.0,
              2011.0
            ]
          ]
        ]
      },
      "properties": {
        "parcel_id": "CAD-0229",
        "feature_type": "Tree / Forest",
        "land_use": "Vacant",
        "category": "Vegetation",
        "color_hex": "#00B400",
        "area_px": 12065.0,
        "area_sqm": 77.22,
        "area_hectares": 0.0077,
        "area_acres": 0.0191,
        "area_gaj": 92.36,
        "perimeter_m": 46.79,
        "vertex_count": 10,
        "confidence": 0.85,
        "verification_status": "Pending Review"
      }
    },
    {
      "type": "Feature",
      "id": "CAD-0230",
      "geometry": {
        "type": "Polygon",
        "coordinates": [
          [
            [
              3857.0,
              1990.0
            ],
            [
              3857.0,
              1992.0
            ],
            [
              3847.0,
              1997.0
            ],
            [
              3819.0,
              1998.0
            ],
            [
              3815.0,
              1996.0
            ],
            [
              3815.0,
              1994.0
            ],
            [
              3825.0,
              1986.0
            ],
            [
              3840.0,
              1982.0
            ],
            [
              3849.0,
              1982.0
            ],
            [
              3857.0,
              1990.0
            ]
          ]
        ]
      },
      "properties": {
        "parcel_id": "CAD-0230",
        "feature_type": "Tree / Forest",
        "land_use": "Vacant",
        "category": "Vegetation",
        "color_hex": "#00B400",
        "area_px": 419.5,
        "area_sqm": 2.68,
        "area_hectares": 0.0003,
        "area_acres": 0.0007,
        "area_gaj": 3.21,
        "perimeter_m": 7.71,
        "vertex_count": 10,
        "confidence": 0.85,
        "verification_status": "Pending Review"
      }
    },
    {
      "type": "Feature",
      "id": "CAD-0231",
      "geometry": {
        "type": "Polygon",
        "coordinates": [
          [
            [
              1903.0,
              1982.0
            ],
            [
              1903.0,
              1989.0
            ],
            [
              1901.0,
              1994.0
            ],
            [
              1885.0,
              2002.0
            ],
            [
              1874.0,
              2001.0
            ],
            [
              1870.0,
              1998.0
            ],
            [
              1870.0,
              1994.0
            ],
            [
              1872.0,
              1991.0
            ],
            [
              1889.0,
              1979.0
            ],
            [
              1898.0,
              1980.0
            ],
            [
              1903.0,
              1982.0
            ]
          ]
        ]
      },
      "properties": {
        "parcel_id": "CAD-0231",
        "feature_type": "Tree / Forest",
        "land_use": "Vacant",
        "category": "Vegetation",
        "color_hex": "#00B400",
        "area_px": 482.0,
        "area_sqm": 3.08,
        "area_hectares": 0.0003,
        "area_acres": 0.0008,
        "area_gaj": 3.68,
        "perimeter_m": 7.13,
        "vertex_count": 11,
        "confidence": 0.85,
        "verification_status": "Pending Review"
      }
    },
    {
      "type": "Feature",
      "id": "CAD-0232",
      "geometry": {
        "type": "Polygon",
        "coordinates": [
          [
            [
              2184.0,
              1969.0
            ],
            [
              2186.0,
              1968.0
            ],
            [
              2189.0,
              1969.0
            ],
            [
              2207.0,
              1983.0
            ],
            [
              2211.0,
              1989.0
            ],
            [
              2213.0,
              2001.0
            ],
            [
              2205.0,
              2004.0
            ],
            [
              2201.0,
              2004.0
            ],
            [
              2193.0,
              1997.0
            ],
            [
              2182.0,
              1984.0
            ],
            [
              2184.0,
              1969.0
            ]
          ]
        ]
      },
      "properties": {
        "parcel_id": "CAD-0232",
        "feature_type": "Tree / Forest",
        "land_use": "Vacant",
        "category": "Vegetation",
        "color_hex": "#00B400",
        "area_px": 568.5,
        "area_sqm": 3.64,
        "area_hectares": 0.0004,
        "area_acres": 0.0009,
        "area_gaj": 4.35,
        "perimeter_m": 8.23,
        "vertex_count": 11,
        "confidence": 0.85,
        "verification_status": "Pending Review"
      }
    },
    {
      "type": "Feature",
      "id": "CAD-0233",
      "geometry": {
        "type": "Polygon",
        "coordinates": [
          [
            [
              1144.0,
              1964.0
            ],
            [
              1150.0,
              1968.0
            ],
            [
              1158.0,
              1989.0
            ],
            [
              1151.0,
              2014.0
            ],
            [
              1144.0,
              2024.0
            ],
            [
              1138.0,
              2026.0
            ],
            [
              1122.0,
              2021.0
            ],
            [
              1117.0,
              2017.0
            ],
            [
              1113.0,
              2007.0
            ],
            [
              1112.0,
              1996.0
            ],
            [
              1115.0,
              1982.0
            ],
            [
              1125.0,
              1972.0
            ],
            [
              1139.0,
              1964.0
            ],
            [
              1144.0,
              1964.0
            ]
          ]
        ]
      },
      "properties": {
        "parcel_id": "CAD-0233",
        "feature_type": "Tree / Forest",
        "land_use": "Vacant",
        "category": "Vegetation",
        "color_hex": "#00B400",
        "area_px": 1976.5,
        "area_sqm": 12.65,
        "area_hectares": 0.0013,
        "area_acres": 0.0031,
        "area_gaj": 15.13,
        "perimeter_m": 13.5,
        "vertex_count": 14,
        "confidence": 0.85,
        "verification_status": "Pending Review"
      }
    },
    {
      "type": "Feature",
      "id": "CAD-0234",
      "geometry": {
        "type": "Polygon",
        "coordinates": [
          [
            [
              62.0,
              1970.0
            ],
            [
              60.0,
              1973.0
            ],
            [
              17.0,
              1984.0
            ],
            [
              0.0,
              1985.0
            ],
            [
              1.0,
              1969.0
            ],
            [
              33.0,
              1953.0
            ],
            [
              49.0,
              1953.0
            ],
            [
              56.0,
              1956.0
            ],
            [
              62.0,
              1970.0
            ]
          ]
        ]
      },
      "properties": {
        "parcel_id": "CAD-0234",
        "feature_type": "Tree / Forest",
        "land_use": "Vacant",
        "category": "Vegetation",
        "color_hex": "#00B400",
        "area_px": 892.0,
        "area_sqm": 5.71,
        "area_hectares": 0.0006,
        "area_acres": 0.0014,
        "area_gaj": 6.83,
        "perimeter_m": 12.45,
        "vertex_count": 9,
        "confidence": 0.85,
        "verification_status": "Pending Review"
      }
    },
    {
      "type": "Feature",
      "id": "CAD-0235",
      "geometry": {
        "type": "Polygon",
        "coordinates": [
          [
            [
              2490.0,
              1952.0
            ],
            [
              2421.0,
              2205.0
            ],
            [
              2410.0,
              2210.0
            ],
            [
              2357.0,
              2106.0
            ],
            [
              2336.0,
              2041.0
            ],
            [
              2347.0,
              2018.0
            ],
            [
              2387.0,
              1989.0
            ],
            [
              2490.0,
              1952.0
            ]
          ]
        ]
      },
      "properties": {
        "parcel_id": "CAD-0235",
        "feature_type": "Tree / Forest",
        "land_use": "Vacant",
        "category": "Vegetation",
        "color_hex": "#00B400",
        "area_px": 11645.5,
        "area_sqm": 74.53,
        "area_hectares": 0.0075,
        "area_acres": 0.0184,
        "area_gaj": 89.14,
        "perimeter_m": 51.5,
        "vertex_count": 8,
        "confidence": 0.85,
        "verification_status": "Pending Review"
      }
    },
    {
      "type": "Feature",
      "id": "CAD-0236",
      "geometry": {
        "type": "Polygon",
        "coordinates": [
          [
            [
              3314.0,
              1957.0
            ],
            [
              3320.0,
              1977.0
            ],
            [
              3295.0,
              2011.0
            ],
            [
              3196.0,
              2054.0
            ],
            [
              3149.0,
              2044.0
            ],
            [
              3160.0,
              2020.0
            ],
            [
              3279.0,
              1950.0
            ],
            [
              3314.0,
              1957.0
            ]
          ]
        ]
      },
      "properties": {
        "parcel_id": "CAD-0236",
        "feature_type": "Tree / Forest",
        "land_use": "Vacant",
        "category": "Vegetation",
        "color_hex": "#00B400",
        "area_px": 3658.5,
        "area_sqm": 23.41,
        "area_hectares": 0.0023,
        "area_acres": 0.0058,
        "area_gaj": 28.0,
        "perimeter_m": 33.54,
        "vertex_count": 8,
        "confidence": 0.85,
        "verification_status": "Pending Review"
      }
    },
    {
      "type": "Feature",
      "id": "CAD-0237",
      "geometry": {
        "type": "Polygon",
        "coordinates": [
          [
            [
              916.0,
              1965.0
            ],
            [
              912.0,
              1978.0
            ],
            [
              889.0,
              1999.0
            ],
            [
              869.0,
              1987.0
            ],
            [
              869.0,
              1979.0
            ],
            [
              893.0,
              1949.0
            ],
            [
              907.0,
              1953.0
            ],
            [
              916.0,
              1965.0
            ]
          ]
        ]
      },
      "properties": {
        "parcel_id": "CAD-0237",
        "feature_type": "Tree / Forest",
        "land_use": "Vacant",
        "category": "Vegetation",
        "color_hex": "#00B400",
        "area_px": 1014.5,
        "area_sqm": 6.49,
        "area_hectares": 0.0006,
        "area_acres": 0.0016,
        "area_gaj": 7.76,
        "perimeter_m": 11.52,
        "vertex_count": 8,
        "confidence": 0.85,
        "verification_status": "Pending Review"
      }
    },
    {
      "type": "Feature",
      "id": "CAD-0238",
      "geometry": {
        "type": "Polygon",
        "coordinates": [
          [
            [
              2900.0,
              1946.0
            ],
            [
              2905.0,
              1943.0
            ],
            [
              2919.0,
              1946.0
            ],
            [
              2960.0,
              1973.0
            ],
            [
              2962.0,
              1988.0
            ],
            [
              2928.0,
              1988.0
            ],
            [
              2920.0,
              1986.0
            ],
            [
              2908.0,
              1969.0
            ],
            [
              2900.0,
              1946.0
            ]
          ]
        ]
      },
      "properties": {
        "parcel_id": "CAD-0238",
        "feature_type": "Tree / Forest",
        "land_use": "Vacant",
        "category": "Vegetation",
        "color_hex": "#00B400",
        "area_px": 1353.5,
        "area_sqm": 8.66,
        "area_hectares": 0.0009,
        "area_acres": 0.0021,
        "area_gaj": 10.36,
        "perimeter_m": 13.74,
        "vertex_count": 9,
        "confidence": 0.85,
        "verification_status": "Pending Review"
      }
    },
    {
      "type": "Feature",
      "id": "CAD-0239",
      "geometry": {
        "type": "Polygon",
        "coordinates": [
          [
            [
              1807.0,
              1934.0
            ],
            [
              1810.0,
              1935.0
            ],
            [
              1832.0,
              1995.0
            ],
            [
              1831.0,
              2001.0
            ],
            [
              1823.0,
              2009.0
            ],
            [
              1817.0,
              2006.0
            ],
            [
              1794.0,
              1954.0
            ],
            [
              1792.0,
              1943.0
            ],
            [
              1807.0,
              1934.0
            ]
          ]
        ]
      },
      "properties": {
        "parcel_id": "CAD-0239",
        "feature_type": "Tree / Forest",
        "land_use": "Vacant",
        "category": "Vegetation",
        "color_hex": "#00B400",
        "area_px": 976.5,
        "area_sqm": 6.25,
        "area_hectares": 0.0006,
        "area_acres": 0.0015,
        "area_gaj": 7.47,
        "perimeter_m": 14.14,
        "vertex_count": 9,
        "confidence": 0.85,
        "verification_status": "Pending Review"
      }
    },
    {
      "type": "Feature",
      "id": "CAD-0240",
      "geometry": {
        "type": "Polygon",
        "coordinates": [
          [
            [
              3421.0,
              1933.0
            ],
            [
              3422.0,
              1936.0
            ],
            [
              3412.0,
              1952.0
            ],
            [
              3370.0,
              1960.0
            ],
            [
              3367.0,
              1959.0
            ],
            [
              3369.0,
              1953.0
            ],
            [
              3376.0,
              1946.0
            ],
            [
              3409.0,
              1929.0
            ],
            [
              3414.0,
              1929.0
            ],
            [
              3421.0,
              1933.0
            ]
          ]
        ]
      },
      "properties": {
        "parcel_id": "CAD-0240",
        "feature_type": "Tree / Forest",
        "land_use": "Vacant",
        "category": "Vegetation",
        "color_hex": "#00B400",
        "area_px": 858.5,
        "area_sqm": 5.49,
        "area_hectares": 0.0005,
        "area_acres": 0.0014,
        "area_gaj": 6.57,
        "perimeter_m": 10.75,
        "vertex_count": 10,
        "confidence": 0.85,
        "verification_status": "Pending Review"
      }
    },
    {
      "type": "Feature",
      "id": "CAD-0241",
      "geometry": {
        "type": "Polygon",
        "coordinates": [
          [
            [
              1572.0,
              1925.0
            ],
            [
              1570.0,
              1931.0
            ],
            [
              1562.0,
              1936.0
            ],
            [
              1539.0,
              1943.0
            ],
            [
              1536.0,
              1942.0
            ],
            [
              1533.0,
              1938.0
            ],
            [
              1532.0,
              1930.0
            ],
            [
              1536.0,
              1927.0
            ],
            [
              1559.0,
              1920.0
            ],
            [
              1568.0,
              1922.0
            ],
            [
              1572.0,
              1925.0
            ]
          ]
        ]
      },
      "properties": {
        "parcel_id": "CAD-0241",
        "feature_type": "Tree / Forest",
        "land_use": "Vacant",
        "category": "Vegetation",
        "color_hex": "#00B400",
        "area_px": 545.0,
        "area_sqm": 3.49,
        "area_hectares": 0.0003,
        "area_acres": 0.0009,
        "area_gaj": 4.17,
        "perimeter_m": 7.94,
        "vertex_count": 11,
        "confidence": 0.85,
        "verification_status": "Pending Review"
      }
    },
    {
      "type": "Feature",
      "id": "CAD-0242",
      "geometry": {
        "type": "Polygon",
        "coordinates": [
          [
            [
              88.0,
              1932.0
            ],
            [
              88.0,
              1934.0
            ],
            [
              83.0,
              1940.0
            ],
            [
              77.0,
              1944.0
            ],
            [
              45.0,
              1940.0
            ],
            [
              48.0,
              1931.0
            ],
            [
              57.0,
              1923.0
            ],
            [
              65.0,
              1919.0
            ],
            [
              72.0,
              1921.0
            ],
            [
              88.0,
              1932.0
            ]
          ]
        ]
      },
      "properties": {
        "parcel_id": "CAD-0242",
        "feature_type": "Tree / Forest",
        "land_use": "Vacant",
        "category": "Vegetation",
        "color_hex": "#00B400",
        "area_px": 522.0,
        "area_sqm": 3.34,
        "area_hectares": 0.0003,
        "area_acres": 0.0008,
        "area_gaj": 3.99,
        "perimeter_m": 8.52,
        "vertex_count": 10,
        "confidence": 0.85,
        "verification_status": "Pending Review"
      }
    },
    {
      "type": "Feature",
      "id": "CAD-0243",
      "geometry": {
        "type": "Polygon",
        "coordinates": [
          [
            [
              2893.0,
              1921.0
            ],
            [
              2880.0,
              1950.0
            ],
            [
              2877.0,
              1951.0
            ],
            [
              2861.0,
              1945.0
            ],
            [
              2859.0,
              1938.0
            ],
            [
              2883.0,
              1917.0
            ],
            [
              2887.0,
              1916.0
            ],
            [
              2893.0,
              1921.0
            ]
          ]
        ]
      },
      "properties": {
        "parcel_id": "CAD-0243",
        "feature_type": "Tree / Forest",
        "land_use": "Vacant",
        "category": "Vegetation",
        "color_hex": "#00B400",
        "area_px": 491.0,
        "area_sqm": 3.14,
        "area_hectares": 0.0003,
        "area_acres": 0.0008,
        "area_gaj": 3.76,
        "perimeter_m": 8.25,
        "vertex_count": 8,
        "confidence": 0.85,
        "verification_status": "Pending Review"
      }
    },
    {
      "type": "Feature",
      "id": "CAD-0244",
      "geometry": {
        "type": "Polygon",
        "coordinates": [
          [
            [
              2571.0,
              1918.0
            ],
            [
              2596.0,
              1917.0
            ],
            [
              2617.0,
              1989.0
            ],
            [
              2624.0,
              2031.0
            ],
            [
              2621.0,
              2050.0
            ],
            [
              2616.0,
              2055.0
            ],
            [
              2592.0,
              2042.0
            ],
            [
              2525.0,
              1955.0
            ],
            [
              2571.0,
              1918.0
            ]
          ]
        ]
      },
      "properties": {
        "parcel_id": "CAD-0244",
        "feature_type": "Tree / Forest",
        "land_use": "Vacant",
        "category": "Vegetation",
        "color_hex": "#00B400",
        "area_px": 3882.5,
        "area_sqm": 24.85,
        "area_hectares": 0.0025,
        "area_acres": 0.0061,
        "area_gaj": 29.72,
        "perimeter_m": 29.2,
        "vertex_count": 9,
        "confidence": 0.85,
        "verification_status": "Pending Review"
      }
    },
    {
      "type": "Feature",
      "id": "CAD-0245",
      "geometry": {
        "type": "Polygon",
        "coordinates": [
          [
            [
              2158.0,
              1920.0
            ],
            [
              2160.0,
              1916.0
            ],
            [
              2162.0,
              1915.0
            ],
            [
              2170.0,
              1915.0
            ],
            [
              2190.0,
              1917.0
            ],
            [
              2194.0,
              1919.0
            ],
            [
              2194.0,
              1922.0
            ],
            [
              2192.0,
              1925.0
            ],
            [
              2175.0,
              1937.0
            ],
            [
              2170.0,
              1938.0
            ],
            [
              2160.0,
              1931.0
            ],
            [
              2158.0,
              1920.0
            ]
          ]
        ]
      },
      "properties": {
        "parcel_id": "CAD-0245",
        "feature_type": "Tree / Forest",
        "land_use": "Vacant",
        "category": "Vegetation",
        "color_hex": "#00B400",
        "area_px": 509.0,
        "area_sqm": 3.26,
        "area_hectares": 0.0003,
        "area_acres": 0.0008,
        "area_gaj": 3.9,
        "perimeter_m": 7.61,
        "vertex_count": 12,
        "confidence": 0.85,
        "verification_status": "Pending Review"
      }
    },
    {
      "type": "Feature",
      "id": "CAD-0246",
      "geometry": {
        "type": "Polygon",
        "coordinates": [
          [
            [
              3431.0,
              1927.0
            ],
            [
              3432.0,
              1917.0
            ],
            [
              3462.0,
              1904.0
            ],
            [
              3496.0,
              1905.0
            ],
            [
              3503.0,
              1908.0
            ],
            [
              3506.0,
              1917.0
            ],
            [
              3504.0,
              1921.0
            ],
            [
              3476.0,
              1927.0
            ],
            [
              3431.0,
              1927.0
            ]
          ]
        ]
      },
      "properties": {
        "parcel_id": "CAD-0246",
        "feature_type": "Tree / Forest",
        "land_use": "Vacant",
        "category": "Vegetation",
        "color_hex": "#00B400",
        "area_px": 1226.0,
        "area_sqm": 7.85,
        "area_hectares": 0.0008,
        "area_acres": 0.0019,
        "area_gaj": 9.39,
        "perimeter_m": 13.76,
        "vertex_count": 9,
        "confidence": 0.85,
        "verification_status": "Pending Review"
      }
    },
    {
      "type": "Feature",
      "id": "CAD-0247",
      "geometry": {
        "type": "Polygon",
        "coordinates": [
          [
            [
              2351.0,
              1898.0
            ],
            [
              2353.0,
              1926.0
            ],
            [
              2350.0,
              1930.0
            ],
            [
              2290.0,
              1961.0
            ],
            [
              2285.0,
              1959.0
            ],
            [
              2288.0,
              1922.0
            ],
            [
              2313.0,
              1903.0
            ],
            [
              2337.0,
              1890.0
            ],
            [
              2351.0,
              1898.0
            ]
          ]
        ]
      },
      "properties": {
        "parcel_id": "CAD-0247",
        "feature_type": "Tree / Forest",
        "land_use": "Vacant",
        "category": "Vegetation",
        "color_hex": "#00B400",
        "area_px": 2257.5,
        "area_sqm": 14.45,
        "area_hectares": 0.0014,
        "area_acres": 0.0036,
        "area_gaj": 17.28,
        "perimeter_m": 17.43,
        "vertex_count": 9,
        "confidence": 0.85,
        "verification_status": "Pending Review"
      }
    },
    {
      "type": "Feature",
      "id": "CAD-0248",
      "geometry": {
        "type": "Polygon",
        "coordinates": [
          [
            [
              1469.0,
              1886.0
            ],
            [
              1489.0,
              1899.0
            ],
            [
              1497.0,
              1918.0
            ],
            [
              1500.0,
              1966.0
            ],
            [
              1496.0,
              1968.0
            ],
            [
              1491.0,
              1966.0
            ],
            [
              1465.0,
              1896.0
            ],
            [
              1469.0,
              1886.0
            ]
          ]
        ]
      },
      "properties": {
        "parcel_id": "CAD-0248",
        "feature_type": "Tree / Forest",
        "land_use": "Vacant",
        "category": "Vegetation",
        "color_hex": "#00B400",
        "area_px": 1096.5,
        "area_sqm": 7.02,
        "area_hectares": 0.0007,
        "area_acres": 0.0017,
        "area_gaj": 8.4,
        "perimeter_m": 15.03,
        "vertex_count": 8,
        "confidence": 0.85,
        "verification_status": "Pending Review"
      }
    },
    {
      "type": "Feature",
      "id": "CAD-0249",
      "geometry": {
        "type": "Polygon",
        "coordinates": [
          [
            [
              1920.0,
              1888.0
            ],
            [
              1932.0,
              1883.0
            ],
            [
              2037.0,
              1909.0
            ],
            [
              2040.0,
              1913.0
            ],
            [
              2035.0,
              1922.0
            ],
            [
              1978.0,
              1955.0
            ],
            [
              1962.0,
              1955.0
            ],
            [
              1941.0,
              1939.0
            ],
            [
              1923.0,
              1902.0
            ],
            [
              1920.0,
              1888.0
            ]
          ]
        ]
      },
      "properties": {
        "parcel_id": "CAD-0249",
        "feature_type": "Tree / Forest",
        "land_use": "Vacant",
        "category": "Vegetation",
        "color_hex": "#00B400",
        "area_px": 2143.0,
        "area_sqm": 13.72,
        "area_hectares": 0.0014,
        "area_acres": 0.0034,
        "area_gaj": 16.41,
        "perimeter_m": 24.02,
        "vertex_count": 10,
        "confidence": 0.85,
        "verification_status": "Pending Review"
      }
    },
    {
      "type": "Feature",
      "id": "CAD-0250",
      "geometry": {
        "type": "Polygon",
        "coordinates": [
          [
            [
              2882.0,
              1884.0
            ],
            [
              2884.0,
              1900.0
            ],
            [
              2872.0,
              1913.0
            ],
            [
              2861.0,
              1920.0
            ],
            [
              2839.0,
              1915.0
            ],
            [
              2856.0,
              1884.0
            ],
            [
              2869.0,
              1878.0
            ],
            [
              2882.0,
              1884.0
            ]
          ]
        ]
      },
      "properties": {
        "parcel_id": "CAD-0250",
        "feature_type": "Tree / Forest",
        "land_use": "Vacant",
        "category": "Vegetation",
        "color_hex": "#00B400",
        "area_px": 1001.5,
        "area_sqm": 6.41,
        "area_hectares": 0.0006,
        "area_acres": 0.0016,
        "area_gaj": 7.67,
        "perimeter_m": 10.67,
        "vertex_count": 8,
        "confidence": 0.85,
        "verification_status": "Pending Review"
      }
    },
    {
      "type": "Feature",
      "id": "CAD-0251",
      "geometry": {
        "type": "Polygon",
        "coordinates": [
          [
            [
              2624.0,
              1882.0
            ],
            [
              2641.0,
              1876.0
            ],
            [
              2687.0,
              1925.0
            ],
            [
              2679.0,
              1950.0
            ],
            [
              2674.0,
              1952.0
            ],
            [
              2670.0,
              1950.0
            ],
            [
              2624.0,
              1889.0
            ],
            [
              2624.0,
              1882.0
            ]
          ]
        ]
      },
      "properties": {
        "parcel_id": "CAD-0251",
        "feature_type": "Tree / Forest",
        "land_use": "Vacant",
        "category": "Vegetation",
        "color_hex": "#00B400",
        "area_px": 1051.5,
        "area_sqm": 6.73,
        "area_hectares": 0.0007,
        "area_acres": 0.0017,
        "area_gaj": 8.05,
        "perimeter_m": 16.38,
        "vertex_count": 8,
        "confidence": 0.85,
        "verification_status": "Pending Review"
      }
    },
    {
      "type": "Feature",
      "id": "CAD-0252",
      "geometry": {
        "type": "Polygon",
        "coordinates": [
          [
            [
              144.0,
              1873.0
            ],
            [
              144.0,
              1878.0
            ],
            [
              127.0,
              1910.0
            ],
            [
              120.0,
              1911.0
            ],
            [
              113.0,
              1908.0
            ],
            [
              111.0,
              1895.0
            ],
            [
              121.0,
              1873.0
            ],
            [
              124.0,
              1871.0
            ],
            [
              144.0,
              1873.0
            ]
          ]
        ]
      },
      "properties": {
        "parcel_id": "CAD-0252",
        "feature_type": "Tree / Forest",
        "land_use": "Vacant",
        "category": "Vegetation",
        "color_hex": "#00B400",
        "area_px": 672.5,
        "area_sqm": 4.3,
        "area_hectares": 0.0004,
        "area_acres": 0.0011,
        "area_gaj": 5.14,
        "perimeter_m": 9.36,
        "vertex_count": 9,
        "confidence": 0.85,
        "verification_status": "Pending Review"
      }
    },
    {
      "type": "Feature",
      "id": "CAD-0253",
      "geometry": {
        "type": "Polygon",
        "coordinates": [
          [
            [
              3610.0,
              1884.0
            ],
            [
              3604.0,
              1889.0
            ],
            [
              3601.0,
              1890.0
            ],
            [
              3587.0,
              1883.0
            ],
            [
              3576.0,
              1874.0
            ],
            [
              3576.0,
              1871.0
            ],
            [
              3579.0,
              1869.0
            ],
            [
              3590.0,
              1866.0
            ],
            [
              3600.0,
              1866.0
            ],
            [
              3607.0,
              1873.0
            ],
            [
              3610.0,
              1880.0
            ],
            [
              3610.0,
              1884.0
            ]
          ]
        ]
      },
      "properties": {
        "parcel_id": "CAD-0253",
        "feature_type": "Tree / Forest",
        "land_use": "Vacant",
        "category": "Vegetation",
        "color_hex": "#00B400",
        "area_px": 511.0,
        "area_sqm": 3.27,
        "area_hectares": 0.0003,
        "area_acres": 0.0008,
        "area_gaj": 3.91,
        "perimeter_m": 7.23,
        "vertex_count": 12,
        "confidence": 0.85,
        "verification_status": "Pending Review"
      }
    },
    {
      "type": "Feature",
      "id": "CAD-0254",
      "geometry": {
        "type": "Polygon",
        "coordinates": [
          [
            [
              3586.0,
              1935.0
            ],
            [
              3581.0,
              1938.0
            ],
            [
              3437.0,
              1892.0
            ],
            [
              3431.0,
              1886.0
            ],
            [
              3431.0,
              1877.0
            ],
            [
              3454.0,
              1867.0
            ],
            [
              3530.0,
              1863.0
            ],
            [
              3545.0,
              1868.0
            ],
            [
              3584.0,
              1922.0
            ],
            [
              3586.0,
              1935.0
            ]
          ]
        ]
      },
      "properties": {
        "parcel_id": "CAD-0254",
        "feature_type": "Tree / Forest",
        "land_use": "Vacant",
        "category": "Vegetation",
        "color_hex": "#00B400",
        "area_px": 3544.0,
        "area_sqm": 22.68,
        "area_hectares": 0.0023,
        "area_acres": 0.0056,
        "area_gaj": 27.13,
        "perimeter_m": 29.7,
        "vertex_count": 10,
        "confidence": 0.85,
        "verification_status": "Pending Review"
      }
    },
    {
      "type": "Feature",
      "id": "CAD-0255",
      "geometry": {
        "type": "Polygon",
        "coordinates": [
          [
            [
              823.0,
              1862.0
            ],
            [
              827.0,
              1864.0
            ],
            [
              833.0,
              1871.0
            ],
            [
              845.0,
              1913.0
            ],
            [
              836.0,
              1922.0
            ],
            [
              829.0,
              1924.0
            ],
            [
              825.0,
              1922.0
            ],
            [
              816.0,
              1884.0
            ],
            [
              817.0,
              1867.0
            ],
            [
              823.0,
              1862.0
            ]
          ]
        ]
      },
      "properties": {
        "parcel_id": "CAD-0255",
        "feature_type": "Tree / Forest",
        "land_use": "Vacant",
        "category": "Vegetation",
        "color_hex": "#00B400",
        "area_px": 820.0,
        "area_sqm": 5.25,
        "area_hectares": 0.0005,
        "area_acres": 0.0013,
        "area_gaj": 6.28,
        "perimeter_m": 11.66,
        "vertex_count": 10,
        "confidence": 0.85,
        "verification_status": "Pending Review"
      }
    },
    {
      "type": "Feature",
      "id": "CAD-0256",
      "geometry": {
        "type": "Polygon",
        "coordinates": [
          [
            [
              1757.0,
              1855.0
            ],
            [
              1759.0,
              1854.0
            ],
            [
              1768.0,
              1857.0
            ],
            [
              1798.0,
              1905.0
            ],
            [
              1798.0,
              1908.0
            ],
            [
              1771.0,
              1909.0
            ],
            [
              1756.0,
              1864.0
            ],
            [
              1757.0,
              1855.0
            ]
          ]
        ]
      },
      "properties": {
        "parcel_id": "CAD-0256",
        "feature_type": "Tree / Forest",
        "land_use": "Vacant",
        "category": "Vegetation",
        "color_hex": "#00B400",
        "area_px": 725.0,
        "area_sqm": 4.64,
        "area_hectares": 0.0005,
        "area_acres": 0.0011,
        "area_gaj": 5.55,
        "perimeter_m": 12.39,
        "vertex_count": 8,
        "confidence": 0.85,
        "verification_status": "Pending Review"
      }
    },
    {
      "type": "Feature",
      "id": "CAD-0257",
      "geometry": {
        "type": "Polygon",
        "coordinates": [
          [
            [
              2355.0,
              1854.0
            ],
            [
              2360.0,
              1853.0
            ],
            [
              2371.0,
              1858.0
            ],
            [
              2400.0,
              1877.0
            ],
            [
              2399.0,
              1904.0
            ],
            [
              2388.0,
              1905.0
            ],
            [
              2353.0,
              1892.0
            ],
            [
              2355.0,
              1854.0
            ]
          ]
        ]
      },
      "properties": {
        "parcel_id": "CAD-0257",
        "feature_type": "Tree / Forest",
        "land_use": "Vacant",
        "category": "Vegetation",
        "color_hex": "#00B400",
        "area_px": 1278.5,
        "area_sqm": 8.18,
        "area_hectares": 0.0008,
        "area_acres": 0.002,
        "area_gaj": 9.78,
        "perimeter_m": 13.22,
        "vertex_count": 8,
        "confidence": 0.85,
        "verification_status": "Pending Review"
      }
    },
    {
      "type": "Feature",
      "id": "CAD-0258",
      "geometry": {
        "type": "Polygon",
        "coordinates": [
          [
            [
              3711.0,
              1862.0
            ],
            [
              3712.0,
              1869.0
            ],
            [
              3705.0,
              1888.0
            ],
            [
              3700.0,
              1894.0
            ],
            [
              3642.0,
              1891.0
            ],
            [
              3635.0,
              1886.0
            ],
            [
              3632.0,
              1879.0
            ],
            [
              3632.0,
              1871.0
            ],
            [
              3694.0,
              1851.0
            ],
            [
              3706.0,
              1853.0
            ],
            [
              3711.0,
              1862.0
            ]
          ]
        ]
      },
      "properties": {
        "parcel_id": "CAD-0258",
        "feature_type": "Tree / Forest",
        "land_use": "Vacant",
        "category": "Vegetation",
        "color_hex": "#00B400",
        "area_px": 2253.0,
        "area_sqm": 14.42,
        "area_hectares": 0.0014,
        "area_acres": 0.0036,
        "area_gaj": 17.25,
        "perimeter_m": 16.4,
        "vertex_count": 11,
        "confidence": 0.85,
        "verification_status": "Pending Review"
      }
    },
    {
      "type": "Feature",
      "id": "CAD-0259",
      "geometry": {
        "type": "Polygon",
        "coordinates": [
          [
            [
              3410.0,
              1875.0
            ],
            [
              3403.0,
              1912.0
            ],
            [
              3378.0,
              1928.0
            ],
            [
              3323.0,
              1954.0
            ],
            [
              3316.0,
              1953.0
            ],
            [
              3296.0,
              1936.0
            ],
            [
              3311.0,
              1889.0
            ],
            [
              3364.0,
              1851.0
            ],
            [
              3375.0,
              1850.0
            ],
            [
              3410.0,
              1875.0
            ]
          ]
        ]
      },
      "properties": {
        "parcel_id": "CAD-0259",
        "feature_type": "Tree / Forest",
        "land_use": "Vacant",
        "category": "Vegetation",
        "color_hex": "#00B400",
        "area_px": 5504.5,
        "area_sqm": 35.23,
        "area_hectares": 0.0035,
        "area_acres": 0.0087,
        "area_gaj": 42.14,
        "perimeter_m": 26.41,
        "vertex_count": 10,
        "confidence": 0.85,
        "verification_status": "Pending Review"
      }
    },
    {
      "type": "Feature",
      "id": "CAD-0260",
      "geometry": {
        "type": "Polygon",
        "coordinates": [
          [
            [
              2781.0,
              1870.0
            ],
            [
              2807.0,
              1851.0
            ],
            [
              2817.0,
              1848.0
            ],
            [
              2825.0,
              1851.0
            ],
            [
              2835.0,
              1893.0
            ],
            [
              2834.0,
              1904.0
            ],
            [
              2814.0,
              1902.0
            ],
            [
              2805.0,
              1898.0
            ],
            [
              2784.0,
              1879.0
            ],
            [
              2781.0,
              1870.0
            ]
          ]
        ]
      },
      "properties": {
        "parcel_id": "CAD-0260",
        "feature_type": "Tree / Forest",
        "land_use": "Vacant",
        "category": "Vegetation",
        "color_hex": "#00B400",
        "area_px": 1618.5,
        "area_sqm": 10.36,
        "area_hectares": 0.001,
        "area_acres": 0.0026,
        "area_gaj": 12.39,
        "perimeter_m": 13.85,
        "vertex_count": 10,
        "confidence": 0.85,
        "verification_status": "Pending Review"
      }
    },
    {
      "type": "Feature",
      "id": "CAD-0261",
      "geometry": {
        "type": "Polygon",
        "coordinates": [
          [
            [
              1180.0,
              1834.0
            ],
            [
              1182.0,
              1833.0
            ],
            [
              1191.0,
              1834.0
            ],
            [
              1213.0,
              1841.0
            ],
            [
              1217.0,
              1851.0
            ],
            [
              1209.0,
              1864.0
            ],
            [
              1199.0,
              1866.0
            ],
            [
              1189.0,
              1864.0
            ],
            [
              1172.0,
              1856.0
            ],
            [
              1173.0,
              1845.0
            ],
            [
              1180.0,
              1834.0
            ]
          ]
        ]
      },
      "properties": {
        "parcel_id": "CAD-0261",
        "feature_type": "Tree / Forest",
        "land_use": "Vacant",
        "category": "Vegetation",
        "color_hex": "#00B400",
        "area_px": 995.5,
        "area_sqm": 6.37,
        "area_hectares": 0.0006,
        "area_acres": 0.0016,
        "area_gaj": 7.62,
        "perimeter_m": 9.89,
        "vertex_count": 11,
        "confidence": 0.85,
        "verification_status": "Pending Review"
      }
    },
    {
      "type": "Feature",
      "id": "CAD-0262",
      "geometry": {
        "type": "Polygon",
        "coordinates": [
          [
            [
              1358.0,
              1832.0
            ],
            [
              1361.0,
              1835.0
            ],
            [
              1367.0,
              1854.0
            ],
            [
              1365.0,
              1876.0
            ],
            [
              1363.0,
              1877.0
            ],
            [
              1358.0,
              1877.0
            ],
            [
              1353.0,
              1873.0
            ],
            [
              1344.0,
              1851.0
            ],
            [
              1344.0,
              1848.0
            ],
            [
              1348.0,
              1838.0
            ],
            [
              1358.0,
              1832.0
            ]
          ]
        ]
      },
      "properties": {
        "parcel_id": "CAD-0262",
        "feature_type": "Tree / Forest",
        "land_use": "Vacant",
        "category": "Vegetation",
        "color_hex": "#00B400",
        "area_px": 565.0,
        "area_sqm": 3.62,
        "area_hectares": 0.0004,
        "area_acres": 0.0009,
        "area_gaj": 4.33,
        "perimeter_m": 8.73,
        "vertex_count": 11,
        "confidence": 0.85,
        "verification_status": "Pending Review"
      }
    },
    {
      "type": "Feature",
      "id": "CAD-0263",
      "geometry": {
        "type": "Polygon",
        "coordinates": [
          [
            [
              1939.0,
              1832.0
            ],
            [
              1937.0,
              1838.0
            ],
            [
              1934.0,
              1841.0
            ],
            [
              1915.0,
              1848.0
            ],
            [
              1911.0,
              1848.0
            ],
            [
              1904.0,
              1844.0
            ],
            [
              1902.0,
              1841.0
            ],
            [
              1901.0,
              1833.0
            ],
            [
              1903.0,
              1832.0
            ],
            [
              1921.0,
              1829.0
            ],
            [
              1929.0,
              1829.0
            ],
            [
              1939.0,
              1832.0
            ]
          ]
        ]
      },
      "properties": {
        "parcel_id": "CAD-0263",
        "feature_type": "Tree / Forest",
        "land_use": "Vacant",
        "category": "Vegetation",
        "color_hex": "#00B400",
        "area_px": 477.0,
        "area_sqm": 3.05,
        "area_hectares": 0.0003,
        "area_acres": 0.0008,
        "area_gaj": 3.65,
        "perimeter_m": 7.48,
        "vertex_count": 12,
        "confidence": 0.85,
        "verification_status": "Pending Review"
      }
    },
    {
      "type": "Feature",
      "id": "CAD-0264",
      "geometry": {
        "type": "Polygon",
        "coordinates": [
          [
            [
              1104.0,
              1836.0
            ],
            [
              1112.0,
              1830.0
            ],
            [
              1116.0,
              1830.0
            ],
            [
              1161.0,
              1856.0
            ],
            [
              1158.0,
              1867.0
            ],
            [
              1136.0,
              1876.0
            ],
            [
              1102.0,
              1845.0
            ],
            [
              1104.0,
              1836.0
            ]
          ]
        ]
      },
      "properties": {
        "parcel_id": "CAD-0264",
        "feature_type": "Tree / Forest",
        "land_use": "Vacant",
        "category": "Vegetation",
        "color_hex": "#00B400",
        "area_px": 769.0,
        "area_sqm": 4.92,
        "area_hectares": 0.0005,
        "area_acres": 0.0012,
        "area_gaj": 5.88,
        "perimeter_m": 12.51,
        "vertex_count": 8,
        "confidence": 0.85,
        "verification_status": "Pending Review"
      }
    },
    {
      "type": "Feature",
      "id": "CAD-0265",
      "geometry": {
        "type": "Polygon",
        "coordinates": [
          [
            [
              2703.0,
              1827.0
            ],
            [
              2705.0,
              1832.0
            ],
            [
              2698.0,
              1858.0
            ],
            [
              2664.0,
              1886.0
            ],
            [
              2657.0,
              1886.0
            ],
            [
              2655.0,
              1863.0
            ],
            [
              2665.0,
              1848.0
            ],
            [
              2699.0,
              1826.0
            ],
            [
              2703.0,
              1827.0
            ]
          ]
        ]
      },
      "properties": {
        "parcel_id": "CAD-0265",
        "feature_type": "Tree / Forest",
        "land_use": "Vacant",
        "category": "Vegetation",
        "color_hex": "#00B400",
        "area_px": 1240.5,
        "area_sqm": 7.94,
        "area_hectares": 0.0008,
        "area_acres": 0.002,
        "area_gaj": 9.5,
        "perimeter_m": 13.53,
        "vertex_count": 9,
        "confidence": 0.85,
        "verification_status": "Pending Review"
      }
    },
    {
      "type": "Feature",
      "id": "CAD-0266",
      "geometry": {
        "type": "Polygon",
        "coordinates": [
          [
            [
              500.0,
              1819.0
            ],
            [
              574.0,
              1904.0
            ],
            [
              535.0,
              1962.0
            ],
            [
              431.0,
              2018.0
            ],
            [
              354.0,
              1927.0
            ],
            [
              357.0,
              1911.0
            ],
            [
              417.0,
              1857.0
            ],
            [
              473.0,
              1823.0
            ],
            [
              500.0,
              1819.0
            ]
          ]
        ]
      },
      "properties": {
        "parcel_id": "CAD-0266",
        "feature_type": "Tree / Forest",
        "land_use": "Vacant",
        "category": "Vegetation",
        "color_hex": "#00B400",
        "area_px": 14220.5,
        "area_sqm": 91.01,
        "area_hectares": 0.0091,
        "area_acres": 0.0225,
        "area_gaj": 108.85,
        "perimeter_m": 48.78,
        "vertex_count": 9,
        "confidence": 0.85,
        "verification_status": "Pending Review"
      }
    },
    {
      "type": "Feature",
      "id": "CAD-0267",
      "geometry": {
        "type": "Polygon",
        "coordinates": [
          [
            [
              206.0,
              1826.0
            ],
            [
              209.0,
              1836.0
            ],
            [
              206.0,
              1848.0
            ],
            [
              161.0,
              1871.0
            ],
            [
              145.0,
              1869.0
            ],
            [
              167.0,
              1839.0
            ],
            [
              186.0,
              1819.0
            ],
            [
              192.0,
              1817.0
            ],
            [
              206.0,
              1826.0
            ]
          ]
        ]
      },
      "properties": {
        "parcel_id": "CAD-0267",
        "feature_type": "Tree / Forest",
        "land_use": "Vacant",
        "category": "Vegetation",
        "color_hex": "#00B400",
        "area_px": 1218.0,
        "area_sqm": 7.8,
        "area_hectares": 0.0008,
        "area_acres": 0.0019,
        "area_gaj": 9.33,
        "perimeter_m": 14.18,
        "vertex_count": 9,
        "confidence": 0.85,
        "verification_status": "Pending Review"
      }
    },
    {
      "type": "Feature",
      "id": "CAD-0268",
      "geometry": {
        "type": "Polygon",
        "coordinates": [
          [
            [
              3416.0,
              1814.0
            ],
            [
              3420.0,
              1817.0
            ],
            [
              3429.0,
              1841.0
            ],
            [
              3429.0,
              1852.0
            ],
            [
              3427.0,
              1857.0
            ],
            [
              3411.0,
              1873.0
            ],
            [
              3394.0,
              1850.0
            ],
            [
              3384.0,
              1832.0
            ],
            [
              3384.0,
              1829.0
            ],
            [
              3416.0,
              1814.0
            ]
          ]
        ]
      },
      "properties": {
        "parcel_id": "CAD-0268",
        "feature_type": "Tree / Forest",
        "land_use": "Vacant",
        "category": "Vegetation",
        "color_hex": "#00B400",
        "area_px": 1364.0,
        "area_sqm": 8.73,
        "area_hectares": 0.0009,
        "area_acres": 0.0022,
        "area_gaj": 10.44,
        "perimeter_m": 12.57,
        "vertex_count": 10,
        "confidence": 0.85,
        "verification_status": "Pending Review"
      }
    },
    {
      "type": "Feature",
      "id": "CAD-0269",
      "geometry": {
        "type": "Polygon",
        "coordinates": [
          [
            [
              1612.0,
              1814.0
            ],
            [
              1631.0,
              1813.0
            ],
            [
              1678.0,
              1891.0
            ],
            [
              1679.0,
              1896.0
            ],
            [
              1653.0,
              1912.0
            ],
            [
              1643.0,
              1912.0
            ],
            [
              1637.0,
              1908.0
            ],
            [
              1614.0,
              1869.0
            ],
            [
              1607.0,
              1818.0
            ],
            [
              1612.0,
              1814.0
            ]
          ]
        ]
      },
      "properties": {
        "parcel_id": "CAD-0269",
        "feature_type": "Tree / Forest",
        "land_use": "Vacant",
        "category": "Vegetation",
        "color_hex": "#00B400",
        "area_px": 2257.5,
        "area_sqm": 14.45,
        "area_hectares": 0.0014,
        "area_acres": 0.0036,
        "area_gaj": 17.28,
        "perimeter_m": 21.29,
        "vertex_count": 10,
        "confidence": 0.85,
        "verification_status": "Pending Review"
      }
    },
    {
      "type": "Feature",
      "id": "CAD-0270",
      "geometry": {
        "type": "Polygon",
        "coordinates": [
          [
            [
              25.0,
              1809.0
            ],
            [
              25.0,
              1812.0
            ],
            [
              16.0,
              1833.0
            ],
            [
              0.0,
              1847.0
            ],
            [
              0.0,
              1813.0
            ],
            [
              9.0,
              1808.0
            ],
            [
              23.0,
              1808.0
            ],
            [
              25.0,
              1809.0
            ]
          ]
        ]
      },
      "properties": {
        "parcel_id": "CAD-0270",
        "feature_type": "Tree / Forest",
        "land_use": "Vacant",
        "category": "Vegetation",
        "color_hex": "#00B400",
        "area_px": 539.0,
        "area_sqm": 3.45,
        "area_hectares": 0.0003,
        "area_acres": 0.0009,
        "area_gaj": 4.13,
        "perimeter_m": 8.61,
        "vertex_count": 8,
        "confidence": 0.85,
        "verification_status": "Pending Review"
      }
    },
    {
      "type": "Feature",
      "id": "CAD-0271",
      "geometry": {
        "type": "Polygon",
        "coordinates": [
          [
            [
              1775.0,
              1803.0
            ],
            [
              1779.0,
              1810.0
            ],
            [
              1778.0,
              1817.0
            ],
            [
              1746.0,
              1832.0
            ],
            [
              1737.0,
              1826.0
            ],
            [
              1737.0,
              1824.0
            ],
            [
              1752.0,
              1801.0
            ],
            [
              1754.0,
              1800.0
            ],
            [
              1770.0,
              1801.0
            ],
            [
              1775.0,
              1803.0
            ]
          ]
        ]
      },
      "properties": {
        "parcel_id": "CAD-0271",
        "feature_type": "Tree / Forest",
        "land_use": "Vacant",
        "category": "Vegetation",
        "color_hex": "#00B400",
        "area_px": 678.0,
        "area_sqm": 4.34,
        "area_hectares": 0.0004,
        "area_acres": 0.0011,
        "area_gaj": 5.19,
        "perimeter_m": 9.15,
        "vertex_count": 10,
        "confidence": 0.85,
        "verification_status": "Pending Review"
      }
    },
    {
      "type": "Feature",
      "id": "CAD-0272",
      "geometry": {
        "type": "Polygon",
        "coordinates": [
          [
            [
              596.0,
              1779.0
            ],
            [
              610.0,
              1782.0
            ],
            [
              649.0,
              1810.0
            ],
            [
              680.0,
              1943.0
            ],
            [
              675.0,
              1952.0
            ],
            [
              583.0,
              1888.0
            ],
            [
              582.0,
              1788.0
            ],
            [
              596.0,
              1779.0
            ]
          ]
        ]
      },
      "properties": {
        "parcel_id": "CAD-0272",
        "feature_type": "Tree / Forest",
        "land_use": "Vacant",
        "category": "Vegetation",
        "color_hex": "#00B400",
        "area_px": 4650.0,
        "area_sqm": 29.76,
        "area_hectares": 0.003,
        "area_acres": 0.0074,
        "area_gaj": 35.59,
        "perimeter_m": 35.03,
        "vertex_count": 8,
        "confidence": 0.85,
        "verification_status": "Pending Review"
      }
    },
    {
      "type": "Feature",
      "id": "CAD-0273",
      "geometry": {
        "type": "Polygon",
        "coordinates": [
          [
            [
              106.0,
              1776.0
            ],
            [
              104.0,
              1796.0
            ],
            [
              57.0,
              1821.0
            ],
            [
              53.0,
              1821.0
            ],
            [
              42.0,
              1810.0
            ],
            [
              44.0,
              1802.0
            ],
            [
              48.0,
              1799.0
            ],
            [
              100.0,
              1776.0
            ],
            [
              106.0,
              1776.0
            ]
          ]
        ]
      },
      "properties": {
        "parcel_id": "CAD-0273",
        "feature_type": "Tree / Forest",
        "land_use": "Vacant",
        "category": "Vegetation",
        "color_hex": "#00B400",
        "area_px": 971.5,
        "area_sqm": 6.22,
        "area_hectares": 0.0006,
        "area_acres": 0.0015,
        "area_gaj": 7.44,
        "perimeter_m": 13.52,
        "vertex_count": 9,
        "confidence": 0.85,
        "verification_status": "Pending Review"
      }
    },
    {
      "type": "Feature",
      "id": "CAD-0274",
      "geometry": {
        "type": "Polygon",
        "coordinates": [
          [
            [
              2059.0,
              1783.0
            ],
            [
              2055.0,
              1792.0
            ],
            [
              2003.0,
              1823.0
            ],
            [
              1958.0,
              1833.0
            ],
            [
              1946.0,
              1832.0
            ],
            [
              1948.0,
              1826.0
            ],
            [
              2018.0,
              1756.0
            ],
            [
              2059.0,
              1783.0
            ]
          ]
        ]
      },
      "properties": {
        "parcel_id": "CAD-0274",
        "feature_type": "Tree / Forest",
        "land_use": "Vacant",
        "category": "Vegetation",
        "color_hex": "#00B400",
        "area_px": 2025.0,
        "area_sqm": 12.96,
        "area_hectares": 0.0013,
        "area_acres": 0.0032,
        "area_gaj": 15.5,
        "perimeter_m": 22.64,
        "vertex_count": 8,
        "confidence": 0.85,
        "verification_status": "Pending Review"
      }
    },
    {
      "type": "Feature",
      "id": "CAD-0275",
      "geometry": {
        "type": "Polygon",
        "coordinates": [
          [
            [
              2977.0,
              1757.0
            ],
            [
              2982.0,
              1755.0
            ],
            [
              3045.0,
              1760.0
            ],
            [
              3055.0,
              1768.0
            ],
            [
              3058.0,
              1774.0
            ],
            [
              3052.0,
              1801.0
            ],
            [
              3045.0,
              1803.0
            ],
            [
              3005.0,
              1797.0
            ],
            [
              2972.0,
              1788.0
            ],
            [
              2969.0,
              1778.0
            ],
            [
              2977.0,
              1757.0
            ]
          ]
        ]
      },
      "properties": {
        "parcel_id": "CAD-0275",
        "feature_type": "Tree / Forest",
        "land_use": "Vacant",
        "category": "Vegetation",
        "color_hex": "#00B400",
        "area_px": 1944.5,
        "area_sqm": 12.44,
        "area_hectares": 0.0012,
        "area_acres": 0.0031,
        "area_gaj": 14.88,
        "perimeter_m": 18.45,
        "vertex_count": 11,
        "confidence": 0.85,
        "verification_status": "Pending Review"
      }
    },
    {
      "type": "Feature",
      "id": "CAD-0276",
      "geometry": {
        "type": "Polygon",
        "coordinates": [
          [
            [
              2567.0,
              1752.0
            ],
            [
              2571.0,
              1751.0
            ],
            [
              2575.0,
              1754.0
            ],
            [
              2605.0,
              1792.0
            ],
            [
              2605.0,
              1798.0
            ],
            [
              2603.0,
              1799.0
            ],
            [
              2586.0,
              1792.0
            ],
            [
              2579.0,
              1787.0
            ],
            [
              2573.0,
              1774.0
            ],
            [
              2567.0,
              1752.0
            ]
          ]
        ]
      },
      "properties": {
        "parcel_id": "CAD-0276",
        "feature_type": "Tree / Forest",
        "land_use": "Vacant",
        "category": "Vegetation",
        "color_hex": "#00B400",
        "area_px": 527.0,
        "area_sqm": 3.37,
        "area_hectares": 0.0003,
        "area_acres": 0.0008,
        "area_gaj": 4.03,
        "perimeter_m": 10.39,
        "vertex_count": 10,
        "confidence": 0.85,
        "verification_status": "Pending Review"
      }
    },
    {
      "type": "Feature",
      "id": "CAD-0277",
      "geometry": {
        "type": "Polygon",
        "coordinates": [
          [
            [
              304.0,
              1746.0
            ],
            [
              285.0,
              1776.0
            ],
            [
              254.0,
              1793.0
            ],
            [
              245.0,
              1796.0
            ],
            [
              229.0,
              1786.0
            ],
            [
              228.0,
              1779.0
            ],
            [
              249.0,
              1754.0
            ],
            [
              291.0,
              1743.0
            ],
            [
              304.0,
              1746.0
            ]
          ]
        ]
      },
      "properties": {
        "parcel_id": "CAD-0277",
        "feature_type": "Tree / Forest",
        "land_use": "Vacant",
        "category": "Vegetation",
        "color_hex": "#00B400",
        "area_px": 1685.0,
        "area_sqm": 10.78,
        "area_hectares": 0.0011,
        "area_acres": 0.0027,
        "area_gaj": 12.89,
        "perimeter_m": 15.66,
        "vertex_count": 9,
        "confidence": 0.85,
        "verification_status": "Pending Review"
      }
    },
    {
      "type": "Feature",
      "id": "CAD-0278",
      "geometry": {
        "type": "Polygon",
        "coordinates": [
          [
            [
              2857.0,
              1752.0
            ],
            [
              2851.0,
              1799.0
            ],
            [
              2821.0,
              1826.0
            ],
            [
              2769.0,
              1858.0
            ],
            [
              2743.0,
              1842.0
            ],
            [
              2738.0,
              1832.0
            ],
            [
              2742.0,
              1804.0
            ],
            [
              2761.0,
              1788.0
            ],
            [
              2841.0,
              1739.0
            ],
            [
              2857.0,
              1752.0
            ]
          ]
        ]
      },
      "properties": {
        "parcel_id": "CAD-0278",
        "feature_type": "Tree / Forest",
        "land_use": "Vacant",
        "category": "Vegetation",
        "color_hex": "#00B400",
        "area_px": 5387.0,
        "area_sqm": 34.48,
        "area_hectares": 0.0034,
        "area_acres": 0.0085,
        "area_gaj": 41.24,
        "perimeter_m": 28.64,
        "vertex_count": 10,
        "confidence": 0.85,
        "verification_status": "Pending Review"
      }
    },
    {
      "type": "Feature",
      "id": "CAD-0279",
      "geometry": {
        "type": "Polygon",
        "coordinates": [
          [
            [
              1308.0,
              1736.0
            ],
            [
              1310.0,
              1737.0
            ],
            [
              1313.0,
              1742.0
            ],
            [
              1321.0,
              1762.0
            ],
            [
              1321.0,
              1767.0
            ],
            [
              1306.0,
              1776.0
            ],
            [
              1294.0,
              1777.0
            ],
            [
              1292.0,
              1776.0
            ],
            [
              1292.0,
              1773.0
            ],
            [
              1306.0,
              1737.0
            ],
            [
              1308.0,
              1736.0
            ]
          ]
        ]
      },
      "properties": {
        "parcel_id": "CAD-0279",
        "feature_type": "Tree / Forest",
        "land_use": "Vacant",
        "category": "Vegetation",
        "color_hex": "#00B400",
        "area_px": 487.5,
        "area_sqm": 3.12,
        "area_hectares": 0.0003,
        "area_acres": 0.0008,
        "area_gaj": 3.73,
        "perimeter_m": 8.82,
        "vertex_count": 11,
        "confidence": 0.85,
        "verification_status": "Pending Review"
      }
    },
    {
      "type": "Feature",
      "id": "CAD-0280",
      "geometry": {
        "type": "Polygon",
        "coordinates": [
          [
            [
              658.0,
              1733.0
            ],
            [
              666.0,
              1734.0
            ],
            [
              670.0,
              1743.0
            ],
            [
              682.0,
              1812.0
            ],
            [
              680.0,
              1815.0
            ],
            [
              653.0,
              1806.0
            ],
            [
              645.0,
              1790.0
            ],
            [
              642.0,
              1775.0
            ],
            [
              642.0,
              1747.0
            ],
            [
              658.0,
              1733.0
            ]
          ]
        ]
      },
      "properties": {
        "parcel_id": "CAD-0280",
        "feature_type": "Tree / Forest",
        "land_use": "Vacant",
        "category": "Vegetation",
        "color_hex": "#00B400",
        "area_px": 1685.5,
        "area_sqm": 10.79,
        "area_hectares": 0.0011,
        "area_acres": 0.0027,
        "area_gaj": 12.9,
        "perimeter_m": 16.2,
        "vertex_count": 10,
        "confidence": 0.85,
        "verification_status": "Pending Review"
      }
    },
    {
      "type": "Feature",
      "id": "CAD-0281",
      "geometry": {
        "type": "Polygon",
        "coordinates": [
          [
            [
              3196.0,
              1729.0
            ],
            [
              3178.0,
              1743.0
            ],
            [
              3105.0,
              1771.0
            ],
            [
              3078.0,
              1774.0
            ],
            [
              3057.0,
              1755.0
            ],
            [
              3057.0,
              1751.0
            ],
            [
              3087.0,
              1729.0
            ],
            [
              3196.0,
              1729.0
            ]
          ]
        ]
      },
      "properties": {
        "parcel_id": "CAD-0281",
        "feature_type": "Tree / Forest",
        "land_use": "Vacant",
        "category": "Vegetation",
        "color_hex": "#00B400",
        "area_px": 2687.5,
        "area_sqm": 17.2,
        "area_hectares": 0.0017,
        "area_acres": 0.0043,
        "area_gaj": 20.57,
        "perimeter_m": 24.53,
        "vertex_count": 8,
        "confidence": 0.85,
        "verification_status": "Pending Review"
      }
    },
    {
      "type": "Feature",
      "id": "CAD-0282",
      "geometry": {
        "type": "Polygon",
        "coordinates": [
          [
            [
              1903.0,
              1730.0
            ],
            [
              1877.0,
              1743.0
            ],
            [
              1865.0,
              1745.0
            ],
            [
              1856.0,
              1734.0
            ],
            [
              1851.0,
              1717.0
            ],
            [
              1855.0,
              1715.0
            ],
            [
              1893.0,
              1722.0
            ],
            [
              1903.0,
              1726.0
            ],
            [
              1903.0,
              1730.0
            ]
          ]
        ]
      },
      "properties": {
        "parcel_id": "CAD-0282",
        "feature_type": "Tree / Forest",
        "land_use": "Vacant",
        "category": "Vegetation",
        "color_hex": "#00B400",
        "area_px": 659.5,
        "area_sqm": 4.22,
        "area_hectares": 0.0004,
        "area_acres": 0.001,
        "area_gaj": 5.05,
        "perimeter_m": 10.48,
        "vertex_count": 9,
        "confidence": 0.85,
        "verification_status": "Pending Review"
      }
    },
    {
      "type": "Feature",
      "id": "CAD-0283",
      "geometry": {
        "type": "Polygon",
        "coordinates": [
          [
            [
              3146.0,
              1716.0
            ],
            [
              3157.0,
              1712.0
            ],
            [
              3182.0,
              1708.0
            ],
            [
              3212.0,
              1712.0
            ],
            [
              3216.0,
              1715.0
            ],
            [
              3217.0,
              1725.0
            ],
            [
              3199.0,
              1727.0
            ],
            [
              3149.0,
              1727.0
            ],
            [
              3146.0,
              1716.0
            ]
          ]
        ]
      },
      "properties": {
        "parcel_id": "CAD-0283",
        "feature_type": "Tree / Forest",
        "land_use": "Vacant",
        "category": "Vegetation",
        "color_hex": "#00B400",
        "area_px": 968.0,
        "area_sqm": 6.2,
        "area_hectares": 0.0006,
        "area_acres": 0.0015,
        "area_gaj": 7.42,
        "perimeter_m": 12.95,
        "vertex_count": 9,
        "confidence": 0.85,
        "verification_status": "Pending Review"
      }
    },
    {
      "type": "Feature",
      "id": "CAD-0284",
      "geometry": {
        "type": "Polygon",
        "coordinates": [
          [
            [
              812.0,
              1685.0
            ],
            [
              820.0,
              1692.0
            ],
            [
              821.0,
              1700.0
            ],
            [
              816.0,
              1708.0
            ],
            [
              807.0,
              1710.0
            ],
            [
              801.0,
              1710.0
            ],
            [
              798.0,
              1708.0
            ],
            [
              796.0,
              1704.0
            ],
            [
              796.0,
              1696.0
            ],
            [
              801.0,
              1688.0
            ],
            [
              809.0,
              1684.0
            ],
            [
              812.0,
              1685.0
            ]
          ]
        ]
      },
      "properties": {
        "parcel_id": "CAD-0284",
        "feature_type": "Tree / Forest",
        "land_use": "Vacant",
        "category": "Vegetation",
        "color_hex": "#00B400",
        "area_px": 489.0,
        "area_sqm": 3.13,
        "area_hectares": 0.0003,
        "area_acres": 0.0008,
        "area_gaj": 3.74,
        "perimeter_m": 6.48,
        "vertex_count": 12,
        "confidence": 0.85,
        "verification_status": "Pending Review"
      }
    },
    {
      "type": "Feature",
      "id": "CAD-0285",
      "geometry": {
        "type": "Polygon",
        "coordinates": [
          [
            [
              2963.0,
              1679.0
            ],
            [
              2964.0,
              1682.0
            ],
            [
              2930.0,
              1719.0
            ],
            [
              2926.0,
              1719.0
            ],
            [
              2919.0,
              1707.0
            ],
            [
              2919.0,
              1699.0
            ],
            [
              2946.0,
              1680.0
            ],
            [
              2956.0,
              1678.0
            ],
            [
              2963.0,
              1679.0
            ]
          ]
        ]
      },
      "properties": {
        "parcel_id": "CAD-0285",
        "feature_type": "Tree / Forest",
        "land_use": "Vacant",
        "category": "Vegetation",
        "color_hex": "#00B400",
        "area_px": 623.5,
        "area_sqm": 3.99,
        "area_hectares": 0.0004,
        "area_acres": 0.001,
        "area_gaj": 4.77,
        "perimeter_m": 10.37,
        "vertex_count": 9,
        "confidence": 0.85,
        "verification_status": "Pending Review"
      }
    },
    {
      "type": "Feature",
      "id": "CAD-0286",
      "geometry": {
        "type": "Polygon",
        "coordinates": [
          [
            [
              2169.0,
              1677.0
            ],
            [
              2161.0,
              1725.0
            ],
            [
              2151.0,
              1726.0
            ],
            [
              2145.0,
              1723.0
            ],
            [
              2142.0,
              1719.0
            ],
            [
              2140.0,
              1699.0
            ],
            [
              2144.0,
              1687.0
            ],
            [
              2150.0,
              1682.0
            ],
            [
              2169.0,
              1677.0
            ]
          ]
        ]
      },
      "properties": {
        "parcel_id": "CAD-0286",
        "feature_type": "Tree / Forest",
        "land_use": "Vacant",
        "category": "Vegetation",
        "color_hex": "#00B400",
        "area_px": 457.5,
        "area_sqm": 2.93,
        "area_hectares": 0.0003,
        "area_acres": 0.0007,
        "area_gaj": 3.5,
        "perimeter_m": 10.45,
        "vertex_count": 9,
        "confidence": 0.85,
        "verification_status": "Pending Review"
      }
    },
    {
      "type": "Feature",
      "id": "CAD-0287",
      "geometry": {
        "type": "Polygon",
        "coordinates": [
          [
            [
              3818.0,
              1668.0
            ],
            [
              3821.0,
              1670.0
            ],
            [
              3834.0,
              1688.0
            ],
            [
              3830.0,
              1702.0
            ],
            [
              3827.0,
              1704.0
            ],
            [
              3825.0,
              1704.0
            ],
            [
              3820.0,
              1701.0
            ],
            [
              3813.0,
              1691.0
            ],
            [
              3813.0,
              1675.0
            ],
            [
              3815.0,
              1670.0
            ],
            [
              3818.0,
              1668.0
            ]
          ]
        ]
      },
      "properties": {
        "parcel_id": "CAD-0287",
        "feature_type": "Tree / Forest",
        "land_use": "Vacant",
        "category": "Vegetation",
        "color_hex": "#00B400",
        "area_px": 443.0,
        "area_sqm": 2.84,
        "area_hectares": 0.0003,
        "area_acres": 0.0007,
        "area_gaj": 3.4,
        "perimeter_m": 7.12,
        "vertex_count": 11,
        "confidence": 0.85,
        "verification_status": "Pending Review"
      }
    },
    {
      "type": "Feature",
      "id": "CAD-0288",
      "geometry": {
        "type": "Polygon",
        "coordinates": [
          [
            [
              561.0,
              1668.0
            ],
            [
              564.0,
              1674.0
            ],
            [
              564.0,
              1677.0
            ],
            [
              549.0,
              1697.0
            ],
            [
              547.0,
              1698.0
            ],
            [
              545.0,
              1697.0
            ],
            [
              540.0,
              1691.0
            ],
            [
              538.0,
              1685.0
            ],
            [
              538.0,
              1681.0
            ],
            [
              546.0,
              1672.0
            ],
            [
              559.0,
              1667.0
            ],
            [
              561.0,
              1668.0
            ]
          ]
        ]
      },
      "properties": {
        "parcel_id": "CAD-0288",
        "feature_type": "Tree / Forest",
        "land_use": "Vacant",
        "category": "Vegetation",
        "color_hex": "#00B400",
        "area_px": 411.0,
        "area_sqm": 2.63,
        "area_hectares": 0.0003,
        "area_acres": 0.0006,
        "area_gaj": 3.15,
        "perimeter_m": 6.84,
        "vertex_count": 12,
        "confidence": 0.85,
        "verification_status": "Pending Review"
      }
    },
    {
      "type": "Feature",
      "id": "CAD-0289",
      "geometry": {
        "type": "Polygon",
        "coordinates": [
          [
            [
              521.0,
              1663.0
            ],
            [
              510.0,
              1768.0
            ],
            [
              0.0,
              2154.0
            ],
            [
              13.0,
              2113.0
            ],
            [
              521.0,
              1663.0
            ]
          ]
        ]
      },
      "properties": {
        "parcel_id": "CAD-0289",
        "feature_type": "Tree / Forest",
        "land_use": "Vacant",
        "category": "Vegetation",
        "color_hex": "#00B400",
        "area_px": 17480.5,
        "area_sqm": 111.88,
        "area_hectares": 0.0112,
        "area_acres": 0.0276,
        "area_gaj": 133.81,
        "perimeter_m": 117.35,
        "vertex_count": 5,
        "confidence": 0.85,
        "verification_status": "Pending Review"
      }
    },
    {
      "type": "Feature",
      "id": "CAD-0290",
      "geometry": {
        "type": "Polygon",
        "coordinates": [
          [
            [
              2058.0,
              1670.0
            ],
            [
              2057.0,
              1673.0
            ],
            [
              2031.0,
              1684.0
            ],
            [
              2021.0,
              1681.0
            ],
            [
              2012.0,
              1672.0
            ],
            [
              2012.0,
              1670.0
            ],
            [
              2046.0,
              1654.0
            ],
            [
              2051.0,
              1656.0
            ],
            [
              2055.0,
              1660.0
            ],
            [
              2058.0,
              1670.0
            ]
          ]
        ]
      },
      "properties": {
        "parcel_id": "CAD-0290",
        "feature_type": "Tree / Forest",
        "land_use": "Vacant",
        "category": "Vegetation",
        "color_hex": "#00B400",
        "area_px": 560.5,
        "area_sqm": 3.59,
        "area_hectares": 0.0004,
        "area_acres": 0.0009,
        "area_gaj": 4.29,
        "perimeter_m": 9.25,
        "vertex_count": 10,
        "confidence": 0.85,
        "verification_status": "Pending Review"
      }
    },
    {
      "type": "Feature",
      "id": "CAD-0291",
      "geometry": {
        "type": "Polygon",
        "coordinates": [
          [
            [
              1559.0,
              1649.0
            ],
            [
              1601.0,
              1741.0
            ],
            [
              1599.0,
              1745.0
            ],
            [
              1589.0,
              1745.0
            ],
            [
              1565.0,
              1726.0
            ],
            [
              1547.0,
              1693.0
            ],
            [
              1537.0,
              1665.0
            ],
            [
              1559.0,
              1649.0
            ]
          ]
        ]
      },
      "properties": {
        "parcel_id": "CAD-0291",
        "feature_type": "Tree / Forest",
        "land_use": "Vacant",
        "category": "Vegetation",
        "color_hex": "#00B400",
        "area_px": 1941.5,
        "area_sqm": 12.43,
        "area_hectares": 0.0012,
        "area_acres": 0.0031,
        "area_gaj": 14.87,
        "perimeter_m": 19.26,
        "vertex_count": 8,
        "confidence": 0.85,
        "verification_status": "Pending Review"
      }
    },
    {
      "type": "Feature",
      "id": "CAD-0292",
      "geometry": {
        "type": "Polygon",
        "coordinates": [
          [
            [
              3340.0,
              1652.0
            ],
            [
              3381.0,
              1640.0
            ],
            [
              3581.0,
              1793.0
            ],
            [
              3598.0,
              1818.0
            ],
            [
              3585.0,
              1853.0
            ],
            [
              3500.0,
              1854.0
            ],
            [
              3355.0,
              1774.0
            ],
            [
              3327.0,
              1727.0
            ],
            [
              3340.0,
              1652.0
            ]
          ]
        ]
      },
      "properties": {
        "parcel_id": "CAD-0292",
        "feature_type": "Tree / Forest",
        "land_use": "Vacant",
        "category": "Vegetation",
        "color_hex": "#00B400",
        "area_px": 14787.0,
        "area_sqm": 94.64,
        "area_hectares": 0.0095,
        "area_acres": 0.0234,
        "area_gaj": 113.19,
        "perimeter_m": 59.48,
        "vertex_count": 9,
        "confidence": 0.85,
        "verification_status": "Pending Review"
      }
    },
    {
      "type": "Feature",
      "id": "CAD-0293",
      "geometry": {
        "type": "Polygon",
        "coordinates": [
          [
            [
              2668.0,
              1634.0
            ],
            [
              2671.0,
              1635.0
            ],
            [
              2692.0,
              1658.0
            ],
            [
              2693.0,
              1664.0
            ],
            [
              2692.0,
              1669.0
            ],
            [
              2675.0,
              1679.0
            ],
            [
              2653.0,
              1676.0
            ],
            [
              2641.0,
              1663.0
            ],
            [
              2641.0,
              1661.0
            ],
            [
              2668.0,
              1634.0
            ]
          ]
        ]
      },
      "properties": {
        "parcel_id": "CAD-0293",
        "feature_type": "Tree / Forest",
        "land_use": "Vacant",
        "category": "Vegetation",
        "color_hex": "#00B400",
        "area_px": 959.5,
        "area_sqm": 6.14,
        "area_hectares": 0.0006,
        "area_acres": 0.0015,
        "area_gaj": 7.34,
        "perimeter_m": 11.62,
        "vertex_count": 10,
        "confidence": 0.85,
        "verification_status": "Pending Review"
      }
    },
    {
      "type": "Feature",
      "id": "CAD-0294",
      "geometry": {
        "type": "Polygon",
        "coordinates": [
          [
            [
              1323.0,
              1652.0
            ],
            [
              1322.0,
              1655.0
            ],
            [
              1314.0,
              1660.0
            ],
            [
              1291.0,
              1668.0
            ],
            [
              1282.0,
              1670.0
            ],
            [
              1278.0,
              1669.0
            ],
            [
              1283.0,
              1637.0
            ],
            [
              1286.0,
              1633.0
            ],
            [
              1323.0,
              1652.0
            ]
          ]
        ]
      },
      "properties": {
        "parcel_id": "CAD-0294",
        "feature_type": "Tree / Forest",
        "land_use": "Vacant",
        "category": "Vegetation",
        "color_hex": "#00B400",
        "area_px": 627.0,
        "area_sqm": 4.01,
        "area_hectares": 0.0004,
        "area_acres": 0.001,
        "area_gaj": 4.8,
        "perimeter_m": 10.34,
        "vertex_count": 9,
        "confidence": 0.85,
        "verification_status": "Pending Review"
      }
    },
    {
      "type": "Feature",
      "id": "CAD-0295",
      "geometry": {
        "type": "Polygon",
        "coordinates": [
          [
            [
              3620.0,
              1629.0
            ],
            [
              3618.0,
              1641.0
            ],
            [
              3615.0,
              1645.0
            ],
            [
              3592.0,
              1661.0
            ],
            [
              3567.0,
              1675.0
            ],
            [
              3559.0,
              1671.0
            ],
            [
              3561.0,
              1665.0
            ],
            [
              3577.0,
              1641.0
            ],
            [
              3611.0,
              1626.0
            ],
            [
              3620.0,
              1629.0
            ]
          ]
        ]
      },
      "properties": {
        "parcel_id": "CAD-0295",
        "feature_type": "Tree / Forest",
        "land_use": "Vacant",
        "category": "Vegetation",
        "color_hex": "#00B400",
        "area_px": 905.0,
        "area_sqm": 5.79,
        "area_hectares": 0.0006,
        "area_acres": 0.0014,
        "area_gaj": 6.92,
        "perimeter_m": 13.17,
        "vertex_count": 10,
        "confidence": 0.85,
        "verification_status": "Pending Review"
      }
    },
    {
      "type": "Feature",
      "id": "CAD-0296",
      "geometry": {
        "type": "Polygon",
        "coordinates": [
          [
            [
              3690.0,
              1625.0
            ],
            [
              3701.0,
              1631.0
            ],
            [
              3747.0,
              1832.0
            ],
            [
              3733.0,
              1842.0
            ],
            [
              3699.0,
              1841.0
            ],
            [
              3626.0,
              1659.0
            ],
            [
              3632.0,
              1650.0
            ],
            [
              3690.0,
              1625.0
            ]
          ]
        ]
      },
      "properties": {
        "parcel_id": "CAD-0296",
        "feature_type": "Tree / Forest",
        "land_use": "Vacant",
        "category": "Vegetation",
        "color_hex": "#00B400",
        "area_px": 7211.0,
        "area_sqm": 46.15,
        "area_hectares": 0.0046,
        "area_acres": 0.0114,
        "area_gaj": 55.2,
        "perimeter_m": 43.2,
        "vertex_count": 8,
        "confidence": 0.85,
        "verification_status": "Pending Review"
      }
    },
    {
      "type": "Feature",
      "id": "CAD-0297",
      "geometry": {
        "type": "Polygon",
        "coordinates": [
          [
            [
              2478.0,
              1673.0
            ],
            [
              2429.0,
              1717.0
            ],
            [
              2414.0,
              1723.0
            ],
            [
              2270.0,
              1699.0
            ],
            [
              2241.0,
              1677.0
            ],
            [
              2241.0,
              1669.0
            ],
            [
              2307.0,
              1635.0
            ],
            [
              2366.0,
              1620.0
            ],
            [
              2478.0,
              1673.0
            ]
          ]
        ]
      },
      "properties": {
        "parcel_id": "CAD-0297",
        "feature_type": "Tree / Forest",
        "land_use": "Vacant",
        "category": "Vegetation",
        "color_hex": "#00B400",
        "area_px": 5269.5,
        "area_sqm": 33.72,
        "area_hectares": 0.0034,
        "area_acres": 0.0083,
        "area_gaj": 40.33,
        "perimeter_m": 42.51,
        "vertex_count": 9,
        "confidence": 0.85,
        "verification_status": "Pending Review"
      }
    },
    {
      "type": "Feature",
      "id": "CAD-0298",
      "geometry": {
        "type": "Polygon",
        "coordinates": [
          [
            [
              3271.0,
              1601.0
            ],
            [
              3273.0,
              1602.0
            ],
            [
              3280.0,
              1624.0
            ],
            [
              3275.0,
              1629.0
            ],
            [
              3271.0,
              1631.0
            ],
            [
              3257.0,
              1635.0
            ],
            [
              3252.0,
              1631.0
            ],
            [
              3249.0,
              1621.0
            ],
            [
              3249.0,
              1617.0
            ],
            [
              3253.0,
              1608.0
            ],
            [
              3258.0,
              1601.0
            ],
            [
              3260.0,
              1600.0
            ],
            [
              3271.0,
              1601.0
            ]
          ]
        ]
      },
      "properties": {
        "parcel_id": "CAD-0298",
        "feature_type": "Tree / Forest",
        "land_use": "Vacant",
        "category": "Vegetation",
        "color_hex": "#00B400",
        "area_px": 725.0,
        "area_sqm": 4.64,
        "area_hectares": 0.0005,
        "area_acres": 0.0011,
        "area_gaj": 5.55,
        "perimeter_m": 8.32,
        "vertex_count": 13,
        "confidence": 0.85,
        "verification_status": "Pending Review"
      }
    },
    {
      "type": "Feature",
      "id": "CAD-0299",
      "geometry": {
        "type": "Polygon",
        "coordinates": [
          [
            [
              3439.0,
              1609.0
            ],
            [
              3441.0,
              1619.0
            ],
            [
              3438.0,
              1625.0
            ],
            [
              3403.0,
              1640.0
            ],
            [
              3398.0,
              1640.0
            ],
            [
              3391.0,
              1636.0
            ],
            [
              3402.0,
              1600.0
            ],
            [
              3421.0,
              1599.0
            ],
            [
              3439.0,
              1609.0
            ]
          ]
        ]
      },
      "properties": {
        "parcel_id": "CAD-0299",
        "feature_type": "Tree / Forest",
        "land_use": "Vacant",
        "category": "Vegetation",
        "color_hex": "#00B400",
        "area_px": 762.0,
        "area_sqm": 4.88,
        "area_hectares": 0.0005,
        "area_acres": 0.0012,
        "area_gaj": 5.84,
        "perimeter_m": 11.62,
        "vertex_count": 9,
        "confidence": 0.85,
        "verification_status": "Pending Review"
      }
    },
    {
      "type": "Feature",
      "id": "CAD-0300",
      "geometry": {
        "type": "Polygon",
        "coordinates": [
          [
            [
              871.0,
              1597.0
            ],
            [
              880.0,
              1604.0
            ],
            [
              872.0,
              1679.0
            ],
            [
              864.0,
              1682.0
            ],
            [
              848.0,
              1678.0
            ],
            [
              813.0,
              1635.0
            ],
            [
              871.0,
              1597.0
            ]
          ]
        ]
      },
      "properties": {
        "parcel_id": "CAD-0300",
        "feature_type": "Tree / Forest",
        "land_use": "Vacant",
        "category": "Vegetation",
        "color_hex": "#00B400",
        "area_px": 1680.5,
        "area_sqm": 10.76,
        "area_hectares": 0.0011,
        "area_acres": 0.0027,
        "area_gaj": 12.87,
        "perimeter_m": 18.93,
        "vertex_count": 7,
        "confidence": 0.85,
        "verification_status": "Pending Review"
      }
    },
    {
      "type": "Feature",
      "id": "CAD-0301",
      "geometry": {
        "type": "Polygon",
        "coordinates": [
          [
            [
              3887.0,
              1592.0
            ],
            [
              3885.0,
              1603.0
            ],
            [
              3832.0,
              1638.0
            ],
            [
              3818.0,
              1640.0
            ],
            [
              3815.0,
              1638.0
            ],
            [
              3808.0,
              1605.0
            ],
            [
              3810.0,
              1597.0
            ],
            [
              3887.0,
              1592.0
            ]
          ]
        ]
      },
      "properties": {
        "parcel_id": "CAD-0301",
        "feature_type": "Tree / Forest",
        "land_use": "Vacant",
        "category": "Vegetation",
        "color_hex": "#00B400",
        "area_px": 1495.0,
        "area_sqm": 9.57,
        "area_hectares": 0.001,
        "area_acres": 0.0024,
        "area_gaj": 11.45,
        "perimeter_m": 16.93,
        "vertex_count": 8,
        "confidence": 0.85,
        "verification_status": "Pending Review"
      }
    },
    {
      "type": "Feature",
      "id": "CAD-0302",
      "geometry": {
        "type": "Polygon",
        "coordinates": [
          [
            [
              3779.0,
              1591.0
            ],
            [
              3773.0,
              1606.0
            ],
            [
              3728.0,
              1618.0
            ],
            [
              3722.0,
              1618.0
            ],
            [
              3706.0,
              1612.0
            ],
            [
              3712.0,
              1604.0
            ],
            [
              3724.0,
              1599.0
            ],
            [
              3773.0,
              1589.0
            ],
            [
              3779.0,
              1591.0
            ]
          ]
        ]
      },
      "properties": {
        "parcel_id": "CAD-0302",
        "feature_type": "Tree / Forest",
        "land_use": "Vacant",
        "category": "Vegetation",
        "color_hex": "#00B400",
        "area_px": 936.5,
        "area_sqm": 5.99,
        "area_hectares": 0.0006,
        "area_acres": 0.0015,
        "area_gaj": 7.16,
        "perimeter_m": 13.21,
        "vertex_count": 9,
        "confidence": 0.85,
        "verification_status": "Pending Review"
      }
    },
    {
      "type": "Feature",
      "id": "CAD-0303",
      "geometry": {
        "type": "Polygon",
        "coordinates": [
          [
            [
              3218.0,
              1586.0
            ],
            [
              3229.0,
              1586.0
            ],
            [
              3254.0,
              1677.0
            ],
            [
              3246.0,
              1706.0
            ],
            [
              3219.0,
              1679.0
            ],
            [
              3200.0,
              1637.0
            ],
            [
              3198.0,
              1622.0
            ],
            [
              3212.0,
              1592.0
            ],
            [
              3218.0,
              1586.0
            ]
          ]
        ]
      },
      "properties": {
        "parcel_id": "CAD-0303",
        "feature_type": "Tree / Forest",
        "land_use": "Vacant",
        "category": "Vegetation",
        "color_hex": "#00B400",
        "area_px": 2723.5,
        "area_sqm": 17.43,
        "area_hectares": 0.0017,
        "area_acres": 0.0043,
        "area_gaj": 20.85,
        "perimeter_m": 22.12,
        "vertex_count": 9,
        "confidence": 0.85,
        "verification_status": "Pending Review"
      }
    },
    {
      "type": "Feature",
      "id": "CAD-0304",
      "geometry": {
        "type": "Polygon",
        "coordinates": [
          [
            [
              3301.0,
              1577.0
            ],
            [
              3305.0,
              1581.0
            ],
            [
              3305.0,
              1588.0
            ],
            [
              3298.0,
              1625.0
            ],
            [
              3290.0,
              1629.0
            ],
            [
              3285.0,
              1624.0
            ],
            [
              3284.0,
              1594.0
            ],
            [
              3290.0,
              1583.0
            ],
            [
              3301.0,
              1577.0
            ]
          ]
        ]
      },
      "properties": {
        "parcel_id": "CAD-0304",
        "feature_type": "Tree / Forest",
        "land_use": "Vacant",
        "category": "Vegetation",
        "color_hex": "#00B400",
        "area_px": 683.0,
        "area_sqm": 4.37,
        "area_hectares": 0.0004,
        "area_acres": 0.0011,
        "area_gaj": 5.23,
        "perimeter_m": 9.71,
        "vertex_count": 9,
        "confidence": 0.85,
        "verification_status": "Pending Review"
      }
    },
    {
      "type": "Feature",
      "id": "CAD-0305",
      "geometry": {
        "type": "Polygon",
        "coordinates": [
          [
            [
              2085.0,
              1575.0
            ],
            [
              2096.0,
              1577.0
            ],
            [
              2104.0,
              1612.0
            ],
            [
              2104.0,
              1621.0
            ],
            [
              2102.0,
              1622.0
            ],
            [
              2096.0,
              1619.0
            ],
            [
              2093.0,
              1615.0
            ],
            [
              2079.0,
              1584.0
            ],
            [
              2080.0,
              1578.0
            ],
            [
              2085.0,
              1575.0
            ]
          ]
        ]
      },
      "properties": {
        "parcel_id": "CAD-0305",
        "feature_type": "Tree / Forest",
        "land_use": "Vacant",
        "category": "Vegetation",
        "color_hex": "#00B400",
        "area_px": 401.5,
        "area_sqm": 2.57,
        "area_hectares": 0.0003,
        "area_acres": 0.0006,
        "area_gaj": 3.07,
        "perimeter_m": 9.28,
        "vertex_count": 10,
        "confidence": 0.85,
        "verification_status": "Pending Review"
      }
    },
    {
      "type": "Feature",
      "id": "CAD-0306",
      "geometry": {
        "type": "Polygon",
        "coordinates": [
          [
            [
              1687.0,
              1571.0
            ],
            [
              1739.0,
              1591.0
            ],
            [
              1750.0,
              1611.0
            ],
            [
              1753.0,
              1795.0
            ],
            [
              1713.0,
              1810.0
            ],
            [
              1666.0,
              1780.0
            ],
            [
              1660.0,
              1662.0
            ],
            [
              1666.0,
              1578.0
            ],
            [
              1687.0,
              1571.0
            ]
          ]
        ]
      },
      "properties": {
        "parcel_id": "CAD-0306",
        "feature_type": "Tree / Forest",
        "land_use": "Vacant",
        "category": "Vegetation",
        "color_hex": "#00B400",
        "area_px": 10126.0,
        "area_sqm": 64.81,
        "area_hectares": 0.0065,
        "area_acres": 0.016,
        "area_gaj": 77.51,
        "perimeter_m": 46.84,
        "vertex_count": 9,
        "confidence": 0.85,
        "verification_status": "Pending Review"
      }
    },
    {
      "type": "Feature",
      "id": "CAD-0307",
      "geometry": {
        "type": "Polygon",
        "coordinates": [
          [
            [
              3183.0,
              1553.0
            ],
            [
              3183.0,
              1559.0
            ],
            [
              3167.0,
              1588.0
            ],
            [
              3099.0,
              1623.0
            ],
            [
              3086.0,
              1615.0
            ],
            [
              3086.0,
              1607.0
            ],
            [
              3165.0,
              1559.0
            ],
            [
              3183.0,
              1553.0
            ]
          ]
        ]
      },
      "properties": {
        "parcel_id": "CAD-0307",
        "feature_type": "Tree / Forest",
        "land_use": "Vacant",
        "category": "Vegetation",
        "color_hex": "#00B400",
        "area_px": 1312.0,
        "area_sqm": 8.4,
        "area_hectares": 0.0008,
        "area_acres": 0.0021,
        "area_gaj": 10.05,
        "perimeter_m": 20.02,
        "vertex_count": 8,
        "confidence": 0.85,
        "verification_status": "Pending Review"
      }
    },
    {
      "type": "Feature",
      "id": "CAD-0308",
      "geometry": {
        "type": "Polygon",
        "coordinates": [
          [
            [
              3922.0,
              1544.0
            ],
            [
              3930.0,
              1543.0
            ],
            [
              3943.0,
              1545.0
            ],
            [
              3957.0,
              1559.0
            ],
            [
              3957.0,
              1568.0
            ],
            [
              3942.0,
              1576.0
            ],
            [
              3917.0,
              1576.0
            ],
            [
              3916.0,
              1566.0
            ],
            [
              3922.0,
              1544.0
            ]
          ]
        ]
      },
      "properties": {
        "parcel_id": "CAD-0308",
        "feature_type": "Tree / Forest",
        "land_use": "Vacant",
        "category": "Vegetation",
        "color_hex": "#00B400",
        "area_px": 950.5,
        "area_sqm": 6.08,
        "area_hectares": 0.0006,
        "area_acres": 0.0015,
        "area_gaj": 7.27,
        "perimeter_m": 9.99,
        "vertex_count": 9,
        "confidence": 0.85,
        "verification_status": "Pending Review"
      }
    },
    {
      "type": "Feature",
      "id": "CAD-0309",
      "geometry": {
        "type": "Polygon",
        "coordinates": [
          [
            [
              2135.0,
              1538.0
            ],
            [
              2138.0,
              1551.0
            ],
            [
              2136.0,
              1555.0
            ],
            [
              2105.0,
              1572.0
            ],
            [
              2101.0,
              1571.0
            ],
            [
              2098.0,
              1539.0
            ],
            [
              2103.0,
              1537.0
            ],
            [
              2127.0,
              1536.0
            ],
            [
              2135.0,
              1538.0
            ]
          ]
        ]
      },
      "properties": {
        "parcel_id": "CAD-0309",
        "feature_type": "Tree / Forest",
        "land_use": "Vacant",
        "category": "Vegetation",
        "color_hex": "#00B400",
        "area_px": 831.0,
        "area_sqm": 5.32,
        "area_hectares": 0.0005,
        "area_acres": 0.0013,
        "area_gaj": 6.36,
        "perimeter_m": 10.17,
        "vertex_count": 9,
        "confidence": 0.85,
        "verification_status": "Pending Review"
      }
    },
    {
      "type": "Feature",
      "id": "CAD-0310",
      "geometry": {
        "type": "Polygon",
        "coordinates": [
          [
            [
              3872.0,
              1546.0
            ],
            [
              3872.0,
              1553.0
            ],
            [
              3871.0,
              1555.0
            ],
            [
              3869.0,
              1556.0
            ],
            [
              3858.0,
              1556.0
            ],
            [
              3850.0,
              1554.0
            ],
            [
              3844.0,
              1551.0
            ],
            [
              3844.0,
              1549.0
            ],
            [
              3850.0,
              1537.0
            ],
            [
              3855.0,
              1534.0
            ],
            [
              3865.0,
              1538.0
            ],
            [
              3872.0,
              1546.0
            ]
          ]
        ]
      },
      "properties": {
        "parcel_id": "CAD-0310",
        "feature_type": "Tree / Forest",
        "land_use": "Vacant",
        "category": "Vegetation",
        "color_hex": "#00B400",
        "area_px": 417.5,
        "area_sqm": 2.67,
        "area_hectares": 0.0003,
        "area_acres": 0.0007,
        "area_gaj": 3.19,
        "perimeter_m": 6.41,
        "vertex_count": 12,
        "confidence": 0.85,
        "verification_status": "Pending Review"
      }
    },
    {
      "type": "Feature",
      "id": "CAD-0311",
      "geometry": {
        "type": "Polygon",
        "coordinates": [
          [
            [
              3298.0,
              1536.0
            ],
            [
              3302.0,
              1530.0
            ],
            [
              3307.0,
              1528.0
            ],
            [
              3313.0,
              1528.0
            ],
            [
              3328.0,
              1533.0
            ],
            [
              3343.0,
              1544.0
            ],
            [
              3344.0,
              1552.0
            ],
            [
              3330.0,
              1563.0
            ],
            [
              3303.0,
              1558.0
            ],
            [
              3298.0,
              1553.0
            ],
            [
              3298.0,
              1536.0
            ]
          ]
        ]
      },
      "properties": {
        "parcel_id": "CAD-0311",
        "feature_type": "Tree / Forest",
        "land_use": "Vacant",
        "category": "Vegetation",
        "color_hex": "#00B400",
        "area_px": 1132.5,
        "area_sqm": 7.25,
        "area_hectares": 0.0007,
        "area_acres": 0.0018,
        "area_gaj": 8.67,
        "perimeter_m": 10.43,
        "vertex_count": 11,
        "confidence": 0.85,
        "verification_status": "Pending Review"
      }
    },
    {
      "type": "Feature",
      "id": "CAD-0312",
      "geometry": {
        "type": "Polygon",
        "coordinates": [
          [
            [
              687.0,
              1529.0
            ],
            [
              709.0,
              1557.0
            ],
            [
              707.0,
              1571.0
            ],
            [
              589.0,
              1674.0
            ],
            [
              577.0,
              1674.0
            ],
            [
              564.0,
              1662.0
            ],
            [
              558.0,
              1643.0
            ],
            [
              576.0,
              1607.0
            ],
            [
              672.0,
              1530.0
            ],
            [
              687.0,
              1529.0
            ]
          ]
        ]
      },
      "properties": {
        "parcel_id": "CAD-0312",
        "feature_type": "Tree / Forest",
        "land_use": "Vacant",
        "category": "Vegetation",
        "color_hex": "#00B400",
        "area_px": 6991.0,
        "area_sqm": 44.74,
        "area_hectares": 0.0045,
        "area_acres": 0.0111,
        "area_gaj": 53.51,
        "perimeter_m": 34.75,
        "vertex_count": 10,
        "confidence": 0.85,
        "verification_status": "Pending Review"
      }
    },
    {
      "type": "Feature",
      "id": "CAD-0313",
      "geometry": {
        "type": "Polygon",
        "coordinates": [
          [
            [
              3785.0,
              1505.0
            ],
            [
              3789.0,
              1502.0
            ],
            [
              3815.0,
              1505.0
            ],
            [
              3839.0,
              1529.0
            ],
            [
              3839.0,
              1534.0
            ],
            [
              3828.0,
              1547.0
            ],
            [
              3817.0,
              1546.0
            ],
            [
              3796.0,
              1539.0
            ],
            [
              3781.0,
              1518.0
            ],
            [
              3785.0,
              1505.0
            ]
          ]
        ]
      },
      "properties": {
        "parcel_id": "CAD-0313",
        "feature_type": "Tree / Forest",
        "land_use": "Vacant",
        "category": "Vegetation",
        "color_hex": "#00B400",
        "area_px": 1396.0,
        "area_sqm": 8.93,
        "area_hectares": 0.0009,
        "area_acres": 0.0022,
        "area_gaj": 10.68,
        "perimeter_m": 12.78,
        "vertex_count": 10,
        "confidence": 0.85,
        "verification_status": "Pending Review"
      }
    },
    {
      "type": "Feature",
      "id": "CAD-0314",
      "geometry": {
        "type": "Polygon",
        "coordinates": [
          [
            [
              2015.0,
              1503.0
            ],
            [
              2031.0,
              1579.0
            ],
            [
              1948.0,
              1613.0
            ],
            [
              1816.0,
              1646.0
            ],
            [
              1877.0,
              1513.0
            ],
            [
              1908.0,
              1504.0
            ],
            [
              2015.0,
              1503.0
            ]
          ]
        ]
      },
      "properties": {
        "parcel_id": "CAD-0314",
        "feature_type": "Tree / Forest",
        "land_use": "Vacant",
        "category": "Vegetation",
        "color_hex": "#00B400",
        "area_px": 5547.5,
        "area_sqm": 35.5,
        "area_hectares": 0.0036,
        "area_acres": 0.0088,
        "area_gaj": 42.46,
        "perimeter_m": 47.12,
        "vertex_count": 7,
        "confidence": 0.85,
        "verification_status": "Pending Review"
      }
    },
    {
      "type": "Feature",
      "id": "CAD-0315",
      "geometry": {
        "type": "Polygon",
        "coordinates": [
          [
            [
              2085.0,
              1501.0
            ],
            [
              2089.0,
              1508.0
            ],
            [
              2089.0,
              1512.0
            ],
            [
              2085.0,
              1518.0
            ],
            [
              2069.0,
              1529.0
            ],
            [
              2054.0,
              1514.0
            ],
            [
              2053.0,
              1508.0
            ],
            [
              2058.0,
              1502.0
            ],
            [
              2063.0,
              1499.0
            ],
            [
              2085.0,
              1501.0
            ]
          ]
        ]
      },
      "properties": {
        "parcel_id": "CAD-0315",
        "feature_type": "Tree / Forest",
        "land_use": "Vacant",
        "category": "Vegetation",
        "color_hex": "#00B400",
        "area_px": 665.5,
        "area_sqm": 4.26,
        "area_hectares": 0.0004,
        "area_acres": 0.0011,
        "area_gaj": 5.09,
        "perimeter_m": 8.14,
        "vertex_count": 10,
        "confidence": 0.85,
        "verification_status": "Pending Review"
      }
    },
    {
      "type": "Feature",
      "id": "CAD-0316",
      "geometry": {
        "type": "Polygon",
        "coordinates": [
          [
            [
              3706.0,
              1526.0
            ],
            [
              3706.0,
              1529.0
            ],
            [
              3697.0,
              1541.0
            ],
            [
              3653.0,
              1542.0
            ],
            [
              3647.0,
              1538.0
            ],
            [
              3648.0,
              1526.0
            ],
            [
              3669.0,
              1503.0
            ],
            [
              3681.0,
              1498.0
            ],
            [
              3688.0,
              1499.0
            ],
            [
              3694.0,
              1503.0
            ],
            [
              3706.0,
              1526.0
            ]
          ]
        ]
      },
      "properties": {
        "parcel_id": "CAD-0316",
        "feature_type": "Tree / Forest",
        "land_use": "Vacant",
        "category": "Vegetation",
        "color_hex": "#00B400",
        "area_px": 1415.5,
        "area_sqm": 9.06,
        "area_hectares": 0.0009,
        "area_acres": 0.0022,
        "area_gaj": 10.84,
        "perimeter_m": 13.25,
        "vertex_count": 11,
        "confidence": 0.85,
        "verification_status": "Pending Review"
      }
    },
    {
      "type": "Feature",
      "id": "CAD-0317",
      "geometry": {
        "type": "Polygon",
        "coordinates": [
          [
            [
              2893.0,
              1490.0
            ],
            [
              2908.0,
              1499.0
            ],
            [
              2932.0,
              1528.0
            ],
            [
              2961.0,
              1607.0
            ],
            [
              2940.0,
              1625.0
            ],
            [
              2906.0,
              1642.0
            ],
            [
              2894.0,
              1640.0
            ],
            [
              2880.0,
              1626.0
            ],
            [
              2872.0,
              1610.0
            ],
            [
              2866.0,
              1578.0
            ],
            [
              2865.0,
              1501.0
            ],
            [
              2893.0,
              1490.0
            ]
          ]
        ]
      },
      "properties": {
        "parcel_id": "CAD-0317",
        "feature_type": "Tree / Forest",
        "land_use": "Vacant",
        "category": "Vegetation",
        "color_hex": "#00B400",
        "area_px": 4719.5,
        "area_sqm": 30.2,
        "area_hectares": 0.003,
        "area_acres": 0.0075,
        "area_gaj": 36.12,
        "perimeter_m": 31.56,
        "vertex_count": 12,
        "confidence": 0.85,
        "verification_status": "Pending Review"
      }
    },
    {
      "type": "Feature",
      "id": "CAD-0318",
      "geometry": {
        "type": "Polygon",
        "coordinates": [
          [
            [
              3903.0,
              1486.0
            ],
            [
              3909.0,
              1488.0
            ],
            [
              3915.0,
              1529.0
            ],
            [
              3899.0,
              1543.0
            ],
            [
              3892.0,
              1536.0
            ],
            [
              3892.0,
              1502.0
            ],
            [
              3893.0,
              1498.0
            ],
            [
              3903.0,
              1486.0
            ]
          ]
        ]
      },
      "properties": {
        "parcel_id": "CAD-0318",
        "feature_type": "Tree / Forest",
        "land_use": "Vacant",
        "category": "Vegetation",
        "color_hex": "#00B400",
        "area_px": 669.0,
        "area_sqm": 4.28,
        "area_hectares": 0.0004,
        "area_acres": 0.0011,
        "area_gaj": 5.12,
        "perimeter_m": 10.61,
        "vertex_count": 8,
        "confidence": 0.85,
        "verification_status": "Pending Review"
      }
    },
    {
      "type": "Feature",
      "id": "CAD-0319",
      "geometry": {
        "type": "Polygon",
        "coordinates": [
          [
            [
              3775.0,
              1489.0
            ],
            [
              3775.0,
              1494.0
            ],
            [
              3755.0,
              1513.0
            ],
            [
              3741.0,
              1521.0
            ],
            [
              3736.0,
              1518.0
            ],
            [
              3731.0,
              1511.0
            ],
            [
              3734.0,
              1501.0
            ],
            [
              3745.0,
              1484.0
            ],
            [
              3752.0,
              1481.0
            ],
            [
              3766.0,
              1481.0
            ],
            [
              3775.0,
              1489.0
            ]
          ]
        ]
      },
      "properties": {
        "parcel_id": "CAD-0319",
        "feature_type": "Tree / Forest",
        "land_use": "Vacant",
        "category": "Vegetation",
        "color_hex": "#00B400",
        "area_px": 923.5,
        "area_sqm": 5.91,
        "area_hectares": 0.0006,
        "area_acres": 0.0015,
        "area_gaj": 7.07,
        "perimeter_m": 10.2,
        "vertex_count": 11,
        "confidence": 0.85,
        "verification_status": "Pending Review"
      }
    },
    {
      "type": "Feature",
      "id": "CAD-0320",
      "geometry": {
        "type": "Polygon",
        "coordinates": [
          [
            [
              3325.0,
              1493.0
            ],
            [
              3325.0,
              1502.0
            ],
            [
              3316.0,
              1513.0
            ],
            [
              3258.0,
              1554.0
            ],
            [
              3238.0,
              1548.0
            ],
            [
              3218.0,
              1535.0
            ],
            [
              3219.0,
              1527.0
            ],
            [
              3238.0,
              1512.0
            ],
            [
              3304.0,
              1480.0
            ],
            [
              3315.0,
              1481.0
            ],
            [
              3325.0,
              1493.0
            ]
          ]
        ]
      },
      "properties": {
        "parcel_id": "CAD-0320",
        "feature_type": "Tree / Forest",
        "land_use": "Vacant",
        "category": "Vegetation",
        "color_hex": "#00B400",
        "area_px": 2562.0,
        "area_sqm": 16.4,
        "area_hectares": 0.0016,
        "area_acres": 0.0041,
        "area_gaj": 19.61,
        "perimeter_m": 21.7,
        "vertex_count": 11,
        "confidence": 0.85,
        "verification_status": "Pending Review"
      }
    },
    {
      "type": "Feature",
      "id": "CAD-0321",
      "geometry": {
        "type": "Polygon",
        "coordinates": [
          [
            [
              2213.0,
              1479.0
            ],
            [
              2221.0,
              1498.0
            ],
            [
              2224.0,
              1521.0
            ],
            [
              2218.0,
              1526.0
            ],
            [
              2187.0,
              1536.0
            ],
            [
              2178.0,
              1536.0
            ],
            [
              2183.0,
              1504.0
            ],
            [
              2189.0,
              1489.0
            ],
            [
              2199.0,
              1478.0
            ],
            [
              2213.0,
              1479.0
            ]
          ]
        ]
      },
      "properties": {
        "parcel_id": "CAD-0321",
        "feature_type": "Tree / Forest",
        "land_use": "Vacant",
        "category": "Vegetation",
        "color_hex": "#00B400",
        "area_px": 1672.5,
        "area_sqm": 10.7,
        "area_hectares": 0.0011,
        "area_acres": 0.0026,
        "area_gaj": 12.8,
        "perimeter_m": 13.65,
        "vertex_count": 10,
        "confidence": 0.85,
        "verification_status": "Pending Review"
      }
    },
    {
      "type": "Feature",
      "id": "CAD-0322",
      "geometry": {
        "type": "Polygon",
        "coordinates": [
          [
            [
              3359.0,
              1474.0
            ],
            [
              3382.0,
              1481.0
            ],
            [
              3410.0,
              1527.0
            ],
            [
              3412.0,
              1539.0
            ],
            [
              3384.0,
              1584.0
            ],
            [
              3354.0,
              1595.0
            ],
            [
              3338.0,
              1591.0
            ],
            [
              3336.0,
              1585.0
            ],
            [
              3348.0,
              1479.0
            ],
            [
              3359.0,
              1474.0
            ]
          ]
        ]
      },
      "properties": {
        "parcel_id": "CAD-0322",
        "feature_type": "Tree / Forest",
        "land_use": "Vacant",
        "category": "Vegetation",
        "color_hex": "#00B400",
        "area_px": 3815.5,
        "area_sqm": 24.42,
        "area_hectares": 0.0024,
        "area_acres": 0.006,
        "area_gaj": 29.21,
        "perimeter_m": 25.33,
        "vertex_count": 10,
        "confidence": 0.85,
        "verification_status": "Pending Review"
      }
    },
    {
      "type": "Feature",
      "id": "CAD-0323",
      "geometry": {
        "type": "Polygon",
        "coordinates": [
          [
            [
              3949.0,
              1482.0
            ],
            [
              3955.0,
              1475.0
            ],
            [
              3964.0,
              1471.0
            ],
            [
              3989.0,
              1480.0
            ],
            [
              3990.0,
              1505.0
            ],
            [
              3983.0,
              1506.0
            ],
            [
              3960.0,
              1499.0
            ],
            [
              3951.0,
              1493.0
            ],
            [
              3949.0,
              1482.0
            ]
          ]
        ]
      },
      "properties": {
        "parcel_id": "CAD-0323",
        "feature_type": "Tree / Forest",
        "land_use": "Vacant",
        "category": "Vegetation",
        "color_hex": "#00B400",
        "area_px": 973.0,
        "area_sqm": 6.23,
        "area_hectares": 0.0006,
        "area_acres": 0.0015,
        "area_gaj": 7.45,
        "perimeter_m": 9.9,
        "vertex_count": 9,
        "confidence": 0.85,
        "verification_status": "Pending Review"
      }
    },
    {
      "type": "Feature",
      "id": "CAD-0324",
      "geometry": {
        "type": "Polygon",
        "coordinates": [
          [
            [
              3643.0,
              1494.0
            ],
            [
              3641.0,
              1511.0
            ],
            [
              3531.0,
              1615.0
            ],
            [
              3480.0,
              1595.0
            ],
            [
              3449.0,
              1477.0
            ],
            [
              3512.0,
              1465.0
            ],
            [
              3643.0,
              1494.0
            ]
          ]
        ]
      },
      "properties": {
        "parcel_id": "CAD-0324",
        "feature_type": "Tree / Forest",
        "land_use": "Vacant",
        "category": "Vegetation",
        "color_hex": "#00B400",
        "area_px": 9338.5,
        "area_sqm": 59.77,
        "area_hectares": 0.006,
        "area_acres": 0.0148,
        "area_gaj": 71.48,
        "perimeter_m": 43.49,
        "vertex_count": 7,
        "confidence": 0.85,
        "verification_status": "Pending Review"
      }
    },
    {
      "type": "Feature",
      "id": "CAD-0325",
      "geometry": {
        "type": "Polygon",
        "coordinates": [
          [
            [
              2449.0,
              1469.0
            ],
            [
              2449.0,
              1500.0
            ],
            [
              2366.0,
              1554.0
            ],
            [
              2298.0,
              1527.0
            ],
            [
              2271.0,
              1506.0
            ],
            [
              2270.0,
              1495.0
            ],
            [
              2291.0,
              1474.0
            ],
            [
              2393.0,
              1465.0
            ],
            [
              2449.0,
              1469.0
            ]
          ]
        ]
      },
      "properties": {
        "parcel_id": "CAD-0325",
        "feature_type": "Tree / Forest",
        "land_use": "Vacant",
        "category": "Vegetation",
        "color_hex": "#00B400",
        "area_px": 6716.5,
        "area_sqm": 42.99,
        "area_hectares": 0.0043,
        "area_acres": 0.0106,
        "area_gaj": 51.42,
        "perimeter_m": 34.93,
        "vertex_count": 9,
        "confidence": 0.85,
        "verification_status": "Pending Review"
      }
    },
    {
      "type": "Feature",
      "id": "CAD-0326",
      "geometry": {
        "type": "Polygon",
        "coordinates": [
          [
            [
              3620.0,
              1455.0
            ],
            [
              3629.0,
              1452.0
            ],
            [
              3654.0,
              1464.0
            ],
            [
              3654.0,
              1468.0
            ],
            [
              3652.0,
              1472.0
            ],
            [
              3647.0,
              1474.0
            ],
            [
              3643.0,
              1474.0
            ],
            [
              3627.0,
              1469.0
            ],
            [
              3621.0,
              1466.0
            ],
            [
              3620.0,
              1455.0
            ]
          ]
        ]
      },
      "properties": {
        "parcel_id": "CAD-0326",
        "feature_type": "Tree / Forest",
        "land_use": "Vacant",
        "category": "Vegetation",
        "color_hex": "#00B400",
        "area_px": 425.0,
        "area_sqm": 2.72,
        "area_hectares": 0.0003,
        "area_acres": 0.0007,
        "area_gaj": 3.25,
        "perimeter_m": 7.17,
        "vertex_count": 10,
        "confidence": 0.85,
        "verification_status": "Pending Review"
      }
    },
    {
      "type": "Feature",
      "id": "CAD-0327",
      "geometry": {
        "type": "Polygon",
        "coordinates": [
          [
            [
              3463.0,
              1446.0
            ],
            [
              3461.0,
              1462.0
            ],
            [
              3404.0,
              1481.0
            ],
            [
              3385.0,
              1476.0
            ],
            [
              3376.0,
              1461.0
            ],
            [
              3377.0,
              1448.0
            ],
            [
              3383.0,
              1442.0
            ],
            [
              3405.0,
              1428.0
            ],
            [
              3422.0,
              1423.0
            ],
            [
              3463.0,
              1446.0
            ]
          ]
        ]
      },
      "properties": {
        "parcel_id": "CAD-0327",
        "feature_type": "Tree / Forest",
        "land_use": "Vacant",
        "category": "Vegetation",
        "color_hex": "#00B400",
        "area_px": 2764.5,
        "area_sqm": 17.69,
        "area_hectares": 0.0018,
        "area_acres": 0.0044,
        "area_gaj": 21.16,
        "perimeter_m": 18.05,
        "vertex_count": 10,
        "confidence": 0.85,
        "verification_status": "Pending Review"
      }
    },
    {
      "type": "Feature",
      "id": "CAD-0328",
      "geometry": {
        "type": "Polygon",
        "coordinates": [
          [
            [
              2977.0,
              1421.0
            ],
            [
              2979.0,
              1422.0
            ],
            [
              2980.0,
              1458.0
            ],
            [
              2971.0,
              1463.0
            ],
            [
              2963.0,
              1462.0
            ],
            [
              2960.0,
              1460.0
            ],
            [
              2958.0,
              1442.0
            ],
            [
              2960.0,
              1433.0
            ],
            [
              2968.0,
              1423.0
            ],
            [
              2977.0,
              1421.0
            ]
          ]
        ]
      },
      "properties": {
        "parcel_id": "CAD-0328",
        "feature_type": "Tree / Forest",
        "land_use": "Vacant",
        "category": "Vegetation",
        "color_hex": "#00B400",
        "area_px": 591.0,
        "area_sqm": 3.78,
        "area_hectares": 0.0004,
        "area_acres": 0.0009,
        "area_gaj": 4.52,
        "perimeter_m": 8.77,
        "vertex_count": 10,
        "confidence": 0.85,
        "verification_status": "Pending Review"
      }
    },
    {
      "type": "Feature",
      "id": "CAD-0329",
      "geometry": {
        "type": "Polygon",
        "coordinates": [
          [
            [
              3233.0,
              1420.0
            ],
            [
              3241.0,
              1420.0
            ],
            [
              3259.0,
              1425.0
            ],
            [
              3261.0,
              1429.0
            ],
            [
              3257.0,
              1448.0
            ],
            [
              3255.0,
              1451.0
            ],
            [
              3249.0,
              1455.0
            ],
            [
              3233.0,
              1447.0
            ],
            [
              3228.0,
              1439.0
            ],
            [
              3226.0,
              1426.0
            ],
            [
              3233.0,
              1420.0
            ]
          ]
        ]
      },
      "properties": {
        "parcel_id": "CAD-0329",
        "feature_type": "Tree / Forest",
        "land_use": "Vacant",
        "category": "Vegetation",
        "color_hex": "#00B400",
        "area_px": 868.5,
        "area_sqm": 5.56,
        "area_hectares": 0.0006,
        "area_acres": 0.0014,
        "area_gaj": 6.65,
        "perimeter_m": 8.89,
        "vertex_count": 11,
        "confidence": 0.85,
        "verification_status": "Pending Review"
      }
    },
    {
      "type": "Feature",
      "id": "CAD-0330",
      "geometry": {
        "type": "Polygon",
        "coordinates": [
          [
            [
              1435.0,
              1521.0
            ],
            [
              1121.0,
              1927.0
            ],
            [
              1021.0,
              1952.0
            ],
            [
              944.0,
              1861.0
            ],
            [
              825.0,
              1568.0
            ],
            [
              976.0,
              1416.0
            ],
            [
              1280.0,
              1444.0
            ],
            [
              1435.0,
              1521.0
            ]
          ]
        ]
      },
      "properties": {
        "parcel_id": "CAD-0330",
        "feature_type": "Tree / Forest",
        "land_use": "Vacant",
        "category": "Vegetation",
        "color_hex": "#00B400",
        "area_px": 81012.5,
        "area_sqm": 518.48,
        "area_hectares": 0.0518,
        "area_acres": 0.1281,
        "area_gaj": 620.1,
        "perimeter_m": 139.55,
        "vertex_count": 8,
        "confidence": 0.85,
        "verification_status": "Pending Review"
      }
    },
    {
      "type": "Feature",
      "id": "CAD-0331",
      "geometry": {
        "type": "Polygon",
        "coordinates": [
          [
            [
              2864.0,
              1416.0
            ],
            [
              2872.0,
              1409.0
            ],
            [
              2876.0,
              1409.0
            ],
            [
              2941.0,
              1456.0
            ],
            [
              2941.0,
              1464.0
            ],
            [
              2883.0,
              1482.0
            ],
            [
              2864.0,
              1481.0
            ],
            [
              2862.0,
              1475.0
            ],
            [
              2864.0,
              1416.0
            ]
          ]
        ]
      },
      "properties": {
        "parcel_id": "CAD-0331",
        "feature_type": "Tree / Forest",
        "land_use": "Vacant",
        "category": "Vegetation",
        "color_hex": "#00B400",
        "area_px": 2145.5,
        "area_sqm": 13.73,
        "area_hectares": 0.0014,
        "area_acres": 0.0034,
        "area_gaj": 16.42,
        "perimeter_m": 19.84,
        "vertex_count": 9,
        "confidence": 0.85,
        "verification_status": "Pending Review"
      }
    },
    {
      "type": "Feature",
      "id": "CAD-0332",
      "geometry": {
        "type": "Polygon",
        "coordinates": [
          [
            [
              1849.0,
              1440.0
            ],
            [
              1852.0,
              1480.0
            ],
            [
              1834.0,
              1513.0
            ],
            [
              1465.0,
              1511.0
            ],
            [
              1470.0,
              1501.0
            ],
            [
              1763.0,
              1402.0
            ],
            [
              1808.0,
              1406.0
            ],
            [
              1849.0,
              1440.0
            ]
          ]
        ]
      },
      "properties": {
        "parcel_id": "CAD-0332",
        "feature_type": "Tree / Forest",
        "land_use": "Vacant",
        "category": "Vegetation",
        "color_hex": "#00B400",
        "area_px": 9880.5,
        "area_sqm": 63.24,
        "area_hectares": 0.0063,
        "area_acres": 0.0156,
        "area_gaj": 75.64,
        "perimeter_m": 69.25,
        "vertex_count": 8,
        "confidence": 0.85,
        "verification_status": "Pending Review"
      }
    },
    {
      "type": "Feature",
      "id": "CAD-0333",
      "geometry": {
        "type": "Polygon",
        "coordinates": [
          [
            [
              3631.0,
              1390.0
            ],
            [
              3630.0,
              1401.0
            ],
            [
              3621.0,
              1406.0
            ],
            [
              3601.0,
              1408.0
            ],
            [
              3598.0,
              1406.0
            ],
            [
              3597.0,
              1397.0
            ],
            [
              3604.0,
              1393.0
            ],
            [
              3628.0,
              1388.0
            ],
            [
              3631.0,
              1390.0
            ]
          ]
        ]
      },
      "properties": {
        "parcel_id": "CAD-0333",
        "feature_type": "Tree / Forest",
        "land_use": "Vacant",
        "category": "Vegetation",
        "color_hex": "#00B400",
        "area_px": 415.0,
        "area_sqm": 2.66,
        "area_hectares": 0.0003,
        "area_acres": 0.0007,
        "area_gaj": 3.18,
        "perimeter_m": 7.22,
        "vertex_count": 9,
        "confidence": 0.85,
        "verification_status": "Pending Review"
      }
    },
    {
      "type": "Feature",
      "id": "CAD-0334",
      "geometry": {
        "type": "Polygon",
        "coordinates": [
          [
            [
              3214.0,
              1397.0
            ],
            [
              3231.0,
              1481.0
            ],
            [
              3029.0,
              1580.0
            ],
            [
              3013.0,
              1575.0
            ],
            [
              2961.0,
              1488.0
            ],
            [
              3013.0,
              1422.0
            ],
            [
              3111.0,
              1391.0
            ],
            [
              3196.0,
              1387.0
            ],
            [
              3214.0,
              1397.0
            ]
          ]
        ]
      },
      "properties": {
        "parcel_id": "CAD-0334",
        "feature_type": "Tree / Forest",
        "land_use": "Vacant",
        "category": "Vegetation",
        "color_hex": "#00B400",
        "area_px": 23644.5,
        "area_sqm": 151.32,
        "area_hectares": 0.0151,
        "area_acres": 0.0374,
        "area_gaj": 180.98,
        "perimeter_m": 57.7,
        "vertex_count": 9,
        "confidence": 0.85,
        "verification_status": "Pending Review"
      }
    },
    {
      "type": "Feature",
      "id": "CAD-0335",
      "geometry": {
        "type": "Polygon",
        "coordinates": [
          [
            [
              2109.0,
              1390.0
            ],
            [
              2112.0,
              1406.0
            ],
            [
              2089.0,
              1450.0
            ],
            [
              2051.0,
              1450.0
            ],
            [
              2041.0,
              1435.0
            ],
            [
              2040.0,
              1420.0
            ],
            [
              2054.0,
              1394.0
            ],
            [
              2069.0,
              1386.0
            ],
            [
              2079.0,
              1384.0
            ],
            [
              2109.0,
              1390.0
            ]
          ]
        ]
      },
      "properties": {
        "parcel_id": "CAD-0335",
        "feature_type": "Tree / Forest",
        "land_use": "Vacant",
        "category": "Vegetation",
        "color_hex": "#00B400",
        "area_px": 3177.5,
        "area_sqm": 20.34,
        "area_hectares": 0.002,
        "area_acres": 0.005,
        "area_gaj": 24.33,
        "perimeter_m": 17.94,
        "vertex_count": 10,
        "confidence": 0.85,
        "verification_status": "Pending Review"
      }
    },
    {
      "type": "Feature",
      "id": "CAD-0336",
      "geometry": {
        "type": "Polygon",
        "coordinates": [
          [
            [
              2477.0,
              1373.0
            ],
            [
              2548.0,
              1365.0
            ],
            [
              2653.0,
              1411.0
            ],
            [
              2820.0,
              1547.0
            ],
            [
              2828.0,
              1578.0
            ],
            [
              2802.0,
              1691.0
            ],
            [
              2755.0,
              1713.0
            ],
            [
              2529.0,
              1664.0
            ],
            [
              2468.0,
              1473.0
            ],
            [
              2477.0,
              1373.0
            ]
          ]
        ]
      },
      "properties": {
        "parcel_id": "CAD-0336",
        "feature_type": "Tree / Forest",
        "land_use": "Vacant",
        "category": "Vegetation",
        "color_hex": "#00B400",
        "area_px": 46409.5,
        "area_sqm": 297.02,
        "area_hectares": 0.0297,
        "area_acres": 0.0734,
        "area_gaj": 355.24,
        "perimeter_m": 90.68,
        "vertex_count": 10,
        "confidence": 0.85,
        "verification_status": "Pending Review"
      }
    },
    {
      "type": "Feature",
      "id": "CAD-0337",
      "geometry": {
        "type": "Polygon",
        "coordinates": [
          [
            [
              2867.0,
              1352.0
            ],
            [
              2879.0,
              1355.0
            ],
            [
              2874.0,
              1402.0
            ],
            [
              2872.0,
              1403.0
            ],
            [
              2867.0,
              1400.0
            ],
            [
              2860.0,
              1391.0
            ],
            [
              2857.0,
              1379.0
            ],
            [
              2858.0,
              1360.0
            ],
            [
              2863.0,
              1354.0
            ],
            [
              2867.0,
              1352.0
            ]
          ]
        ]
      },
      "properties": {
        "parcel_id": "CAD-0337",
        "feature_type": "Tree / Forest",
        "land_use": "Vacant",
        "category": "Vegetation",
        "color_hex": "#00B400",
        "area_px": 687.5,
        "area_sqm": 4.4,
        "area_hectares": 0.0004,
        "area_acres": 0.0011,
        "area_gaj": 5.26,
        "perimeter_m": 9.82,
        "vertex_count": 10,
        "confidence": 0.85,
        "verification_status": "Pending Review"
      }
    },
    {
      "type": "Feature",
      "id": "CAD-0338",
      "geometry": {
        "type": "Polygon",
        "coordinates": [
          [
            [
              2643.0,
              1359.0
            ],
            [
              2661.0,
              1352.0
            ],
            [
              2711.0,
              1350.0
            ],
            [
              2725.0,
              1355.0
            ],
            [
              2801.0,
              1473.0
            ],
            [
              2696.0,
              1478.0
            ],
            [
              2650.0,
              1406.0
            ],
            [
              2643.0,
              1359.0
            ]
          ]
        ]
      },
      "properties": {
        "parcel_id": "CAD-0338",
        "feature_type": "Tree / Forest",
        "land_use": "Vacant",
        "category": "Vegetation",
        "color_hex": "#00B400",
        "area_px": 7370.0,
        "area_sqm": 47.17,
        "area_hectares": 0.0047,
        "area_acres": 0.0117,
        "area_gaj": 56.42,
        "perimeter_m": 37.01,
        "vertex_count": 8,
        "confidence": 0.85,
        "verification_status": "Pending Review"
      }
    },
    {
      "type": "Feature",
      "id": "CAD-0339",
      "geometry": {
        "type": "Polygon",
        "coordinates": [
          [
            [
              3377.0,
              1346.0
            ],
            [
              3379.0,
              1347.0
            ],
            [
              3391.0,
              1373.0
            ],
            [
              3391.0,
              1377.0
            ],
            [
              3383.0,
              1382.0
            ],
            [
              3376.0,
              1383.0
            ],
            [
              3374.0,
              1382.0
            ],
            [
              3368.0,
              1364.0
            ],
            [
              3366.0,
              1350.0
            ],
            [
              3369.0,
              1348.0
            ],
            [
              3377.0,
              1346.0
            ]
          ]
        ]
      },
      "properties": {
        "parcel_id": "CAD-0339",
        "feature_type": "Tree / Forest",
        "land_use": "Vacant",
        "category": "Vegetation",
        "color_hex": "#00B400",
        "area_px": 423.5,
        "area_sqm": 2.71,
        "area_hectares": 0.0003,
        "area_acres": 0.0007,
        "area_gaj": 3.24,
        "perimeter_m": 7.89,
        "vertex_count": 11,
        "confidence": 0.85,
        "verification_status": "Pending Review"
      }
    },
    {
      "type": "Feature",
      "id": "CAD-0340",
      "geometry": {
        "type": "Polygon",
        "coordinates": [
          [
            [
              3261.0,
              1333.0
            ],
            [
              3258.0,
              1359.0
            ],
            [
              3242.0,
              1366.0
            ],
            [
              3225.0,
              1343.0
            ],
            [
              3225.0,
              1338.0
            ],
            [
              3229.0,
              1334.0
            ],
            [
              3254.0,
              1332.0
            ],
            [
              3261.0,
              1333.0
            ]
          ]
        ]
      },
      "properties": {
        "parcel_id": "CAD-0340",
        "feature_type": "Tree / Forest",
        "land_use": "Vacant",
        "category": "Vegetation",
        "color_hex": "#00B400",
        "area_px": 488.5,
        "area_sqm": 3.13,
        "area_hectares": 0.0003,
        "area_acres": 0.0008,
        "area_gaj": 3.74,
        "perimeter_m": 9.2,
        "vertex_count": 8,
        "confidence": 0.85,
        "verification_status": "Pending Review"
      }
    },
    {
      "type": "Feature",
      "id": "CAD-0341",
      "geometry": {
        "type": "Polygon",
        "coordinates": [
          [
            [
              3832.0,
              1333.0
            ],
            [
              3831.0,
              1342.0
            ],
            [
              3826.0,
              1349.0
            ],
            [
              3789.0,
              1370.0
            ],
            [
              3760.0,
              1366.0
            ],
            [
              3760.0,
              1353.0
            ],
            [
              3793.0,
              1326.0
            ],
            [
              3826.0,
              1327.0
            ],
            [
              3832.0,
              1333.0
            ]
          ]
        ]
      },
      "properties": {
        "parcel_id": "CAD-0341",
        "feature_type": "Tree / Forest",
        "land_use": "Vacant",
        "category": "Vegetation",
        "color_hex": "#00B400",
        "area_px": 1750.5,
        "area_sqm": 11.2,
        "area_hectares": 0.0011,
        "area_acres": 0.0028,
        "area_gaj": 13.4,
        "perimeter_m": 14.93,
        "vertex_count": 9,
        "confidence": 0.85,
        "verification_status": "Pending Review"
      }
    },
    {
      "type": "Feature",
      "id": "CAD-0342",
      "geometry": {
        "type": "Polygon",
        "coordinates": [
          [
            [
              1360.0,
              1485.0
            ],
            [
              1357.0,
              1451.0
            ],
            [
              1409.0,
              1334.0
            ],
            [
              1428.0,
              1325.0
            ],
            [
              1764.0,
              1357.0
            ],
            [
              1780.0,
              1367.0
            ],
            [
              1765.0,
              1387.0
            ],
            [
              1494.0,
              1474.0
            ],
            [
              1381.0,
              1497.0
            ],
            [
              1360.0,
              1485.0
            ]
          ]
        ]
      },
      "properties": {
        "parcel_id": "CAD-0342",
        "feature_type": "Tree / Forest",
        "land_use": "Vacant",
        "category": "Vegetation",
        "color_hex": "#00B400",
        "area_px": 15184.0,
        "area_sqm": 97.18,
        "area_hectares": 0.0097,
        "area_acres": 0.024,
        "area_gaj": 116.23,
        "perimeter_m": 79.1,
        "vertex_count": 10,
        "confidence": 0.85,
        "verification_status": "Pending Review"
      }
    },
    {
      "type": "Feature",
      "id": "CAD-0343",
      "geometry": {
        "type": "Polygon",
        "coordinates": [
          [
            [
              3610.0,
              1317.0
            ],
            [
              3609.0,
              1326.0
            ],
            [
              3601.0,
              1337.0
            ],
            [
              3586.0,
              1341.0
            ],
            [
              3578.0,
              1342.0
            ],
            [
              3576.0,
              1341.0
            ],
            [
              3577.0,
              1333.0
            ],
            [
              3591.0,
              1322.0
            ],
            [
              3606.0,
              1316.0
            ],
            [
              3610.0,
              1317.0
            ]
          ]
        ]
      },
      "properties": {
        "parcel_id": "CAD-0343",
        "feature_type": "Tree / Forest",
        "land_use": "Vacant",
        "category": "Vegetation",
        "color_hex": "#00B400",
        "area_px": 472.0,
        "area_sqm": 3.02,
        "area_hectares": 0.0003,
        "area_acres": 0.0007,
        "area_gaj": 3.61,
        "perimeter_m": 7.57,
        "vertex_count": 10,
        "confidence": 0.85,
        "verification_status": "Pending Review"
      }
    },
    {
      "type": "Feature",
      "id": "CAD-0344",
      "geometry": {
        "type": "Polygon",
        "coordinates": [
          [
            [
              1863.0,
              1318.0
            ],
            [
              1873.0,
              1312.0
            ],
            [
              1898.0,
              1315.0
            ],
            [
              1905.0,
              1318.0
            ],
            [
              1907.0,
              1329.0
            ],
            [
              1903.0,
              1331.0
            ],
            [
              1869.0,
              1327.0
            ],
            [
              1863.0,
              1322.0
            ],
            [
              1863.0,
              1318.0
            ]
          ]
        ]
      },
      "properties": {
        "parcel_id": "CAD-0344",
        "feature_type": "Tree / Forest",
        "land_use": "Vacant",
        "category": "Vegetation",
        "color_hex": "#00B400",
        "area_px": 483.0,
        "area_sqm": 3.09,
        "area_hectares": 0.0003,
        "area_acres": 0.0008,
        "area_gaj": 3.7,
        "perimeter_m": 8.49,
        "vertex_count": 9,
        "confidence": 0.85,
        "verification_status": "Pending Review"
      }
    },
    {
      "type": "Feature",
      "id": "CAD-0345",
      "geometry": {
        "type": "Polygon",
        "coordinates": [
          [
            [
              625.0,
              1298.0
            ],
            [
              446.0,
              1469.0
            ],
            [
              255.0,
              1603.0
            ],
            [
              188.0,
              1627.0
            ],
            [
              158.0,
              1408.0
            ],
            [
              625.0,
              1298.0
            ]
          ]
        ]
      },
      "properties": {
        "parcel_id": "CAD-0345",
        "feature_type": "Tree / Forest",
        "land_use": "Vacant",
        "category": "Vegetation",
        "color_hex": "#00B400",
        "area_px": 63387.5,
        "area_sqm": 405.68,
        "area_hectares": 0.0406,
        "area_acres": 0.1002,
        "area_gaj": 485.19,
        "perimeter_m": 100.23,
        "vertex_count": 6,
        "confidence": 0.85,
        "verification_status": "Pending Review"
      }
    },
    {
      "type": "Feature",
      "id": "CAD-0346",
      "geometry": {
        "type": "Polygon",
        "coordinates": [
          [
            [
              2424.0,
              1288.0
            ],
            [
              2431.0,
              1294.0
            ],
            [
              2431.0,
              1310.0
            ],
            [
              2430.0,
              1312.0
            ],
            [
              2424.0,
              1315.0
            ],
            [
              2421.0,
              1315.0
            ],
            [
              2410.0,
              1310.0
            ],
            [
              2412.0,
              1294.0
            ],
            [
              2424.0,
              1288.0
            ]
          ]
        ]
      },
      "properties": {
        "parcel_id": "CAD-0346",
        "feature_type": "Tree / Forest",
        "land_use": "Vacant",
        "category": "Vegetation",
        "color_hex": "#00B400",
        "area_px": 426.5,
        "area_sqm": 2.73,
        "area_hectares": 0.0003,
        "area_acres": 0.0007,
        "area_gaj": 3.27,
        "perimeter_m": 6.3,
        "vertex_count": 9,
        "confidence": 0.85,
        "verification_status": "Pending Review"
      }
    },
    {
      "type": "Feature",
      "id": "CAD-0347",
      "geometry": {
        "type": "Polygon",
        "coordinates": [
          [
            [
              1078.0,
              1281.0
            ],
            [
              1082.0,
              1300.0
            ],
            [
              1075.0,
              1305.0
            ],
            [
              1055.0,
              1309.0
            ],
            [
              1053.0,
              1303.0
            ],
            [
              1053.0,
              1297.0
            ],
            [
              1061.0,
              1281.0
            ],
            [
              1069.0,
              1277.0
            ],
            [
              1071.0,
              1277.0
            ],
            [
              1078.0,
              1281.0
            ]
          ]
        ]
      },
      "properties": {
        "parcel_id": "CAD-0347",
        "feature_type": "Tree / Forest",
        "land_use": "Vacant",
        "category": "Vegetation",
        "color_hex": "#00B400",
        "area_px": 551.0,
        "area_sqm": 3.53,
        "area_hectares": 0.0004,
        "area_acres": 0.0009,
        "area_gaj": 4.22,
        "perimeter_m": 7.81,
        "vertex_count": 10,
        "confidence": 0.85,
        "verification_status": "Pending Review"
      }
    },
    {
      "type": "Feature",
      "id": "CAD-0348",
      "geometry": {
        "type": "Polygon",
        "coordinates": [
          [
            [
              2690.0,
              1269.0
            ],
            [
              2692.0,
              1270.0
            ],
            [
              2705.0,
              1302.0
            ],
            [
              2694.0,
              1309.0
            ],
            [
              2688.0,
              1310.0
            ],
            [
              2674.0,
              1306.0
            ],
            [
              2673.0,
              1300.0
            ],
            [
              2684.0,
              1273.0
            ],
            [
              2690.0,
              1269.0
            ]
          ]
        ]
      },
      "properties": {
        "parcel_id": "CAD-0348",
        "feature_type": "Tree / Forest",
        "land_use": "Vacant",
        "category": "Vegetation",
        "color_hex": "#00B400",
        "area_px": 679.5,
        "area_sqm": 4.35,
        "area_hectares": 0.0004,
        "area_acres": 0.0011,
        "area_gaj": 5.2,
        "perimeter_m": 9.03,
        "vertex_count": 9,
        "confidence": 0.85,
        "verification_status": "Pending Review"
      }
    },
    {
      "type": "Feature",
      "id": "CAD-0349",
      "geometry": {
        "type": "Polygon",
        "coordinates": [
          [
            [
              3592.0,
              1261.0
            ],
            [
              3588.0,
              1267.0
            ],
            [
              3553.0,
              1285.0
            ],
            [
              3545.0,
              1283.0
            ],
            [
              3515.0,
              1264.0
            ],
            [
              3515.0,
              1262.0
            ],
            [
              3520.0,
              1260.0
            ],
            [
              3592.0,
              1261.0
            ]
          ]
        ]
      },
      "properties": {
        "parcel_id": "CAD-0349",
        "feature_type": "Tree / Forest",
        "land_use": "Vacant",
        "category": "Vegetation",
        "color_hex": "#00B400",
        "area_px": 774.0,
        "area_sqm": 4.95,
        "area_hectares": 0.0005,
        "area_acres": 0.0012,
        "area_gaj": 5.92,
        "perimeter_m": 13.58,
        "vertex_count": 8,
        "confidence": 0.85,
        "verification_status": "Pending Review"
      }
    },
    {
      "type": "Feature",
      "id": "CAD-0350",
      "geometry": {
        "type": "Polygon",
        "coordinates": [
          [
            [
              2479.0,
              1254.0
            ],
            [
              2482.0,
              1257.0
            ],
            [
              2485.0,
              1289.0
            ],
            [
              2481.0,
              1313.0
            ],
            [
              2477.0,
              1315.0
            ],
            [
              2471.0,
              1315.0
            ],
            [
              2468.0,
              1313.0
            ],
            [
              2468.0,
              1266.0
            ],
            [
              2472.0,
              1258.0
            ],
            [
              2479.0,
              1254.0
            ]
          ]
        ]
      },
      "properties": {
        "parcel_id": "CAD-0350",
        "feature_type": "Tree / Forest",
        "land_use": "Vacant",
        "category": "Vegetation",
        "color_hex": "#00B400",
        "area_px": 789.5,
        "area_sqm": 5.05,
        "area_hectares": 0.0005,
        "area_acres": 0.0012,
        "area_gaj": 6.04,
        "perimeter_m": 11.1,
        "vertex_count": 10,
        "confidence": 0.85,
        "verification_status": "Pending Review"
      }
    },
    {
      "type": "Feature",
      "id": "CAD-0351",
      "geometry": {
        "type": "Polygon",
        "coordinates": [
          [
            [
              3762.0,
              1248.0
            ],
            [
              3762.0,
              1251.0
            ],
            [
              3752.0,
              1261.0
            ],
            [
              3741.0,
              1266.0
            ],
            [
              3730.0,
              1263.0
            ],
            [
              3723.0,
              1256.0
            ],
            [
              3723.0,
              1253.0
            ],
            [
              3729.0,
              1243.0
            ],
            [
              3738.0,
              1240.0
            ],
            [
              3750.0,
              1240.0
            ],
            [
              3759.0,
              1244.0
            ],
            [
              3762.0,
              1248.0
            ]
          ]
        ]
      },
      "properties": {
        "parcel_id": "CAD-0351",
        "feature_type": "Tree / Forest",
        "land_use": "Vacant",
        "category": "Vegetation",
        "color_hex": "#00B400",
        "area_px": 705.0,
        "area_sqm": 4.51,
        "area_hectares": 0.0005,
        "area_acres": 0.0011,
        "area_gaj": 5.39,
        "perimeter_m": 8.12,
        "vertex_count": 12,
        "confidence": 0.85,
        "verification_status": "Pending Review"
      }
    },
    {
      "type": "Feature",
      "id": "CAD-0352",
      "geometry": {
        "type": "Polygon",
        "coordinates": [
          [
            [
              1126.0,
              1241.0
            ],
            [
              1125.0,
              1270.0
            ],
            [
              1108.0,
              1282.0
            ],
            [
              1090.0,
              1278.0
            ],
            [
              1084.0,
              1255.0
            ],
            [
              1084.0,
              1250.0
            ],
            [
              1088.0,
              1245.0
            ],
            [
              1095.0,
              1240.0
            ],
            [
              1122.0,
              1239.0
            ],
            [
              1126.0,
              1241.0
            ]
          ]
        ]
      },
      "properties": {
        "parcel_id": "CAD-0352",
        "feature_type": "Tree / Forest",
        "land_use": "Vacant",
        "category": "Vegetation",
        "color_hex": "#00B400",
        "area_px": 1236.5,
        "area_sqm": 7.91,
        "area_hectares": 0.0008,
        "area_acres": 0.002,
        "area_gaj": 9.46,
        "perimeter_m": 11.48,
        "vertex_count": 10,
        "confidence": 0.85,
        "verification_status": "Pending Review"
      }
    },
    {
      "type": "Feature",
      "id": "CAD-0353",
      "geometry": {
        "type": "Polygon",
        "coordinates": [
          [
            [
              3480.0,
              1250.0
            ],
            [
              3472.0,
              1257.0
            ],
            [
              3427.0,
              1244.0
            ],
            [
              3415.0,
              1237.0
            ],
            [
              3415.0,
              1235.0
            ],
            [
              3424.0,
              1230.0
            ],
            [
              3442.0,
              1228.0
            ],
            [
              3479.0,
              1238.0
            ],
            [
              3481.0,
              1240.0
            ],
            [
              3480.0,
              1250.0
            ]
          ]
        ]
      },
      "properties": {
        "parcel_id": "CAD-0353",
        "feature_type": "Tree / Forest",
        "land_use": "Vacant",
        "category": "Vegetation",
        "color_hex": "#00B400",
        "area_px": 949.0,
        "area_sqm": 6.07,
        "area_hectares": 0.0006,
        "area_acres": 0.0015,
        "area_gaj": 7.26,
        "perimeter_m": 12.24,
        "vertex_count": 10,
        "confidence": 0.85,
        "verification_status": "Pending Review"
      }
    },
    {
      "type": "Feature",
      "id": "CAD-0354",
      "geometry": {
        "type": "Polygon",
        "coordinates": [
          [
            [
              2072.0,
              1228.0
            ],
            [
              2086.0,
              1234.0
            ],
            [
              2107.0,
              1328.0
            ],
            [
              2104.0,
              1336.0
            ],
            [
              2090.0,
              1345.0
            ],
            [
              2061.0,
              1337.0
            ],
            [
              2039.0,
              1311.0
            ],
            [
              2037.0,
              1244.0
            ],
            [
              2072.0,
              1228.0
            ]
          ]
        ]
      },
      "properties": {
        "parcel_id": "CAD-0354",
        "feature_type": "Tree / Forest",
        "land_use": "Vacant",
        "category": "Vegetation",
        "color_hex": "#00B400",
        "area_px": 2986.0,
        "area_sqm": 19.11,
        "area_hectares": 0.0019,
        "area_acres": 0.0047,
        "area_gaj": 22.86,
        "perimeter_m": 24.51,
        "vertex_count": 9,
        "confidence": 0.85,
        "verification_status": "Pending Review"
      }
    },
    {
      "type": "Feature",
      "id": "CAD-0355",
      "geometry": {
        "type": "Polygon",
        "coordinates": [
          [
            [
              1487.0,
              1227.0
            ],
            [
              1489.0,
              1228.0
            ],
            [
              1494.0,
              1240.0
            ],
            [
              1490.0,
              1254.0
            ],
            [
              1479.0,
              1272.0
            ],
            [
              1476.0,
              1274.0
            ],
            [
              1472.0,
              1270.0
            ],
            [
              1472.0,
              1256.0
            ],
            [
              1479.0,
              1233.0
            ],
            [
              1487.0,
              1227.0
            ]
          ]
        ]
      },
      "properties": {
        "parcel_id": "CAD-0355",
        "feature_type": "Tree / Forest",
        "land_use": "Vacant",
        "category": "Vegetation",
        "color_hex": "#00B400",
        "area_px": 524.5,
        "area_sqm": 3.36,
        "area_hectares": 0.0003,
        "area_acres": 0.0008,
        "area_gaj": 4.02,
        "perimeter_m": 8.66,
        "vertex_count": 10,
        "confidence": 0.85,
        "verification_status": "Pending Review"
      }
    },
    {
      "type": "Feature",
      "id": "CAD-0356",
      "geometry": {
        "type": "Polygon",
        "coordinates": [
          [
            [
              2515.0,
              1218.0
            ],
            [
              2511.0,
              1230.0
            ],
            [
              2480.0,
              1239.0
            ],
            [
              2476.0,
              1239.0
            ],
            [
              2472.0,
              1237.0
            ],
            [
              2465.0,
              1228.0
            ],
            [
              2466.0,
              1225.0
            ],
            [
              2475.0,
              1219.0
            ],
            [
              2493.0,
              1215.0
            ],
            [
              2512.0,
              1216.0
            ],
            [
              2515.0,
              1218.0
            ]
          ]
        ]
      },
      "properties": {
        "parcel_id": "CAD-0356",
        "feature_type": "Tree / Forest",
        "land_use": "Vacant",
        "category": "Vegetation",
        "color_hex": "#00B400",
        "area_px": 754.0,
        "area_sqm": 4.83,
        "area_hectares": 0.0005,
        "area_acres": 0.0012,
        "area_gaj": 5.78,
        "perimeter_m": 9.59,
        "vertex_count": 11,
        "confidence": 0.85,
        "verification_status": "Pending Review"
      }
    },
    {
      "type": "Feature",
      "id": "CAD-0357",
      "geometry": {
        "type": "Polygon",
        "coordinates": [
          [
            [
              2430.0,
              1253.0
            ],
            [
              2425.0,
              1254.0
            ],
            [
              2372.0,
              1240.0
            ],
            [
              2360.0,
              1232.0
            ],
            [
              2360.0,
              1230.0
            ],
            [
              2372.0,
              1221.0
            ],
            [
              2407.0,
              1212.0
            ],
            [
              2413.0,
              1216.0
            ],
            [
              2427.0,
              1239.0
            ],
            [
              2430.0,
              1253.0
            ]
          ]
        ]
      },
      "properties": {
        "parcel_id": "CAD-0357",
        "feature_type": "Tree / Forest",
        "land_use": "Vacant",
        "category": "Vegetation",
        "color_hex": "#00B400",
        "area_px": 1256.5,
        "area_sqm": 8.04,
        "area_hectares": 0.0008,
        "area_acres": 0.002,
        "area_gaj": 9.62,
        "perimeter_m": 14.07,
        "vertex_count": 10,
        "confidence": 0.85,
        "verification_status": "Pending Review"
      }
    },
    {
      "type": "Feature",
      "id": "CAD-0358",
      "geometry": {
        "type": "Polygon",
        "coordinates": [
          [
            [
              1657.0,
              1216.0
            ],
            [
              1657.0,
              1225.0
            ],
            [
              1653.0,
              1234.0
            ],
            [
              1637.0,
              1245.0
            ],
            [
              1626.0,
              1244.0
            ],
            [
              1623.0,
              1242.0
            ],
            [
              1617.0,
              1220.0
            ],
            [
              1618.0,
              1217.0
            ],
            [
              1626.0,
              1212.0
            ],
            [
              1647.0,
              1212.0
            ],
            [
              1657.0,
              1216.0
            ]
          ]
        ]
      },
      "properties": {
        "parcel_id": "CAD-0358",
        "feature_type": "Tree / Forest",
        "land_use": "Vacant",
        "category": "Vegetation",
        "color_hex": "#00B400",
        "area_px": 921.0,
        "area_sqm": 5.89,
        "area_hectares": 0.0006,
        "area_acres": 0.0015,
        "area_gaj": 7.04,
        "perimeter_m": 9.61,
        "vertex_count": 11,
        "confidence": 0.85,
        "verification_status": "Pending Review"
      }
    },
    {
      "type": "Feature",
      "id": "CAD-0359",
      "geometry": {
        "type": "Polygon",
        "coordinates": [
          [
            [
              2303.0,
              1212.0
            ],
            [
              2306.0,
              1302.0
            ],
            [
              2295.0,
              1324.0
            ],
            [
              2234.0,
              1329.0
            ],
            [
              2220.0,
              1326.0
            ],
            [
              2218.0,
              1317.0
            ],
            [
              2242.0,
              1233.0
            ],
            [
              2265.0,
              1218.0
            ],
            [
              2303.0,
              1212.0
            ]
          ]
        ]
      },
      "properties": {
        "parcel_id": "CAD-0359",
        "feature_type": "Tree / Forest",
        "land_use": "Vacant",
        "category": "Vegetation",
        "color_hex": "#00B400",
        "area_px": 5365.5,
        "area_sqm": 34.34,
        "area_hectares": 0.0034,
        "area_acres": 0.0085,
        "area_gaj": 41.07,
        "perimeter_m": 28.21,
        "vertex_count": 9,
        "confidence": 0.85,
        "verification_status": "Pending Review"
      }
    },
    {
      "type": "Feature",
      "id": "CAD-0360",
      "geometry": {
        "type": "Polygon",
        "coordinates": [
          [
            [
              3829.0,
              1216.0
            ],
            [
              3776.0,
              1230.0
            ],
            [
              3770.0,
              1229.0
            ],
            [
              3771.0,
              1224.0
            ],
            [
              3792.0,
              1212.0
            ],
            [
              3806.0,
              1206.0
            ],
            [
              3822.0,
              1210.0
            ],
            [
              3829.0,
              1216.0
            ]
          ]
        ]
      },
      "properties": {
        "parcel_id": "CAD-0360",
        "feature_type": "Tree / Forest",
        "land_use": "Vacant",
        "category": "Vegetation",
        "color_hex": "#00B400",
        "area_px": 465.5,
        "area_sqm": 2.98,
        "area_hectares": 0.0003,
        "area_acres": 0.0007,
        "area_gaj": 3.56,
        "perimeter_m": 10.49,
        "vertex_count": 8,
        "confidence": 0.85,
        "verification_status": "Pending Review"
      }
    },
    {
      "type": "Feature",
      "id": "CAD-0361",
      "geometry": {
        "type": "Polygon",
        "coordinates": [
          [
            [
              1068.0,
              1216.0
            ],
            [
              1072.0,
              1239.0
            ],
            [
              926.0,
              1400.0
            ],
            [
              754.0,
              1538.0
            ],
            [
              721.0,
              1527.0
            ],
            [
              729.0,
              1488.0
            ],
            [
              960.0,
              1237.0
            ],
            [
              1038.0,
              1203.0
            ],
            [
              1068.0,
              1216.0
            ]
          ]
        ]
      },
      "properties": {
        "parcel_id": "CAD-0361",
        "feature_type": "Tree / Forest",
        "land_use": "Vacant",
        "category": "Vegetation",
        "color_hex": "#00B400",
        "area_px": 24975.5,
        "area_sqm": 159.84,
        "area_hectares": 0.016,
        "area_acres": 0.0395,
        "area_gaj": 191.17,
        "perimeter_m": 79.58,
        "vertex_count": 9,
        "confidence": 0.85,
        "verification_status": "Pending Review"
      }
    },
    {
      "type": "Feature",
      "id": "CAD-0362",
      "geometry": {
        "type": "Polygon",
        "coordinates": [
          [
            [
              871.0,
              1203.0
            ],
            [
              885.0,
              1235.0
            ],
            [
              854.0,
              1294.0
            ],
            [
              351.0,
              1711.0
            ],
            [
              153.0,
              1793.0
            ],
            [
              132.0,
              1779.0
            ],
            [
              871.0,
              1203.0
            ]
          ]
        ]
      },
      "properties": {
        "parcel_id": "CAD-0362",
        "feature_type": "Tree / Forest",
        "land_use": "Vacant",
        "category": "Vegetation",
        "color_hex": "#00B400",
        "area_px": 30849.0,
        "area_sqm": 197.43,
        "area_hectares": 0.0197,
        "area_acres": 0.0488,
        "area_gaj": 236.13,
        "perimeter_m": 154.52,
        "vertex_count": 7,
        "confidence": 0.85,
        "verification_status": "Pending Review"
      }
    },
    {
      "type": "Feature",
      "id": "CAD-0363",
      "geometry": {
        "type": "Polygon",
        "coordinates": [
          [
            [
              1897.0,
              1200.0
            ],
            [
              1901.0,
              1208.0
            ],
            [
              1846.0,
              1319.0
            ],
            [
              1835.0,
              1304.0
            ],
            [
              1811.0,
              1240.0
            ],
            [
              1813.0,
              1216.0
            ],
            [
              1863.0,
              1201.0
            ],
            [
              1897.0,
              1200.0
            ]
          ]
        ]
      },
      "properties": {
        "parcel_id": "CAD-0363",
        "feature_type": "Tree / Forest",
        "land_use": "Vacant",
        "category": "Vegetation",
        "color_hex": "#00B400",
        "area_px": 2831.0,
        "area_sqm": 18.12,
        "area_hectares": 0.0018,
        "area_acres": 0.0045,
        "area_gaj": 21.67,
        "perimeter_m": 26.41,
        "vertex_count": 8,
        "confidence": 0.85,
        "verification_status": "Pending Review"
      }
    },
    {
      "type": "Feature",
      "id": "CAD-0364",
      "geometry": {
        "type": "Polygon",
        "coordinates": [
          [
            [
              2748.0,
              1203.0
            ],
            [
              2743.0,
              1215.0
            ],
            [
              2577.0,
              1305.0
            ],
            [
              2565.0,
              1303.0
            ],
            [
              2552.0,
              1289.0
            ],
            [
              2535.0,
              1226.0
            ],
            [
              2537.0,
              1211.0
            ],
            [
              2544.0,
              1207.0
            ],
            [
              2668.0,
              1199.0
            ],
            [
              2748.0,
              1203.0
            ]
          ]
        ]
      },
      "properties": {
        "parcel_id": "CAD-0364",
        "feature_type": "Tree / Forest",
        "land_use": "Vacant",
        "category": "Vegetation",
        "color_hex": "#00B400",
        "area_px": 6177.5,
        "area_sqm": 39.54,
        "area_hectares": 0.004,
        "area_acres": 0.0098,
        "area_gaj": 47.29,
        "perimeter_m": 42.07,
        "vertex_count": 10,
        "confidence": 0.85,
        "verification_status": "Pending Review"
      }
    },
    {
      "type": "Feature",
      "id": "CAD-0365",
      "geometry": {
        "type": "Polygon",
        "coordinates": [
          [
            [
              1329.0,
              1239.0
            ],
            [
              1327.0,
              1255.0
            ],
            [
              1312.0,
              1264.0
            ],
            [
              1256.0,
              1264.0
            ],
            [
              1200.0,
              1254.0
            ],
            [
              1194.0,
              1249.0
            ],
            [
              1204.0,
              1241.0
            ],
            [
              1292.0,
              1199.0
            ],
            [
              1327.0,
              1230.0
            ],
            [
              1329.0,
              1239.0
            ]
          ]
        ]
      },
      "properties": {
        "parcel_id": "CAD-0365",
        "feature_type": "Tree / Forest",
        "land_use": "Vacant",
        "category": "Vegetation",
        "color_hex": "#00B400",
        "area_px": 2904.0,
        "area_sqm": 18.59,
        "area_hectares": 0.0019,
        "area_acres": 0.0046,
        "area_gaj": 22.23,
        "perimeter_m": 25.65,
        "vertex_count": 10,
        "confidence": 0.85,
        "verification_status": "Pending Review"
      }
    },
    {
      "type": "Feature",
      "id": "CAD-0366",
      "geometry": {
        "type": "Polygon",
        "coordinates": [
          [
            [
              1136.0,
              1204.0
            ],
            [
              1163.0,
              1194.0
            ],
            [
              1169.0,
              1195.0
            ],
            [
              1189.0,
              1209.0
            ],
            [
              1191.0,
              1217.0
            ],
            [
              1187.0,
              1245.0
            ],
            [
              1166.0,
              1247.0
            ],
            [
              1146.0,
              1237.0
            ],
            [
              1136.0,
              1226.0
            ],
            [
              1134.0,
              1215.0
            ],
            [
              1136.0,
              1204.0
            ]
          ]
        ]
      },
      "properties": {
        "parcel_id": "CAD-0366",
        "feature_type": "Tree / Forest",
        "land_use": "Vacant",
        "category": "Vegetation",
        "color_hex": "#00B400",
        "area_px": 2144.0,
        "area_sqm": 13.72,
        "area_hectares": 0.0014,
        "area_acres": 0.0034,
        "area_gaj": 16.41,
        "perimeter_m": 14.12,
        "vertex_count": 11,
        "confidence": 0.85,
        "verification_status": "Pending Review"
      }
    },
    {
      "type": "Feature",
      "id": "CAD-0367",
      "geometry": {
        "type": "Polygon",
        "coordinates": [
          [
            [
              3228.0,
              1193.0
            ],
            [
              3230.0,
              1192.0
            ],
            [
              3237.0,
              1193.0
            ],
            [
              3248.0,
              1200.0
            ],
            [
              3256.0,
              1216.0
            ],
            [
              3257.0,
              1224.0
            ],
            [
              3245.0,
              1226.0
            ],
            [
              3223.0,
              1208.0
            ],
            [
              3223.0,
              1205.0
            ],
            [
              3228.0,
              1193.0
            ]
          ]
        ]
      },
      "properties": {
        "parcel_id": "CAD-0367",
        "feature_type": "Tree / Forest",
        "land_use": "Vacant",
        "category": "Vegetation",
        "color_hex": "#00B400",
        "area_px": 525.5,
        "area_sqm": 3.36,
        "area_hectares": 0.0003,
        "area_acres": 0.0008,
        "area_gaj": 4.02,
        "perimeter_m": 8.39,
        "vertex_count": 10,
        "confidence": 0.85,
        "verification_status": "Pending Review"
      }
    },
    {
      "type": "Feature",
      "id": "CAD-0368",
      "geometry": {
        "type": "Polygon",
        "coordinates": [
          [
            [
              3953.0,
              1189.0
            ],
            [
              3961.0,
              1176.0
            ],
            [
              3965.0,
              1174.0
            ],
            [
              3999.0,
              1193.0
            ],
            [
              3999.0,
              1202.0
            ],
            [
              3988.0,
              1203.0
            ],
            [
              3954.0,
              1193.0
            ],
            [
              3953.0,
              1189.0
            ]
          ]
        ]
      },
      "properties": {
        "parcel_id": "CAD-0368",
        "feature_type": "Tree / Forest",
        "land_use": "Vacant",
        "category": "Vegetation",
        "color_hex": "#00B400",
        "area_px": 529.5,
        "area_sqm": 3.39,
        "area_hectares": 0.0003,
        "area_acres": 0.0008,
        "area_gaj": 4.05,
        "perimeter_m": 9.46,
        "vertex_count": 8,
        "confidence": 0.85,
        "verification_status": "Pending Review"
      }
    },
    {
      "type": "Feature",
      "id": "CAD-0369",
      "geometry": {
        "type": "Polygon",
        "coordinates": [
          [
            [
              2400.0,
              1184.0
            ],
            [
              2393.0,
              1195.0
            ],
            [
              2384.0,
              1197.0
            ],
            [
              2338.0,
              1189.0
            ],
            [
              2335.0,
              1186.0
            ],
            [
              2337.0,
              1165.0
            ],
            [
              2355.0,
              1160.0
            ],
            [
              2392.0,
              1176.0
            ],
            [
              2400.0,
              1184.0
            ]
          ]
        ]
      },
      "properties": {
        "parcel_id": "CAD-0369",
        "feature_type": "Tree / Forest",
        "land_use": "Vacant",
        "category": "Vegetation",
        "color_hex": "#00B400",
        "area_px": 1239.0,
        "area_sqm": 7.93,
        "area_hectares": 0.0008,
        "area_acres": 0.002,
        "area_gaj": 9.48,
        "perimeter_m": 13.17,
        "vertex_count": 9,
        "confidence": 0.85,
        "verification_status": "Pending Review"
      }
    },
    {
      "type": "Feature",
      "id": "CAD-0370",
      "geometry": {
        "type": "Polygon",
        "coordinates": [
          [
            [
              2275.0,
              1170.0
            ],
            [
              2275.0,
              1175.0
            ],
            [
              2270.0,
              1188.0
            ],
            [
              2262.0,
              1194.0
            ],
            [
              2256.0,
              1195.0
            ],
            [
              2222.0,
              1182.0
            ],
            [
              2219.0,
              1168.0
            ],
            [
              2227.0,
              1164.0
            ],
            [
              2265.0,
              1160.0
            ],
            [
              2275.0,
              1170.0
            ]
          ]
        ]
      },
      "properties": {
        "parcel_id": "CAD-0370",
        "feature_type": "Tree / Forest",
        "land_use": "Vacant",
        "category": "Vegetation",
        "color_hex": "#00B400",
        "area_px": 1215.5,
        "area_sqm": 7.78,
        "area_hectares": 0.0008,
        "area_acres": 0.0019,
        "area_gaj": 9.3,
        "perimeter_m": 11.76,
        "vertex_count": 10,
        "confidence": 0.85,
        "verification_status": "Pending Review"
      }
    },
    {
      "type": "Feature",
      "id": "CAD-0371",
      "geometry": {
        "type": "Polygon",
        "coordinates": [
          [
            [
              920.0,
              1159.0
            ],
            [
              924.0,
              1162.0
            ],
            [
              929.0,
              1178.0
            ],
            [
              929.0,
              1191.0
            ],
            [
              922.0,
              1199.0
            ],
            [
              909.0,
              1203.0
            ],
            [
              905.0,
              1201.0
            ],
            [
              896.0,
              1189.0
            ],
            [
              897.0,
              1180.0
            ],
            [
              902.0,
              1167.0
            ],
            [
              909.0,
              1162.0
            ],
            [
              920.0,
              1159.0
            ]
          ]
        ]
      },
      "properties": {
        "parcel_id": "CAD-0371",
        "feature_type": "Tree / Forest",
        "land_use": "Vacant",
        "category": "Vegetation",
        "color_hex": "#00B400",
        "area_px": 997.0,
        "area_sqm": 6.38,
        "area_hectares": 0.0006,
        "area_acres": 0.0016,
        "area_gaj": 7.63,
        "perimeter_m": 9.72,
        "vertex_count": 12,
        "confidence": 0.85,
        "verification_status": "Pending Review"
      }
    },
    {
      "type": "Feature",
      "id": "CAD-0372",
      "geometry": {
        "type": "Polygon",
        "coordinates": [
          [
            [
              2587.0,
              1167.0
            ],
            [
              2585.0,
              1177.0
            ],
            [
              2577.0,
              1184.0
            ],
            [
              2558.0,
              1188.0
            ],
            [
              2545.0,
              1188.0
            ],
            [
              2540.0,
              1186.0
            ],
            [
              2542.0,
              1171.0
            ],
            [
              2565.0,
              1158.0
            ],
            [
              2571.0,
              1159.0
            ],
            [
              2587.0,
              1167.0
            ]
          ]
        ]
      },
      "properties": {
        "parcel_id": "CAD-0372",
        "feature_type": "Tree / Forest",
        "land_use": "Vacant",
        "category": "Vegetation",
        "color_hex": "#00B400",
        "area_px": 462.5,
        "area_sqm": 2.96,
        "area_hectares": 0.0003,
        "area_acres": 0.0007,
        "area_gaj": 3.54,
        "perimeter_m": 9.93,
        "vertex_count": 10,
        "confidence": 0.85,
        "verification_status": "Pending Review"
      }
    },
    {
      "type": "Feature",
      "id": "CAD-0373",
      "geometry": {
        "type": "Polygon",
        "coordinates": [
          [
            [
              104.0,
              1191.0
            ],
            [
              82.0,
              1196.0
            ],
            [
              29.0,
              1189.0
            ],
            [
              0.0,
              1180.0
            ],
            [
              0.0,
              1153.0
            ],
            [
              96.0,
              1170.0
            ],
            [
              104.0,
              1178.0
            ],
            [
              104.0,
              1191.0
            ]
          ]
        ]
      },
      "properties": {
        "parcel_id": "CAD-0373",
        "feature_type": "Tree / Forest",
        "land_use": "Vacant",
        "category": "Vegetation",
        "color_hex": "#00B400",
        "area_px": 2467.0,
        "area_sqm": 15.79,
        "area_hectares": 0.0016,
        "area_acres": 0.0039,
        "area_gaj": 18.88,
        "perimeter_m": 20.42,
        "vertex_count": 8,
        "confidence": 0.85,
        "verification_status": "Pending Review"
      }
    },
    {
      "type": "Feature",
      "id": "CAD-0374",
      "geometry": {
        "type": "Polygon",
        "coordinates": [
          [
            [
              3125.0,
              1205.0
            ],
            [
              3133.0,
              1158.0
            ],
            [
              3142.0,
              1152.0
            ],
            [
              3206.0,
              1180.0
            ],
            [
              3206.0,
              1191.0
            ],
            [
              3140.0,
              1210.0
            ],
            [
              3125.0,
              1205.0
            ]
          ]
        ]
      },
      "properties": {
        "parcel_id": "CAD-0374",
        "feature_type": "Tree / Forest",
        "land_use": "Vacant",
        "category": "Vegetation",
        "color_hex": "#00B400",
        "area_px": 1662.5,
        "area_sqm": 10.64,
        "area_hectares": 0.0011,
        "area_acres": 0.0026,
        "area_gaj": 12.73,
        "perimeter_m": 17.91,
        "vertex_count": 7,
        "confidence": 0.85,
        "verification_status": "Pending Review"
      }
    },
    {
      "type": "Feature",
      "id": "CAD-0375",
      "geometry": {
        "type": "Polygon",
        "coordinates": [
          [
            [
              2151.0,
              1149.0
            ],
            [
              2142.0,
              1167.0
            ],
            [
              2128.0,
              1176.0
            ],
            [
              2086.0,
              1177.0
            ],
            [
              2060.0,
              1173.0
            ],
            [
              2055.0,
              1170.0
            ],
            [
              2059.0,
              1166.0
            ],
            [
              2132.0,
              1136.0
            ],
            [
              2143.0,
              1139.0
            ],
            [
              2151.0,
              1149.0
            ]
          ]
        ]
      },
      "properties": {
        "parcel_id": "CAD-0375",
        "feature_type": "Tree / Forest",
        "land_use": "Vacant",
        "category": "Vegetation",
        "color_hex": "#00B400",
        "area_px": 1586.0,
        "area_sqm": 10.15,
        "area_hectares": 0.001,
        "area_acres": 0.0025,
        "area_gaj": 12.14,
        "perimeter_m": 17.58,
        "vertex_count": 10,
        "confidence": 0.85,
        "verification_status": "Pending Review"
      }
    },
    {
      "type": "Feature",
      "id": "CAD-0376",
      "geometry": {
        "type": "Polygon",
        "coordinates": [
          [
            [
              953.0,
              1136.0
            ],
            [
              959.0,
              1133.0
            ],
            [
              964.0,
              1133.0
            ],
            [
              991.0,
              1146.0
            ],
            [
              1002.0,
              1160.0
            ],
            [
              1001.0,
              1167.0
            ],
            [
              988.0,
              1175.0
            ],
            [
              979.0,
              1174.0
            ],
            [
              960.0,
              1153.0
            ],
            [
              955.0,
              1145.0
            ],
            [
              953.0,
              1136.0
            ]
          ]
        ]
      },
      "properties": {
        "parcel_id": "CAD-0376",
        "feature_type": "Tree / Forest",
        "land_use": "Vacant",
        "category": "Vegetation",
        "color_hex": "#00B400",
        "area_px": 936.5,
        "area_sqm": 5.99,
        "area_hectares": 0.0006,
        "area_acres": 0.0015,
        "area_gaj": 7.16,
        "perimeter_m": 11.03,
        "vertex_count": 11,
        "confidence": 0.85,
        "verification_status": "Pending Review"
      }
    },
    {
      "type": "Feature",
      "id": "CAD-0377",
      "geometry": {
        "type": "Polygon",
        "coordinates": [
          [
            [
              2827.0,
              1119.0
            ],
            [
              2827.0,
              1145.0
            ],
            [
              2799.0,
              1175.0
            ],
            [
              2733.0,
              1177.0
            ],
            [
              2721.0,
              1168.0
            ],
            [
              2723.0,
              1163.0
            ],
            [
              2823.0,
              1117.0
            ],
            [
              2827.0,
              1119.0
            ]
          ]
        ]
      },
      "properties": {
        "parcel_id": "CAD-0377",
        "feature_type": "Tree / Forest",
        "land_use": "Vacant",
        "category": "Vegetation",
        "color_hex": "#00B400",
        "area_px": 1156.0,
        "area_sqm": 7.4,
        "area_hectares": 0.0007,
        "area_acres": 0.0018,
        "area_gaj": 8.85,
        "perimeter_m": 21.44,
        "vertex_count": 8,
        "confidence": 0.85,
        "verification_status": "Pending Review"
      }
    },
    {
      "type": "Feature",
      "id": "CAD-0378",
      "geometry": {
        "type": "Polygon",
        "coordinates": [
          [
            [
              3930.0,
              1106.0
            ],
            [
              3954.0,
              1113.0
            ],
            [
              3965.0,
              1119.0
            ],
            [
              3951.0,
              1155.0
            ],
            [
              3943.0,
              1160.0
            ],
            [
              3920.0,
              1137.0
            ],
            [
              3917.0,
              1131.0
            ],
            [
              3919.0,
              1120.0
            ],
            [
              3924.0,
              1110.0
            ],
            [
              3930.0,
              1106.0
            ]
          ]
        ]
      },
      "properties": {
        "parcel_id": "CAD-0378",
        "feature_type": "Tree / Forest",
        "land_use": "Vacant",
        "category": "Vegetation",
        "color_hex": "#00B400",
        "area_px": 1499.5,
        "area_sqm": 9.6,
        "area_hectares": 0.001,
        "area_acres": 0.0024,
        "area_gaj": 11.48,
        "perimeter_m": 12.35,
        "vertex_count": 10,
        "confidence": 0.85,
        "verification_status": "Pending Review"
      }
    },
    {
      "type": "Feature",
      "id": "CAD-0379",
      "geometry": {
        "type": "Polygon",
        "coordinates": [
          [
            [
              1915.0,
              1124.0
            ],
            [
              1944.0,
              1105.0
            ],
            [
              1950.0,
              1106.0
            ],
            [
              1998.0,
              1156.0
            ],
            [
              2001.0,
              1171.0
            ],
            [
              1982.0,
              1180.0
            ],
            [
              1932.0,
              1166.0
            ],
            [
              1913.0,
              1150.0
            ],
            [
              1915.0,
              1124.0
            ]
          ]
        ]
      },
      "properties": {
        "parcel_id": "CAD-0379",
        "feature_type": "Tree / Forest",
        "land_use": "Vacant",
        "category": "Vegetation",
        "color_hex": "#00B400",
        "area_px": 2276.5,
        "area_sqm": 14.57,
        "area_hectares": 0.0015,
        "area_acres": 0.0036,
        "area_gaj": 17.43,
        "perimeter_m": 19.94,
        "vertex_count": 9,
        "confidence": 0.85,
        "verification_status": "Pending Review"
      }
    },
    {
      "type": "Feature",
      "id": "CAD-0380",
      "geometry": {
        "type": "Polygon",
        "coordinates": [
          [
            [
              3881.0,
              1106.0
            ],
            [
              3883.0,
              1116.0
            ],
            [
              3882.0,
              1129.0
            ],
            [
              3863.0,
              1143.0
            ],
            [
              3848.0,
              1148.0
            ],
            [
              3839.0,
              1146.0
            ],
            [
              3832.0,
              1141.0
            ],
            [
              3821.0,
              1116.0
            ],
            [
              3826.0,
              1107.0
            ],
            [
              3856.0,
              1097.0
            ],
            [
              3869.0,
              1099.0
            ],
            [
              3881.0,
              1106.0
            ]
          ]
        ]
      },
      "properties": {
        "parcel_id": "CAD-0380",
        "feature_type": "Tree / Forest",
        "land_use": "Vacant",
        "category": "Vegetation",
        "color_hex": "#00B400",
        "area_px": 2212.5,
        "area_sqm": 14.16,
        "area_hectares": 0.0014,
        "area_acres": 0.0035,
        "area_gaj": 16.94,
        "perimeter_m": 14.14,
        "vertex_count": 12,
        "confidence": 0.85,
        "verification_status": "Pending Review"
      }
    },
    {
      "type": "Feature",
      "id": "CAD-0381",
      "geometry": {
        "type": "Polygon",
        "coordinates": [
          [
            [
              2837.0,
              1245.0
            ],
            [
              2835.0,
              1179.0
            ],
            [
              2881.0,
              1105.0
            ],
            [
              2921.0,
              1087.0
            ],
            [
              3105.0,
              1152.0
            ],
            [
              3053.0,
              1191.0
            ],
            [
              2962.0,
              1225.0
            ],
            [
              2837.0,
              1245.0
            ]
          ]
        ]
      },
      "properties": {
        "parcel_id": "CAD-0381",
        "feature_type": "Tree / Forest",
        "land_use": "Vacant",
        "category": "Vegetation",
        "color_hex": "#00B400",
        "area_px": 10940.5,
        "area_sqm": 70.02,
        "area_hectares": 0.007,
        "area_acres": 0.0173,
        "area_gaj": 83.74,
        "perimeter_m": 54.47,
        "vertex_count": 8,
        "confidence": 0.85,
        "verification_status": "Pending Review"
      }
    },
    {
      "type": "Feature",
      "id": "CAD-0382",
      "geometry": {
        "type": "Polygon",
        "coordinates": [
          [
            [
              154.0,
              1087.0
            ],
            [
              160.0,
              1086.0
            ],
            [
              175.0,
              1089.0
            ],
            [
              184.0,
              1104.0
            ],
            [
              184.0,
              1108.0
            ],
            [
              181.0,
              1113.0
            ],
            [
              173.0,
              1119.0
            ],
            [
              164.0,
              1121.0
            ],
            [
              151.0,
              1117.0
            ],
            [
              145.0,
              1111.0
            ],
            [
              148.0,
              1094.0
            ],
            [
              154.0,
              1087.0
            ]
          ]
        ]
      },
      "properties": {
        "parcel_id": "CAD-0382",
        "feature_type": "Tree / Forest",
        "land_use": "Vacant",
        "category": "Vegetation",
        "color_hex": "#00B400",
        "area_px": 970.0,
        "area_sqm": 6.21,
        "area_hectares": 0.0006,
        "area_acres": 0.0015,
        "area_gaj": 7.43,
        "perimeter_m": 9.32,
        "vertex_count": 12,
        "confidence": 0.85,
        "verification_status": "Pending Review"
      }
    },
    {
      "type": "Feature",
      "id": "CAD-0383",
      "geometry": {
        "type": "Polygon",
        "coordinates": [
          [
            [
              776.0,
              1089.0
            ],
            [
              335.0,
              1165.0
            ],
            [
              338.0,
              1133.0
            ],
            [
              547.0,
              1081.0
            ],
            [
              766.0,
              1080.0
            ],
            [
              776.0,
              1089.0
            ]
          ]
        ]
      },
      "properties": {
        "parcel_id": "CAD-0383",
        "feature_type": "Tree / Forest",
        "land_use": "Vacant",
        "category": "Vegetation",
        "color_hex": "#00B400",
        "area_px": 8439.5,
        "area_sqm": 54.01,
        "area_hectares": 0.0054,
        "area_acres": 0.0133,
        "area_gaj": 64.6,
        "perimeter_m": 74.2,
        "vertex_count": 6,
        "confidence": 0.85,
        "verification_status": "Pending Review"
      }
    },
    {
      "type": "Feature",
      "id": "CAD-0384",
      "geometry": {
        "type": "Polygon",
        "coordinates": [
          [
            [
              3983.0,
              1079.0
            ],
            [
              3984.0,
              1084.0
            ],
            [
              3982.0,
              1089.0
            ],
            [
              3973.0,
              1097.0
            ],
            [
              3969.0,
              1099.0
            ],
            [
              3957.0,
              1099.0
            ],
            [
              3952.0,
              1097.0
            ],
            [
              3947.0,
              1093.0
            ],
            [
              3947.0,
              1087.0
            ],
            [
              3953.0,
              1077.0
            ],
            [
              3966.0,
              1074.0
            ],
            [
              3975.0,
              1074.0
            ],
            [
              3983.0,
              1079.0
            ]
          ]
        ]
      },
      "properties": {
        "parcel_id": "CAD-0384",
        "feature_type": "Tree / Forest",
        "land_use": "Vacant",
        "category": "Vegetation",
        "color_hex": "#00B400",
        "area_px": 700.5,
        "area_sqm": 4.48,
        "area_hectares": 0.0004,
        "area_acres": 0.0011,
        "area_gaj": 5.36,
        "perimeter_m": 8.02,
        "vertex_count": 13,
        "confidence": 0.85,
        "verification_status": "Pending Review"
      }
    },
    {
      "type": "Feature",
      "id": "CAD-0385",
      "geometry": {
        "type": "Polygon",
        "coordinates": [
          [
            [
              2237.0,
              1081.0
            ],
            [
              2237.0,
              1083.0
            ],
            [
              2193.0,
              1103.0
            ],
            [
              2189.0,
              1102.0
            ],
            [
              2186.0,
              1099.0
            ],
            [
              2187.0,
              1084.0
            ],
            [
              2203.0,
              1073.0
            ],
            [
              2218.0,
              1073.0
            ],
            [
              2237.0,
              1081.0
            ]
          ]
        ]
      },
      "properties": {
        "parcel_id": "CAD-0385",
        "feature_type": "Tree / Forest",
        "land_use": "Vacant",
        "category": "Vegetation",
        "color_hex": "#00B400",
        "area_px": 630.5,
        "area_sqm": 4.04,
        "area_hectares": 0.0004,
        "area_acres": 0.001,
        "area_gaj": 4.83,
        "perimeter_m": 10.3,
        "vertex_count": 9,
        "confidence": 0.85,
        "verification_status": "Pending Review"
      }
    },
    {
      "type": "Feature",
      "id": "CAD-0386",
      "geometry": {
        "type": "Polygon",
        "coordinates": [
          [
            [
              1606.0,
              1068.0
            ],
            [
              1615.0,
              1071.0
            ],
            [
              1621.0,
              1076.0
            ],
            [
              1631.0,
              1131.0
            ],
            [
              1631.0,
              1138.0
            ],
            [
              1619.0,
              1147.0
            ],
            [
              1613.0,
              1146.0
            ],
            [
              1595.0,
              1127.0
            ],
            [
              1591.0,
              1119.0
            ],
            [
              1591.0,
              1094.0
            ],
            [
              1596.0,
              1081.0
            ],
            [
              1606.0,
              1068.0
            ]
          ]
        ]
      },
      "properties": {
        "parcel_id": "CAD-0386",
        "feature_type": "Tree / Forest",
        "land_use": "Vacant",
        "category": "Vegetation",
        "color_hex": "#00B400",
        "area_px": 1618.5,
        "area_sqm": 10.36,
        "area_hectares": 0.001,
        "area_acres": 0.0026,
        "area_gaj": 12.39,
        "perimeter_m": 15.34,
        "vertex_count": 12,
        "confidence": 0.85,
        "verification_status": "Pending Review"
      }
    },
    {
      "type": "Feature",
      "id": "CAD-0387",
      "geometry": {
        "type": "Polygon",
        "coordinates": [
          [
            [
              939.0,
              1058.0
            ],
            [
              454.0,
              1518.0
            ],
            [
              222.0,
              1673.0
            ],
            [
              0.0,
              1774.0
            ],
            [
              939.0,
              1058.0
            ]
          ]
        ]
      },
      "properties": {
        "parcel_id": "CAD-0387",
        "feature_type": "Tree / Forest",
        "land_use": "Vacant",
        "category": "Vegetation",
        "color_hex": "#00B400",
        "area_px": 26371.5,
        "area_sqm": 168.78,
        "area_hectares": 0.0169,
        "area_acres": 0.0417,
        "area_gaj": 201.86,
        "perimeter_m": 189.78,
        "vertex_count": 5,
        "confidence": 0.85,
        "verification_status": "Pending Review"
      }
    },
    {
      "type": "Feature",
      "id": "CAD-0388",
      "geometry": {
        "type": "Polygon",
        "coordinates": [
          [
            [
              3014.0,
              1063.0
            ],
            [
              3018.0,
              1056.0
            ],
            [
              3022.0,
              1054.0
            ],
            [
              3066.0,
              1065.0
            ],
            [
              3074.0,
              1069.0
            ],
            [
              3086.0,
              1083.0
            ],
            [
              3079.0,
              1086.0
            ],
            [
              3017.0,
              1076.0
            ],
            [
              3013.0,
              1072.0
            ],
            [
              3014.0,
              1063.0
            ]
          ]
        ]
      },
      "properties": {
        "parcel_id": "CAD-0388",
        "feature_type": "Tree / Forest",
        "land_use": "Vacant",
        "category": "Vegetation",
        "color_hex": "#00B400",
        "area_px": 844.0,
        "area_sqm": 5.4,
        "area_hectares": 0.0005,
        "area_acres": 0.0013,
        "area_gaj": 6.46,
        "perimeter_m": 13.63,
        "vertex_count": 10,
        "confidence": 0.85,
        "verification_status": "Pending Review"
      }
    },
    {
      "type": "Feature",
      "id": "CAD-0389",
      "geometry": {
        "type": "Polygon",
        "coordinates": [
          [
            [
              3546.0,
              1053.0
            ],
            [
              3550.0,
              1054.0
            ],
            [
              3561.0,
              1064.0
            ],
            [
              3585.0,
              1096.0
            ],
            [
              3584.0,
              1101.0
            ],
            [
              3567.0,
              1114.0
            ],
            [
              3558.0,
              1112.0
            ],
            [
              3538.0,
              1101.0
            ],
            [
              3527.0,
              1087.0
            ],
            [
              3528.0,
              1081.0
            ],
            [
              3539.0,
              1060.0
            ],
            [
              3546.0,
              1053.0
            ]
          ]
        ]
      },
      "properties": {
        "parcel_id": "CAD-0389",
        "feature_type": "Tree / Forest",
        "land_use": "Vacant",
        "category": "Vegetation",
        "color_hex": "#00B400",
        "area_px": 1888.0,
        "area_sqm": 12.08,
        "area_hectares": 0.0012,
        "area_acres": 0.003,
        "area_gaj": 14.45,
        "perimeter_m": 14.0,
        "vertex_count": 12,
        "confidence": 0.85,
        "verification_status": "Pending Review"
      }
    },
    {
      "type": "Feature",
      "id": "CAD-0390",
      "geometry": {
        "type": "Polygon",
        "coordinates": [
          [
            [
              868.0,
              1042.0
            ],
            [
              877.0,
              1066.0
            ],
            [
              863.0,
              1079.0
            ],
            [
              855.0,
              1082.0
            ],
            [
              800.0,
              1089.0
            ],
            [
              795.0,
              1086.0
            ],
            [
              793.0,
              1079.0
            ],
            [
              833.0,
              1050.0
            ],
            [
              847.0,
              1043.0
            ],
            [
              868.0,
              1042.0
            ]
          ]
        ]
      },
      "properties": {
        "parcel_id": "CAD-0390",
        "feature_type": "Tree / Forest",
        "land_use": "Vacant",
        "category": "Vegetation",
        "color_hex": "#00B400",
        "area_px": 1358.0,
        "area_sqm": 8.69,
        "area_hectares": 0.0009,
        "area_acres": 0.0021,
        "area_gaj": 10.39,
        "perimeter_m": 16.63,
        "vertex_count": 10,
        "confidence": 0.85,
        "verification_status": "Pending Review"
      }
    },
    {
      "type": "Feature",
      "id": "CAD-0391",
      "geometry": {
        "type": "Polygon",
        "coordinates": [
          [
            [
              3012.0,
              1040.0
            ],
            [
              3012.0,
              1045.0
            ],
            [
              3000.0,
              1053.0
            ],
            [
              2985.0,
              1057.0
            ],
            [
              2971.0,
              1051.0
            ],
            [
              2968.0,
              1045.0
            ],
            [
              2968.0,
              1043.0
            ],
            [
              2984.0,
              1036.0
            ],
            [
              3012.0,
              1040.0
            ]
          ]
        ]
      },
      "properties": {
        "parcel_id": "CAD-0391",
        "feature_type": "Tree / Forest",
        "land_use": "Vacant",
        "category": "Vegetation",
        "color_hex": "#00B400",
        "area_px": 521.0,
        "area_sqm": 3.33,
        "area_hectares": 0.0003,
        "area_acres": 0.0008,
        "area_gaj": 3.98,
        "perimeter_m": 8.37,
        "vertex_count": 9,
        "confidence": 0.85,
        "verification_status": "Pending Review"
      }
    },
    {
      "type": "Feature",
      "id": "CAD-0392",
      "geometry": {
        "type": "Polygon",
        "coordinates": [
          [
            [
              468.0,
              1037.0
            ],
            [
              485.0,
              1035.0
            ],
            [
              496.0,
              1040.0
            ],
            [
              508.0,
              1059.0
            ],
            [
              509.0,
              1064.0
            ],
            [
              507.0,
              1065.0
            ],
            [
              486.0,
              1056.0
            ],
            [
              469.0,
              1041.0
            ],
            [
              468.0,
              1037.0
            ]
          ]
        ]
      },
      "properties": {
        "parcel_id": "CAD-0392",
        "feature_type": "Tree / Forest",
        "land_use": "Vacant",
        "category": "Vegetation",
        "color_hex": "#00B400",
        "area_px": 544.5,
        "area_sqm": 3.48,
        "area_hectares": 0.0003,
        "area_acres": 0.0009,
        "area_gaj": 4.16,
        "perimeter_m": 8.69,
        "vertex_count": 9,
        "confidence": 0.85,
        "verification_status": "Pending Review"
      }
    },
    {
      "type": "Feature",
      "id": "CAD-0393",
      "geometry": {
        "type": "Polygon",
        "coordinates": [
          [
            [
              1885.0,
              1042.0
            ],
            [
              1885.0,
              1044.0
            ],
            [
              1876.0,
              1051.0
            ],
            [
              1850.0,
              1058.0
            ],
            [
              1840.0,
              1057.0
            ],
            [
              1835.0,
              1053.0
            ],
            [
              1842.0,
              1038.0
            ],
            [
              1852.0,
              1034.0
            ],
            [
              1885.0,
              1042.0
            ]
          ]
        ]
      },
      "properties": {
        "parcel_id": "CAD-0393",
        "feature_type": "Tree / Forest",
        "land_use": "Vacant",
        "category": "Vegetation",
        "color_hex": "#00B400",
        "area_px": 505.0,
        "area_sqm": 3.23,
        "area_hectares": 0.0003,
        "area_acres": 0.0008,
        "area_gaj": 3.86,
        "perimeter_m": 9.44,
        "vertex_count": 9,
        "confidence": 0.85,
        "verification_status": "Pending Review"
      }
    },
    {
      "type": "Feature",
      "id": "CAD-0394",
      "geometry": {
        "type": "Polygon",
        "coordinates": [
          [
            [
              2230.0,
              1032.0
            ],
            [
              2244.0,
              1042.0
            ],
            [
              2246.0,
              1064.0
            ],
            [
              2244.0,
              1065.0
            ],
            [
              2236.0,
              1065.0
            ],
            [
              2218.0,
              1051.0
            ],
            [
              2217.0,
              1049.0
            ],
            [
              2218.0,
              1045.0
            ],
            [
              2228.0,
              1033.0
            ],
            [
              2230.0,
              1032.0
            ]
          ]
        ]
      },
      "properties": {
        "parcel_id": "CAD-0394",
        "feature_type": "Tree / Forest",
        "land_use": "Vacant",
        "category": "Vegetation",
        "color_hex": "#00B400",
        "area_px": 586.5,
        "area_sqm": 3.75,
        "area_hectares": 0.0004,
        "area_acres": 0.0009,
        "area_gaj": 4.48,
        "perimeter_m": 7.72,
        "vertex_count": 10,
        "confidence": 0.85,
        "verification_status": "Pending Review"
      }
    },
    {
      "type": "Feature",
      "id": "CAD-0395",
      "geometry": {
        "type": "Polygon",
        "coordinates": [
          [
            [
              2555.0,
              997.0
            ],
            [
              2553.0,
              1009.0
            ],
            [
              2549.0,
              1015.0
            ],
            [
              2533.0,
              1023.0
            ],
            [
              2497.0,
              1017.0
            ],
            [
              2495.0,
              1010.0
            ],
            [
              2495.0,
              1001.0
            ],
            [
              2549.0,
              995.0
            ],
            [
              2555.0,
              997.0
            ]
          ]
        ]
      },
      "properties": {
        "parcel_id": "CAD-0395",
        "feature_type": "Tree / Forest",
        "land_use": "Vacant",
        "category": "Vegetation",
        "color_hex": "#00B400",
        "area_px": 709.0,
        "area_sqm": 4.54,
        "area_hectares": 0.0005,
        "area_acres": 0.0011,
        "area_gaj": 5.43,
        "perimeter_m": 12.06,
        "vertex_count": 9,
        "confidence": 0.85,
        "verification_status": "Pending Review"
      }
    },
    {
      "type": "Feature",
      "id": "CAD-0396",
      "geometry": {
        "type": "Polygon",
        "coordinates": [
          [
            [
              2069.0,
              967.0
            ],
            [
              2073.0,
              969.0
            ],
            [
              2069.0,
              1014.0
            ],
            [
              2067.0,
              1022.0
            ],
            [
              2057.0,
              1029.0
            ],
            [
              2046.0,
              1020.0
            ],
            [
              2046.0,
              1009.0
            ],
            [
              2051.0,
              975.0
            ],
            [
              2057.0,
              968.0
            ],
            [
              2069.0,
              967.0
            ]
          ]
        ]
      },
      "properties": {
        "parcel_id": "CAD-0396",
        "feature_type": "Tree / Forest",
        "land_use": "Vacant",
        "category": "Vegetation",
        "color_hex": "#00B400",
        "area_px": 851.5,
        "area_sqm": 5.45,
        "area_hectares": 0.0005,
        "area_acres": 0.0013,
        "area_gaj": 6.52,
        "perimeter_m": 12.08,
        "vertex_count": 10,
        "confidence": 0.85,
        "verification_status": "Pending Review"
      }
    },
    {
      "type": "Feature",
      "id": "CAD-0397",
      "geometry": {
        "type": "Polygon",
        "coordinates": [
          [
            [
              2321.0,
              970.0
            ],
            [
              2319.0,
              976.0
            ],
            [
              2308.0,
              982.0
            ],
            [
              2296.0,
              985.0
            ],
            [
              2271.0,
              985.0
            ],
            [
              2268.0,
              983.0
            ],
            [
              2268.0,
              978.0
            ],
            [
              2272.0,
              969.0
            ],
            [
              2295.0,
              962.0
            ],
            [
              2316.0,
              966.0
            ],
            [
              2321.0,
              970.0
            ]
          ]
        ]
      },
      "properties": {
        "parcel_id": "CAD-0397",
        "feature_type": "Tree / Forest",
        "land_use": "Vacant",
        "category": "Vegetation",
        "color_hex": "#00B400",
        "area_px": 850.0,
        "area_sqm": 5.44,
        "area_hectares": 0.0005,
        "area_acres": 0.0013,
        "area_gaj": 6.51,
        "perimeter_m": 10.12,
        "vertex_count": 11,
        "confidence": 0.85,
        "verification_status": "Pending Review"
      }
    },
    {
      "type": "Feature",
      "id": "CAD-0398",
      "geometry": {
        "type": "Polygon",
        "coordinates": [
          [
            [
              114.0,
              958.0
            ],
            [
              187.0,
              976.0
            ],
            [
              319.0,
              1097.0
            ],
            [
              330.0,
              1163.0
            ],
            [
              154.0,
              1317.0
            ],
            [
              102.0,
              1046.0
            ],
            [
              114.0,
              958.0
            ]
          ]
        ]
      },
      "properties": {
        "parcel_id": "CAD-0398",
        "feature_type": "Tree / Forest",
        "land_use": "Vacant",
        "category": "Vegetation",
        "color_hex": "#00B400",
        "area_px": 26534.0,
        "area_sqm": 169.82,
        "area_hectares": 0.017,
        "area_acres": 0.042,
        "area_gaj": 203.1,
        "perimeter_m": 73.58,
        "vertex_count": 7,
        "confidence": 0.85,
        "verification_status": "Pending Review"
      }
    },
    {
      "type": "Feature",
      "id": "CAD-0399",
      "geometry": {
        "type": "Polygon",
        "coordinates": [
          [
            [
              2374.0,
              973.0
            ],
            [
              2374.0,
              976.0
            ],
            [
              2370.0,
              978.0
            ],
            [
              2349.0,
              979.0
            ],
            [
              2338.0,
              977.0
            ],
            [
              2335.0,
              975.0
            ],
            [
              2336.0,
              970.0
            ],
            [
              2356.0,
              956.0
            ],
            [
              2367.0,
              964.0
            ],
            [
              2374.0,
              973.0
            ]
          ]
        ]
      },
      "properties": {
        "parcel_id": "CAD-0399",
        "feature_type": "Tree / Forest",
        "land_use": "Vacant",
        "category": "Vegetation",
        "color_hex": "#00B400",
        "area_px": 486.0,
        "area_sqm": 3.11,
        "area_hectares": 0.0003,
        "area_acres": 0.0008,
        "area_gaj": 3.72,
        "perimeter_m": 7.82,
        "vertex_count": 10,
        "confidence": 0.85,
        "verification_status": "Pending Review"
      }
    },
    {
      "type": "Feature",
      "id": "CAD-0400",
      "geometry": {
        "type": "Polygon",
        "coordinates": [
          [
            [
              1947.0,
              948.0
            ],
            [
              1960.0,
              960.0
            ],
            [
              1959.0,
              974.0
            ],
            [
              1951.0,
              984.0
            ],
            [
              1935.0,
              988.0
            ],
            [
              1933.0,
              987.0
            ],
            [
              1931.0,
              958.0
            ],
            [
              1937.0,
              950.0
            ],
            [
              1941.0,
              948.0
            ],
            [
              1947.0,
              948.0
            ]
          ]
        ]
      },
      "properties": {
        "parcel_id": "CAD-0400",
        "feature_type": "Tree / Forest",
        "land_use": "Vacant",
        "category": "Vegetation",
        "color_hex": "#00B400",
        "area_px": 857.5,
        "area_sqm": 5.49,
        "area_hectares": 0.0005,
        "area_acres": 0.0014,
        "area_gaj": 6.57,
        "perimeter_m": 9.02,
        "vertex_count": 10,
        "confidence": 0.85,
        "verification_status": "Pending Review"
      }
    },
    {
      "type": "Feature",
      "id": "CAD-0401",
      "geometry": {
        "type": "Polygon",
        "coordinates": [
          [
            [
              960.0,
              932.0
            ],
            [
              960.0,
              934.0
            ],
            [
              946.0,
              947.0
            ],
            [
              920.0,
              958.0
            ],
            [
              918.0,
              957.0
            ],
            [
              920.0,
              947.0
            ],
            [
              929.0,
              935.0
            ],
            [
              939.0,
              932.0
            ],
            [
              951.0,
              931.0
            ],
            [
              960.0,
              932.0
            ]
          ]
        ]
      },
      "properties": {
        "parcel_id": "CAD-0401",
        "feature_type": "Tree / Forest",
        "land_use": "Vacant",
        "category": "Vegetation",
        "color_hex": "#00B400",
        "area_px": 459.0,
        "area_sqm": 2.94,
        "area_hectares": 0.0003,
        "area_acres": 0.0007,
        "area_gaj": 3.52,
        "perimeter_m": 8.66,
        "vertex_count": 10,
        "confidence": 0.85,
        "verification_status": "Pending Review"
      }
    },
    {
      "type": "Feature",
      "id": "CAD-0402",
      "geometry": {
        "type": "Polygon",
        "coordinates": [
          [
            [
              1381.0,
              940.0
            ],
            [
              1390.0,
              990.0
            ],
            [
              1128.0,
              1198.0
            ],
            [
              1097.0,
              1182.0
            ],
            [
              1090.0,
              1162.0
            ],
            [
              1109.0,
              1128.0
            ],
            [
              1229.0,
              996.0
            ],
            [
              1357.0,
              930.0
            ],
            [
              1381.0,
              940.0
            ]
          ]
        ]
      },
      "properties": {
        "parcel_id": "CAD-0402",
        "feature_type": "Tree / Forest",
        "land_use": "Vacant",
        "category": "Vegetation",
        "color_hex": "#00B400",
        "area_px": 15581.5,
        "area_sqm": 99.72,
        "area_hectares": 0.01,
        "area_acres": 0.0246,
        "area_gaj": 119.27,
        "perimeter_m": 66.3,
        "vertex_count": 9,
        "confidence": 0.85,
        "verification_status": "Pending Review"
      }
    },
    {
      "type": "Feature",
      "id": "CAD-0403",
      "geometry": {
        "type": "Polygon",
        "coordinates": [
          [
            [
              2231.0,
              927.0
            ],
            [
              2233.0,
              928.0
            ],
            [
              2238.0,
              937.0
            ],
            [
              2235.0,
              957.0
            ],
            [
              2231.0,
              959.0
            ],
            [
              2223.0,
              959.0
            ],
            [
              2221.0,
              958.0
            ],
            [
              2218.0,
              944.0
            ],
            [
              2217.0,
              931.0
            ],
            [
              2218.0,
              929.0
            ],
            [
              2223.0,
              927.0
            ],
            [
              2231.0,
              927.0
            ]
          ]
        ]
      },
      "properties": {
        "parcel_id": "CAD-0403",
        "feature_type": "Tree / Forest",
        "land_use": "Vacant",
        "category": "Vegetation",
        "color_hex": "#00B400",
        "area_px": 481.0,
        "area_sqm": 3.08,
        "area_hectares": 0.0003,
        "area_acres": 0.0008,
        "area_gaj": 3.68,
        "perimeter_m": 7.24,
        "vertex_count": 12,
        "confidence": 0.85,
        "verification_status": "Pending Review"
      }
    },
    {
      "type": "Feature",
      "id": "CAD-0404",
      "geometry": {
        "type": "Polygon",
        "coordinates": [
          [
            [
              2036.0,
              928.0
            ],
            [
              2039.0,
              926.0
            ],
            [
              2047.0,
              926.0
            ],
            [
              2067.0,
              929.0
            ],
            [
              2073.0,
              933.0
            ],
            [
              2073.0,
              939.0
            ],
            [
              2067.0,
              943.0
            ],
            [
              2045.0,
              941.0
            ],
            [
              2035.0,
              937.0
            ],
            [
              2036.0,
              928.0
            ]
          ]
        ]
      },
      "properties": {
        "parcel_id": "CAD-0404",
        "feature_type": "Tree / Forest",
        "land_use": "Vacant",
        "category": "Vegetation",
        "color_hex": "#00B400",
        "area_px": 418.0,
        "area_sqm": 2.68,
        "area_hectares": 0.0003,
        "area_acres": 0.0007,
        "area_gaj": 3.21,
        "perimeter_m": 7.53,
        "vertex_count": 10,
        "confidence": 0.85,
        "verification_status": "Pending Review"
      }
    },
    {
      "type": "Feature",
      "id": "CAD-0405",
      "geometry": {
        "type": "Polygon",
        "coordinates": [
          [
            [
              2614.0,
              961.0
            ],
            [
              2610.0,
              969.0
            ],
            [
              2553.0,
              974.0
            ],
            [
              2514.0,
              963.0
            ],
            [
              2487.0,
              948.0
            ],
            [
              2487.0,
              936.0
            ],
            [
              2536.0,
              922.0
            ],
            [
              2597.0,
              935.0
            ],
            [
              2609.0,
              944.0
            ],
            [
              2614.0,
              961.0
            ]
          ]
        ]
      },
      "properties": {
        "parcel_id": "CAD-0405",
        "feature_type": "Tree / Forest",
        "land_use": "Vacant",
        "category": "Vegetation",
        "color_hex": "#00B400",
        "area_px": 3484.5,
        "area_sqm": 22.3,
        "area_hectares": 0.0022,
        "area_acres": 0.0055,
        "area_gaj": 26.67,
        "perimeter_m": 23.65,
        "vertex_count": 10,
        "confidence": 0.85,
        "verification_status": "Pending Review"
      }
    },
    {
      "type": "Feature",
      "id": "CAD-0406",
      "geometry": {
        "type": "Polygon",
        "coordinates": [
          [
            [
              1629.0,
              928.0
            ],
            [
              1667.0,
              919.0
            ],
            [
              1833.0,
              944.0
            ],
            [
              1853.0,
              967.0
            ],
            [
              1844.0,
              1007.0
            ],
            [
              1775.0,
              1160.0
            ],
            [
              1699.0,
              1156.0
            ],
            [
              1656.0,
              1129.0
            ],
            [
              1608.0,
              994.0
            ],
            [
              1629.0,
              928.0
            ]
          ]
        ]
      },
      "properties": {
        "parcel_id": "CAD-0406",
        "feature_type": "Tree / Forest",
        "land_use": "Vacant",
        "category": "Vegetation",
        "color_hex": "#00B400",
        "area_px": 26985.5,
        "area_sqm": 172.71,
        "area_hectares": 0.0173,
        "area_acres": 0.0427,
        "area_gaj": 206.56,
        "perimeter_m": 62.85,
        "vertex_count": 10,
        "confidence": 0.85,
        "verification_status": "Pending Review"
      }
    },
    {
      "type": "Feature",
      "id": "CAD-0407",
      "geometry": {
        "type": "Polygon",
        "coordinates": [
          [
            [
              3833.0,
              912.0
            ],
            [
              3833.0,
              920.0
            ],
            [
              3822.0,
              939.0
            ],
            [
              3816.0,
              946.0
            ],
            [
              3814.0,
              947.0
            ],
            [
              3810.0,
              946.0
            ],
            [
              3809.0,
              924.0
            ],
            [
              3820.0,
              913.0
            ],
            [
              3830.0,
              911.0
            ],
            [
              3833.0,
              912.0
            ]
          ]
        ]
      },
      "properties": {
        "parcel_id": "CAD-0407",
        "feature_type": "Tree / Forest",
        "land_use": "Vacant",
        "category": "Vegetation",
        "color_hex": "#00B400",
        "area_px": 484.0,
        "area_sqm": 3.1,
        "area_hectares": 0.0003,
        "area_acres": 0.0008,
        "area_gaj": 3.71,
        "perimeter_m": 7.72,
        "vertex_count": 10,
        "confidence": 0.85,
        "verification_status": "Pending Review"
      }
    },
    {
      "type": "Feature",
      "id": "CAD-0408",
      "geometry": {
        "type": "Polygon",
        "coordinates": [
          [
            [
              3533.0,
              896.0
            ],
            [
              3538.0,
              897.0
            ],
            [
              3540.0,
              903.0
            ],
            [
              3540.0,
              941.0
            ],
            [
              3534.0,
              942.0
            ],
            [
              3528.0,
              939.0
            ],
            [
              3510.0,
              915.0
            ],
            [
              3510.0,
              913.0
            ],
            [
              3533.0,
              896.0
            ]
          ]
        ]
      },
      "properties": {
        "parcel_id": "CAD-0408",
        "feature_type": "Tree / Forest",
        "land_use": "Vacant",
        "category": "Vegetation",
        "color_hex": "#00B400",
        "area_px": 633.0,
        "area_sqm": 4.05,
        "area_hectares": 0.0004,
        "area_acres": 0.001,
        "area_gaj": 4.84,
        "perimeter_m": 9.83,
        "vertex_count": 9,
        "confidence": 0.85,
        "verification_status": "Pending Review"
      }
    },
    {
      "type": "Feature",
      "id": "CAD-0409",
      "geometry": {
        "type": "Polygon",
        "coordinates": [
          [
            [
              1800.0,
              880.0
            ],
            [
              1805.0,
              878.0
            ],
            [
              1881.0,
              895.0
            ],
            [
              1887.0,
              902.0
            ],
            [
              1887.0,
              906.0
            ],
            [
              1881.0,
              914.0
            ],
            [
              1873.0,
              919.0
            ],
            [
              1802.0,
              908.0
            ],
            [
              1798.0,
              905.0
            ],
            [
              1800.0,
              880.0
            ]
          ]
        ]
      },
      "properties": {
        "parcel_id": "CAD-0409",
        "feature_type": "Tree / Forest",
        "land_use": "Vacant",
        "category": "Vegetation",
        "color_hex": "#00B400",
        "area_px": 1620.0,
        "area_sqm": 10.37,
        "area_hectares": 0.001,
        "area_acres": 0.0026,
        "area_gaj": 12.4,
        "perimeter_m": 17.43,
        "vertex_count": 10,
        "confidence": 0.85,
        "verification_status": "Pending Review"
      }
    },
    {
      "type": "Feature",
      "id": "CAD-0410",
      "geometry": {
        "type": "Polygon",
        "coordinates": [
          [
            [
              1921.0,
              871.0
            ],
            [
              1935.0,
              871.0
            ],
            [
              1968.0,
              911.0
            ],
            [
              1973.0,
              920.0
            ],
            [
              1971.0,
              929.0
            ],
            [
              1934.0,
              929.0
            ],
            [
              1922.0,
              921.0
            ],
            [
              1911.0,
              891.0
            ],
            [
              1912.0,
              884.0
            ],
            [
              1921.0,
              871.0
            ]
          ]
        ]
      },
      "properties": {
        "parcel_id": "CAD-0410",
        "feature_type": "Tree / Forest",
        "land_use": "Vacant",
        "category": "Vegetation",
        "color_hex": "#00B400",
        "area_px": 1624.0,
        "area_sqm": 10.39,
        "area_hectares": 0.001,
        "area_acres": 0.0026,
        "area_gaj": 12.43,
        "perimeter_m": 15.33,
        "vertex_count": 10,
        "confidence": 0.85,
        "verification_status": "Pending Review"
      }
    },
    {
      "type": "Feature",
      "id": "CAD-0411",
      "geometry": {
        "type": "Polygon",
        "coordinates": [
          [
            [
              683.0,
              871.0
            ],
            [
              844.0,
              922.0
            ],
            [
              854.0,
              931.0
            ],
            [
              753.0,
              932.0
            ],
            [
              689.0,
              898.0
            ],
            [
              682.0,
              881.0
            ],
            [
              683.0,
              871.0
            ]
          ]
        ]
      },
      "properties": {
        "parcel_id": "CAD-0411",
        "feature_type": "Tree / Forest",
        "land_use": "Vacant",
        "category": "Vegetation",
        "color_hex": "#00B400",
        "area_px": 2911.5,
        "area_sqm": 18.63,
        "area_hectares": 0.0019,
        "area_acres": 0.0046,
        "area_gaj": 22.28,
        "perimeter_m": 30.74,
        "vertex_count": 7,
        "confidence": 0.85,
        "verification_status": "Pending Review"
      }
    },
    {
      "type": "Feature",
      "id": "CAD-0412",
      "geometry": {
        "type": "Polygon",
        "coordinates": [
          [
            [
              1639.0,
              860.0
            ],
            [
              1640.0,
              881.0
            ],
            [
              1637.0,
              883.0
            ],
            [
              1626.0,
              883.0
            ],
            [
              1617.0,
              881.0
            ],
            [
              1610.0,
              878.0
            ],
            [
              1608.0,
              872.0
            ],
            [
              1610.0,
              867.0
            ],
            [
              1626.0,
              859.0
            ],
            [
              1634.0,
              858.0
            ],
            [
              1639.0,
              860.0
            ]
          ]
        ]
      },
      "properties": {
        "parcel_id": "CAD-0412",
        "feature_type": "Tree / Forest",
        "land_use": "Vacant",
        "category": "Vegetation",
        "color_hex": "#00B400",
        "area_px": 589.0,
        "area_sqm": 3.77,
        "area_hectares": 0.0004,
        "area_acres": 0.0009,
        "area_gaj": 4.51,
        "perimeter_m": 7.64,
        "vertex_count": 11,
        "confidence": 0.85,
        "verification_status": "Pending Review"
      }
    },
    {
      "type": "Feature",
      "id": "CAD-0413",
      "geometry": {
        "type": "Polygon",
        "coordinates": [
          [
            [
              2887.0,
              860.0
            ],
            [
              2890.0,
              864.0
            ],
            [
              2890.0,
              875.0
            ],
            [
              2875.0,
              895.0
            ],
            [
              2865.0,
              900.0
            ],
            [
              2856.0,
              899.0
            ],
            [
              2852.0,
              890.0
            ],
            [
              2850.0,
              879.0
            ],
            [
              2851.0,
              871.0
            ],
            [
              2859.0,
              862.0
            ],
            [
              2878.0,
              856.0
            ],
            [
              2887.0,
              860.0
            ]
          ]
        ]
      },
      "properties": {
        "parcel_id": "CAD-0413",
        "feature_type": "Tree / Forest",
        "land_use": "Vacant",
        "category": "Vegetation",
        "color_hex": "#00B400",
        "area_px": 1190.5,
        "area_sqm": 7.62,
        "area_hectares": 0.0008,
        "area_acres": 0.0019,
        "area_gaj": 9.11,
        "perimeter_m": 10.57,
        "vertex_count": 12,
        "confidence": 0.85,
        "verification_status": "Pending Review"
      }
    },
    {
      "type": "Feature",
      "id": "CAD-0414",
      "geometry": {
        "type": "Polygon",
        "coordinates": [
          [
            [
              1678.0,
              852.0
            ],
            [
              1747.0,
              858.0
            ],
            [
              1754.0,
              863.0
            ],
            [
              1762.0,
              881.0
            ],
            [
              1763.0,
              890.0
            ],
            [
              1758.0,
              896.0
            ],
            [
              1751.0,
              898.0
            ],
            [
              1687.0,
              892.0
            ],
            [
              1680.0,
              882.0
            ],
            [
              1678.0,
              852.0
            ]
          ]
        ]
      },
      "properties": {
        "parcel_id": "CAD-0414",
        "feature_type": "Tree / Forest",
        "land_use": "Vacant",
        "category": "Vegetation",
        "color_hex": "#00B400",
        "area_px": 2267.0,
        "area_sqm": 14.51,
        "area_hectares": 0.0015,
        "area_acres": 0.0036,
        "area_gaj": 17.35,
        "perimeter_m": 18.26,
        "vertex_count": 10,
        "confidence": 0.85,
        "verification_status": "Pending Review"
      }
    },
    {
      "type": "Feature",
      "id": "CAD-0415",
      "geometry": {
        "type": "Polygon",
        "coordinates": [
          [
            [
              2634.0,
              857.0
            ],
            [
              2634.0,
              859.0
            ],
            [
              2623.0,
              865.0
            ],
            [
              2615.0,
              866.0
            ],
            [
              2608.0,
              862.0
            ],
            [
              2605.0,
              859.0
            ],
            [
              2604.0,
              857.0
            ],
            [
              2604.0,
              853.0
            ],
            [
              2605.0,
              851.0
            ],
            [
              2608.0,
              849.0
            ],
            [
              2621.0,
              844.0
            ],
            [
              2627.0,
              846.0
            ],
            [
              2634.0,
              857.0
            ]
          ]
        ]
      },
      "properties": {
        "parcel_id": "CAD-0415",
        "feature_type": "Tree / Forest",
        "land_use": "Vacant",
        "category": "Vegetation",
        "color_hex": "#00B400",
        "area_px": 416.5,
        "area_sqm": 2.67,
        "area_hectares": 0.0003,
        "area_acres": 0.0007,
        "area_gaj": 3.19,
        "perimeter_m": 6.42,
        "vertex_count": 13,
        "confidence": 0.85,
        "verification_status": "Pending Review"
      }
    },
    {
      "type": "Feature",
      "id": "CAD-0416",
      "geometry": {
        "type": "Polygon",
        "coordinates": [
          [
            [
              3519.0,
              833.0
            ],
            [
              3523.0,
              859.0
            ],
            [
              3523.0,
              870.0
            ],
            [
              3521.0,
              871.0
            ],
            [
              3509.0,
              870.0
            ],
            [
              3498.0,
              867.0
            ],
            [
              3482.0,
              849.0
            ],
            [
              3482.0,
              844.0
            ],
            [
              3487.0,
              841.0
            ],
            [
              3513.0,
              832.0
            ],
            [
              3519.0,
              833.0
            ]
          ]
        ]
      },
      "properties": {
        "parcel_id": "CAD-0416",
        "feature_type": "Tree / Forest",
        "land_use": "Vacant",
        "category": "Vegetation",
        "color_hex": "#00B400",
        "area_px": 963.5,
        "area_sqm": 6.17,
        "area_hectares": 0.0006,
        "area_acres": 0.0015,
        "area_gaj": 7.38,
        "perimeter_m": 10.52,
        "vertex_count": 11,
        "confidence": 0.85,
        "verification_status": "Pending Review"
      }
    },
    {
      "type": "Feature",
      "id": "CAD-0417",
      "geometry": {
        "type": "Polygon",
        "coordinates": [
          [
            [
              3444.0,
              828.0
            ],
            [
              3446.0,
              827.0
            ],
            [
              3462.0,
              826.0
            ],
            [
              3470.0,
              830.0
            ],
            [
              3470.0,
              840.0
            ],
            [
              3463.0,
              846.0
            ],
            [
              3458.0,
              848.0
            ],
            [
              3448.0,
              842.0
            ],
            [
              3444.0,
              828.0
            ]
          ]
        ]
      },
      "properties": {
        "parcel_id": "CAD-0417",
        "feature_type": "Tree / Forest",
        "land_use": "Vacant",
        "category": "Vegetation",
        "color_hex": "#00B400",
        "area_px": 406.5,
        "area_sqm": 2.6,
        "area_hectares": 0.0003,
        "area_acres": 0.0006,
        "area_gaj": 3.11,
        "perimeter_m": 6.24,
        "vertex_count": 9,
        "confidence": 0.85,
        "verification_status": "Pending Review"
      }
    },
    {
      "type": "Feature",
      "id": "CAD-0418",
      "geometry": {
        "type": "Polygon",
        "coordinates": [
          [
            [
              3536.0,
              830.0
            ],
            [
              3551.0,
              825.0
            ],
            [
              3561.0,
              824.0
            ],
            [
              3571.0,
              827.0
            ],
            [
              3582.0,
              833.0
            ],
            [
              3582.0,
              837.0
            ],
            [
              3566.0,
              855.0
            ],
            [
              3562.0,
              856.0
            ],
            [
              3534.0,
              837.0
            ],
            [
              3536.0,
              830.0
            ]
          ]
        ]
      },
      "properties": {
        "parcel_id": "CAD-0418",
        "feature_type": "Tree / Forest",
        "land_use": "Vacant",
        "category": "Vegetation",
        "color_hex": "#00B400",
        "area_px": 683.0,
        "area_sqm": 4.37,
        "area_hectares": 0.0004,
        "area_acres": 0.0011,
        "area_gaj": 5.23,
        "perimeter_m": 9.77,
        "vertex_count": 10,
        "confidence": 0.85,
        "verification_status": "Pending Review"
      }
    },
    {
      "type": "Feature",
      "id": "CAD-0419",
      "geometry": {
        "type": "Polygon",
        "coordinates": [
          [
            [
              2701.0,
              821.0
            ],
            [
              2663.0,
              889.0
            ],
            [
              2649.0,
              896.0
            ],
            [
              2641.0,
              895.0
            ],
            [
              2636.0,
              886.0
            ],
            [
              2636.0,
              856.0
            ],
            [
              2639.0,
              847.0
            ],
            [
              2659.0,
              833.0
            ],
            [
              2701.0,
              821.0
            ]
          ]
        ]
      },
      "properties": {
        "parcel_id": "CAD-0419",
        "feature_type": "Tree / Forest",
        "land_use": "Vacant",
        "category": "Vegetation",
        "color_hex": "#00B400",
        "area_px": 1572.5,
        "area_sqm": 10.06,
        "area_hectares": 0.001,
        "area_acres": 0.0025,
        "area_gaj": 12.03,
        "perimeter_m": 17.56,
        "vertex_count": 9,
        "confidence": 0.85,
        "verification_status": "Pending Review"
      }
    },
    {
      "type": "Feature",
      "id": "CAD-0420",
      "geometry": {
        "type": "Polygon",
        "coordinates": [
          [
            [
              1551.0,
              817.0
            ],
            [
              1560.0,
              813.0
            ],
            [
              1566.0,
              814.0
            ],
            [
              1591.0,
              857.0
            ],
            [
              1591.0,
              863.0
            ],
            [
              1582.0,
              867.0
            ],
            [
              1559.0,
              859.0
            ],
            [
              1546.0,
              830.0
            ],
            [
              1546.0,
              825.0
            ],
            [
              1551.0,
              817.0
            ]
          ]
        ]
      },
      "properties": {
        "parcel_id": "CAD-0420",
        "feature_type": "Tree / Forest",
        "land_use": "Vacant",
        "category": "Vegetation",
        "color_hex": "#00B400",
        "area_px": 791.5,
        "area_sqm": 5.07,
        "area_hectares": 0.0005,
        "area_acres": 0.0013,
        "area_gaj": 6.06,
        "perimeter_m": 12.17,
        "vertex_count": 10,
        "confidence": 0.85,
        "verification_status": "Pending Review"
      }
    },
    {
      "type": "Feature",
      "id": "CAD-0421",
      "geometry": {
        "type": "Polygon",
        "coordinates": [
          [
            [
              670.0,
              832.0
            ],
            [
              665.0,
              848.0
            ],
            [
              651.0,
              862.0
            ],
            [
              638.0,
              867.0
            ],
            [
              548.0,
              814.0
            ],
            [
              546.0,
              808.0
            ],
            [
              668.0,
              825.0
            ],
            [
              670.0,
              832.0
            ]
          ]
        ]
      },
      "properties": {
        "parcel_id": "CAD-0421",
        "feature_type": "Tree / Forest",
        "land_use": "Vacant",
        "category": "Vegetation",
        "color_hex": "#00B400",
        "area_px": 1928.0,
        "area_sqm": 12.34,
        "area_hectares": 0.0012,
        "area_acres": 0.003,
        "area_gaj": 14.76,
        "perimeter_m": 23.34,
        "vertex_count": 8,
        "confidence": 0.85,
        "verification_status": "Pending Review"
      }
    },
    {
      "type": "Feature",
      "id": "CAD-0422",
      "geometry": {
        "type": "Polygon",
        "coordinates": [
          [
            [
              74.0,
              803.0
            ],
            [
              239.0,
              889.0
            ],
            [
              440.0,
              1020.0
            ],
            [
              394.0,
              1004.0
            ],
            [
              77.0,
              827.0
            ],
            [
              74.0,
              803.0
            ]
          ]
        ]
      },
      "properties": {
        "parcel_id": "CAD-0422",
        "feature_type": "Tree / Forest",
        "land_use": "Vacant",
        "category": "Vegetation",
        "color_hex": "#00B400",
        "area_px": 5682.0,
        "area_sqm": 36.36,
        "area_hectares": 0.0036,
        "area_acres": 0.009,
        "area_gaj": 43.49,
        "perimeter_m": 68.96,
        "vertex_count": 6,
        "confidence": 0.85,
        "verification_status": "Pending Review"
      }
    },
    {
      "type": "Feature",
      "id": "CAD-0423",
      "geometry": {
        "type": "Polygon",
        "coordinates": [
          [
            [
              2190.0,
              831.0
            ],
            [
              2187.0,
              839.0
            ],
            [
              2181.0,
              844.0
            ],
            [
              2134.0,
              837.0
            ],
            [
              2109.0,
              825.0
            ],
            [
              2103.0,
              816.0
            ],
            [
              2107.0,
              810.0
            ],
            [
              2155.0,
              795.0
            ],
            [
              2185.0,
              811.0
            ],
            [
              2190.0,
              831.0
            ]
          ]
        ]
      },
      "properties": {
        "parcel_id": "CAD-0423",
        "feature_type": "Tree / Forest",
        "land_use": "Vacant",
        "category": "Vegetation",
        "color_hex": "#00B400",
        "area_px": 1956.5,
        "area_sqm": 12.52,
        "area_hectares": 0.0013,
        "area_acres": 0.0031,
        "area_gaj": 14.97,
        "perimeter_m": 17.16,
        "vertex_count": 10,
        "confidence": 0.85,
        "verification_status": "Pending Review"
      }
    },
    {
      "type": "Feature",
      "id": "CAD-0424",
      "geometry": {
        "type": "Polygon",
        "coordinates": [
          [
            [
              2536.0,
              787.0
            ],
            [
              2543.0,
              789.0
            ],
            [
              2553.0,
              817.0
            ],
            [
              2553.0,
              848.0
            ],
            [
              2551.0,
              849.0
            ],
            [
              2537.0,
              848.0
            ],
            [
              2525.0,
              842.0
            ],
            [
              2527.0,
              800.0
            ],
            [
              2529.0,
              793.0
            ],
            [
              2536.0,
              787.0
            ]
          ]
        ]
      },
      "properties": {
        "parcel_id": "CAD-0424",
        "feature_type": "Tree / Forest",
        "land_use": "Vacant",
        "category": "Vegetation",
        "color_hex": "#00B400",
        "area_px": 903.5,
        "area_sqm": 5.78,
        "area_hectares": 0.0006,
        "area_acres": 0.0014,
        "area_gaj": 6.91,
        "perimeter_m": 12.5,
        "vertex_count": 10,
        "confidence": 0.85,
        "verification_status": "Pending Review"
      }
    },
    {
      "type": "Feature",
      "id": "CAD-0425",
      "geometry": {
        "type": "Polygon",
        "coordinates": [
          [
            [
              3143.0,
              783.0
            ],
            [
              3145.0,
              784.0
            ],
            [
              3157.0,
              801.0
            ],
            [
              3154.0,
              818.0
            ],
            [
              3148.0,
              822.0
            ],
            [
              3133.0,
              818.0
            ],
            [
              3121.0,
              810.0
            ],
            [
              3121.0,
              806.0
            ],
            [
              3126.0,
              793.0
            ],
            [
              3143.0,
              783.0
            ]
          ]
        ]
      },
      "properties": {
        "parcel_id": "CAD-0425",
        "feature_type": "Tree / Forest",
        "land_use": "Vacant",
        "category": "Vegetation",
        "color_hex": "#00B400",
        "area_px": 819.5,
        "area_sqm": 5.24,
        "area_hectares": 0.0005,
        "area_acres": 0.0013,
        "area_gaj": 6.27,
        "perimeter_m": 9.21,
        "vertex_count": 10,
        "confidence": 0.85,
        "verification_status": "Pending Review"
      }
    },
    {
      "type": "Feature",
      "id": "CAD-0426",
      "geometry": {
        "type": "Polygon",
        "coordinates": [
          [
            [
              3448.0,
              801.0
            ],
            [
              3447.0,
              810.0
            ],
            [
              3439.0,
              822.0
            ],
            [
              3423.0,
              834.0
            ],
            [
              3398.0,
              840.0
            ],
            [
              3379.0,
              835.0
            ],
            [
              3377.0,
              798.0
            ],
            [
              3411.0,
              776.0
            ],
            [
              3421.0,
              772.0
            ],
            [
              3439.0,
              787.0
            ],
            [
              3448.0,
              801.0
            ]
          ]
        ]
      },
      "properties": {
        "parcel_id": "CAD-0426",
        "feature_type": "Tree / Forest",
        "land_use": "Vacant",
        "category": "Vegetation",
        "color_hex": "#00B400",
        "area_px": 2521.0,
        "area_sqm": 16.13,
        "area_hectares": 0.0016,
        "area_acres": 0.004,
        "area_gaj": 19.29,
        "perimeter_m": 17.38,
        "vertex_count": 11,
        "confidence": 0.85,
        "verification_status": "Pending Review"
      }
    },
    {
      "type": "Feature",
      "id": "CAD-0427",
      "geometry": {
        "type": "Polygon",
        "coordinates": [
          [
            [
              3841.0,
              769.0
            ],
            [
              3875.0,
              767.0
            ],
            [
              3942.0,
              778.0
            ],
            [
              3958.0,
              818.0
            ],
            [
              3955.0,
              830.0
            ],
            [
              3943.0,
              833.0
            ],
            [
              3867.0,
              816.0
            ],
            [
              3834.0,
              800.0
            ],
            [
              3841.0,
              769.0
            ]
          ]
        ]
      },
      "properties": {
        "parcel_id": "CAD-0427",
        "feature_type": "Tree / Forest",
        "land_use": "Vacant",
        "category": "Vegetation",
        "color_hex": "#00B400",
        "area_px": 4415.5,
        "area_sqm": 28.26,
        "area_hectares": 0.0028,
        "area_acres": 0.007,
        "area_gaj": 33.8,
        "perimeter_m": 25.29,
        "vertex_count": 9,
        "confidence": 0.85,
        "verification_status": "Pending Review"
      }
    },
    {
      "type": "Feature",
      "id": "CAD-0428",
      "geometry": {
        "type": "Polygon",
        "coordinates": [
          [
            [
              3243.0,
              758.0
            ],
            [
              3249.0,
              754.0
            ],
            [
              3270.0,
              767.0
            ],
            [
              3283.0,
              779.0
            ],
            [
              3284.0,
              785.0
            ],
            [
              3278.0,
              788.0
            ],
            [
              3273.0,
              788.0
            ],
            [
              3248.0,
              777.0
            ],
            [
              3242.0,
              764.0
            ],
            [
              3243.0,
              758.0
            ]
          ]
        ]
      },
      "properties": {
        "parcel_id": "CAD-0428",
        "feature_type": "Tree / Forest",
        "land_use": "Vacant",
        "category": "Vegetation",
        "color_hex": "#00B400",
        "area_px": 571.5,
        "area_sqm": 3.66,
        "area_hectares": 0.0004,
        "area_acres": 0.0009,
        "area_gaj": 4.38,
        "perimeter_m": 9.21,
        "vertex_count": 10,
        "confidence": 0.85,
        "verification_status": "Pending Review"
      }
    },
    {
      "type": "Feature",
      "id": "CAD-0429",
      "geometry": {
        "type": "Polygon",
        "coordinates": [
          [
            [
              2469.0,
              741.0
            ],
            [
              2475.0,
              737.0
            ],
            [
              2480.0,
              737.0
            ],
            [
              2495.0,
              742.0
            ],
            [
              2501.0,
              761.0
            ],
            [
              2494.0,
              766.0
            ],
            [
              2477.0,
              766.0
            ],
            [
              2468.0,
              763.0
            ],
            [
              2465.0,
              761.0
            ],
            [
              2469.0,
              741.0
            ]
          ]
        ]
      },
      "properties": {
        "parcel_id": "CAD-0429",
        "feature_type": "Tree / Forest",
        "land_use": "Vacant",
        "category": "Vegetation",
        "color_hex": "#00B400",
        "area_px": 794.5,
        "area_sqm": 5.08,
        "area_hectares": 0.0005,
        "area_acres": 0.0013,
        "area_gaj": 6.08,
        "perimeter_m": 8.56,
        "vertex_count": 10,
        "confidence": 0.85,
        "verification_status": "Pending Review"
      }
    },
    {
      "type": "Feature",
      "id": "CAD-0430",
      "geometry": {
        "type": "Polygon",
        "coordinates": [
          [
            [
              3541.0,
              758.0
            ],
            [
              3579.0,
              736.0
            ],
            [
              3792.0,
              821.0
            ],
            [
              3775.0,
              849.0
            ],
            [
              3732.0,
              857.0
            ],
            [
              3678.0,
              852.0
            ],
            [
              3595.0,
              827.0
            ],
            [
              3541.0,
              770.0
            ],
            [
              3541.0,
              758.0
            ]
          ]
        ]
      },
      "properties": {
        "parcel_id": "CAD-0430",
        "feature_type": "Tree / Forest",
        "land_use": "Vacant",
        "category": "Vegetation",
        "color_hex": "#00B400",
        "area_px": 10505.0,
        "area_sqm": 67.23,
        "area_hectares": 0.0067,
        "area_acres": 0.0166,
        "area_gaj": 80.41,
        "perimeter_m": 46.49,
        "vertex_count": 9,
        "confidence": 0.85,
        "verification_status": "Pending Review"
      }
    },
    {
      "type": "Feature",
      "id": "CAD-0431",
      "geometry": {
        "type": "Polygon",
        "coordinates": [
          [
            [
              3052.0,
              735.0
            ],
            [
              3057.0,
              733.0
            ],
            [
              3061.0,
              733.0
            ],
            [
              3080.0,
              740.0
            ],
            [
              3082.0,
              748.0
            ],
            [
              3079.0,
              756.0
            ],
            [
              3069.0,
              763.0
            ],
            [
              3063.0,
              762.0
            ],
            [
              3046.0,
              746.0
            ],
            [
              3046.0,
              742.0
            ],
            [
              3052.0,
              735.0
            ]
          ]
        ]
      },
      "properties": {
        "parcel_id": "CAD-0431",
        "feature_type": "Tree / Forest",
        "land_use": "Vacant",
        "category": "Vegetation",
        "color_hex": "#00B400",
        "area_px": 669.5,
        "area_sqm": 4.28,
        "area_hectares": 0.0004,
        "area_acres": 0.0011,
        "area_gaj": 5.12,
        "perimeter_m": 8.1,
        "vertex_count": 11,
        "confidence": 0.85,
        "verification_status": "Pending Review"
      }
    },
    {
      "type": "Feature",
      "id": "CAD-0432",
      "geometry": {
        "type": "Polygon",
        "coordinates": [
          [
            [
              1280.0,
              732.0
            ],
            [
              1272.0,
              768.0
            ],
            [
              1051.0,
              974.0
            ],
            [
              978.0,
              1023.0
            ],
            [
              1017.0,
              949.0
            ],
            [
              1191.0,
              769.0
            ],
            [
              1280.0,
              732.0
            ]
          ]
        ]
      },
      "properties": {
        "parcel_id": "CAD-0432",
        "feature_type": "Tree / Forest",
        "land_use": "Vacant",
        "category": "Vegetation",
        "color_hex": "#00B400",
        "area_px": 11074.0,
        "area_sqm": 70.87,
        "area_hectares": 0.0071,
        "area_acres": 0.0175,
        "area_gaj": 84.76,
        "perimeter_m": 68.58,
        "vertex_count": 7,
        "confidence": 0.85,
        "verification_status": "Pending Review"
      }
    },
    {
      "type": "Feature",
      "id": "CAD-0433",
      "geometry": {
        "type": "Polygon",
        "coordinates": [
          [
            [
              1719.0,
              774.0
            ],
            [
              1703.0,
              774.0
            ],
            [
              1666.0,
              767.0
            ],
            [
              1654.0,
              754.0
            ],
            [
              1707.0,
              719.0
            ],
            [
              1712.0,
              722.0
            ],
            [
              1719.0,
              774.0
            ]
          ]
        ]
      },
      "properties": {
        "parcel_id": "CAD-0433",
        "feature_type": "Tree / Forest",
        "land_use": "Vacant",
        "category": "Vegetation",
        "color_hex": "#00B400",
        "area_px": 1124.5,
        "area_sqm": 7.2,
        "area_hectares": 0.0007,
        "area_acres": 0.0018,
        "area_gaj": 8.61,
        "perimeter_m": 15.45,
        "vertex_count": 7,
        "confidence": 0.85,
        "verification_status": "Pending Review"
      }
    },
    {
      "type": "Feature",
      "id": "CAD-0434",
      "geometry": {
        "type": "Polygon",
        "coordinates": [
          [
            [
              469.0,
              746.0
            ],
            [
              443.0,
              748.0
            ],
            [
              418.0,
              737.0
            ],
            [
              413.0,
              726.0
            ],
            [
              427.0,
              719.0
            ],
            [
              463.0,
              734.0
            ],
            [
              469.0,
              743.0
            ],
            [
              469.0,
              746.0
            ]
          ]
        ]
      },
      "properties": {
        "parcel_id": "CAD-0434",
        "feature_type": "Tree / Forest",
        "land_use": "Vacant",
        "category": "Vegetation",
        "color_hex": "#00B400",
        "area_px": 589.0,
        "area_sqm": 3.77,
        "area_hectares": 0.0004,
        "area_acres": 0.0009,
        "area_gaj": 4.51,
        "perimeter_m": 10.72,
        "vertex_count": 8,
        "confidence": 0.85,
        "verification_status": "Pending Review"
      }
    },
    {
      "type": "Feature",
      "id": "CAD-0435",
      "geometry": {
        "type": "Polygon",
        "coordinates": [
          [
            [
              2707.0,
              739.0
            ],
            [
              2723.0,
              721.0
            ],
            [
              2746.0,
              712.0
            ],
            [
              2766.0,
              719.0
            ],
            [
              2807.0,
              750.0
            ],
            [
              2811.0,
              758.0
            ],
            [
              2750.0,
              780.0
            ],
            [
              2728.0,
              782.0
            ],
            [
              2720.0,
              779.0
            ],
            [
              2707.0,
              739.0
            ]
          ]
        ]
      },
      "properties": {
        "parcel_id": "CAD-0435",
        "feature_type": "Tree / Forest",
        "land_use": "Vacant",
        "category": "Vegetation",
        "color_hex": "#00B400",
        "area_px": 3364.0,
        "area_sqm": 21.53,
        "area_hectares": 0.0022,
        "area_acres": 0.0053,
        "area_gaj": 25.75,
        "perimeter_m": 21.43,
        "vertex_count": 10,
        "confidence": 0.85,
        "verification_status": "Pending Review"
      }
    },
    {
      "type": "Feature",
      "id": "CAD-0436",
      "geometry": {
        "type": "Polygon",
        "coordinates": [
          [
            [
              3822.0,
              752.0
            ],
            [
              3799.0,
              763.0
            ],
            [
              3761.0,
              774.0
            ],
            [
              3722.0,
              753.0
            ],
            [
              3707.0,
              740.0
            ],
            [
              3705.0,
              734.0
            ],
            [
              3709.0,
              720.0
            ],
            [
              3716.0,
              711.0
            ],
            [
              3802.0,
              726.0
            ],
            [
              3822.0,
              752.0
            ]
          ]
        ]
      },
      "properties": {
        "parcel_id": "CAD-0436",
        "feature_type": "Tree / Forest",
        "land_use": "Vacant",
        "category": "Vegetation",
        "color_hex": "#00B400",
        "area_px": 2996.5,
        "area_sqm": 19.18,
        "area_hectares": 0.0019,
        "area_acres": 0.0047,
        "area_gaj": 22.94,
        "perimeter_m": 22.53,
        "vertex_count": 10,
        "confidence": 0.85,
        "verification_status": "Pending Review"
      }
    },
    {
      "type": "Feature",
      "id": "CAD-0437",
      "geometry": {
        "type": "Polygon",
        "coordinates": [
          [
            [
              2924.0,
              709.0
            ],
            [
              2926.0,
              710.0
            ],
            [
              2943.0,
              737.0
            ],
            [
              2939.0,
              747.0
            ],
            [
              2929.0,
              752.0
            ],
            [
              2919.0,
              751.0
            ],
            [
              2909.0,
              745.0
            ],
            [
              2907.0,
              742.0
            ],
            [
              2912.0,
              726.0
            ],
            [
              2919.0,
              712.0
            ],
            [
              2924.0,
              709.0
            ]
          ]
        ]
      },
      "properties": {
        "parcel_id": "CAD-0437",
        "feature_type": "Tree / Forest",
        "land_use": "Vacant",
        "category": "Vegetation",
        "color_hex": "#00B400",
        "area_px": 637.0,
        "area_sqm": 4.08,
        "area_hectares": 0.0004,
        "area_acres": 0.001,
        "area_gaj": 4.88,
        "perimeter_m": 9.57,
        "vertex_count": 11,
        "confidence": 0.85,
        "verification_status": "Pending Review"
      }
    },
    {
      "type": "Feature",
      "id": "CAD-0438",
      "geometry": {
        "type": "Polygon",
        "coordinates": [
          [
            [
              2575.0,
              696.0
            ],
            [
              2582.0,
              701.0
            ],
            [
              2584.0,
              705.0
            ],
            [
              2583.0,
              711.0
            ],
            [
              2560.0,
              768.0
            ],
            [
              2549.0,
              775.0
            ],
            [
              2547.0,
              774.0
            ],
            [
              2547.0,
              766.0
            ],
            [
              2552.0,
              746.0
            ],
            [
              2567.0,
              705.0
            ],
            [
              2575.0,
              696.0
            ]
          ]
        ]
      },
      "properties": {
        "parcel_id": "CAD-0438",
        "feature_type": "Tree / Forest",
        "land_use": "Vacant",
        "category": "Vegetation",
        "color_hex": "#00B400",
        "area_px": 1055.5,
        "area_sqm": 6.76,
        "area_hectares": 0.0007,
        "area_acres": 0.0017,
        "area_gaj": 8.08,
        "perimeter_m": 14.42,
        "vertex_count": 11,
        "confidence": 0.85,
        "verification_status": "Pending Review"
      }
    },
    {
      "type": "Feature",
      "id": "CAD-0439",
      "geometry": {
        "type": "Polygon",
        "coordinates": [
          [
            [
              1652.0,
              697.0
            ],
            [
              1562.0,
              1033.0
            ],
            [
              1535.0,
              1048.0
            ],
            [
              1404.0,
              1039.0
            ],
            [
              1386.0,
              917.0
            ],
            [
              1392.0,
              876.0
            ],
            [
              1581.0,
              713.0
            ],
            [
              1652.0,
              697.0
            ]
          ]
        ]
      },
      "properties": {
        "parcel_id": "CAD-0439",
        "feature_type": "Tree / Forest",
        "land_use": "Vacant",
        "category": "Vegetation",
        "color_hex": "#00B400",
        "area_px": 27522.5,
        "area_sqm": 176.14,
        "area_hectares": 0.0176,
        "area_acres": 0.0435,
        "area_gaj": 210.66,
        "perimeter_m": 79.77,
        "vertex_count": 8,
        "confidence": 0.85,
        "verification_status": "Pending Review"
      }
    },
    {
      "type": "Feature",
      "id": "CAD-0440",
      "geometry": {
        "type": "Polygon",
        "coordinates": [
          [
            [
              2286.0,
              692.0
            ],
            [
              2296.0,
              690.0
            ],
            [
              2307.0,
              693.0
            ],
            [
              2313.0,
              705.0
            ],
            [
              2311.0,
              728.0
            ],
            [
              2309.0,
              730.0
            ],
            [
              2306.0,
              731.0
            ],
            [
              2281.0,
              717.0
            ],
            [
              2286.0,
              692.0
            ]
          ]
        ]
      },
      "properties": {
        "parcel_id": "CAD-0440",
        "feature_type": "Tree / Forest",
        "land_use": "Vacant",
        "category": "Vegetation",
        "color_hex": "#00B400",
        "area_px": 508.0,
        "area_sqm": 3.25,
        "area_hectares": 0.0003,
        "area_acres": 0.0008,
        "area_gaj": 3.89,
        "perimeter_m": 9.46,
        "vertex_count": 9,
        "confidence": 0.85,
        "verification_status": "Pending Review"
      }
    },
    {
      "type": "Feature",
      "id": "CAD-0441",
      "geometry": {
        "type": "Polygon",
        "coordinates": [
          [
            [
              2823.0,
              717.0
            ],
            [
              2817.0,
              719.0
            ],
            [
              2809.0,
              713.0
            ],
            [
              2798.0,
              699.0
            ],
            [
              2798.0,
              694.0
            ],
            [
              2805.0,
              689.0
            ],
            [
              2827.0,
              695.0
            ],
            [
              2823.0,
              717.0
            ]
          ]
        ]
      },
      "properties": {
        "parcel_id": "CAD-0441",
        "feature_type": "Tree / Forest",
        "land_use": "Vacant",
        "category": "Vegetation",
        "color_hex": "#00B400",
        "area_px": 481.5,
        "area_sqm": 3.08,
        "area_hectares": 0.0003,
        "area_acres": 0.0008,
        "area_gaj": 3.68,
        "perimeter_m": 7.43,
        "vertex_count": 8,
        "confidence": 0.85,
        "verification_status": "Pending Review"
      }
    },
    {
      "type": "Feature",
      "id": "CAD-0442",
      "geometry": {
        "type": "Polygon",
        "coordinates": [
          [
            [
              3576.0,
              678.0
            ],
            [
              3574.0,
              683.0
            ],
            [
              3559.0,
              697.0
            ],
            [
              3546.0,
              697.0
            ],
            [
              3535.0,
              693.0
            ],
            [
              3535.0,
              686.0
            ],
            [
              3564.0,
              671.0
            ],
            [
              3576.0,
              678.0
            ]
          ]
        ]
      },
      "properties": {
        "parcel_id": "CAD-0442",
        "feature_type": "Tree / Forest",
        "land_use": "Vacant",
        "category": "Vegetation",
        "color_hex": "#00B400",
        "area_px": 429.5,
        "area_sqm": 2.75,
        "area_hectares": 0.0003,
        "area_acres": 0.0007,
        "area_gaj": 3.29,
        "perimeter_m": 8.33,
        "vertex_count": 8,
        "confidence": 0.85,
        "verification_status": "Pending Review"
      }
    },
    {
      "type": "Feature",
      "id": "CAD-0443",
      "geometry": {
        "type": "Polygon",
        "coordinates": [
          [
            [
              50.0,
              654.0
            ],
            [
              56.0,
              656.0
            ],
            [
              71.0,
              721.0
            ],
            [
              62.0,
              737.0
            ],
            [
              60.0,
              736.0
            ],
            [
              48.0,
              655.0
            ],
            [
              50.0,
              654.0
            ]
          ]
        ]
      },
      "properties": {
        "parcel_id": "CAD-0443",
        "feature_type": "Tree / Forest",
        "land_use": "Vacant",
        "category": "Vegetation",
        "color_hex": "#00B400",
        "area_px": 533.0,
        "area_sqm": 3.41,
        "area_hectares": 0.0003,
        "area_acres": 0.0008,
        "area_gaj": 4.08,
        "perimeter_m": 14.22,
        "vertex_count": 7,
        "confidence": 0.85,
        "verification_status": "Pending Review"
      }
    },
    {
      "type": "Feature",
      "id": "CAD-0444",
      "geometry": {
        "type": "Polygon",
        "coordinates": [
          [
            [
              3100.0,
              657.0
            ],
            [
              3111.0,
              653.0
            ],
            [
              3139.0,
              664.0
            ],
            [
              3193.0,
              708.0
            ],
            [
              3196.0,
              719.0
            ],
            [
              3190.0,
              743.0
            ],
            [
              3172.0,
              744.0
            ],
            [
              3112.0,
              688.0
            ],
            [
              3100.0,
              657.0
            ]
          ]
        ]
      },
      "properties": {
        "parcel_id": "CAD-0444",
        "feature_type": "Tree / Forest",
        "land_use": "Vacant",
        "category": "Vegetation",
        "color_hex": "#00B400",
        "area_px": 2153.5,
        "area_sqm": 13.78,
        "area_hectares": 0.0014,
        "area_acres": 0.0034,
        "area_gaj": 16.48,
        "perimeter_m": 22.47,
        "vertex_count": 9,
        "confidence": 0.85,
        "verification_status": "Pending Review"
      }
    },
    {
      "type": "Feature",
      "id": "CAD-0445",
      "geometry": {
        "type": "Polygon",
        "coordinates": [
          [
            [
              1064.0,
              651.0
            ],
            [
              1071.0,
              647.0
            ],
            [
              1104.0,
              649.0
            ],
            [
              1211.0,
              678.0
            ],
            [
              1216.0,
              688.0
            ],
            [
              1170.0,
              686.0
            ],
            [
              1077.0,
              662.0
            ],
            [
              1064.0,
              651.0
            ]
          ]
        ]
      },
      "properties": {
        "parcel_id": "CAD-0445",
        "feature_type": "Tree / Forest",
        "land_use": "Vacant",
        "category": "Vegetation",
        "color_hex": "#00B400",
        "area_px": 1850.5,
        "area_sqm": 11.84,
        "area_hectares": 0.0012,
        "area_acres": 0.0029,
        "area_gaj": 14.16,
        "perimeter_m": 25.78,
        "vertex_count": 8,
        "confidence": 0.85,
        "verification_status": "Pending Review"
      }
    },
    {
      "type": "Feature",
      "id": "CAD-0446",
      "geometry": {
        "type": "Polygon",
        "coordinates": [
          [
            [
              3422.0,
              644.0
            ],
            [
              3436.0,
              642.0
            ],
            [
              3528.0,
              678.0
            ],
            [
              3555.0,
              732.0
            ],
            [
              3516.0,
              755.0
            ],
            [
              3495.0,
              749.0
            ],
            [
              3417.0,
              696.0
            ],
            [
              3407.0,
              684.0
            ],
            [
              3422.0,
              644.0
            ]
          ]
        ]
      },
      "properties": {
        "parcel_id": "CAD-0446",
        "feature_type": "Tree / Forest",
        "land_use": "Vacant",
        "category": "Vegetation",
        "color_hex": "#00B400",
        "area_px": 6164.5,
        "area_sqm": 39.45,
        "area_hectares": 0.0039,
        "area_acres": 0.0097,
        "area_gaj": 47.18,
        "perimeter_m": 31.45,
        "vertex_count": 9,
        "confidence": 0.85,
        "verification_status": "Pending Review"
      }
    },
    {
      "type": "Feature",
      "id": "CAD-0447",
      "geometry": {
        "type": "Polygon",
        "coordinates": [
          [
            [
              1827.0,
              623.0
            ],
            [
              1830.0,
              621.0
            ],
            [
              1842.0,
              623.0
            ],
            [
              1861.0,
              631.0
            ],
            [
              1871.0,
              644.0
            ],
            [
              1865.0,
              655.0
            ],
            [
              1858.0,
              658.0
            ],
            [
              1826.0,
              629.0
            ],
            [
              1827.0,
              623.0
            ]
          ]
        ]
      },
      "properties": {
        "parcel_id": "CAD-0447",
        "feature_type": "Tree / Forest",
        "land_use": "Vacant",
        "category": "Vegetation",
        "color_hex": "#00B400",
        "area_px": 567.5,
        "area_sqm": 3.63,
        "area_hectares": 0.0004,
        "area_acres": 0.0009,
        "area_gaj": 4.34,
        "perimeter_m": 9.78,
        "vertex_count": 9,
        "confidence": 0.85,
        "verification_status": "Pending Review"
      }
    },
    {
      "type": "Feature",
      "id": "CAD-0448",
      "geometry": {
        "type": "Polygon",
        "coordinates": [
          [
            [
              1793.0,
              624.0
            ],
            [
              1807.0,
              622.0
            ],
            [
              1870.0,
              748.0
            ],
            [
              1858.0,
              792.0
            ],
            [
              1770.0,
              787.0
            ],
            [
              1744.0,
              775.0
            ],
            [
              1741.0,
              714.0
            ],
            [
              1746.0,
              660.0
            ],
            [
              1793.0,
              624.0
            ]
          ]
        ]
      },
      "properties": {
        "parcel_id": "CAD-0448",
        "feature_type": "Tree / Forest",
        "land_use": "Vacant",
        "category": "Vegetation",
        "color_hex": "#00B400",
        "area_px": 8921.5,
        "area_sqm": 57.1,
        "area_hectares": 0.0057,
        "area_acres": 0.0141,
        "area_gaj": 68.29,
        "perimeter_m": 39.35,
        "vertex_count": 9,
        "confidence": 0.85,
        "verification_status": "Pending Review"
      }
    },
    {
      "type": "Feature",
      "id": "CAD-0449",
      "geometry": {
        "type": "Polygon",
        "coordinates": [
          [
            [
              2228.0,
              620.0
            ],
            [
              2274.0,
              708.0
            ],
            [
              2234.0,
              734.0
            ],
            [
              2202.0,
              679.0
            ],
            [
              2204.0,
              664.0
            ],
            [
              2228.0,
              620.0
            ]
          ]
        ]
      },
      "properties": {
        "parcel_id": "CAD-0449",
        "feature_type": "Tree / Forest",
        "land_use": "Vacant",
        "category": "Vegetation",
        "color_hex": "#00B400",
        "area_px": 3001.5,
        "area_sqm": 19.21,
        "area_hectares": 0.0019,
        "area_acres": 0.0047,
        "area_gaj": 22.98,
        "perimeter_m": 22.07,
        "vertex_count": 6,
        "confidence": 0.85,
        "verification_status": "Pending Review"
      }
    },
    {
      "type": "Feature",
      "id": "CAD-0450",
      "geometry": {
        "type": "Polygon",
        "coordinates": [
          [
            [
              2304.0,
              628.0
            ],
            [
              2345.0,
              617.0
            ],
            [
              2464.0,
              624.0
            ],
            [
              2489.0,
              647.0
            ],
            [
              2484.0,
              874.0
            ],
            [
              2448.0,
              880.0
            ],
            [
              2360.0,
              864.0
            ],
            [
              2304.0,
              628.0
            ]
          ]
        ]
      },
      "properties": {
        "parcel_id": "CAD-0450",
        "feature_type": "Tree / Forest",
        "land_use": "Vacant",
        "category": "Vegetation",
        "color_hex": "#00B400",
        "area_px": 19056.5,
        "area_sqm": 121.96,
        "area_hectares": 0.0122,
        "area_acres": 0.0301,
        "area_gaj": 145.86,
        "perimeter_m": 63.29,
        "vertex_count": 8,
        "confidence": 0.85,
        "verification_status": "Pending Review"
      }
    },
    {
      "type": "Feature",
      "id": "CAD-0451",
      "geometry": {
        "type": "Polygon",
        "coordinates": [
          [
            [
              3504.0,
              606.0
            ],
            [
              3506.0,
              605.0
            ],
            [
              3526.0,
              605.0
            ],
            [
              3528.0,
              606.0
            ],
            [
              3531.0,
              611.0
            ],
            [
              3531.0,
              617.0
            ],
            [
              3527.0,
              629.0
            ],
            [
              3525.0,
              630.0
            ],
            [
              3520.0,
              629.0
            ],
            [
              3504.0,
              616.0
            ],
            [
              3503.0,
              612.0
            ],
            [
              3504.0,
              606.0
            ]
          ]
        ]
      },
      "properties": {
        "parcel_id": "CAD-0451",
        "feature_type": "Tree / Forest",
        "land_use": "Vacant",
        "category": "Vegetation",
        "color_hex": "#00B400",
        "area_px": 467.5,
        "area_sqm": 2.99,
        "area_hectares": 0.0003,
        "area_acres": 0.0007,
        "area_gaj": 3.58,
        "perimeter_m": 6.97,
        "vertex_count": 12,
        "confidence": 0.85,
        "verification_status": "Pending Review"
      }
    },
    {
      "type": "Feature",
      "id": "CAD-0452",
      "geometry": {
        "type": "Polygon",
        "coordinates": [
          [
            [
              923.0,
              606.0
            ],
            [
              945.0,
              607.0
            ],
            [
              989.0,
              618.0
            ],
            [
              1054.0,
              642.0
            ],
            [
              1057.0,
              653.0
            ],
            [
              984.0,
              639.0
            ],
            [
              946.0,
              626.0
            ],
            [
              923.0,
              606.0
            ]
          ]
        ]
      },
      "properties": {
        "parcel_id": "CAD-0452",
        "feature_type": "Tree / Forest",
        "land_use": "Vacant",
        "category": "Vegetation",
        "color_hex": "#00B400",
        "area_px": 1565.5,
        "area_sqm": 10.02,
        "area_hectares": 0.001,
        "area_acres": 0.0025,
        "area_gaj": 11.98,
        "perimeter_m": 23.44,
        "vertex_count": 8,
        "confidence": 0.85,
        "verification_status": "Pending Review"
      }
    },
    {
      "type": "Feature",
      "id": "CAD-0453",
      "geometry": {
        "type": "Polygon",
        "coordinates": [
          [
            [
              0.0,
              581.0
            ],
            [
              2.0,
              582.0
            ],
            [
              10.0,
              605.0
            ],
            [
              15.0,
              637.0
            ],
            [
              13.0,
              652.0
            ],
            [
              6.0,
              655.0
            ],
            [
              0.0,
              654.0
            ],
            [
              0.0,
              581.0
            ]
          ]
        ]
      },
      "properties": {
        "parcel_id": "CAD-0453",
        "feature_type": "Tree / Forest",
        "land_use": "Vacant",
        "category": "Vegetation",
        "color_hex": "#00B400",
        "area_px": 636.0,
        "area_sqm": 4.07,
        "area_hectares": 0.0004,
        "area_acres": 0.001,
        "area_gaj": 4.87,
        "perimeter_m": 12.86,
        "vertex_count": 8,
        "confidence": 0.85,
        "verification_status": "Pending Review"
      }
    },
    {
      "type": "Feature",
      "id": "CAD-0454",
      "geometry": {
        "type": "Polygon",
        "coordinates": [
          [
            [
              2012.0,
              568.0
            ],
            [
              2104.0,
              621.0
            ],
            [
              2116.0,
              647.0
            ],
            [
              2100.0,
              803.0
            ],
            [
              2025.0,
              806.0
            ],
            [
              1932.0,
              793.0
            ],
            [
              2012.0,
              568.0
            ]
          ]
        ]
      },
      "properties": {
        "parcel_id": "CAD-0454",
        "feature_type": "Tree / Forest",
        "land_use": "Vacant",
        "category": "Vegetation",
        "color_hex": "#00B400",
        "area_px": 24462.5,
        "area_sqm": 156.56,
        "area_hectares": 0.0157,
        "area_acres": 0.0387,
        "area_gaj": 187.25,
        "perimeter_m": 55.95,
        "vertex_count": 7,
        "confidence": 0.85,
        "verification_status": "Pending Review"
      }
    },
    {
      "type": "Feature",
      "id": "CAD-0455",
      "geometry": {
        "type": "Polygon",
        "coordinates": [
          [
            [
              1863.0,
              568.0
            ],
            [
              1886.0,
              582.0
            ],
            [
              1886.0,
              585.0
            ],
            [
              1876.0,
              610.0
            ],
            [
              1867.0,
              615.0
            ],
            [
              1865.0,
              614.0
            ],
            [
              1861.0,
              607.0
            ],
            [
              1852.0,
              579.0
            ],
            [
              1852.0,
              576.0
            ],
            [
              1858.0,
              570.0
            ],
            [
              1863.0,
              568.0
            ]
          ]
        ]
      },
      "properties": {
        "parcel_id": "CAD-0455",
        "feature_type": "Tree / Forest",
        "land_use": "Vacant",
        "category": "Vegetation",
        "color_hex": "#00B400",
        "area_px": 717.5,
        "area_sqm": 4.59,
        "area_hectares": 0.0005,
        "area_acres": 0.0011,
        "area_gaj": 5.49,
        "perimeter_m": 9.9,
        "vertex_count": 11,
        "confidence": 0.85,
        "verification_status": "Pending Review"
      }
    },
    {
      "type": "Feature",
      "id": "CAD-0456",
      "geometry": {
        "type": "Polygon",
        "coordinates": [
          [
            [
              3365.0,
              566.0
            ],
            [
              3367.0,
              565.0
            ],
            [
              3393.0,
              586.0
            ],
            [
              3391.0,
              605.0
            ],
            [
              3384.0,
              608.0
            ],
            [
              3374.0,
              605.0
            ],
            [
              3359.0,
              591.0
            ],
            [
              3358.0,
              583.0
            ],
            [
              3365.0,
              566.0
            ]
          ]
        ]
      },
      "properties": {
        "parcel_id": "CAD-0456",
        "feature_type": "Tree / Forest",
        "land_use": "Vacant",
        "category": "Vegetation",
        "color_hex": "#00B400",
        "area_px": 876.0,
        "area_sqm": 5.61,
        "area_hectares": 0.0006,
        "area_acres": 0.0014,
        "area_gaj": 6.71,
        "perimeter_m": 9.58,
        "vertex_count": 9,
        "confidence": 0.85,
        "verification_status": "Pending Review"
      }
    },
    {
      "type": "Feature",
      "id": "CAD-0457",
      "geometry": {
        "type": "Polygon",
        "coordinates": [
          [
            [
              155.0,
              575.0
            ],
            [
              172.0,
              564.0
            ],
            [
              195.0,
              576.0
            ],
            [
              204.0,
              582.0
            ],
            [
              206.0,
              586.0
            ],
            [
              201.0,
              592.0
            ],
            [
              184.0,
              595.0
            ],
            [
              157.0,
              581.0
            ],
            [
              155.0,
              579.0
            ],
            [
              155.0,
              575.0
            ]
          ]
        ]
      },
      "properties": {
        "parcel_id": "CAD-0457",
        "feature_type": "Tree / Forest",
        "land_use": "Vacant",
        "category": "Vegetation",
        "color_hex": "#00B400",
        "area_px": 843.5,
        "area_sqm": 5.4,
        "area_hectares": 0.0005,
        "area_acres": 0.0013,
        "area_gaj": 6.46,
        "perimeter_m": 9.9,
        "vertex_count": 10,
        "confidence": 0.85,
        "verification_status": "Pending Review"
      }
    },
    {
      "type": "Feature",
      "id": "CAD-0458",
      "geometry": {
        "type": "Polygon",
        "coordinates": [
          [
            [
              2801.0,
              553.0
            ],
            [
              2815.0,
              551.0
            ],
            [
              2855.0,
              580.0
            ],
            [
              2911.0,
              641.0
            ],
            [
              2910.0,
              649.0
            ],
            [
              2899.0,
              659.0
            ],
            [
              2888.0,
              661.0
            ],
            [
              2812.0,
              625.0
            ],
            [
              2774.0,
              595.0
            ],
            [
              2773.0,
              590.0
            ],
            [
              2801.0,
              553.0
            ]
          ]
        ]
      },
      "properties": {
        "parcel_id": "CAD-0458",
        "feature_type": "Tree / Forest",
        "land_use": "Vacant",
        "category": "Vegetation",
        "color_hex": "#00B400",
        "area_px": 4815.0,
        "area_sqm": 30.82,
        "area_hectares": 0.0031,
        "area_acres": 0.0076,
        "area_gaj": 36.86,
        "perimeter_m": 29.16,
        "vertex_count": 11,
        "confidence": 0.85,
        "verification_status": "Pending Review"
      }
    },
    {
      "type": "Feature",
      "id": "CAD-0459",
      "geometry": {
        "type": "Polygon",
        "coordinates": [
          [
            [
              2000.0,
              551.0
            ],
            [
              1988.0,
              587.0
            ],
            [
              1927.0,
              584.0
            ],
            [
              1909.0,
              577.0
            ],
            [
              1912.0,
              572.0
            ],
            [
              1935.0,
              556.0
            ],
            [
              1978.0,
              542.0
            ],
            [
              1984.0,
              542.0
            ],
            [
              2000.0,
              551.0
            ]
          ]
        ]
      },
      "properties": {
        "parcel_id": "CAD-0459",
        "feature_type": "Tree / Forest",
        "land_use": "Vacant",
        "category": "Vegetation",
        "color_hex": "#00B400",
        "area_px": 1860.0,
        "area_sqm": 11.9,
        "area_hectares": 0.0012,
        "area_acres": 0.0029,
        "area_gaj": 14.23,
        "perimeter_m": 17.74,
        "vertex_count": 9,
        "confidence": 0.85,
        "verification_status": "Pending Review"
      }
    },
    {
      "type": "Feature",
      "id": "CAD-0460",
      "geometry": {
        "type": "Polygon",
        "coordinates": [
          [
            [
              1564.0,
              532.0
            ],
            [
              1294.0,
              746.0
            ],
            [
              1288.0,
              722.0
            ],
            [
              1336.0,
              675.0
            ],
            [
              1501.0,
              553.0
            ],
            [
              1564.0,
              532.0
            ]
          ]
        ]
      },
      "properties": {
        "parcel_id": "CAD-0460",
        "feature_type": "Tree / Forest",
        "land_use": "Vacant",
        "category": "Vegetation",
        "color_hex": "#00B400",
        "area_px": 6285.5,
        "area_sqm": 40.23,
        "area_hectares": 0.004,
        "area_acres": 0.0099,
        "area_gaj": 48.12,
        "perimeter_m": 56.64,
        "vertex_count": 6,
        "confidence": 0.85,
        "verification_status": "Pending Review"
      }
    },
    {
      "type": "Feature",
      "id": "CAD-0461",
      "geometry": {
        "type": "Polygon",
        "coordinates": [
          [
            [
              3205.0,
              527.0
            ],
            [
              3257.0,
              544.0
            ],
            [
              3282.0,
              568.0
            ],
            [
              3281.0,
              583.0
            ],
            [
              3262.0,
              601.0
            ],
            [
              3217.0,
              601.0
            ],
            [
              3211.0,
              595.0
            ],
            [
              3194.0,
              559.0
            ],
            [
              3195.0,
              543.0
            ],
            [
              3205.0,
              527.0
            ]
          ]
        ]
      },
      "properties": {
        "parcel_id": "CAD-0461",
        "feature_type": "Tree / Forest",
        "land_use": "Vacant",
        "category": "Vegetation",
        "color_hex": "#00B400",
        "area_px": 4048.5,
        "area_sqm": 25.91,
        "area_hectares": 0.0026,
        "area_acres": 0.0064,
        "area_gaj": 30.99,
        "perimeter_m": 20.7,
        "vertex_count": 10,
        "confidence": 0.85,
        "verification_status": "Pending Review"
      }
    },
    {
      "type": "Feature",
      "id": "CAD-0462",
      "geometry": {
        "type": "Polygon",
        "coordinates": [
          [
            [
              73.0,
              528.0
            ],
            [
              79.0,
              522.0
            ],
            [
              91.0,
              520.0
            ],
            [
              97.0,
              523.0
            ],
            [
              102.0,
              529.0
            ],
            [
              111.0,
              550.0
            ],
            [
              109.0,
              551.0
            ],
            [
              96.0,
              546.0
            ],
            [
              80.0,
              536.0
            ],
            [
              73.0,
              530.0
            ],
            [
              73.0,
              528.0
            ]
          ]
        ]
      },
      "properties": {
        "parcel_id": "CAD-0462",
        "feature_type": "Tree / Forest",
        "land_use": "Vacant",
        "category": "Vegetation",
        "color_hex": "#00B400",
        "area_px": 527.0,
        "area_sqm": 3.37,
        "area_hectares": 0.0003,
        "area_acres": 0.0008,
        "area_gaj": 4.03,
        "perimeter_m": 8.34,
        "vertex_count": 11,
        "confidence": 0.85,
        "verification_status": "Pending Review"
      }
    },
    {
      "type": "Feature",
      "id": "CAD-0463",
      "geometry": {
        "type": "Polygon",
        "coordinates": [
          [
            [
              2650.0,
              522.0
            ],
            [
              2652.0,
              531.0
            ],
            [
              2651.0,
              541.0
            ],
            [
              2647.0,
              550.0
            ],
            [
              2641.0,
              555.0
            ],
            [
              2633.0,
              557.0
            ],
            [
              2627.0,
              555.0
            ],
            [
              2612.0,
              545.0
            ],
            [
              2611.0,
              534.0
            ],
            [
              2644.0,
              517.0
            ],
            [
              2647.0,
              518.0
            ],
            [
              2650.0,
              522.0
            ]
          ]
        ]
      },
      "properties": {
        "parcel_id": "CAD-0463",
        "feature_type": "Tree / Forest",
        "land_use": "Vacant",
        "category": "Vegetation",
        "color_hex": "#00B400",
        "area_px": 1054.0,
        "area_sqm": 6.75,
        "area_hectares": 0.0007,
        "area_acres": 0.0017,
        "area_gaj": 8.07,
        "perimeter_m": 10.07,
        "vertex_count": 12,
        "confidence": 0.85,
        "verification_status": "Pending Review"
      }
    },
    {
      "type": "Feature",
      "id": "CAD-0464",
      "geometry": {
        "type": "Polygon",
        "coordinates": [
          [
            [
              1908.0,
              514.0
            ],
            [
              1911.0,
              526.0
            ],
            [
              1823.0,
              606.0
            ],
            [
              1690.0,
              703.0
            ],
            [
              1665.0,
              698.0
            ],
            [
              1658.0,
              682.0
            ],
            [
              1665.0,
              662.0
            ],
            [
              1737.0,
              595.0
            ],
            [
              1878.0,
              514.0
            ],
            [
              1908.0,
              514.0
            ]
          ]
        ]
      },
      "properties": {
        "parcel_id": "CAD-0464",
        "feature_type": "Tree / Forest",
        "land_use": "Vacant",
        "category": "Vegetation",
        "color_hex": "#00B400",
        "area_px": 9162.0,
        "area_sqm": 58.64,
        "area_hectares": 0.0059,
        "area_acres": 0.0145,
        "area_gaj": 70.13,
        "perimeter_m": 52.08,
        "vertex_count": 10,
        "confidence": 0.85,
        "verification_status": "Pending Review"
      }
    },
    {
      "type": "Feature",
      "id": "CAD-0465",
      "geometry": {
        "type": "Polygon",
        "coordinates": [
          [
            [
              1964.0,
              512.0
            ],
            [
              1969.0,
              512.0
            ],
            [
              1975.0,
              514.0
            ],
            [
              1974.0,
              544.0
            ],
            [
              1967.0,
              547.0
            ],
            [
              1965.0,
              546.0
            ],
            [
              1958.0,
              537.0
            ],
            [
              1957.0,
              517.0
            ],
            [
              1964.0,
              512.0
            ]
          ]
        ]
      },
      "properties": {
        "parcel_id": "CAD-0465",
        "feature_type": "Tree / Forest",
        "land_use": "Vacant",
        "category": "Vegetation",
        "color_hex": "#00B400",
        "area_px": 438.0,
        "area_sqm": 2.8,
        "area_hectares": 0.0003,
        "area_acres": 0.0007,
        "area_gaj": 3.35,
        "perimeter_m": 7.3,
        "vertex_count": 9,
        "confidence": 0.85,
        "verification_status": "Pending Review"
      }
    },
    {
      "type": "Feature",
      "id": "CAD-0466",
      "geometry": {
        "type": "Polygon",
        "coordinates": [
          [
            [
              3264.0,
              524.0
            ],
            [
              3276.0,
              512.0
            ],
            [
              3293.0,
              507.0
            ],
            [
              3302.0,
              513.0
            ],
            [
              3313.0,
              535.0
            ],
            [
              3313.0,
              538.0
            ],
            [
              3311.0,
              542.0
            ],
            [
              3301.0,
              546.0
            ],
            [
              3270.0,
              535.0
            ],
            [
              3264.0,
              530.0
            ],
            [
              3264.0,
              524.0
            ]
          ]
        ]
      },
      "properties": {
        "parcel_id": "CAD-0466",
        "feature_type": "Tree / Forest",
        "land_use": "Vacant",
        "category": "Vegetation",
        "color_hex": "#00B400",
        "area_px": 1058.5,
        "area_sqm": 6.77,
        "area_hectares": 0.0007,
        "area_acres": 0.0017,
        "area_gaj": 8.1,
        "perimeter_m": 10.8,
        "vertex_count": 11,
        "confidence": 0.85,
        "verification_status": "Pending Review"
      }
    },
    {
      "type": "Feature",
      "id": "CAD-0467",
      "geometry": {
        "type": "Polygon",
        "coordinates": [
          [
            [
              3932.0,
              484.0
            ],
            [
              3940.0,
              475.0
            ],
            [
              3942.0,
              474.0
            ],
            [
              3945.0,
              475.0
            ],
            [
              3960.0,
              486.0
            ],
            [
              3963.0,
              493.0
            ],
            [
              3962.0,
              501.0
            ],
            [
              3958.0,
              503.0
            ],
            [
              3953.0,
              503.0
            ],
            [
              3938.0,
              497.0
            ],
            [
              3932.0,
              488.0
            ],
            [
              3932.0,
              484.0
            ]
          ]
        ]
      },
      "properties": {
        "parcel_id": "CAD-0467",
        "feature_type": "Tree / Forest",
        "land_use": "Vacant",
        "category": "Vegetation",
        "color_hex": "#00B400",
        "area_px": 526.0,
        "area_sqm": 3.37,
        "area_hectares": 0.0003,
        "area_acres": 0.0008,
        "area_gaj": 4.03,
        "perimeter_m": 7.37,
        "vertex_count": 12,
        "confidence": 0.85,
        "verification_status": "Pending Review"
      }
    },
    {
      "type": "Feature",
      "id": "CAD-0468",
      "geometry": {
        "type": "Polygon",
        "coordinates": [
          [
            [
              1977.0,
              466.0
            ],
            [
              1977.0,
              477.0
            ],
            [
              1972.0,
              490.0
            ],
            [
              1967.0,
              495.0
            ],
            [
              1945.0,
              510.0
            ],
            [
              1925.0,
              518.0
            ],
            [
              1922.0,
              517.0
            ],
            [
              1927.0,
              473.0
            ],
            [
              1931.0,
              468.0
            ],
            [
              1977.0,
              466.0
            ]
          ]
        ]
      },
      "properties": {
        "parcel_id": "CAD-0468",
        "feature_type": "Tree / Forest",
        "land_use": "Vacant",
        "category": "Vegetation",
        "color_hex": "#00B400",
        "area_px": 1778.0,
        "area_sqm": 11.38,
        "area_hectares": 0.0011,
        "area_acres": 0.0028,
        "area_gaj": 13.61,
        "perimeter_m": 14.4,
        "vertex_count": 10,
        "confidence": 0.85,
        "verification_status": "Pending Review"
      }
    },
    {
      "type": "Feature",
      "id": "CAD-0469",
      "geometry": {
        "type": "Polygon",
        "coordinates": [
          [
            [
              3905.0,
              457.0
            ],
            [
              3911.0,
              460.0
            ],
            [
              3911.0,
              481.0
            ],
            [
              3908.0,
              484.0
            ],
            [
              3902.0,
              486.0
            ],
            [
              3890.0,
              477.0
            ],
            [
              3890.0,
              474.0
            ],
            [
              3899.0,
              459.0
            ],
            [
              3905.0,
              457.0
            ]
          ]
        ]
      },
      "properties": {
        "parcel_id": "CAD-0469",
        "feature_type": "Tree / Forest",
        "land_use": "Vacant",
        "category": "Vegetation",
        "color_hex": "#00B400",
        "area_px": 402.5,
        "area_sqm": 2.58,
        "area_hectares": 0.0003,
        "area_acres": 0.0006,
        "area_gaj": 3.09,
        "perimeter_m": 6.41,
        "vertex_count": 9,
        "confidence": 0.85,
        "verification_status": "Pending Review"
      }
    },
    {
      "type": "Feature",
      "id": "CAD-0470",
      "geometry": {
        "type": "Polygon",
        "coordinates": [
          [
            [
              2521.0,
              459.0
            ],
            [
              2532.0,
              451.0
            ],
            [
              2555.0,
              462.0
            ],
            [
              2569.0,
              488.0
            ],
            [
              2570.0,
              496.0
            ],
            [
              2558.0,
              500.0
            ],
            [
              2540.0,
              494.0
            ],
            [
              2530.0,
              487.0
            ],
            [
              2520.0,
              471.0
            ],
            [
              2521.0,
              459.0
            ]
          ]
        ]
      },
      "properties": {
        "parcel_id": "CAD-0470",
        "feature_type": "Tree / Forest",
        "land_use": "Vacant",
        "category": "Vegetation",
        "color_hex": "#00B400",
        "area_px": 1318.5,
        "area_sqm": 8.44,
        "area_hectares": 0.0008,
        "area_acres": 0.0021,
        "area_gaj": 10.09,
        "perimeter_m": 12.11,
        "vertex_count": 10,
        "confidence": 0.85,
        "verification_status": "Pending Review"
      }
    },
    {
      "type": "Feature",
      "id": "CAD-0471",
      "geometry": {
        "type": "Polygon",
        "coordinates": [
          [
            [
              2658.0,
              442.0
            ],
            [
              2671.0,
              444.0
            ],
            [
              2671.0,
              458.0
            ],
            [
              2668.0,
              473.0
            ],
            [
              2663.0,
              476.0
            ],
            [
              2656.0,
              472.0
            ],
            [
              2644.0,
              455.0
            ],
            [
              2644.0,
              452.0
            ],
            [
              2658.0,
              442.0
            ]
          ]
        ]
      },
      "properties": {
        "parcel_id": "CAD-0471",
        "feature_type": "Tree / Forest",
        "land_use": "Vacant",
        "category": "Vegetation",
        "color_hex": "#00B400",
        "area_px": 567.0,
        "area_sqm": 3.63,
        "area_hectares": 0.0004,
        "area_acres": 0.0009,
        "area_gaj": 4.34,
        "perimeter_m": 7.79,
        "vertex_count": 9,
        "confidence": 0.85,
        "verification_status": "Pending Review"
      }
    },
    {
      "type": "Feature",
      "id": "CAD-0472",
      "geometry": {
        "type": "Polygon",
        "coordinates": [
          [
            [
              3087.0,
              466.0
            ],
            [
              3116.0,
              441.0
            ],
            [
              3161.0,
              444.0
            ],
            [
              3206.0,
              474.0
            ],
            [
              3208.0,
              500.0
            ],
            [
              3181.0,
              523.0
            ],
            [
              3103.0,
              515.0
            ],
            [
              3094.0,
              506.0
            ],
            [
              3087.0,
              466.0
            ]
          ]
        ]
      },
      "properties": {
        "parcel_id": "CAD-0472",
        "feature_type": "Tree / Forest",
        "land_use": "Vacant",
        "category": "Vegetation",
        "color_hex": "#00B400",
        "area_px": 5493.5,
        "area_sqm": 35.16,
        "area_hectares": 0.0035,
        "area_acres": 0.0087,
        "area_gaj": 42.05,
        "perimeter_m": 26.46,
        "vertex_count": 9,
        "confidence": 0.85,
        "verification_status": "Pending Review"
      }
    },
    {
      "type": "Feature",
      "id": "CAD-0473",
      "geometry": {
        "type": "Polygon",
        "coordinates": [
          [
            [
              2440.0,
              426.0
            ],
            [
              2392.0,
              501.0
            ],
            [
              2378.0,
              498.0
            ],
            [
              2365.0,
              486.0
            ],
            [
              2363.0,
              480.0
            ],
            [
              2370.0,
              447.0
            ],
            [
              2385.0,
              433.0
            ],
            [
              2407.0,
              421.0
            ],
            [
              2427.0,
              420.0
            ],
            [
              2440.0,
              426.0
            ]
          ]
        ]
      },
      "properties": {
        "parcel_id": "CAD-0473",
        "feature_type": "Tree / Forest",
        "land_use": "Vacant",
        "category": "Vegetation",
        "color_hex": "#00B400",
        "area_px": 2669.5,
        "area_sqm": 17.08,
        "area_hectares": 0.0017,
        "area_acres": 0.0042,
        "area_gaj": 20.43,
        "perimeter_m": 19.28,
        "vertex_count": 10,
        "confidence": 0.85,
        "verification_status": "Pending Review"
      }
    },
    {
      "type": "Feature",
      "id": "CAD-0474",
      "geometry": {
        "type": "Polygon",
        "coordinates": [
          [
            [
              2899.0,
              407.0
            ],
            [
              2905.0,
              407.0
            ],
            [
              2931.0,
              419.0
            ],
            [
              2926.0,
              446.0
            ],
            [
              2918.0,
              454.0
            ],
            [
              2913.0,
              453.0
            ],
            [
              2889.0,
              434.0
            ],
            [
              2888.0,
              417.0
            ],
            [
              2895.0,
              409.0
            ],
            [
              2899.0,
              407.0
            ]
          ]
        ]
      },
      "properties": {
        "parcel_id": "CAD-0474",
        "feature_type": "Tree / Forest",
        "land_use": "Vacant",
        "category": "Vegetation",
        "color_hex": "#00B400",
        "area_px": 1173.0,
        "area_sqm": 7.51,
        "area_hectares": 0.0008,
        "area_acres": 0.0019,
        "area_gaj": 8.98,
        "perimeter_m": 11.3,
        "vertex_count": 10,
        "confidence": 0.85,
        "verification_status": "Pending Review"
      }
    },
    {
      "type": "Feature",
      "id": "CAD-0475",
      "geometry": {
        "type": "Polygon",
        "coordinates": [
          [
            [
              1605.0,
              404.0
            ],
            [
              1645.0,
              440.0
            ],
            [
              1645.0,
              446.0
            ],
            [
              1639.0,
              455.0
            ],
            [
              1581.0,
              496.0
            ],
            [
              1566.0,
              502.0
            ],
            [
              1563.0,
              495.0
            ],
            [
              1568.0,
              474.0
            ],
            [
              1605.0,
              404.0
            ]
          ]
        ]
      },
      "properties": {
        "parcel_id": "CAD-0475",
        "feature_type": "Tree / Forest",
        "land_use": "Vacant",
        "category": "Vegetation",
        "color_hex": "#00B400",
        "area_px": 2917.5,
        "area_sqm": 18.67,
        "area_hectares": 0.0019,
        "area_acres": 0.0046,
        "area_gaj": 22.33,
        "perimeter_m": 21.3,
        "vertex_count": 9,
        "confidence": 0.85,
        "verification_status": "Pending Review"
      }
    },
    {
      "type": "Feature",
      "id": "CAD-0476",
      "geometry": {
        "type": "Polygon",
        "coordinates": [
          [
            [
              3043.0,
              386.0
            ],
            [
              3052.0,
              393.0
            ],
            [
              3045.0,
              435.0
            ],
            [
              3041.0,
              445.0
            ],
            [
              3033.0,
              448.0
            ],
            [
              2993.0,
              421.0
            ],
            [
              2993.0,
              417.0
            ],
            [
              3023.0,
              396.0
            ],
            [
              3043.0,
              386.0
            ]
          ]
        ]
      },
      "properties": {
        "parcel_id": "CAD-0476",
        "feature_type": "Tree / Forest",
        "land_use": "Vacant",
        "category": "Vegetation",
        "color_hex": "#00B400",
        "area_px": 1418.0,
        "area_sqm": 9.08,
        "area_hectares": 0.0009,
        "area_acres": 0.0022,
        "area_gaj": 10.86,
        "perimeter_m": 14.76,
        "vertex_count": 9,
        "confidence": 0.85,
        "verification_status": "Pending Review"
      }
    },
    {
      "type": "Feature",
      "id": "CAD-0477",
      "geometry": {
        "type": "Polygon",
        "coordinates": [
          [
            [
              1589.0,
              387.0
            ],
            [
              1588.0,
              397.0
            ],
            [
              1574.0,
              430.0
            ],
            [
              1568.0,
              435.0
            ],
            [
              1561.0,
              434.0
            ],
            [
              1576.0,
              390.0
            ],
            [
              1587.0,
              386.0
            ],
            [
              1589.0,
              387.0
            ]
          ]
        ]
      },
      "properties": {
        "parcel_id": "CAD-0477",
        "feature_type": "Tree / Forest",
        "land_use": "Vacant",
        "category": "Vegetation",
        "color_hex": "#00B400",
        "area_px": 440.0,
        "area_sqm": 2.82,
        "area_hectares": 0.0003,
        "area_acres": 0.0007,
        "area_gaj": 3.37,
        "perimeter_m": 9.7,
        "vertex_count": 8,
        "confidence": 0.85,
        "verification_status": "Pending Review"
      }
    },
    {
      "type": "Feature",
      "id": "CAD-0478",
      "geometry": {
        "type": "Polygon",
        "coordinates": [
          [
            [
              3797.0,
              380.0
            ],
            [
              3795.0,
              391.0
            ],
            [
              3782.0,
              401.0
            ],
            [
              3751.0,
              399.0
            ],
            [
              3740.0,
              393.0
            ],
            [
              3744.0,
              375.0
            ],
            [
              3779.0,
              368.0
            ],
            [
              3789.0,
              370.0
            ],
            [
              3797.0,
              380.0
            ]
          ]
        ]
      },
      "properties": {
        "parcel_id": "CAD-0478",
        "feature_type": "Tree / Forest",
        "land_use": "Vacant",
        "category": "Vegetation",
        "color_hex": "#00B400",
        "area_px": 1145.0,
        "area_sqm": 7.33,
        "area_hectares": 0.0007,
        "area_acres": 0.0018,
        "area_gaj": 8.77,
        "perimeter_m": 11.86,
        "vertex_count": 9,
        "confidence": 0.85,
        "verification_status": "Pending Review"
      }
    },
    {
      "type": "Feature",
      "id": "CAD-0479",
      "geometry": {
        "type": "Polygon",
        "coordinates": [
          [
            [
              2331.0,
              359.0
            ],
            [
              2306.0,
              419.0
            ],
            [
              2294.0,
              424.0
            ],
            [
              2285.0,
              419.0
            ],
            [
              2262.0,
              393.0
            ],
            [
              2267.0,
              381.0
            ],
            [
              2306.0,
              363.0
            ],
            [
              2324.0,
              358.0
            ],
            [
              2331.0,
              359.0
            ]
          ]
        ]
      },
      "properties": {
        "parcel_id": "CAD-0479",
        "feature_type": "Tree / Forest",
        "land_use": "Vacant",
        "category": "Vegetation",
        "color_hex": "#00B400",
        "area_px": 1651.5,
        "area_sqm": 10.57,
        "area_hectares": 0.0011,
        "area_acres": 0.0026,
        "area_gaj": 12.64,
        "perimeter_m": 16.38,
        "vertex_count": 9,
        "confidence": 0.85,
        "verification_status": "Pending Review"
      }
    },
    {
      "type": "Feature",
      "id": "CAD-0480",
      "geometry": {
        "type": "Polygon",
        "coordinates": [
          [
            [
              2935.0,
              346.0
            ],
            [
              2936.0,
              367.0
            ],
            [
              2932.0,
              375.0
            ],
            [
              2889.0,
              394.0
            ],
            [
              2885.0,
              392.0
            ],
            [
              2884.0,
              386.0
            ],
            [
              2892.0,
              369.0
            ],
            [
              2922.0,
              342.0
            ],
            [
              2925.0,
              341.0
            ],
            [
              2935.0,
              346.0
            ]
          ]
        ]
      },
      "properties": {
        "parcel_id": "CAD-0480",
        "feature_type": "Tree / Forest",
        "land_use": "Vacant",
        "category": "Vegetation",
        "color_hex": "#00B400",
        "area_px": 1163.0,
        "area_sqm": 7.44,
        "area_hectares": 0.0007,
        "area_acres": 0.0018,
        "area_gaj": 8.9,
        "perimeter_m": 12.88,
        "vertex_count": 10,
        "confidence": 0.85,
        "verification_status": "Pending Review"
      }
    },
    {
      "type": "Feature",
      "id": "CAD-0481",
      "geometry": {
        "type": "Polygon",
        "coordinates": [
          [
            [
              2613.0,
              340.0
            ],
            [
              2609.0,
              350.0
            ],
            [
              2567.0,
              388.0
            ],
            [
              2543.0,
              373.0
            ],
            [
              2526.0,
              356.0
            ],
            [
              2526.0,
              352.0
            ],
            [
              2558.0,
              339.0
            ],
            [
              2590.0,
              333.0
            ],
            [
              2607.0,
              335.0
            ],
            [
              2613.0,
              340.0
            ]
          ]
        ]
      },
      "properties": {
        "parcel_id": "CAD-0481",
        "feature_type": "Tree / Forest",
        "land_use": "Vacant",
        "category": "Vegetation",
        "color_hex": "#00B400",
        "area_px": 2276.5,
        "area_sqm": 14.57,
        "area_hectares": 0.0015,
        "area_acres": 0.0036,
        "area_gaj": 17.43,
        "perimeter_m": 17.26,
        "vertex_count": 10,
        "confidence": 0.85,
        "verification_status": "Pending Review"
      }
    },
    {
      "type": "Feature",
      "id": "CAD-0482",
      "geometry": {
        "type": "Polygon",
        "coordinates": [
          [
            [
              2278.0,
              343.0
            ],
            [
              2257.0,
              359.0
            ],
            [
              1991.0,
              469.0
            ],
            [
              1999.0,
              454.0
            ],
            [
              2102.0,
              392.0
            ],
            [
              2217.0,
              338.0
            ],
            [
              2240.0,
              332.0
            ],
            [
              2278.0,
              343.0
            ]
          ]
        ]
      },
      "properties": {
        "parcel_id": "CAD-0482",
        "feature_type": "Tree / Forest",
        "land_use": "Vacant",
        "category": "Vegetation",
        "color_hex": "#00B400",
        "area_px": 5473.5,
        "area_sqm": 35.03,
        "area_hectares": 0.0035,
        "area_acres": 0.0087,
        "area_gaj": 41.9,
        "perimeter_m": 51.35,
        "vertex_count": 8,
        "confidence": 0.85,
        "verification_status": "Pending Review"
      }
    },
    {
      "type": "Feature",
      "id": "CAD-0483",
      "geometry": {
        "type": "Polygon",
        "coordinates": [
          [
            [
              2435.0,
              316.0
            ],
            [
              2471.0,
              349.0
            ],
            [
              2468.0,
              425.0
            ],
            [
              2463.0,
              430.0
            ],
            [
              2456.0,
              430.0
            ],
            [
              2430.0,
              414.0
            ],
            [
              2413.0,
              382.0
            ],
            [
              2417.0,
              334.0
            ],
            [
              2435.0,
              316.0
            ]
          ]
        ]
      },
      "properties": {
        "parcel_id": "CAD-0483",
        "feature_type": "Tree / Forest",
        "land_use": "Vacant",
        "category": "Vegetation",
        "color_hex": "#00B400",
        "area_px": 2776.0,
        "area_sqm": 17.77,
        "area_hectares": 0.0018,
        "area_acres": 0.0044,
        "area_gaj": 21.25,
        "perimeter_m": 22.35,
        "vertex_count": 9,
        "confidence": 0.85,
        "verification_status": "Pending Review"
      }
    },
    {
      "type": "Feature",
      "id": "CAD-0484",
      "geometry": {
        "type": "Polygon",
        "coordinates": [
          [
            [
              3125.0,
              313.0
            ],
            [
              3137.0,
              345.0
            ],
            [
              3107.0,
              372.0
            ],
            [
              3092.0,
              376.0
            ],
            [
              3081.0,
              375.0
            ],
            [
              3080.0,
              369.0
            ],
            [
              3112.0,
              315.0
            ],
            [
              3115.0,
              313.0
            ],
            [
              3125.0,
              313.0
            ]
          ]
        ]
      },
      "properties": {
        "parcel_id": "CAD-0484",
        "feature_type": "Tree / Forest",
        "land_use": "Vacant",
        "category": "Vegetation",
        "color_hex": "#00B400",
        "area_px": 1329.5,
        "area_sqm": 8.51,
        "area_hectares": 0.0009,
        "area_acres": 0.0021,
        "area_gaj": 10.18,
        "perimeter_m": 14.69,
        "vertex_count": 9,
        "confidence": 0.85,
        "verification_status": "Pending Review"
      }
    },
    {
      "type": "Feature",
      "id": "CAD-0485",
      "geometry": {
        "type": "Polygon",
        "coordinates": [
          [
            [
              3512.0,
              312.0
            ],
            [
              3512.0,
              314.0
            ],
            [
              3507.0,
              321.0
            ],
            [
              3494.0,
              334.0
            ],
            [
              3488.0,
              335.0
            ],
            [
              3483.0,
              333.0
            ],
            [
              3481.0,
              326.0
            ],
            [
              3481.0,
              320.0
            ],
            [
              3489.0,
              312.0
            ],
            [
              3495.0,
              310.0
            ],
            [
              3503.0,
              310.0
            ],
            [
              3512.0,
              312.0
            ]
          ]
        ]
      },
      "properties": {
        "parcel_id": "CAD-0485",
        "feature_type": "Tree / Forest",
        "land_use": "Vacant",
        "category": "Vegetation",
        "color_hex": "#00B400",
        "area_px": 465.0,
        "area_sqm": 2.98,
        "area_hectares": 0.0003,
        "area_acres": 0.0007,
        "area_gaj": 3.56,
        "perimeter_m": 7.09,
        "vertex_count": 12,
        "confidence": 0.85,
        "verification_status": "Pending Review"
      }
    },
    {
      "type": "Feature",
      "id": "CAD-0486",
      "geometry": {
        "type": "Polygon",
        "coordinates": [
          [
            [
              2878.0,
              305.0
            ],
            [
              2885.0,
              310.0
            ],
            [
              2869.0,
              388.0
            ],
            [
              2862.0,
              393.0
            ],
            [
              2857.0,
              390.0
            ],
            [
              2843.0,
              366.0
            ],
            [
              2838.0,
              336.0
            ],
            [
              2861.0,
              309.0
            ],
            [
              2878.0,
              305.0
            ]
          ]
        ]
      },
      "properties": {
        "parcel_id": "CAD-0486",
        "feature_type": "Tree / Forest",
        "land_use": "Vacant",
        "category": "Vegetation",
        "color_hex": "#00B400",
        "area_px": 1867.0,
        "area_sqm": 11.95,
        "area_hectares": 0.0012,
        "area_acres": 0.003,
        "area_gaj": 14.29,
        "perimeter_m": 17.1,
        "vertex_count": 9,
        "confidence": 0.85,
        "verification_status": "Pending Review"
      }
    },
    {
      "type": "Feature",
      "id": "CAD-0487",
      "geometry": {
        "type": "Polygon",
        "coordinates": [
          [
            [
              1635.0,
              302.0
            ],
            [
              1639.0,
              310.0
            ],
            [
              1638.0,
              319.0
            ],
            [
              1611.0,
              399.0
            ],
            [
              1607.0,
              403.0
            ],
            [
              1605.0,
              399.0
            ],
            [
              1628.0,
              318.0
            ],
            [
              1635.0,
              302.0
            ]
          ]
        ]
      },
      "properties": {
        "parcel_id": "CAD-0487",
        "feature_type": "Tree / Forest",
        "land_use": "Vacant",
        "category": "Vegetation",
        "color_hex": "#00B400",
        "area_px": 636.0,
        "area_sqm": 4.07,
        "area_hectares": 0.0004,
        "area_acres": 0.001,
        "area_gaj": 4.87,
        "perimeter_m": 17.14,
        "vertex_count": 8,
        "confidence": 0.85,
        "verification_status": "Pending Review"
      }
    },
    {
      "type": "Feature",
      "id": "CAD-0488",
      "geometry": {
        "type": "Polygon",
        "coordinates": [
          [
            [
              3999.0,
              300.0
            ],
            [
              3999.0,
              347.0
            ],
            [
              3993.0,
              347.0
            ],
            [
              3985.0,
              341.0
            ],
            [
              3984.0,
              329.0
            ],
            [
              3991.0,
              304.0
            ],
            [
              3999.0,
              300.0
            ]
          ]
        ]
      },
      "properties": {
        "parcel_id": "CAD-0488",
        "feature_type": "Tree / Forest",
        "land_use": "Vacant",
        "category": "Vegetation",
        "color_hex": "#00B400",
        "area_px": 412.5,
        "area_sqm": 2.64,
        "area_hectares": 0.0003,
        "area_acres": 0.0007,
        "area_gaj": 3.16,
        "perimeter_m": 8.8,
        "vertex_count": 7,
        "confidence": 0.85,
        "verification_status": "Pending Review"
      }
    },
    {
      "type": "Feature",
      "id": "CAD-0489",
      "geometry": {
        "type": "Polygon",
        "coordinates": [
          [
            [
              2808.0,
              395.0
            ],
            [
              2802.0,
              402.0
            ],
            [
              2785.0,
              403.0
            ],
            [
              2693.0,
              377.0
            ],
            [
              2636.0,
              326.0
            ],
            [
              2632.0,
              316.0
            ],
            [
              2719.0,
              286.0
            ],
            [
              2785.0,
              317.0
            ],
            [
              2810.0,
              376.0
            ],
            [
              2808.0,
              395.0
            ]
          ]
        ]
      },
      "properties": {
        "parcel_id": "CAD-0489",
        "feature_type": "Tree / Forest",
        "land_use": "Vacant",
        "category": "Vegetation",
        "color_hex": "#00B400",
        "area_px": 7309.0,
        "area_sqm": 46.78,
        "area_hectares": 0.0047,
        "area_acres": 0.0116,
        "area_gaj": 55.95,
        "perimeter_m": 36.58,
        "vertex_count": 10,
        "confidence": 0.85,
        "verification_status": "Pending Review"
      }
    },
    {
      "type": "Feature",
      "id": "CAD-0490",
      "geometry": {
        "type": "Polygon",
        "coordinates": [
          [
            [
              1030.0,
              295.0
            ],
            [
              1078.0,
              284.0
            ],
            [
              1148.0,
              299.0
            ],
            [
              1205.0,
              318.0
            ],
            [
              1281.0,
              357.0
            ],
            [
              1261.0,
              360.0
            ],
            [
              1149.0,
              335.0
            ],
            [
              1034.0,
              301.0
            ],
            [
              1030.0,
              295.0
            ]
          ]
        ]
      },
      "properties": {
        "parcel_id": "CAD-0490",
        "feature_type": "Tree / Forest",
        "land_use": "Vacant",
        "category": "Vegetation",
        "color_hex": "#00B400",
        "area_px": 4636.0,
        "area_sqm": 29.67,
        "area_hectares": 0.003,
        "area_acres": 0.0073,
        "area_gaj": 35.49,
        "perimeter_m": 42.28,
        "vertex_count": 9,
        "confidence": 0.85,
        "verification_status": "Pending Review"
      }
    },
    {
      "type": "Feature",
      "id": "CAD-0491",
      "geometry": {
        "type": "Polygon",
        "coordinates": [
          [
            [
              2372.0,
              294.0
            ],
            [
              2373.0,
              298.0
            ],
            [
              2341.0,
              329.0
            ],
            [
              2304.0,
              345.0
            ],
            [
              2288.0,
              347.0
            ],
            [
              2281.0,
              344.0
            ],
            [
              2288.0,
              332.0
            ],
            [
              2333.0,
              285.0
            ],
            [
              2345.0,
              281.0
            ],
            [
              2372.0,
              294.0
            ]
          ]
        ]
      },
      "properties": {
        "parcel_id": "CAD-0491",
        "feature_type": "Tree / Forest",
        "land_use": "Vacant",
        "category": "Vegetation",
        "color_hex": "#00B400",
        "area_px": 1816.5,
        "area_sqm": 11.63,
        "area_hectares": 0.0012,
        "area_acres": 0.0029,
        "area_gaj": 13.91,
        "perimeter_m": 18.74,
        "vertex_count": 10,
        "confidence": 0.85,
        "verification_status": "Pending Review"
      }
    },
    {
      "type": "Feature",
      "id": "CAD-0492",
      "geometry": {
        "type": "Polygon",
        "coordinates": [
          [
            [
              3392.0,
              268.0
            ],
            [
              3394.0,
              267.0
            ],
            [
              3408.0,
              272.0
            ],
            [
              3423.0,
              297.0
            ],
            [
              3423.0,
              309.0
            ],
            [
              3416.0,
              310.0
            ],
            [
              3404.0,
              301.0
            ],
            [
              3400.0,
              294.0
            ],
            [
              3392.0,
              268.0
            ]
          ]
        ]
      },
      "properties": {
        "parcel_id": "CAD-0492",
        "feature_type": "Tree / Forest",
        "land_use": "Vacant",
        "category": "Vegetation",
        "color_hex": "#00B400",
        "area_px": 566.5,
        "area_sqm": 3.63,
        "area_hectares": 0.0004,
        "area_acres": 0.0009,
        "area_gaj": 4.34,
        "perimeter_m": 9.25,
        "vertex_count": 9,
        "confidence": 0.85,
        "verification_status": "Pending Review"
      }
    },
    {
      "type": "Feature",
      "id": "CAD-0493",
      "geometry": {
        "type": "Polygon",
        "coordinates": [
          [
            [
              1027.0,
              292.0
            ],
            [
              1008.0,
              294.0
            ],
            [
              968.0,
              284.0
            ],
            [
              961.0,
              281.0
            ],
            [
              952.0,
              272.0
            ],
            [
              950.0,
              266.0
            ],
            [
              998.0,
              266.0
            ],
            [
              1019.0,
              275.0
            ],
            [
              1027.0,
              292.0
            ]
          ]
        ]
      },
      "properties": {
        "parcel_id": "CAD-0493",
        "feature_type": "Tree / Forest",
        "land_use": "Vacant",
        "category": "Vegetation",
        "color_hex": "#00B400",
        "area_px": 1140.0,
        "area_sqm": 7.3,
        "area_hectares": 0.0007,
        "area_acres": 0.0018,
        "area_gaj": 8.73,
        "perimeter_m": 14.13,
        "vertex_count": 9,
        "confidence": 0.85,
        "verification_status": "Pending Review"
      }
    },
    {
      "type": "Feature",
      "id": "CAD-0494",
      "geometry": {
        "type": "Polygon",
        "coordinates": [
          [
            [
              3785.0,
              257.0
            ],
            [
              3775.0,
              286.0
            ],
            [
              3739.0,
              334.0
            ],
            [
              3688.0,
              322.0
            ],
            [
              3655.0,
              293.0
            ],
            [
              3679.0,
              263.0
            ],
            [
              3785.0,
              257.0
            ]
          ]
        ]
      },
      "properties": {
        "parcel_id": "CAD-0494",
        "feature_type": "Tree / Forest",
        "land_use": "Vacant",
        "category": "Vegetation",
        "color_hex": "#00B400",
        "area_px": 3738.0,
        "area_sqm": 23.92,
        "area_hectares": 0.0024,
        "area_acres": 0.0059,
        "area_gaj": 28.61,
        "perimeter_m": 26.53,
        "vertex_count": 7,
        "confidence": 0.85,
        "verification_status": "Pending Review"
      }
    },
    {
      "type": "Feature",
      "id": "CAD-0495",
      "geometry": {
        "type": "Polygon",
        "coordinates": [
          [
            [
              927.0,
              270.0
            ],
            [
              906.0,
              269.0
            ],
            [
              853.0,
              249.0
            ],
            [
              851.0,
              246.0
            ],
            [
              857.0,
              237.0
            ],
            [
              863.0,
              234.0
            ],
            [
              912.0,
              250.0
            ],
            [
              927.0,
              264.0
            ],
            [
              927.0,
              270.0
            ]
          ]
        ]
      },
      "properties": {
        "parcel_id": "CAD-0495",
        "feature_type": "Tree / Forest",
        "land_use": "Vacant",
        "category": "Vegetation",
        "color_hex": "#00B400",
        "area_px": 1173.5,
        "area_sqm": 7.51,
        "area_hectares": 0.0008,
        "area_acres": 0.0019,
        "area_gaj": 8.98,
        "perimeter_m": 14.15,
        "vertex_count": 9,
        "confidence": 0.85,
        "verification_status": "Pending Review"
      }
    },
    {
      "type": "Feature",
      "id": "CAD-0496",
      "geometry": {
        "type": "Polygon",
        "coordinates": [
          [
            [
              3887.0,
              237.0
            ],
            [
              3889.0,
              241.0
            ],
            [
              3889.0,
              249.0
            ],
            [
              3884.0,
              258.0
            ],
            [
              3859.0,
              258.0
            ],
            [
              3859.0,
              254.0
            ],
            [
              3866.0,
              242.0
            ],
            [
              3881.0,
              233.0
            ],
            [
              3887.0,
              237.0
            ]
          ]
        ]
      },
      "properties": {
        "parcel_id": "CAD-0496",
        "feature_type": "Tree / Forest",
        "land_use": "Vacant",
        "category": "Vegetation",
        "color_hex": "#00B400",
        "area_px": 515.5,
        "area_sqm": 3.3,
        "area_hectares": 0.0003,
        "area_acres": 0.0008,
        "area_gaj": 3.95,
        "perimeter_m": 7.23,
        "vertex_count": 9,
        "confidence": 0.85,
        "verification_status": "Pending Review"
      }
    },
    {
      "type": "Feature",
      "id": "CAD-0497",
      "geometry": {
        "type": "Polygon",
        "coordinates": [
          [
            [
              2681.0,
              232.0
            ],
            [
              2682.0,
              255.0
            ],
            [
              2680.0,
              256.0
            ],
            [
              2649.0,
              256.0
            ],
            [
              2647.0,
              255.0
            ],
            [
              2653.0,
              241.0
            ],
            [
              2665.0,
              231.0
            ],
            [
              2676.0,
              228.0
            ],
            [
              2681.0,
              232.0
            ]
          ]
        ]
      },
      "properties": {
        "parcel_id": "CAD-0497",
        "feature_type": "Tree / Forest",
        "land_use": "Vacant",
        "category": "Vegetation",
        "color_hex": "#00B400",
        "area_px": 599.0,
        "area_sqm": 3.83,
        "area_hectares": 0.0004,
        "area_acres": 0.0009,
        "area_gaj": 4.58,
        "perimeter_m": 8.57,
        "vertex_count": 9,
        "confidence": 0.85,
        "verification_status": "Pending Review"
      }
    },
    {
      "type": "Feature",
      "id": "CAD-0498",
      "geometry": {
        "type": "Polygon",
        "coordinates": [
          [
            [
              1401.0,
              238.0
            ],
            [
              1394.0,
              239.0
            ],
            [
              1358.0,
              231.0
            ],
            [
              1342.0,
              220.0
            ],
            [
              1341.0,
              217.0
            ],
            [
              1347.0,
              215.0
            ],
            [
              1387.0,
              216.0
            ],
            [
              1396.0,
              223.0
            ],
            [
              1401.0,
              238.0
            ]
          ]
        ]
      },
      "properties": {
        "parcel_id": "CAD-0498",
        "feature_type": "Tree / Forest",
        "land_use": "Vacant",
        "category": "Vegetation",
        "color_hex": "#00B400",
        "area_px": 775.0,
        "area_sqm": 4.96,
        "area_hectares": 0.0005,
        "area_acres": 0.0012,
        "area_gaj": 5.93,
        "perimeter_m": 11.21,
        "vertex_count": 9,
        "confidence": 0.85,
        "verification_status": "Pending Review"
      }
    },
    {
      "type": "Feature",
      "id": "CAD-0499",
      "geometry": {
        "type": "Polygon",
        "coordinates": [
          [
            [
              2733.0,
              203.0
            ],
            [
              2744.0,
              205.0
            ],
            [
              2781.0,
              232.0
            ],
            [
              2783.0,
              238.0
            ],
            [
              2777.0,
              254.0
            ],
            [
              2764.0,
              263.0
            ],
            [
              2713.0,
              261.0
            ],
            [
              2705.0,
              258.0
            ],
            [
              2713.0,
              230.0
            ],
            [
              2726.0,
              209.0
            ],
            [
              2733.0,
              203.0
            ]
          ]
        ]
      },
      "properties": {
        "parcel_id": "CAD-0499",
        "feature_type": "Tree / Forest",
        "land_use": "Vacant",
        "category": "Vegetation",
        "color_hex": "#00B400",
        "area_px": 2642.5,
        "area_sqm": 16.91,
        "area_hectares": 0.0017,
        "area_acres": 0.0042,
        "area_gaj": 20.22,
        "perimeter_m": 17.51,
        "vertex_count": 11,
        "confidence": 0.85,
        "verification_status": "Pending Review"
      }
    },
    {
      "type": "Feature",
      "id": "CAD-0500",
      "geometry": {
        "type": "Polygon",
        "coordinates": [
          [
            [
              1984.0,
              186.0
            ],
            [
              1993.0,
              188.0
            ],
            [
              1998.0,
              192.0
            ],
            [
              2008.0,
              228.0
            ],
            [
              2004.0,
              241.0
            ],
            [
              1997.0,
              249.0
            ],
            [
              1993.0,
              249.0
            ],
            [
              1990.0,
              246.0
            ],
            [
              1981.0,
              188.0
            ],
            [
              1984.0,
              186.0
            ]
          ]
        ]
      },
      "properties": {
        "parcel_id": "CAD-0500",
        "feature_type": "Tree / Forest",
        "land_use": "Vacant",
        "category": "Vegetation",
        "color_hex": "#00B400",
        "area_px": 662.5,
        "area_sqm": 4.24,
        "area_hectares": 0.0004,
        "area_acres": 0.001,
        "area_gaj": 5.07,
        "perimeter_m": 11.82,
        "vertex_count": 10,
        "confidence": 0.85,
        "verification_status": "Pending Review"
      }
    },
    {
      "type": "Feature",
      "id": "CAD-0501",
      "geometry": {
        "type": "Polygon",
        "coordinates": [
          [
            [
              3701.0,
              192.0
            ],
            [
              3699.0,
              206.0
            ],
            [
              3674.0,
              255.0
            ],
            [
              3584.0,
              253.0
            ],
            [
              3576.0,
              248.0
            ],
            [
              3585.0,
              211.0
            ],
            [
              3610.0,
              196.0
            ],
            [
              3681.0,
              185.0
            ],
            [
              3701.0,
              192.0
            ]
          ]
        ]
      },
      "properties": {
        "parcel_id": "CAD-0501",
        "feature_type": "Tree / Forest",
        "land_use": "Vacant",
        "category": "Vegetation",
        "color_hex": "#00B400",
        "area_px": 4572.0,
        "area_sqm": 29.26,
        "area_hectares": 0.0029,
        "area_acres": 0.0072,
        "area_gaj": 34.99,
        "perimeter_m": 26.31,
        "vertex_count": 9,
        "confidence": 0.85,
        "verification_status": "Pending Review"
      }
    },
    {
      "type": "Feature",
      "id": "CAD-0502",
      "geometry": {
        "type": "Polygon",
        "coordinates": [
          [
            [
              2715.0,
              186.0
            ],
            [
              2573.0,
              291.0
            ],
            [
              2461.0,
              305.0
            ],
            [
              2397.0,
              290.0
            ],
            [
              2369.0,
              272.0
            ],
            [
              2392.0,
              245.0
            ],
            [
              2438.0,
              227.0
            ],
            [
              2693.0,
              166.0
            ],
            [
              2715.0,
              186.0
            ]
          ]
        ]
      },
      "properties": {
        "parcel_id": "CAD-0502",
        "feature_type": "Tree / Forest",
        "land_use": "Vacant",
        "category": "Vegetation",
        "color_hex": "#00B400",
        "area_px": 12999.5,
        "area_sqm": 83.2,
        "area_hectares": 0.0083,
        "area_acres": 0.0206,
        "area_gaj": 99.51,
        "perimeter_m": 61.22,
        "vertex_count": 9,
        "confidence": 0.85,
        "verification_status": "Pending Review"
      }
    },
    {
      "type": "Feature",
      "id": "CAD-0503",
      "geometry": {
        "type": "Polygon",
        "coordinates": [
          [
            [
              78.0,
              161.0
            ],
            [
              85.0,
              174.0
            ],
            [
              18.0,
              487.0
            ],
            [
              0.0,
              499.0
            ],
            [
              0.0,
              141.0
            ],
            [
              78.0,
              161.0
            ]
          ]
        ]
      },
      "properties": {
        "parcel_id": "CAD-0503",
        "feature_type": "Tree / Forest",
        "land_use": "Vacant",
        "category": "Vegetation",
        "color_hex": "#00B400",
        "area_px": 15507.5,
        "area_sqm": 99.25,
        "area_hectares": 0.0099,
        "area_acres": 0.0245,
        "area_gaj": 118.7,
        "perimeter_m": 63.6,
        "vertex_count": 6,
        "confidence": 0.85,
        "verification_status": "Pending Review"
      }
    },
    {
      "type": "Feature",
      "id": "CAD-0504",
      "geometry": {
        "type": "Polygon",
        "coordinates": [
          [
            [
              2968.0,
              140.0
            ],
            [
              2974.0,
              144.0
            ],
            [
              3002.0,
              278.0
            ],
            [
              2998.0,
              366.0
            ],
            [
              2979.0,
              384.0
            ],
            [
              2970.0,
              381.0
            ],
            [
              2959.0,
              351.0
            ],
            [
              2930.0,
              188.0
            ],
            [
              2948.0,
              153.0
            ],
            [
              2968.0,
              140.0
            ]
          ]
        ]
      },
      "properties": {
        "parcel_id": "CAD-0504",
        "feature_type": "Tree / Forest",
        "land_use": "Vacant",
        "category": "Vegetation",
        "color_hex": "#00B400",
        "area_px": 9078.0,
        "area_sqm": 58.1,
        "area_hectares": 0.0058,
        "area_acres": 0.0144,
        "area_gaj": 69.49,
        "perimeter_m": 42.29,
        "vertex_count": 10,
        "confidence": 0.85,
        "verification_status": "Pending Review"
      }
    },
    {
      "type": "Feature",
      "id": "CAD-0505",
      "geometry": {
        "type": "Polygon",
        "coordinates": [
          [
            [
              3970.0,
              245.0
            ],
            [
              3964.0,
              242.0
            ],
            [
              3956.0,
              229.0
            ],
            [
              3955.0,
              188.0
            ],
            [
              3985.0,
              143.0
            ],
            [
              3999.0,
              138.0
            ],
            [
              3999.0,
              233.0
            ],
            [
              3983.0,
              242.0
            ],
            [
              3970.0,
              245.0
            ]
          ]
        ]
      },
      "properties": {
        "parcel_id": "CAD-0505",
        "feature_type": "Tree / Forest",
        "land_use": "Vacant",
        "category": "Vegetation",
        "color_hex": "#00B400",
        "area_px": 3520.5,
        "area_sqm": 22.53,
        "area_hectares": 0.0023,
        "area_acres": 0.0056,
        "area_gaj": 26.95,
        "perimeter_m": 20.69,
        "vertex_count": 9,
        "confidence": 0.85,
        "verification_status": "Pending Review"
      }
    },
    {
      "type": "Feature",
      "id": "CAD-0506",
      "geometry": {
        "type": "Polygon",
        "coordinates": [
          [
            [
              3629.0,
              144.0
            ],
            [
              3624.0,
              152.0
            ],
            [
              3565.0,
              175.0
            ],
            [
              3561.0,
              174.0
            ],
            [
              3571.0,
              141.0
            ],
            [
              3583.0,
              129.0
            ],
            [
              3625.0,
              141.0
            ],
            [
              3629.0,
              144.0
            ]
          ]
        ]
      },
      "properties": {
        "parcel_id": "CAD-0506",
        "feature_type": "Tree / Forest",
        "land_use": "Vacant",
        "category": "Vegetation",
        "color_hex": "#00B400",
        "area_px": 846.5,
        "area_sqm": 5.42,
        "area_hectares": 0.0005,
        "area_acres": 0.0013,
        "area_gaj": 6.48,
        "perimeter_m": 14.16,
        "vertex_count": 8,
        "confidence": 0.85,
        "verification_status": "Pending Review"
      }
    },
    {
      "type": "Feature",
      "id": "CAD-0507",
      "geometry": {
        "type": "Polygon",
        "coordinates": [
          [
            [
              3733.0,
              122.0
            ],
            [
              3729.0,
              142.0
            ],
            [
              3725.0,
              150.0
            ],
            [
              3713.0,
              156.0
            ],
            [
              3704.0,
              156.0
            ],
            [
              3671.0,
              145.0
            ],
            [
              3671.0,
              138.0
            ],
            [
              3678.0,
              121.0
            ],
            [
              3683.0,
              118.0
            ],
            [
              3733.0,
              122.0
            ]
          ]
        ]
      },
      "properties": {
        "parcel_id": "CAD-0507",
        "feature_type": "Tree / Forest",
        "land_use": "Vacant",
        "category": "Vegetation",
        "color_hex": "#00B400",
        "area_px": 1577.5,
        "area_sqm": 10.1,
        "area_hectares": 0.001,
        "area_acres": 0.0025,
        "area_gaj": 12.08,
        "perimeter_m": 13.43,
        "vertex_count": 10,
        "confidence": 0.85,
        "verification_status": "Pending Review"
      }
    },
    {
      "type": "Feature",
      "id": "CAD-0508",
      "geometry": {
        "type": "Polygon",
        "coordinates": [
          [
            [
              3839.0,
              113.0
            ],
            [
              3843.0,
              121.0
            ],
            [
              3803.0,
              229.0
            ],
            [
              3757.0,
              251.0
            ],
            [
              3748.0,
              233.0
            ],
            [
              3754.0,
              200.0
            ],
            [
              3803.0,
              143.0
            ],
            [
              3833.0,
              114.0
            ],
            [
              3839.0,
              113.0
            ]
          ]
        ]
      },
      "properties": {
        "parcel_id": "CAD-0508",
        "feature_type": "Tree / Forest",
        "land_use": "Vacant",
        "category": "Vegetation",
        "color_hex": "#00B400",
        "area_px": 3724.0,
        "area_sqm": 23.83,
        "area_hectares": 0.0024,
        "area_acres": 0.0059,
        "area_gaj": 28.5,
        "perimeter_m": 28.14,
        "vertex_count": 9,
        "confidence": 0.85,
        "verification_status": "Pending Review"
      }
    },
    {
      "type": "Feature",
      "id": "CAD-0509",
      "geometry": {
        "type": "Polygon",
        "coordinates": [
          [
            [
              1697.0,
              102.0
            ],
            [
              1699.0,
              107.0
            ],
            [
              1659.0,
              236.0
            ],
            [
              1652.0,
              248.0
            ],
            [
              1652.0,
              236.0
            ],
            [
              1688.0,
              113.0
            ],
            [
              1697.0,
              102.0
            ]
          ]
        ]
      },
      "properties": {
        "parcel_id": "CAD-0509",
        "feature_type": "Tree / Forest",
        "land_use": "Vacant",
        "category": "Vegetation",
        "color_hex": "#00B400",
        "area_px": 877.5,
        "area_sqm": 5.62,
        "area_hectares": 0.0006,
        "area_acres": 0.0014,
        "area_gaj": 6.72,
        "perimeter_m": 24.7,
        "vertex_count": 7,
        "confidence": 0.85,
        "verification_status": "Pending Review"
      }
    },
    {
      "type": "Feature",
      "id": "CAD-0510",
      "geometry": {
        "type": "Polygon",
        "coordinates": [
          [
            [
              2927.0,
              96.0
            ],
            [
              2947.0,
              108.0
            ],
            [
              2952.0,
              113.0
            ],
            [
              2952.0,
              133.0
            ],
            [
              2944.0,
              148.0
            ],
            [
              2942.0,
              149.0
            ],
            [
              2933.0,
              144.0
            ],
            [
              2924.0,
              104.0
            ],
            [
              2925.0,
              97.0
            ],
            [
              2927.0,
              96.0
            ]
          ]
        ]
      },
      "properties": {
        "parcel_id": "CAD-0510",
        "feature_type": "Tree / Forest",
        "land_use": "Vacant",
        "category": "Vegetation",
        "color_hex": "#00B400",
        "area_px": 827.0,
        "area_sqm": 5.29,
        "area_hectares": 0.0005,
        "area_acres": 0.0013,
        "area_gaj": 6.33,
        "perimeter_m": 10.42,
        "vertex_count": 10,
        "confidence": 0.85,
        "verification_status": "Pending Review"
      }
    },
    {
      "type": "Feature",
      "id": "CAD-0511",
      "geometry": {
        "type": "Polygon",
        "coordinates": [
          [
            [
              2895.0,
              90.0
            ],
            [
              2905.0,
              103.0
            ],
            [
              2920.0,
              171.0
            ],
            [
              2846.0,
              275.0
            ],
            [
              2827.0,
              280.0
            ],
            [
              2820.0,
              275.0
            ],
            [
              2811.0,
              229.0
            ],
            [
              2809.0,
              161.0
            ],
            [
              2815.0,
              151.0
            ],
            [
              2895.0,
              90.0
            ]
          ]
        ]
      },
      "properties": {
        "parcel_id": "CAD-0511",
        "feature_type": "Tree / Forest",
        "land_use": "Vacant",
        "category": "Vegetation",
        "color_hex": "#00B400",
        "area_px": 7703.5,
        "area_sqm": 49.3,
        "area_hectares": 0.0049,
        "area_acres": 0.0122,
        "area_gaj": 58.96,
        "perimeter_m": 37.53,
        "vertex_count": 10,
        "confidence": 0.85,
        "verification_status": "Pending Review"
      }
    },
    {
      "type": "Feature",
      "id": "CAD-0512",
      "geometry": {
        "type": "Polygon",
        "coordinates": [
          [
            [
              2695.0,
              94.0
            ],
            [
              1055.0,
              1122.0
            ],
            [
              1069.0,
              1009.0
            ],
            [
              1607.0,
              533.0
            ],
            [
              2060.0,
              284.0
            ],
            [
              2695.0,
              94.0
            ]
          ]
        ]
      },
      "properties": {
        "parcel_id": "CAD-0512",
        "feature_type": "Tree / Forest",
        "land_use": "Vacant",
        "category": "Vegetation",
        "color_hex": "#00B400",
        "area_px": 85357.5,
        "area_sqm": 546.29,
        "area_hectares": 0.0546,
        "area_acres": 0.135,
        "area_gaj": 653.36,
        "perimeter_m": 315.8,
        "vertex_count": 6,
        "confidence": 0.85,
        "verification_status": "Pending Review"
      }
    },
    {
      "type": "Feature",
      "id": "CAD-0513",
      "geometry": {
        "type": "Polygon",
        "coordinates": [
          [
            [
              2758.0,
              80.0
            ],
            [
              2757.0,
              84.0
            ],
            [
              2751.0,
              91.0
            ],
            [
              2723.0,
              98.0
            ],
            [
              2715.0,
              95.0
            ],
            [
              2720.0,
              80.0
            ],
            [
              2726.0,
              74.0
            ],
            [
              2735.0,
              70.0
            ],
            [
              2744.0,
              69.0
            ],
            [
              2748.0,
              70.0
            ],
            [
              2753.0,
              73.0
            ],
            [
              2758.0,
              80.0
            ]
          ]
        ]
      },
      "properties": {
        "parcel_id": "CAD-0513",
        "feature_type": "Tree / Forest",
        "land_use": "Vacant",
        "category": "Vegetation",
        "color_hex": "#00B400",
        "area_px": 771.0,
        "area_sqm": 4.93,
        "area_hectares": 0.0005,
        "area_acres": 0.0012,
        "area_gaj": 5.9,
        "perimeter_m": 9.0,
        "vertex_count": 12,
        "confidence": 0.85,
        "verification_status": "Pending Review"
      }
    },
    {
      "type": "Feature",
      "id": "CAD-0514",
      "geometry": {
        "type": "Polygon",
        "coordinates": [
          [
            [
              1995.0,
              42.0
            ],
            [
              1996.0,
              67.0
            ],
            [
              1969.0,
              102.0
            ],
            [
              1947.0,
              120.0
            ],
            [
              1920.0,
              106.0
            ],
            [
              1917.0,
              92.0
            ],
            [
              1947.0,
              39.0
            ],
            [
              1995.0,
              42.0
            ]
          ]
        ]
      },
      "properties": {
        "parcel_id": "CAD-0514",
        "feature_type": "Tree / Forest",
        "land_use": "Vacant",
        "category": "Vegetation",
        "color_hex": "#00B400",
        "area_px": 3303.5,
        "area_sqm": 21.14,
        "area_hectares": 0.0021,
        "area_acres": 0.0052,
        "area_gaj": 25.28,
        "perimeter_m": 20.11,
        "vertex_count": 8,
        "confidence": 0.85,
        "verification_status": "Pending Review"
      }
    },
    {
      "type": "Feature",
      "id": "CAD-0515",
      "geometry": {
        "type": "Polygon",
        "coordinates": [
          [
            [
              3291.0,
              8.0
            ],
            [
              3403.0,
              136.0
            ],
            [
              3407.0,
              150.0
            ],
            [
              3372.0,
              247.0
            ],
            [
              3301.0,
              199.0
            ],
            [
              3232.0,
              74.0
            ],
            [
              3245.0,
              48.0
            ],
            [
              3291.0,
              8.0
            ]
          ]
        ]
      },
      "properties": {
        "parcel_id": "CAD-0515",
        "feature_type": "Tree / Forest",
        "land_use": "Vacant",
        "category": "Vegetation",
        "color_hex": "#00B400",
        "area_px": 11769.0,
        "area_sqm": 75.32,
        "area_hectares": 0.0075,
        "area_acres": 0.0186,
        "area_gaj": 90.08,
        "perimeter_m": 48.5,
        "vertex_count": 8,
        "confidence": 0.85,
        "verification_status": "Pending Review"
      }
    },
    {
      "type": "Feature",
      "id": "CAD-0516",
      "geometry": {
        "type": "Polygon",
        "coordinates": [
          [
            [
              3523.0,
              0.0
            ],
            [
              3527.0,
              33.0
            ],
            [
              3521.0,
              39.0
            ],
            [
              3509.0,
              43.0
            ],
            [
              3492.0,
              31.0
            ],
            [
              3492.0,
              29.0
            ],
            [
              3510.0,
              0.0
            ],
            [
              3523.0,
              0.0
            ]
          ]
        ]
      },
      "properties": {
        "parcel_id": "CAD-0516",
        "feature_type": "Tree / Forest",
        "land_use": "Vacant",
        "category": "Vegetation",
        "color_hex": "#00B400",
        "area_px": 681.0,
        "area_sqm": 4.36,
        "area_hectares": 0.0004,
        "area_acres": 0.0011,
        "area_gaj": 5.21,
        "perimeter_m": 9.95,
        "vertex_count": 8,
        "confidence": 0.85,
        "verification_status": "Pending Review"
      }
    },
    {
      "type": "Feature",
      "id": "CAD-0517",
      "geometry": {
        "type": "Polygon",
        "coordinates": [
          [
            [
              3270.0,
              0.0
            ],
            [
              3269.0,
              23.0
            ],
            [
              3193.0,
              77.0
            ],
            [
              3152.0,
              65.0
            ],
            [
              3153.0,
              59.0
            ],
            [
              3172.0,
              39.0
            ],
            [
              3238.0,
              0.0
            ],
            [
              3270.0,
              0.0
            ]
          ]
        ]
      },
      "properties": {
        "parcel_id": "CAD-0517",
        "feature_type": "Tree / Forest",
        "land_use": "Vacant",
        "category": "Vegetation",
        "color_hex": "#00B400",
        "area_px": 2584.5,
        "area_sqm": 16.54,
        "area_hectares": 0.0017,
        "area_acres": 0.0041,
        "area_gaj": 19.78,
        "perimeter_m": 24.1,
        "vertex_count": 8,
        "confidence": 0.85,
        "verification_status": "Pending Review"
      }
    },
    {
      "type": "Feature",
      "id": "CAD-0518",
      "geometry": {
        "type": "Polygon",
        "coordinates": [
          [
            [
              2688.0,
              0.0
            ],
            [
              2687.0,
              11.0
            ],
            [
              2614.0,
              18.0
            ],
            [
              2608.0,
              17.0
            ],
            [
              2607.0,
              10.0
            ],
            [
              2631.0,
              0.0
            ],
            [
              2688.0,
              0.0
            ]
          ]
        ]
      },
      "properties": {
        "parcel_id": "CAD-0518",
        "feature_type": "Tree / Forest",
        "land_use": "Vacant",
        "category": "Vegetation",
        "color_hex": "#00B400",
        "area_px": 639.5,
        "area_sqm": 4.09,
        "area_hectares": 0.0004,
        "area_acres": 0.001,
        "area_gaj": 4.89,
        "perimeter_m": 14.44,
        "vertex_count": 7,
        "confidence": 0.85,
        "verification_status": "Pending Review"
      }
    },
    {
      "type": "Feature",
      "id": "CAD-0519",
      "geometry": {
        "type": "Polygon",
        "coordinates": [
          [
            [
              2605.0,
              0.0
            ],
            [
              2604.0,
              6.0
            ],
            [
              2543.0,
              54.0
            ],
            [
              2413.0,
              98.0
            ],
            [
              2403.0,
              93.0
            ],
            [
              2484.0,
              0.0
            ],
            [
              2605.0,
              0.0
            ]
          ]
        ]
      },
      "properties": {
        "parcel_id": "CAD-0519",
        "feature_type": "Tree / Forest",
        "land_use": "Vacant",
        "category": "Vegetation",
        "color_hex": "#00B400",
        "area_px": 6241.0,
        "area_sqm": 39.94,
        "area_hectares": 0.004,
        "area_acres": 0.0099,
        "area_gaj": 47.77,
        "perimeter_m": 38.12,
        "vertex_count": 7,
        "confidence": 0.85,
        "verification_status": "Pending Review"
      }
    },
    {
      "type": "Feature",
      "id": "CAD-0520",
      "geometry": {
        "type": "Polygon",
        "coordinates": [
          [
            [
              2443.0,
              0.0
            ],
            [
              2445.0,
              9.0
            ],
            [
              2439.0,
              23.0
            ],
            [
              2432.0,
              27.0
            ],
            [
              2417.0,
              18.0
            ],
            [
              2416.0,
              11.0
            ],
            [
              2419.0,
              0.0
            ],
            [
              2443.0,
              0.0
            ]
          ]
        ]
      },
      "properties": {
        "parcel_id": "CAD-0520",
        "feature_type": "Tree / Forest",
        "land_use": "Vacant",
        "category": "Vegetation",
        "color_hex": "#00B400",
        "area_px": 548.0,
        "area_sqm": 3.51,
        "area_hectares": 0.0004,
        "area_acres": 0.0009,
        "area_gaj": 4.2,
        "perimeter_m": 7.4,
        "vertex_count": 8,
        "confidence": 0.85,
        "verification_status": "Pending Review"
      }
    },
    {
      "type": "Feature",
      "id": "CAD-0521",
      "geometry": {
        "type": "Polygon",
        "coordinates": [
          [
            [
              2344.0,
              86.0
            ],
            [
              2337.0,
              114.0
            ],
            [
              2057.0,
              195.0
            ],
            [
              2020.0,
              184.0
            ],
            [
              1977.0,
              142.0
            ],
            [
              1948.0,
              0.0
            ],
            [
              2207.0,
              0.0
            ],
            [
              2295.0,
              31.0
            ],
            [
              2344.0,
              86.0
            ]
          ]
        ]
      },
      "properties": {
        "parcel_id": "CAD-0521",
        "feature_type": "Tree / Forest",
        "land_use": "Vacant",
        "category": "Vegetation",
        "color_hex": "#00B400",
        "area_px": 47272.0,
        "area_sqm": 302.54,
        "area_hectares": 0.0303,
        "area_acres": 0.0748,
        "area_gaj": 361.84,
        "perimeter_m": 79.2,
        "vertex_count": 9,
        "confidence": 0.85,
        "verification_status": "Pending Review"
      }
    },
    {
      "type": "Feature",
      "id": "CAD-0522",
      "geometry": {
        "type": "Polygon",
        "coordinates": [
          [
            [
              1893.0,
              0.0
            ],
            [
              1854.0,
              67.0
            ],
            [
              1802.0,
              60.0
            ],
            [
              1699.0,
              15.0
            ],
            [
              1680.0,
              1.0
            ],
            [
              1893.0,
              0.0
            ]
          ]
        ]
      },
      "properties": {
        "parcel_id": "CAD-0522",
        "feature_type": "Tree / Forest",
        "land_use": "Vacant",
        "category": "Vegetation",
        "color_hex": "#00B400",
        "area_px": 8398.0,
        "area_sqm": 53.75,
        "area_hectares": 0.0054,
        "area_acres": 0.0133,
        "area_gaj": 64.28,
        "perimeter_m": 38.32,
        "vertex_count": 6,
        "confidence": 0.85,
        "verification_status": "Pending Review"
      }
    },
    {
      "type": "Feature",
      "id": "CAD-0523",
      "geometry": {
        "type": "Polygon",
        "coordinates": [
          [
            [
              1580.0,
              0.0
            ],
            [
              1618.0,
              0.0
            ],
            [
              1682.0,
              30.0
            ],
            [
              1689.0,
              46.0
            ],
            [
              1591.0,
              7.0
            ],
            [
              1580.0,
              0.0
            ]
          ]
        ]
      },
      "properties": {
        "parcel_id": "CAD-0523",
        "feature_type": "Tree / Forest",
        "land_use": "Vacant",
        "category": "Vegetation",
        "color_hex": "#00B400",
        "area_px": 1085.0,
        "area_sqm": 6.94,
        "area_hectares": 0.0007,
        "area_acres": 0.0017,
        "area_gaj": 8.3,
        "perimeter_m": 19.57,
        "vertex_count": 6,
        "confidence": 0.85,
        "verification_status": "Pending Review"
      }
    },
    {
      "type": "Feature",
      "id": "CAD-0524",
      "geometry": {
        "type": "Polygon",
        "coordinates": [
          [
            [
              928.0,
              1058.0
            ],
            [
              931.0,
              1065.0
            ],
            [
              907.0,
              1103.0
            ],
            [
              820.0,
              1186.0
            ],
            [
              812.0,
              1187.0
            ],
            [
              802.0,
              1156.0
            ],
            [
              816.0,
              1138.0
            ],
            [
              892.0,
              1074.0
            ],
            [
              918.0,
              1058.0
            ],
            [
              928.0,
              1058.0
            ]
          ]
        ]
      },
      "properties": {
        "parcel_id": "CAD-0524",
        "feature_type": "Playground / Open Turf",
        "land_use": "Mixed Use",
        "category": "Land",
        "color_hex": "#32CD32",
        "area_px": 4473.5,
        "area_sqm": 28.63,
        "area_hectares": 0.0029,
        "area_acres": 0.0071,
        "area_gaj": 34.24,
        "perimeter_m": 30.09,
        "vertex_count": 10,
        "confidence": 0.82,
        "verification_status": "Pending Review"
      }
    },
    {
      "type": "Feature",
      "id": "CAD-0525",
      "geometry": {
        "type": "Polygon",
        "coordinates": [
          [
            [
              690.0,
              1118.0
            ],
            [
              688.0,
              1144.0
            ],
            [
              685.0,
              1148.0
            ],
            [
              637.0,
              1169.0
            ],
            [
              620.0,
              1168.0
            ],
            [
              607.0,
              1157.0
            ],
            [
              608.0,
              1141.0
            ],
            [
              616.0,
              1121.0
            ],
            [
              619.0,
              1118.0
            ],
            [
              672.0,
              1109.0
            ],
            [
              690.0,
              1118.0
            ]
          ]
        ]
      },
      "properties": {
        "parcel_id": "CAD-0525",
        "feature_type": "Agricultural Land",
        "land_use": "Agriculture",
        "category": "Land",
        "color_hex": "#FFA500",
        "area_px": 3282.0,
        "area_sqm": 21.0,
        "area_hectares": 0.0021,
        "area_acres": 0.0052,
        "area_gaj": 25.12,
        "perimeter_m": 18.66,
        "vertex_count": 11,
        "confidence": 0.8,
        "verification_status": "Pending Review"
      }
    },
    {
      "type": "Feature",
      "id": "CAD-0526",
      "geometry": {
        "type": "Polygon",
        "coordinates": [
          [
            [
              924.0,
              835.0
            ],
            [
              913.0,
              888.0
            ],
            [
              908.0,
              891.0
            ],
            [
              820.0,
              880.0
            ],
            [
              809.0,
              852.0
            ],
            [
              809.0,
              848.0
            ],
            [
              818.0,
              839.0
            ],
            [
              889.0,
              801.0
            ],
            [
              924.0,
              835.0
            ]
          ]
        ]
      },
      "properties": {
        "parcel_id": "CAD-0526",
        "feature_type": "Agricultural Land",
        "land_use": "Agriculture",
        "category": "Land",
        "color_hex": "#FFA500",
        "area_px": 4615.5,
        "area_sqm": 29.54,
        "area_hectares": 0.003,
        "area_acres": 0.0073,
        "area_gaj": 35.33,
        "perimeter_m": 25.98,
        "vertex_count": 9,
        "confidence": 0.8,
        "verification_status": "Pending Review"
      }
    },
    {
      "type": "Feature",
      "id": "CAD-0527",
      "geometry": {
        "type": "Polygon",
        "coordinates": [
          [
            [
              1101.0,
              785.0
            ],
            [
              1107.0,
              807.0
            ],
            [
              1087.0,
              847.0
            ],
            [
              1013.0,
              911.0
            ],
            [
              996.0,
              922.0
            ],
            [
              990.0,
              922.0
            ],
            [
              970.0,
              875.0
            ],
            [
              970.0,
              868.0
            ],
            [
              1036.0,
              796.0
            ],
            [
              1064.0,
              780.0
            ],
            [
              1101.0,
              785.0
            ]
          ]
        ]
      },
      "properties": {
        "parcel_id": "CAD-0527",
        "feature_type": "Agricultural Land",
        "land_use": "Agriculture",
        "category": "Land",
        "color_hex": "#FFA500",
        "area_px": 7286.5,
        "area_sqm": 46.63,
        "area_hectares": 0.0047,
        "area_acres": 0.0115,
        "area_gaj": 55.77,
        "perimeter_m": 33.36,
        "vertex_count": 11,
        "confidence": 0.8,
        "verification_status": "Pending Review"
      }
    },
    {
      "type": "Feature",
      "id": "CAD-0528",
      "geometry": {
        "type": "Polygon",
        "coordinates": [
          [
            [
              991.0,
              691.0
            ],
            [
              983.0,
              730.0
            ],
            [
              966.0,
              734.0
            ],
            [
              769.0,
              687.0
            ],
            [
              756.0,
              657.0
            ],
            [
              768.0,
              610.0
            ],
            [
              793.0,
              581.0
            ],
            [
              923.0,
              551.0
            ],
            [
              989.0,
              674.0
            ],
            [
              991.0,
              691.0
            ]
          ]
        ]
      },
      "properties": {
        "parcel_id": "CAD-0528",
        "feature_type": "Agricultural Land",
        "land_use": "Agriculture",
        "category": "Land",
        "color_hex": "#FFA500",
        "area_px": 20237.0,
        "area_sqm": 129.52,
        "area_hectares": 0.013,
        "area_acres": 0.032,
        "area_gaj": 154.91,
        "perimeter_m": 53.55,
        "vertex_count": 10,
        "confidence": 0.8,
        "verification_status": "Pending Review"
      }
    },
    {
      "type": "Feature",
      "id": "CAD-0529",
      "geometry": {
        "type": "Polygon",
        "coordinates": [
          [
            [
              453.0,
              252.0
            ],
            [
              537.0,
              276.0
            ],
            [
              559.0,
              286.0
            ],
            [
              551.0,
              328.0
            ],
            [
              484.0,
              415.0
            ],
            [
              473.0,
              411.0
            ],
            [
              432.0,
              333.0
            ],
            [
              432.0,
              304.0
            ],
            [
              448.0,
              255.0
            ],
            [
              453.0,
              252.0
            ]
          ]
        ]
      },
      "properties": {
        "parcel_id": "CAD-0529",
        "feature_type": "Agricultural Land",
        "land_use": "Agriculture",
        "category": "Land",
        "color_hex": "#FFA500",
        "area_px": 10224.0,
        "area_sqm": 65.43,
        "area_hectares": 0.0065,
        "area_acres": 0.0162,
        "area_gaj": 78.25,
        "perimeter_m": 36.02,
        "vertex_count": 10,
        "confidence": 0.8,
        "verification_status": "Pending Review"
      }
    },
    {
      "type": "Feature",
      "id": "CAD-0530",
      "geometry": {
        "type": "Polygon",
        "coordinates": [
          [
            [
              815.0,
              246.0
            ],
            [
              819.0,
              257.0
            ],
            [
              819.0,
              266.0
            ],
            [
              766.0,
              327.0
            ],
            [
              762.0,
              328.0
            ],
            [
              749.0,
              324.0
            ],
            [
              746.0,
              321.0
            ],
            [
              737.0,
              282.0
            ],
            [
              764.0,
              256.0
            ],
            [
              790.0,
              246.0
            ],
            [
              815.0,
              246.0
            ]
          ]
        ]
      },
      "properties": {
        "parcel_id": "CAD-0530",
        "feature_type": "Agricultural Land",
        "land_use": "Agriculture",
        "category": "Land",
        "color_hex": "#FFA500",
        "area_px": 2763.0,
        "area_sqm": 17.68,
        "area_hectares": 0.0018,
        "area_acres": 0.0044,
        "area_gaj": 21.15,
        "perimeter_m": 20.31,
        "vertex_count": 11,
        "confidence": 0.8,
        "verification_status": "Pending Review"
      }
    },
    {
      "type": "Feature",
      "id": "CAD-0531",
      "geometry": {
        "type": "Polygon",
        "coordinates": [
          [
            [
              1664.0,
              42.0
            ],
            [
              1641.0,
              295.0
            ],
            [
              1534.0,
              485.0
            ],
            [
              1379.0,
              618.0
            ],
            [
              1231.0,
              641.0
            ],
            [
              1005.0,
              602.0
            ],
            [
              837.0,
              500.0
            ],
            [
              884.0,
              160.0
            ],
            [
              946.0,
              0.0
            ],
            [
              1592.0,
              0.0
            ],
            [
              1664.0,
              42.0
            ]
          ]
        ]
      },
      "properties": {
        "parcel_id": "CAD-0531",
        "feature_type": "Agricultural Land",
        "land_use": "Agriculture",
        "category": "Land",
        "color_hex": "#FFA500",
        "area_px": 366908.5,
        "area_sqm": 2348.21,
        "area_hectares": 0.2348,
        "area_acres": 0.5803,
        "area_gaj": 2808.46,
        "perimeter_m": 199.69,
        "vertex_count": 11,
        "confidence": 0.8,
        "verification_status": "Pending Review"
      }
    },
    {
      "type": "Feature",
      "id": "CAD-0532",
      "geometry": {
        "type": "Polygon",
        "coordinates": [
          [
            [
              896.0,
              0.0
            ],
            [
              893.0,
              29.0
            ],
            [
              858.0,
              104.0
            ],
            [
              797.0,
              200.0
            ],
            [
              771.0,
              202.0
            ],
            [
              750.0,
              193.0
            ],
            [
              740.0,
              172.0
            ],
            [
              771.0,
              0.0
            ],
            [
              896.0,
              0.0
            ]
          ]
        ]
      },
      "properties": {
        "parcel_id": "CAD-0532",
        "feature_type": "Agricultural Land",
        "land_use": "Agriculture",
        "category": "Land",
        "color_hex": "#FFA500",
        "area_px": 14839.5,
        "area_sqm": 94.97,
        "area_hectares": 0.0095,
        "area_acres": 0.0235,
        "area_gaj": 113.58,
        "perimeter_m": 47.81,
        "vertex_count": 9,
        "confidence": 0.8,
        "verification_status": "Pending Review"
      }
    },
    {
      "type": "Feature",
      "id": "CAD-0533",
      "geometry": {
        "type": "Polygon",
        "coordinates": [
          [
            [
              2208.0,
              2972.0
            ],
            [
              2212.0,
              2968.0
            ],
            [
              2238.0,
              2967.0
            ],
            [
              2278.0,
              2988.0
            ],
            [
              2279.0,
              2999.0
            ],
            [
              2212.0,
              2999.0
            ],
            [
              2208.0,
              2972.0
            ]
          ]
        ]
      },
      "properties": {
        "parcel_id": "CAD-0533",
        "feature_type": "Road / Pathway",
        "land_use": "Commercial",
        "category": "Infrastructure",
        "color_hex": "#FFFF00",
        "area_px": 1404.5,
        "area_sqm": 8.99,
        "area_hectares": 0.0009,
        "area_acres": 0.0022,
        "area_gaj": 10.75,
        "perimeter_m": 14.58,
        "vertex_count": 7,
        "confidence": 0.78,
        "verification_status": "Pending Review"
      }
    },
    {
      "type": "Feature",
      "id": "CAD-0534",
      "geometry": {
        "type": "Polygon",
        "coordinates": [
          [
            [
              3171.0,
              2912.0
            ],
            [
              3176.0,
              2914.0
            ],
            [
              3195.0,
              2938.0
            ],
            [
              3181.0,
              2999.0
            ],
            [
              3145.0,
              2999.0
            ],
            [
              3136.0,
              2956.0
            ],
            [
              3148.0,
              2931.0
            ],
            [
              3161.0,
              2914.0
            ],
            [
              3171.0,
              2912.0
            ]
          ]
        ]
      },
      "properties": {
        "parcel_id": "CAD-0534",
        "feature_type": "Road / Pathway",
        "land_use": "Commercial",
        "category": "Infrastructure",
        "color_hex": "#FFFF00",
        "area_px": 2452.0,
        "area_sqm": 15.69,
        "area_hectares": 0.0016,
        "area_acres": 0.0039,
        "area_gaj": 18.77,
        "perimeter_m": 19.03,
        "vertex_count": 9,
        "confidence": 0.78,
        "verification_status": "Pending Review"
      }
    },
    {
      "type": "Feature",
      "id": "CAD-0535",
      "geometry": {
        "type": "Polygon",
        "coordinates": [
          [
            [
              1745.0,
              2807.0
            ],
            [
              1777.0,
              2807.0
            ],
            [
              1800.0,
              2810.0
            ],
            [
              1797.0,
              2848.0
            ],
            [
              1795.0,
              2849.0
            ],
            [
              1779.0,
              2845.0
            ],
            [
              1745.0,
              2810.0
            ],
            [
              1745.0,
              2807.0
            ]
          ]
        ]
      },
      "properties": {
        "parcel_id": "CAD-0535",
        "feature_type": "Road / Pathway",
        "land_use": "Commercial",
        "category": "Infrastructure",
        "color_hex": "#FFFF00",
        "area_px": 1229.5,
        "area_sqm": 7.87,
        "area_hectares": 0.0008,
        "area_acres": 0.0019,
        "area_gaj": 9.41,
        "perimeter_m": 13.11,
        "vertex_count": 8,
        "confidence": 0.78,
        "verification_status": "Pending Review"
      }
    },
    {
      "type": "Feature",
      "id": "CAD-0536",
      "geometry": {
        "type": "Polygon",
        "coordinates": [
          [
            [
              1268.0,
              2347.0
            ],
            [
              1269.0,
              2361.0
            ],
            [
              1226.0,
              2372.0
            ],
            [
              1218.0,
              2369.0
            ],
            [
              1209.0,
              2345.0
            ],
            [
              1210.0,
              2339.0
            ],
            [
              1250.0,
              2325.0
            ],
            [
              1268.0,
              2347.0
            ]
          ]
        ]
      },
      "properties": {
        "parcel_id": "CAD-0536",
        "feature_type": "Road / Pathway",
        "land_use": "Commercial",
        "category": "Infrastructure",
        "color_hex": "#FFFF00",
        "area_px": 1479.5,
        "area_sqm": 9.47,
        "area_hectares": 0.0009,
        "area_acres": 0.0023,
        "area_gaj": 11.33,
        "perimeter_m": 13.56,
        "vertex_count": 8,
        "confidence": 0.78,
        "verification_status": "Pending Review"
      }
    },
    {
      "type": "Feature",
      "id": "CAD-0537",
      "geometry": {
        "type": "Polygon",
        "coordinates": [
          [
            [
              3762.0,
              2203.0
            ],
            [
              3789.0,
              2215.0
            ],
            [
              3800.0,
              2233.0
            ],
            [
              3799.0,
              2243.0
            ],
            [
              3765.0,
              2263.0
            ],
            [
              3757.0,
              2261.0
            ],
            [
              3747.0,
              2249.0
            ],
            [
              3747.0,
              2230.0
            ],
            [
              3755.0,
              2204.0
            ],
            [
              3762.0,
              2203.0
            ]
          ]
        ]
      },
      "properties": {
        "parcel_id": "CAD-0537",
        "feature_type": "Road / Pathway",
        "land_use": "Commercial",
        "category": "Infrastructure",
        "color_hex": "#FFFF00",
        "area_px": 1601.5,
        "area_sqm": 10.25,
        "area_hectares": 0.001,
        "area_acres": 0.0025,
        "area_gaj": 12.26,
        "perimeter_m": 14.18,
        "vertex_count": 10,
        "confidence": 0.78,
        "verification_status": "Pending Review"
      }
    },
    {
      "type": "Feature",
      "id": "CAD-0538",
      "geometry": {
        "type": "Polygon",
        "coordinates": [
          [
            [
              1819.0,
              2110.0
            ],
            [
              1826.0,
              2128.0
            ],
            [
              1815.0,
              2140.0
            ],
            [
              1769.0,
              2176.0
            ],
            [
              1756.0,
              2165.0
            ],
            [
              1762.0,
              2139.0
            ],
            [
              1778.0,
              2128.0
            ],
            [
              1813.0,
              2110.0
            ],
            [
              1819.0,
              2110.0
            ]
          ]
        ]
      },
      "properties": {
        "parcel_id": "CAD-0538",
        "feature_type": "Road / Pathway",
        "land_use": "Commercial",
        "category": "Infrastructure",
        "color_hex": "#FFFF00",
        "area_px": 1710.0,
        "area_sqm": 10.94,
        "area_hectares": 0.0011,
        "area_acres": 0.0027,
        "area_gaj": 13.08,
        "perimeter_m": 16.2,
        "vertex_count": 9,
        "confidence": 0.78,
        "verification_status": "Pending Review"
      }
    },
    {
      "type": "Feature",
      "id": "CAD-0539",
      "geometry": {
        "type": "Polygon",
        "coordinates": [
          [
            [
              1087.0,
              2117.0
            ],
            [
              1067.0,
              2124.0
            ],
            [
              1038.0,
              2126.0
            ],
            [
              1032.0,
              2124.0
            ],
            [
              1011.0,
              2108.0
            ],
            [
              1011.0,
              2104.0
            ],
            [
              1063.0,
              2098.0
            ],
            [
              1080.0,
              2103.0
            ],
            [
              1089.0,
              2108.0
            ],
            [
              1087.0,
              2117.0
            ]
          ]
        ]
      },
      "properties": {
        "parcel_id": "CAD-0539",
        "feature_type": "Road / Pathway",
        "land_use": "Commercial",
        "category": "Infrastructure",
        "color_hex": "#FFFF00",
        "area_px": 1319.5,
        "area_sqm": 8.44,
        "area_hectares": 0.0008,
        "area_acres": 0.0021,
        "area_gaj": 10.09,
        "perimeter_m": 14.13,
        "vertex_count": 10,
        "confidence": 0.78,
        "verification_status": "Pending Review"
      }
    },
    {
      "type": "Feature",
      "id": "CAD-0540",
      "geometry": {
        "type": "Polygon",
        "coordinates": [
          [
            [
              2138.0,
              1944.0
            ],
            [
              2137.0,
              1960.0
            ],
            [
              2086.0,
              1996.0
            ],
            [
              2082.0,
              1996.0
            ],
            [
              2071.0,
              1988.0
            ],
            [
              2071.0,
              1968.0
            ],
            [
              2118.0,
              1936.0
            ],
            [
              2128.0,
              1935.0
            ],
            [
              2138.0,
              1944.0
            ]
          ]
        ]
      },
      "properties": {
        "parcel_id": "CAD-0540",
        "feature_type": "Road / Pathway",
        "land_use": "Commercial",
        "category": "Infrastructure",
        "color_hex": "#FFFF00",
        "area_px": 1815.5,
        "area_sqm": 11.62,
        "area_hectares": 0.0012,
        "area_acres": 0.0029,
        "area_gaj": 13.9,
        "perimeter_m": 15.71,
        "vertex_count": 9,
        "confidence": 0.78,
        "verification_status": "Pending Review"
      }
    },
    {
      "type": "Feature",
      "id": "CAD-0541",
      "geometry": {
        "type": "Polygon",
        "coordinates": [
          [
            [
              2793.0,
              1844.0
            ],
            [
              2835.0,
              1818.0
            ],
            [
              2843.0,
              1817.0
            ],
            [
              2854.0,
              1823.0
            ],
            [
              2895.0,
              1865.0
            ],
            [
              2896.0,
              1874.0
            ],
            [
              2857.0,
              1883.0
            ],
            [
              2793.0,
              1844.0
            ]
          ]
        ]
      },
      "properties": {
        "parcel_id": "CAD-0541",
        "feature_type": "Road / Pathway",
        "land_use": "Commercial",
        "category": "Infrastructure",
        "color_hex": "#FFFF00",
        "area_px": 2319.0,
        "area_sqm": 14.84,
        "area_hectares": 0.0015,
        "area_acres": 0.0037,
        "area_gaj": 17.75,
        "perimeter_m": 20.22,
        "vertex_count": 8,
        "confidence": 0.78,
        "verification_status": "Pending Review"
      }
    },
    {
      "type": "Feature",
      "id": "CAD-0542",
      "geometry": {
        "type": "Polygon",
        "coordinates": [
          [
            [
              3350.0,
              1598.0
            ],
            [
              3374.0,
              1611.0
            ],
            [
              3374.0,
              1637.0
            ],
            [
              3329.0,
              1702.0
            ],
            [
              3322.0,
              1697.0
            ],
            [
              3314.0,
              1681.0
            ],
            [
              3314.0,
              1668.0
            ],
            [
              3327.0,
              1613.0
            ],
            [
              3336.0,
              1601.0
            ],
            [
              3350.0,
              1598.0
            ]
          ]
        ]
      },
      "properties": {
        "parcel_id": "CAD-0542",
        "feature_type": "Road / Pathway",
        "land_use": "Commercial",
        "category": "Infrastructure",
        "color_hex": "#FFFF00",
        "area_px": 2873.0,
        "area_sqm": 18.39,
        "area_hectares": 0.0018,
        "area_acres": 0.0045,
        "area_gaj": 21.99,
        "perimeter_m": 20.61,
        "vertex_count": 10,
        "confidence": 0.78,
        "verification_status": "Pending Review"
      }
    },
    {
      "type": "Feature",
      "id": "CAD-0543",
      "geometry": {
        "type": "Polygon",
        "coordinates": [
          [
            [
              1592.0,
              1514.0
            ],
            [
              1592.0,
              1567.0
            ],
            [
              1585.0,
              1581.0
            ],
            [
              1559.0,
              1591.0
            ],
            [
              1514.0,
              1598.0
            ],
            [
              1488.0,
              1515.0
            ],
            [
              1494.0,
              1512.0
            ],
            [
              1592.0,
              1514.0
            ]
          ]
        ]
      },
      "properties": {
        "parcel_id": "CAD-0543",
        "feature_type": "Road / Pathway",
        "land_use": "Commercial",
        "category": "Infrastructure",
        "color_hex": "#FFFF00",
        "area_px": 6514.5,
        "area_sqm": 41.69,
        "area_hectares": 0.0042,
        "area_acres": 0.0103,
        "area_gaj": 49.86,
        "perimeter_m": 26.7,
        "vertex_count": 8,
        "confidence": 0.78,
        "verification_status": "Pending Review"
      }
    },
    {
      "type": "Feature",
      "id": "CAD-0544",
      "geometry": {
        "type": "Polygon",
        "coordinates": [
          [
            [
              935.0,
              1454.0
            ],
            [
              842.0,
              1615.0
            ],
            [
              815.0,
              1640.0
            ],
            [
              796.0,
              1640.0
            ],
            [
              788.0,
              1624.0
            ],
            [
              786.0,
              1584.0
            ],
            [
              827.0,
              1521.0
            ],
            [
              896.0,
              1458.0
            ],
            [
              935.0,
              1454.0
            ]
          ]
        ]
      },
      "properties": {
        "parcel_id": "CAD-0544",
        "feature_type": "Road / Pathway",
        "land_use": "Commercial",
        "category": "Infrastructure",
        "color_hex": "#FFFF00",
        "area_px": 5373.5,
        "area_sqm": 34.39,
        "area_hectares": 0.0034,
        "area_acres": 0.0085,
        "area_gaj": 41.13,
        "perimeter_m": 40.6,
        "vertex_count": 9,
        "confidence": 0.78,
        "verification_status": "Pending Review"
      }
    },
    {
      "type": "Feature",
      "id": "CAD-0545",
      "geometry": {
        "type": "Polygon",
        "coordinates": [
          [
            [
              2114.0,
              1439.0
            ],
            [
              2121.0,
              1440.0
            ],
            [
              2131.0,
              1462.0
            ],
            [
              2132.0,
              1513.0
            ],
            [
              2127.0,
              1516.0
            ],
            [
              2109.0,
              1502.0
            ],
            [
              2103.0,
              1476.0
            ],
            [
              2103.0,
              1459.0
            ],
            [
              2114.0,
              1439.0
            ]
          ]
        ]
      },
      "properties": {
        "parcel_id": "CAD-0545",
        "feature_type": "Road / Pathway",
        "land_use": "Commercial",
        "category": "Infrastructure",
        "color_hex": "#FFFF00",
        "area_px": 1204.5,
        "area_sqm": 7.71,
        "area_hectares": 0.0008,
        "area_acres": 0.0019,
        "area_gaj": 9.22,
        "perimeter_m": 14.19,
        "vertex_count": 9,
        "confidence": 0.78,
        "verification_status": "Pending Review"
      }
    },
    {
      "type": "Feature",
      "id": "CAD-0546",
      "geometry": {
        "type": "Polygon",
        "coordinates": [
          [
            [
              1904.0,
              1411.0
            ],
            [
              1901.0,
              1422.0
            ],
            [
              1883.0,
              1449.0
            ],
            [
              1851.0,
              1452.0
            ],
            [
              1846.0,
              1428.0
            ],
            [
              1856.0,
              1416.0
            ],
            [
              1863.0,
              1413.0
            ],
            [
              1904.0,
              1411.0
            ]
          ]
        ]
      },
      "properties": {
        "parcel_id": "CAD-0546",
        "feature_type": "Road / Pathway",
        "land_use": "Commercial",
        "category": "Infrastructure",
        "color_hex": "#FFFF00",
        "area_px": 1318.0,
        "area_sqm": 8.44,
        "area_hectares": 0.0008,
        "area_acres": 0.0021,
        "area_gaj": 10.09,
        "perimeter_m": 13.18,
        "vertex_count": 8,
        "confidence": 0.78,
        "verification_status": "Pending Review"
      }
    },
    {
      "type": "Feature",
      "id": "CAD-0547",
      "geometry": {
        "type": "Polygon",
        "coordinates": [
          [
            [
              2309.0,
              1257.0
            ],
            [
              2318.0,
              1241.0
            ],
            [
              2379.0,
              1244.0
            ],
            [
              2400.0,
              1249.0
            ],
            [
              2405.0,
              1265.0
            ],
            [
              2317.0,
              1267.0
            ],
            [
              2309.0,
              1257.0
            ]
          ]
        ]
      },
      "properties": {
        "parcel_id": "CAD-0547",
        "feature_type": "Road / Pathway",
        "land_use": "Commercial",
        "category": "Infrastructure",
        "color_hex": "#FFFF00",
        "area_px": 1304.5,
        "area_sqm": 8.35,
        "area_hectares": 0.0008,
        "area_acres": 0.0021,
        "area_gaj": 9.99,
        "perimeter_m": 17.49,
        "vertex_count": 7,
        "confidence": 0.78,
        "verification_status": "Pending Review"
      }
    },
    {
      "type": "Feature",
      "id": "CAD-0548",
      "geometry": {
        "type": "Polygon",
        "coordinates": [
          [
            [
              95.0,
              1234.0
            ],
            [
              154.0,
              1427.0
            ],
            [
              152.0,
              1624.0
            ],
            [
              141.0,
              1658.0
            ],
            [
              92.0,
              1693.0
            ],
            [
              0.0,
              1731.0
            ],
            [
              0.0,
              1340.0
            ],
            [
              95.0,
              1234.0
            ]
          ]
        ]
      },
      "properties": {
        "parcel_id": "CAD-0548",
        "feature_type": "Road / Pathway",
        "land_use": "Commercial",
        "category": "Infrastructure",
        "color_hex": "#FFFF00",
        "area_px": 53602.5,
        "area_sqm": 343.06,
        "area_hectares": 0.0343,
        "area_acres": 0.0848,
        "area_gaj": 410.3,
        "perimeter_m": 90.21,
        "vertex_count": 8,
        "confidence": 0.78,
        "verification_status": "Pending Review"
      }
    },
    {
      "type": "Feature",
      "id": "CAD-0549",
      "geometry": {
        "type": "Polygon",
        "coordinates": [
          [
            [
              2785.0,
              1253.0
            ],
            [
              2783.0,
              1256.0
            ],
            [
              2755.0,
              1259.0
            ],
            [
              2706.0,
              1260.0
            ],
            [
              2703.0,
              1242.0
            ],
            [
              2709.0,
              1238.0
            ],
            [
              2763.0,
              1231.0
            ],
            [
              2781.0,
              1245.0
            ],
            [
              2785.0,
              1253.0
            ]
          ]
        ]
      },
      "properties": {
        "parcel_id": "CAD-0549",
        "feature_type": "Road / Pathway",
        "land_use": "Commercial",
        "category": "Infrastructure",
        "color_hex": "#FFFF00",
        "area_px": 1318.0,
        "area_sqm": 8.44,
        "area_hectares": 0.0008,
        "area_acres": 0.0021,
        "area_gaj": 10.09,
        "perimeter_m": 15.39,
        "vertex_count": 9,
        "confidence": 0.78,
        "verification_status": "Pending Review"
      }
    },
    {
      "type": "Feature",
      "id": "CAD-0550",
      "geometry": {
        "type": "Polygon",
        "coordinates": [
          [
            [
              2184.0,
              1226.0
            ],
            [
              2187.0,
              1264.0
            ],
            [
              2179.0,
              1269.0
            ],
            [
              2106.0,
              1272.0
            ],
            [
              2095.0,
              1270.0
            ],
            [
              2089.0,
              1242.0
            ],
            [
              2091.0,
              1237.0
            ],
            [
              2145.0,
              1226.0
            ],
            [
              2184.0,
              1226.0
            ]
          ]
        ]
      },
      "properties": {
        "parcel_id": "CAD-0550",
        "feature_type": "Road / Pathway",
        "land_use": "Commercial",
        "category": "Infrastructure",
        "color_hex": "#FFFF00",
        "area_px": 3678.5,
        "area_sqm": 23.54,
        "area_hectares": 0.0024,
        "area_acres": 0.0058,
        "area_gaj": 28.15,
        "perimeter_m": 20.79,
        "vertex_count": 9,
        "confidence": 0.78,
        "verification_status": "Pending Review"
      }
    },
    {
      "type": "Feature",
      "id": "CAD-0551",
      "geometry": {
        "type": "Polygon",
        "coordinates": [
          [
            [
              1593.0,
              1183.0
            ],
            [
              1595.0,
              1184.0
            ],
            [
              1603.0,
              1252.0
            ],
            [
              1599.0,
              1258.0
            ],
            [
              1584.0,
              1258.0
            ],
            [
              1563.0,
              1249.0
            ],
            [
              1562.0,
              1224.0
            ],
            [
              1571.0,
              1188.0
            ],
            [
              1577.0,
              1184.0
            ],
            [
              1593.0,
              1183.0
            ]
          ]
        ]
      },
      "properties": {
        "parcel_id": "CAD-0551",
        "feature_type": "Road / Pathway",
        "land_use": "Commercial",
        "category": "Infrastructure",
        "color_hex": "#FFFF00",
        "area_px": 1678.5,
        "area_sqm": 10.74,
        "area_hectares": 0.0011,
        "area_acres": 0.0027,
        "area_gaj": 12.85,
        "perimeter_m": 16.09,
        "vertex_count": 10,
        "confidence": 0.78,
        "verification_status": "Pending Review"
      }
    },
    {
      "type": "Feature",
      "id": "CAD-0552",
      "geometry": {
        "type": "Polygon",
        "coordinates": [
          [
            [
              1434.0,
              1162.0
            ],
            [
              1427.0,
              1235.0
            ],
            [
              1422.0,
              1242.0
            ],
            [
              1410.0,
              1242.0
            ],
            [
              1402.0,
              1238.0
            ],
            [
              1405.0,
              1200.0
            ],
            [
              1409.0,
              1181.0
            ],
            [
              1416.0,
              1166.0
            ],
            [
              1426.0,
              1160.0
            ],
            [
              1434.0,
              1162.0
            ]
          ]
        ]
      },
      "properties": {
        "parcel_id": "CAD-0552",
        "feature_type": "Road / Pathway",
        "land_use": "Commercial",
        "category": "Infrastructure",
        "color_hex": "#FFFF00",
        "area_px": 1691.0,
        "area_sqm": 10.82,
        "area_hectares": 0.0011,
        "area_acres": 0.0027,
        "area_gaj": 12.94,
        "perimeter_m": 15.75,
        "vertex_count": 10,
        "confidence": 0.78,
        "verification_status": "Pending Review"
      }
    },
    {
      "type": "Feature",
      "id": "CAD-0553",
      "geometry": {
        "type": "Polygon",
        "coordinates": [
          [
            [
              2805.0,
              788.0
            ],
            [
              2810.0,
              797.0
            ],
            [
              2790.0,
              856.0
            ],
            [
              2780.0,
              869.0
            ],
            [
              2763.0,
              880.0
            ],
            [
              2758.0,
              879.0
            ],
            [
              2739.0,
              803.0
            ],
            [
              2745.0,
              795.0
            ],
            [
              2805.0,
              788.0
            ]
          ]
        ]
      },
      "properties": {
        "parcel_id": "CAD-0553",
        "feature_type": "Road / Pathway",
        "land_use": "Commercial",
        "category": "Infrastructure",
        "color_hex": "#FFFF00",
        "area_px": 3275.0,
        "area_sqm": 20.96,
        "area_hectares": 0.0021,
        "area_acres": 0.0052,
        "area_gaj": 25.07,
        "perimeter_m": 21.05,
        "vertex_count": 9,
        "confidence": 0.78,
        "verification_status": "Pending Review"
      }
    },
    {
      "type": "Feature",
      "id": "CAD-0554",
      "geometry": {
        "type": "Polygon",
        "coordinates": [
          [
            [
              3999.0,
              773.0
            ],
            [
              3889.0,
              736.0
            ],
            [
              3885.0,
              722.0
            ],
            [
              3961.0,
              720.0
            ],
            [
              3999.0,
              753.0
            ],
            [
              3999.0,
              773.0
            ]
          ]
        ]
      },
      "properties": {
        "parcel_id": "CAD-0554",
        "feature_type": "Road / Pathway",
        "land_use": "Commercial",
        "category": "Infrastructure",
        "color_hex": "#FFFF00",
        "area_px": 1877.5,
        "area_sqm": 12.02,
        "area_hectares": 0.0012,
        "area_acres": 0.003,
        "area_gaj": 14.38,
        "perimeter_m": 22.16,
        "vertex_count": 6,
        "confidence": 0.78,
        "verification_status": "Pending Review"
      }
    },
    {
      "type": "Feature",
      "id": "CAD-0555",
      "geometry": {
        "type": "Polygon",
        "coordinates": [
          [
            [
              133.0,
              648.0
            ],
            [
              151.0,
              670.0
            ],
            [
              153.0,
              685.0
            ],
            [
              137.0,
              696.0
            ],
            [
              114.0,
              703.0
            ],
            [
              97.0,
              686.0
            ],
            [
              104.0,
              651.0
            ],
            [
              133.0,
              648.0
            ]
          ]
        ]
      },
      "properties": {
        "parcel_id": "CAD-0555",
        "feature_type": "Road / Pathway",
        "land_use": "Commercial",
        "category": "Infrastructure",
        "color_hex": "#FFFF00",
        "area_px": 1768.5,
        "area_sqm": 11.32,
        "area_hectares": 0.0011,
        "area_acres": 0.0028,
        "area_gaj": 13.54,
        "perimeter_m": 14.07,
        "vertex_count": 8,
        "confidence": 0.78,
        "verification_status": "Pending Review"
      }
    },
    {
      "type": "Feature",
      "id": "CAD-0556",
      "geometry": {
        "type": "Polygon",
        "coordinates": [
          [
            [
              2580.0,
              602.0
            ],
            [
              2611.0,
              595.0
            ],
            [
              2634.0,
              596.0
            ],
            [
              2714.0,
              634.0
            ],
            [
              2710.0,
              642.0
            ],
            [
              2704.0,
              644.0
            ],
            [
              2660.0,
              636.0
            ],
            [
              2592.0,
              619.0
            ],
            [
              2580.0,
              602.0
            ]
          ]
        ]
      },
      "properties": {
        "parcel_id": "CAD-0556",
        "feature_type": "Road / Pathway",
        "land_use": "Commercial",
        "category": "Infrastructure",
        "color_hex": "#FFFF00",
        "area_px": 1801.5,
        "area_sqm": 11.53,
        "area_hectares": 0.0012,
        "area_acres": 0.0028,
        "area_gaj": 13.79,
        "perimeter_m": 23.54,
        "vertex_count": 9,
        "confidence": 0.78,
        "verification_status": "Pending Review"
      }
    },
    {
      "type": "Feature",
      "id": "CAD-0557",
      "geometry": {
        "type": "Polygon",
        "coordinates": [
          [
            [
              36.0,
              546.0
            ],
            [
              888.0,
              995.0
            ],
            [
              914.0,
              1059.0
            ],
            [
              622.0,
              1298.0
            ],
            [
              158.0,
              1405.0
            ],
            [
              0.0,
              1153.0
            ],
            [
              0.0,
              655.0
            ],
            [
              36.0,
              546.0
            ]
          ]
        ]
      },
      "properties": {
        "parcel_id": "CAD-0557",
        "feature_type": "Road / Pathway",
        "land_use": "Commercial",
        "category": "Infrastructure",
        "color_hex": "#FFFF00",
        "area_px": 328948.0,
        "area_sqm": 2105.27,
        "area_hectares": 0.2105,
        "area_acres": 0.5202,
        "area_gaj": 2517.9,
        "perimeter_m": 223.67,
        "vertex_count": 8,
        "confidence": 0.78,
        "verification_status": "Pending Review"
      }
    },
    {
      "type": "Feature",
      "id": "CAD-0558",
      "geometry": {
        "type": "Polygon",
        "coordinates": [
          [
            [
              3417.0,
              483.0
            ],
            [
              3419.0,
              484.0
            ],
            [
              3425.0,
              507.0
            ],
            [
              3411.0,
              551.0
            ],
            [
              3409.0,
              552.0
            ],
            [
              3382.0,
              538.0
            ],
            [
              3382.0,
              515.0
            ],
            [
              3412.0,
              484.0
            ],
            [
              3417.0,
              483.0
            ]
          ]
        ]
      },
      "properties": {
        "parcel_id": "CAD-0558",
        "feature_type": "Road / Pathway",
        "land_use": "Commercial",
        "category": "Infrastructure",
        "color_hex": "#FFFF00",
        "area_px": 1218.0,
        "area_sqm": 7.8,
        "area_hectares": 0.0008,
        "area_acres": 0.0019,
        "area_gaj": 9.33,
        "perimeter_m": 14.09,
        "vertex_count": 9,
        "confidence": 0.78,
        "verification_status": "Pending Review"
      }
    },
    {
      "type": "Feature",
      "id": "CAD-0559",
      "geometry": {
        "type": "Polygon",
        "coordinates": [
          [
            [
              1558.0,
              451.0
            ],
            [
              1579.0,
              515.0
            ],
            [
              1574.0,
              524.0
            ],
            [
              1386.0,
              617.0
            ],
            [
              1558.0,
              451.0
            ]
          ]
        ]
      },
      "properties": {
        "parcel_id": "CAD-0559",
        "feature_type": "Road / Pathway",
        "land_use": "Commercial",
        "category": "Infrastructure",
        "color_hex": "#FFFF00",
        "area_px": 3884.0,
        "area_sqm": 24.86,
        "area_hectares": 0.0025,
        "area_acres": 0.0061,
        "area_gaj": 29.73,
        "perimeter_m": 42.12,
        "vertex_count": 5,
        "confidence": 0.78,
        "verification_status": "Pending Review"
      }
    },
    {
      "type": "Feature",
      "id": "CAD-0560",
      "geometry": {
        "type": "Polygon",
        "coordinates": [
          [
            [
              1687.0,
              38.0
            ],
            [
              1681.0,
              166.0
            ],
            [
              1666.0,
              175.0
            ],
            [
              1655.0,
              174.0
            ],
            [
              1660.0,
              37.0
            ],
            [
              1687.0,
              38.0
            ]
          ]
        ]
      },
      "properties": {
        "parcel_id": "CAD-0560",
        "feature_type": "Road / Pathway",
        "land_use": "Commercial",
        "category": "Infrastructure",
        "color_hex": "#FFFF00",
        "area_px": 2706.5,
        "area_sqm": 17.32,
        "area_hectares": 0.0017,
        "area_acres": 0.0043,
        "area_gaj": 20.71,
        "perimeter_m": 25.66,
        "vertex_count": 6,
        "confidence": 0.78,
        "verification_status": "Pending Review"
      }
    },
    {
      "type": "Feature",
      "id": "CAD-0561",
      "geometry": {
        "type": "Polygon",
        "coordinates": [
          [
            [
              1383.0,
              623.0
            ],
            [
              949.0,
              994.0
            ],
            [
              769.0,
              939.0
            ],
            [
              32.0,
              503.0
            ],
            [
              111.0,
              56.0
            ],
            [
              151.0,
              0.0
            ],
            [
              945.0,
              0.0
            ],
            [
              1383.0,
              623.0
            ]
          ]
        ]
      },
      "properties": {
        "parcel_id": "CAD-0561",
        "feature_type": "Road / Pathway",
        "land_use": "Commercial",
        "category": "Infrastructure",
        "color_hex": "#FFFF00",
        "area_px": 635802.0,
        "area_sqm": 4069.13,
        "area_hectares": 0.4069,
        "area_acres": 1.0055,
        "area_gaj": 4866.68,
        "perimeter_m": 295.5,
        "vertex_count": 8,
        "confidence": 0.78,
        "verification_status": "Pending Review"
      }
    },
    {
      "type": "Feature",
      "id": "CAD-0562",
      "geometry": {
        "type": "Polygon",
        "coordinates": [
          [
            [
              742.0,
              2885.0
            ],
            [
              742.0,
              2903.0
            ],
            [
              703.0,
              2999.0
            ],
            [
              611.0,
              2999.0
            ],
            [
              601.0,
              2966.0
            ],
            [
              601.0,
              2945.0
            ],
            [
              638.0,
              2911.0
            ],
            [
              724.0,
              2885.0
            ],
            [
              742.0,
              2885.0
            ]
          ]
        ]
      },
      "properties": {
        "parcel_id": "CAD-0562",
        "feature_type": "Vacant / Open Land",
        "land_use": "Vacant",
        "category": "Land",
        "color_hex": "#D2B48C",
        "area_px": 10408.5,
        "area_sqm": 66.61,
        "area_hectares": 0.0067,
        "area_acres": 0.0165,
        "area_gaj": 79.67,
        "perimeter_m": 34.18,
        "vertex_count": 9,
        "confidence": 0.75,
        "verification_status": "Pending Review"
      }
    },
    {
      "type": "Feature",
      "id": "CAD-0563",
      "geometry": {
        "type": "Polygon",
        "coordinates": [
          [
            [
              11.0,
              1184.0
            ],
            [
              22.0,
              1189.0
            ],
            [
              59.0,
              1248.0
            ],
            [
              61.0,
              1271.0
            ],
            [
              9.0,
              1329.0
            ],
            [
              0.0,
              1329.0
            ],
            [
              0.0,
              1184.0
            ],
            [
              11.0,
              1184.0
            ]
          ]
        ]
      },
      "properties": {
        "parcel_id": "CAD-0563",
        "feature_type": "Vacant / Open Land",
        "land_use": "Vacant",
        "category": "Land",
        "color_hex": "#D2B48C",
        "area_px": 5868.0,
        "area_sqm": 37.56,
        "area_hectares": 0.0038,
        "area_acres": 0.0093,
        "area_gaj": 44.92,
        "perimeter_m": 27.82,
        "vertex_count": 8,
        "confidence": 0.75,
        "verification_status": "Pending Review"
      }
    },
    {
      "type": "Feature",
      "id": "CAD-0564",
      "geometry": {
        "type": "Polygon",
        "coordinates": [
          [
            [
              0.0,
              500.0
            ],
            [
              13.0,
              491.0
            ],
            [
              31.0,
              491.0
            ],
            [
              222.0,
              616.0
            ],
            [
              222.0,
              634.0
            ],
            [
              204.0,
              634.0
            ],
            [
              4.0,
              586.0
            ],
            [
              0.0,
              580.0
            ],
            [
              0.0,
              500.0
            ]
          ]
        ]
      },
      "properties": {
        "parcel_id": "CAD-0564",
        "feature_type": "Vacant / Open Land",
        "land_use": "Vacant",
        "category": "Land",
        "color_hex": "#D2B48C",
        "area_px": 8634.5,
        "area_sqm": 55.26,
        "area_hectares": 0.0055,
        "area_acres": 0.0137,
        "area_gaj": 66.09,
        "perimeter_m": 47.28,
        "vertex_count": 9,
        "confidence": 0.75,
        "verification_status": "Pending Review"
      }
    },
    {
      "type": "Feature",
      "id": "CAD-0565",
      "geometry": {
        "type": "Polygon",
        "coordinates": [
          [
            [
              3999.0,
              0.0
            ],
            [
              3999.0,
              2999.0
            ],
            [
              0.0,
              2999.0
            ],
            [
              0.0,
              1775.0
            ],
            [
              1686.0,
              18.0
            ],
            [
              3999.0,
              0.0
            ]
          ]
        ]
      },
      "properties": {
        "parcel_id": "CAD-0565",
        "feature_type": "Vacant / Open Land",
        "land_use": "Vacant",
        "category": "Land",
        "color_hex": "#D2B48C",
        "area_px": 9252182.5,
        "area_sqm": 59213.97,
        "area_hectares": 5.9214,
        "area_acres": 14.6321,
        "area_gaj": 70819.91,
        "perimeter_m": 1037.61,
        "vertex_count": 6,
        "confidence": 0.75,
        "verification_status": "Pending Review"
      }
    },
    {
      "type": "Feature",
      "id": "CAD-0566",
      "geometry": {
        "type": "Polygon",
        "coordinates": [
          [
            [
              144.0,
              0.0
            ],
            [
              92.0,
              159.0
            ],
            [
              73.0,
              159.0
            ],
            [
              0.0,
              140.0
            ],
            [
              0.0,
              0.0
            ],
            [
              144.0,
              0.0
            ]
          ]
        ]
      },
      "properties": {
        "parcel_id": "CAD-0566",
        "feature_type": "Vacant / Open Land",
        "land_use": "Vacant",
        "category": "Land",
        "color_hex": "#D2B48C",
        "area_px": 16945.5,
        "area_sqm": 108.45,
        "area_hectares": 0.0108,
        "area_acres": 0.0268,
        "area_gaj": 129.71,
        "perimeter_m": 43.66,
        "vertex_count": 6,
        "confidence": 0.75,
        "verification_status": "Pending Review"
      }
    }
  ]
}