{
  "type": "FeatureCollection",
  "metadata": {
    "width": 4001,
    "height": 2665,
    "gsd_meters": 0.08,
    "total_features": 214,
    "counts": {
      "Building": 95,
      "Tree / Forest": 50,
      "Agricultural Land": 43,
      "Playground / Open Turf": 9,
      "Road / Pathway": 12,
      "Vacant / Open Land": 5
    },
    "total_surveyed_sqm": 60694.82,
    "total_builtup_sqm": 15557.09,
    "builtup_pct": 25.6
  },
  "features": [
    {
      "type": "Feature",
      "id": "CAD-0001",
      "geometry": {
        "type": "Polygon",
        "coordinates": [
          [
            [
              3785.0,
              1422.0
            ],
            [
              3754.0,
              1469.0
            ],
            [
              3694.0,
              1516.0
            ],
            [
              3694.0,
              1544.0
            ],
            [
              3800.0,
              1609.0
            ],
            [
              3900.0,
              1700.0
            ],
            [
              3929.0,
              1703.0
            ],
            [
              3997.0,
              1766.0
            ],
            [
              3997.0,
              1694.0
            ],
            [
              3985.0,
              1684.0
            ],
            [
              3997.0,
              1678.0
            ],
            [
              3997.0,
              1603.0
            ],
            [
              3875.0,
              1490.0
            ],
            [
              3866.0,
              1459.0
            ],
            [
              3832.0,
              1422.0
            ],
            [
              3785.0,
              1422.0
            ]
          ]
        ]
      },
      "properties": {
        "parcel_id": "CAD-0001",
        "feature_type": "Building",
        "land_use": "Residential",
        "category": "Structure",
        "color_hex": "#FF3232",
        "area_px": 46744.0,
        "area_sqm": 299.16,
        "area_hectares": 0.0299,
        "area_acres": 0.0739,
        "area_gaj": 357.8,
        "perimeter_m": 81.1,
        "vertex_count": 16,
        "confidence": 0.88,
        "verification_status": "Verified"
      }
    },
    {
      "type": "Feature",
      "id": "CAD-0002",
      "geometry": {
        "type": "Polygon",
        "coordinates": [
          [
            [
              450.0,
              1450.0
            ],
            [
              403.0,
              1450.0
            ],
            [
              400.0,
              1462.0
            ],
            [
              415.0,
              1478.0
            ],
            [
              325.0,
              1591.0
            ],
            [
              268.0,
              1641.0
            ],
            [
              268.0,
              1675.0
            ],
            [
              325.0,
              1700.0
            ],
            [
              365.0,
              1731.0
            ],
            [
              400.0,
              1725.0
            ],
            [
              493.0,
              1603.0
            ],
            [
              462.0,
              1572.0
            ],
            [
              503.0,
              1525.0
            ],
            [
              503.0,
              1509.0
            ],
            [
              450.0,
              1450.0
            ]
          ]
        ]
      },
      "properties": {
        "parcel_id": "CAD-0002",
        "feature_type": "Building",
        "land_use": "Residential",
        "category": "Structure",
        "color_hex": "#FF3232",
        "area_px": 34515.0,
        "area_sqm": 220.9,
        "area_hectares": 0.0221,
        "area_acres": 0.0546,
        "area_gaj": 264.2,
        "perimeter_m": 67.11,
        "vertex_count": 15,
        "confidence": 0.88,
        "verification_status": "Verified"
      }
    },
    {
      "type": "Feature",
      "id": "CAD-0003",
      "geometry": {
        "type": "Polygon",
        "coordinates": [
          [
            [
              1053.0,
              1247.0
            ],
            [
              1047.0,
              1225.0
            ],
            [
              1078.0,
              1219.0
            ],
            [
              1078.0,
              1165.0
            ],
            [
              1053.0,
              1159.0
            ],
            [
              1044.0,
              1137.0
            ],
            [
              1062.0,
              1106.0
            ],
            [
              1053.0,
              1097.0
            ],
            [
              1022.0,
              1103.0
            ],
            [
              1003.0,
              1090.0
            ],
            [
              953.0,
              940.0
            ],
            [
              922.0,
              940.0
            ],
            [
              872.0,
              990.0
            ],
            [
              868.0,
              1009.0
            ],
            [
              893.0,
              1022.0
            ],
            [
              893.0,
              1037.0
            ],
            [
              865.0,
              1056.0
            ],
            [
              865.0,
              1156.0
            ],
            [
              915.0,
              1212.0
            ],
            [
              943.0,
              1265.0
            ],
            [
              1047.0,
              1225.0
            ],
            [
              1053.0,
              1247.0
            ]
          ]
        ]
      },
      "properties": {
        "parcel_id": "CAD-0003",
        "feature_type": "Building",
        "land_use": "Residential",
        "category": "Structure",
        "color_hex": "#FF3232",
        "area_px": 41708.0,
        "area_sqm": 266.93,
        "area_hectares": 0.0267,
        "area_acres": 0.066,
        "area_gaj": 319.25,
        "perimeter_m": 78.92,
        "vertex_count": 22,
        "confidence": 0.88,
        "verification_status": "Verified"
      }
    },
    {
      "type": "Feature",
      "id": "CAD-0004",
      "geometry": {
        "type": "Polygon",
        "coordinates": [
          [
            [
              681.0,
              1837.0
            ],
            [
              681.0,
              1934.0
            ],
            [
              700.0,
              1953.0
            ],
            [
              865.0,
              1947.0
            ],
            [
              840.0,
              1862.0
            ],
            [
              840.0,
              1781.0
            ],
            [
              753.0,
              1781.0
            ],
            [
              747.0,
              1794.0
            ],
            [
              718.0,
              1809.0
            ],
            [
              709.0,
              1847.0
            ],
            [
              693.0,
              1853.0
            ],
            [
              681.0,
              1837.0
            ]
          ]
        ]
      },
      "properties": {
        "parcel_id": "CAD-0004",
        "feature_type": "Building",
        "land_use": "Residential",
        "category": "Structure",
        "color_hex": "#FF3232",
        "area_px": 25058.5,
        "area_sqm": 160.37,
        "area_hectares": 0.016,
        "area_acres": 0.0396,
        "area_gaj": 191.8,
        "perimeter_m": 53.49,
        "vertex_count": 12,
        "confidence": 0.88,
        "verification_status": "Verified"
      }
    },
    {
      "type": "Feature",
      "id": "CAD-0005",
      "geometry": {
        "type": "Polygon",
        "coordinates": [
          [
            [
              3585.0,
              893.0
            ],
            [
              3679.0,
              918.0
            ],
            [
              3585.0,
              893.0
            ],
            [
              3625.0,
              850.0
            ],
            [
              3729.0,
              915.0
            ],
            [
              3835.0,
              834.0
            ],
            [
              3835.0,
              790.0
            ],
            [
              3788.0,
              787.0
            ],
            [
              3710.0,
              678.0
            ],
            [
              3710.0,
              659.0
            ],
            [
              3760.0,
              622.0
            ],
            [
              3757.0,
              609.0
            ],
            [
              3663.0,
              662.0
            ],
            [
              3632.0,
              609.0
            ],
            [
              3594.0,
              609.0
            ],
            [
              3500.0,
              712.0
            ],
            [
              3500.0,
              731.0
            ],
            [
              3619.0,
              822.0
            ],
            [
              3625.0,
              850.0
            ],
            [
              3585.0,
              893.0
            ]
          ]
        ]
      },
      "properties": {
        "parcel_id": "CAD-0005",
        "feature_type": "Building",
        "land_use": "Residential",
        "category": "Structure",
        "color_hex": "#FF3232",
        "area_px": 53065.5,
        "area_sqm": 339.62,
        "area_hectares": 0.034,
        "area_acres": 0.0839,
        "area_gaj": 406.19,
        "perimeter_m": 114.55,
        "vertex_count": 20,
        "confidence": 0.88,
        "verification_status": "Verified"
      }
    },
    {
      "type": "Feature",
      "id": "CAD-0006",
      "geometry": {
        "type": "Polygon",
        "coordinates": [
          [
            [
              3469.0,
              2113.0
            ],
            [
              3469.0,
              2194.0
            ],
            [
              3469.0,
              2156.0
            ],
            [
              3469.0,
              2172.0
            ],
            [
              3522.0,
              2234.0
            ],
            [
              3469.0,
              2172.0
            ],
            [
              3472.0,
              2191.0
            ],
            [
              3472.0,
              2147.0
            ],
            [
              3663.0,
              2306.0
            ],
            [
              3729.0,
              2263.0
            ],
            [
              3722.0,
              2247.0
            ],
            [
              3744.0,
              2213.0
            ],
            [
              3563.0,
              2050.0
            ],
            [
              3535.0,
              2050.0
            ],
            [
              3469.0,
              2113.0
            ]
          ]
        ]
      },
      "properties": {
        "parcel_id": "CAD-0006",
        "feature_type": "Building",
        "land_use": "Residential",
        "category": "Structure",
        "color_hex": "#FF3232",
        "area_px": 34689.5,
        "area_sqm": 222.01,
        "area_hectares": 0.0222,
        "area_acres": 0.0549,
        "area_gaj": 265.52,
        "perimeter_m": 88.76,
        "vertex_count": 15,
        "confidence": 0.88,
        "verification_status": "Verified"
      }
    },
    {
      "type": "Feature",
      "id": "CAD-0007",
      "geometry": {
        "type": "Polygon",
        "coordinates": [
          [
            [
              3.0,
              1969.0
            ],
            [
              3.0,
              2053.0
            ],
            [
              59.0,
              2072.0
            ],
            [
              106.0,
              2072.0
            ],
            [
              209.0,
              2088.0
            ],
            [
              225.0,
              2069.0
            ],
            [
              253.0,
              1984.0
            ],
            [
              253.0,
              1966.0
            ],
            [
              243.0,
              1956.0
            ],
            [
              193.0,
              1947.0
            ],
            [
              156.0,
              1931.0
            ],
            [
              34.0,
              1931.0
            ],
            [
              28.0,
              1950.0
            ],
            [
              3.0,
              1969.0
            ]
          ]
        ]
      },
      "properties": {
        "parcel_id": "CAD-0007",
        "feature_type": "Building",
        "land_use": "Residential",
        "category": "Structure",
        "color_hex": "#FF3232",
        "area_px": 32032.0,
        "area_sqm": 205.0,
        "area_hectares": 0.0205,
        "area_acres": 0.0507,
        "area_gaj": 245.18,
        "perimeter_m": 56.42,
        "vertex_count": 14,
        "confidence": 0.88,
        "verification_status": "Verified"
      }
    },
    {
      "type": "Feature",
      "id": "CAD-0008",
      "geometry": {
        "type": "Polygon",
        "coordinates": [
          [
            [
              3035.0,
              1966.0
            ],
            [
              3169.0,
              1850.0
            ],
            [
              3182.0,
              1803.0
            ],
            [
              3000.0,
              1566.0
            ],
            [
              2731.0,
              1412.0
            ],
            [
              2666.0,
              1509.0
            ],
            [
              2978.0,
              1759.0
            ],
            [
              3028.0,
              1841.0
            ],
            [
              3003.0,
              1875.0
            ],
            [
              2994.0,
              1822.0
            ],
            [
              2960.0,
              1819.0
            ],
            [
              2963.0,
              1859.0
            ],
            [
              2910.0,
              1862.0
            ],
            [
              2850.0,
              1825.0
            ],
            [
              2835.0,
              1759.0
            ],
            [
              2666.0,
              1966.0
            ],
            [
              2694.0,
              1966.0
            ],
            [
              2822.0,
              1775.0
            ],
            [
              2894.0,
              1891.0
            ],
            [
              2972.0,
              1897.0
            ],
            [
              2950.0,
              1916.0
            ],
            [
              3035.0,
              1966.0
            ]
          ]
        ]
      },
      "properties": {
        "parcel_id": "CAD-0008",
        "feature_type": "Building",
        "land_use": "Residential",
        "category": "Structure",
        "color_hex": "#FF3232",
        "area_px": 102029.0,
        "area_sqm": 652.99,
        "area_hectares": 0.0653,
        "area_acres": 0.1614,
        "area_gaj": 780.98,
        "perimeter_m": 214.12,
        "vertex_count": 22,
        "confidence": 0.88,
        "verification_status": "Verified"
      }
    },
    {
      "type": "Feature",
      "id": "CAD-0009",
      "geometry": {
        "type": "Polygon",
        "coordinates": [
          [
            [
              3044.0,
              2497.0
            ],
            [
              3100.0,
              2544.0
            ],
            [
              3194.0,
              2497.0
            ],
            [
              3260.0,
              2416.0
            ],
            [
              3253.0,
              2403.0
            ],
            [
              3282.0,
              2363.0
            ],
            [
              3269.0,
              2338.0
            ],
            [
              3294.0,
              2294.0
            ],
            [
              3160.0,
              2556.0
            ],
            [
              3141.0,
              2560.0
            ],
            [
              3160.0,
              2560.0
            ],
            [
              3294.0,
              2294.0
            ],
            [
              3269.0,
              2338.0
            ],
            [
              3232.0,
              2297.0
            ],
            [
              3200.0,
              2294.0
            ],
            [
              3047.0,
              2475.0
            ],
            [
              3044.0,
              2497.0
            ]
          ]
        ]
      },
      "properties": {
        "parcel_id": "CAD-0009",
        "feature_type": "Building",
        "land_use": "Residential",
        "category": "Structure",
        "color_hex": "#FF3232",
        "area_px": 29054.5,
        "area_sqm": 185.95,
        "area_hectares": 0.0186,
        "area_acres": 0.0459,
        "area_gaj": 222.4,
        "perimeter_m": 116.27,
        "vertex_count": 17,
        "confidence": 0.88,
        "verification_status": "Verified"
      }
    },
    {
      "type": "Feature",
      "id": "CAD-0010",
      "geometry": {
        "type": "Polygon",
        "coordinates": [
          [
            [
              112.0,
              706.0
            ],
            [
              78.0,
              706.0
            ],
            [
              37.0,
              734.0
            ],
            [
              25.0,
              706.0
            ],
            [
              0.0,
              706.0
            ],
            [
              0.0,
              981.0
            ],
            [
              140.0,
              893.0
            ],
            [
              181.0,
              878.0
            ],
            [
              181.0,
              828.0
            ],
            [
              156.0,
              797.0
            ],
            [
              112.0,
              706.0
            ]
          ]
        ]
      },
      "properties": {
        "parcel_id": "CAD-0010",
        "feature_type": "Building",
        "land_use": "Residential",
        "category": "Structure",
        "color_hex": "#FF3232",
        "area_px": 34181.5,
        "area_sqm": 218.76,
        "area_hectares": 0.0219,
        "area_acres": 0.0541,
        "area_gaj": 261.64,
        "perimeter_m": 65.12,
        "vertex_count": 11,
        "confidence": 0.88,
        "verification_status": "Verified"
      }
    },
    {
      "type": "Feature",
      "id": "CAD-0011",
      "geometry": {
        "type": "Polygon",
        "coordinates": [
          [
            [
              728.0,
              359.0
            ],
            [
              728.0,
              437.0
            ],
            [
              740.0,
              456.0
            ],
            [
              728.0,
              478.0
            ],
            [
              740.0,
              490.0
            ],
            [
              772.0,
              493.0
            ],
            [
              784.0,
              506.0
            ],
            [
              775.0,
              528.0
            ],
            [
              787.0,
              547.0
            ],
            [
              818.0,
              568.0
            ],
            [
              834.0,
              562.0
            ],
            [
              850.0,
              537.0
            ],
            [
              847.0,
              515.0
            ],
            [
              865.0,
              518.0
            ],
            [
              875.0,
              506.0
            ],
            [
              865.0,
              490.0
            ],
            [
              834.0,
              512.0
            ],
            [
              831.0,
              493.0
            ],
            [
              872.0,
              453.0
            ],
            [
              872.0,
              440.0
            ],
            [
              787.0,
              356.0
            ],
            [
              728.0,
              359.0
            ]
          ]
        ]
      },
      "properties": {
        "parcel_id": "CAD-0011",
        "feature_type": "Building",
        "land_use": "Residential",
        "category": "Structure",
        "color_hex": "#FF3232",
        "area_px": 19547.0,
        "area_sqm": 125.1,
        "area_hectares": 0.0125,
        "area_acres": 0.0309,
        "area_gaj": 149.62,
        "perimeter_m": 56.31,
        "vertex_count": 22,
        "confidence": 0.88,
        "verification_status": "Verified"
      }
    },
    {
      "type": "Feature",
      "id": "CAD-0012",
      "geometry": {
        "type": "Polygon",
        "coordinates": [
          [
            [
              918.0,
              321.0
            ],
            [
              937.0,
              321.0
            ],
            [
              922.0,
              259.0
            ],
            [
              950.0,
              250.0
            ],
            [
              981.0,
              287.0
            ],
            [
              990.0,
              315.0
            ],
            [
              1019.0,
              309.0
            ],
            [
              1084.0,
              268.0
            ],
            [
              1119.0,
              262.0
            ],
            [
              1119.0,
              243.0
            ],
            [
              1090.0,
              203.0
            ],
            [
              1056.0,
              125.0
            ],
            [
              1006.0,
              125.0
            ],
            [
              918.0,
              178.0
            ],
            [
              918.0,
              196.0
            ],
            [
              950.0,
              250.0
            ],
            [
              922.0,
              259.0
            ],
            [
              918.0,
              253.0
            ],
            [
              918.0,
              321.0
            ]
          ]
        ]
      },
      "properties": {
        "parcel_id": "CAD-0012",
        "feature_type": "Building",
        "land_use": "Residential",
        "category": "Structure",
        "color_hex": "#FF3232",
        "area_px": 24024.5,
        "area_sqm": 153.76,
        "area_hectares": 0.0154,
        "area_acres": 0.038,
        "area_gaj": 183.9,
        "perimeter_m": 65.88,
        "vertex_count": 19,
        "confidence": 0.88,
        "verification_status": "Verified"
      }
    },
    {
      "type": "Feature",
      "id": "CAD-0013",
      "geometry": {
        "type": "Polygon",
        "coordinates": [
          [
            [
              3366.0,
              1859.0
            ],
            [
              3369.0,
              1887.0
            ],
            [
              3313.0,
              1944.0
            ],
            [
              3313.0,
              2025.0
            ],
            [
              3319.0,
              2031.0
            ],
            [
              3332.0,
              2022.0
            ],
            [
              3328.0,
              1994.0
            ],
            [
              3335.0,
              1991.0
            ],
            [
              3344.0,
              2003.0
            ],
            [
              3419.0,
              2034.0
            ],
            [
              3453.0,
              2066.0
            ],
            [
              3463.0,
              2066.0
            ],
            [
              3510.0,
              2028.0
            ],
            [
              3522.0,
              1981.0
            ],
            [
              3425.0,
              1897.0
            ],
            [
              3397.0,
              1859.0
            ],
            [
              3366.0,
              1859.0
            ]
          ]
        ]
      },
      "properties": {
        "parcel_id": "CAD-0013",
        "feature_type": "Building",
        "land_use": "Residential",
        "category": "Structure",
        "color_hex": "#FF3232",
        "area_px": 24633.5,
        "area_sqm": 157.65,
        "area_hectares": 0.0158,
        "area_acres": 0.039,
        "area_gaj": 188.55,
        "perimeter_m": 57.41,
        "vertex_count": 17,
        "confidence": 0.88,
        "verification_status": "Verified"
      }
    },
    {
      "type": "Feature",
      "id": "CAD-0014",
      "geometry": {
        "type": "Polygon",
        "coordinates": [
          [
            [
              3735.0,
              1140.0
            ],
            [
              3791.0,
              1062.0
            ],
            [
              3860.0,
              1119.0
            ],
            [
              3863.0,
              1140.0
            ],
            [
              3888.0,
              1140.0
            ],
            [
              3954.0,
              1084.0
            ],
            [
              3950.0,
              1025.0
            ],
            [
              3850.0,
              922.0
            ],
            [
              3813.0,
              922.0
            ],
            [
              3735.0,
              993.0
            ],
            [
              3735.0,
              1025.0
            ],
            [
              3757.0,
              1031.0
            ],
            [
              3791.0,
              1062.0
            ],
            [
              3735.0,
              1140.0
            ]
          ]
        ]
      },
      "properties": {
        "parcel_id": "CAD-0014",
        "feature_type": "Building",
        "land_use": "Residential",
        "category": "Structure",
        "color_hex": "#FF3232",
        "area_px": 27852.0,
        "area_sqm": 178.25,
        "area_hectares": 0.0178,
        "area_acres": 0.044,
        "area_gaj": 213.19,
        "perimeter_m": 68.82,
        "vertex_count": 14,
        "confidence": 0.88,
        "verification_status": "Verified"
      }
    },
    {
      "type": "Feature",
      "id": "CAD-0015",
      "geometry": {
        "type": "Polygon",
        "coordinates": [
          [
            [
              3397.0,
              1265.0
            ],
            [
              3460.0,
              1212.0
            ],
            [
              3460.0,
              1165.0
            ],
            [
              3428.0,
              1137.0
            ],
            [
              3463.0,
              1097.0
            ],
            [
              3413.0,
              1122.0
            ],
            [
              3335.0,
              1022.0
            ],
            [
              3350.0,
              990.0
            ],
            [
              3247.0,
              1228.0
            ],
            [
              3191.0,
              1269.0
            ],
            [
              3222.0,
              1244.0
            ],
            [
              3266.0,
              1265.0
            ],
            [
              3247.0,
              1228.0
            ],
            [
              3350.0,
              990.0
            ],
            [
              3335.0,
              1006.0
            ],
            [
              3285.0,
              956.0
            ],
            [
              3250.0,
              956.0
            ],
            [
              3178.0,
              1056.0
            ],
            [
              3178.0,
              1090.0
            ],
            [
              3397.0,
              1265.0
            ]
          ]
        ]
      },
      "properties": {
        "parcel_id": "CAD-0015",
        "feature_type": "Building",
        "land_use": "Residential",
        "category": "Structure",
        "color_hex": "#FF3232",
        "area_px": 45748.0,
        "area_sqm": 292.79,
        "area_hectares": 0.0293,
        "area_acres": 0.0723,
        "area_gaj": 350.18,
        "perimeter_m": 138.12,
        "vertex_count": 20,
        "confidence": 0.88,
        "verification_status": "Verified"
      }
    },
    {
      "type": "Feature",
      "id": "CAD-0016",
      "geometry": {
        "type": "Polygon",
        "coordinates": [
          [
            [
              384.0,
              75.0
            ],
            [
              437.0,
              178.0
            ],
            [
              522.0,
              215.0
            ],
            [
              718.0,
              121.0
            ],
            [
              665.0,
              0.0
            ],
            [
              443.0,
              0.0
            ],
            [
              437.0,
              21.0
            ],
            [
              384.0,
              75.0
            ]
          ]
        ]
      },
      "properties": {
        "parcel_id": "CAD-0016",
        "feature_type": "Building",
        "land_use": "Residential",
        "category": "Structure",
        "color_hex": "#FF3232",
        "area_px": 51092.5,
        "area_sqm": 326.99,
        "area_hectares": 0.0327,
        "area_acres": 0.0808,
        "area_gaj": 391.08,
        "perimeter_m": 70.2,
        "vertex_count": 8,
        "confidence": 0.88,
        "verification_status": "Verified"
      }
    },
    {
      "type": "Feature",
      "id": "CAD-0017",
      "geometry": {
        "type": "Polygon",
        "coordinates": [
          [
            [
              3.0,
              1231.0
            ],
            [
              3.0,
              1315.0
            ],
            [
              25.0,
              1315.0
            ],
            [
              81.0,
              1387.0
            ],
            [
              156.0,
              1384.0
            ],
            [
              225.0,
              1334.0
            ],
            [
              225.0,
              1312.0
            ],
            [
              193.0,
              1228.0
            ],
            [
              134.0,
              1228.0
            ],
            [
              93.0,
              1247.0
            ],
            [
              68.0,
              1247.0
            ],
            [
              56.0,
              1262.0
            ],
            [
              46.0,
              1259.0
            ],
            [
              50.0,
              1240.0
            ],
            [
              68.0,
              1240.0
            ],
            [
              84.0,
              1228.0
            ],
            [
              3.0,
              1231.0
            ]
          ]
        ]
      },
      "properties": {
        "parcel_id": "CAD-0017",
        "feature_type": "Building",
        "land_use": "Residential",
        "category": "Structure",
        "color_hex": "#FF3232",
        "area_px": 27487.5,
        "area_sqm": 175.92,
        "area_hectares": 0.0176,
        "area_acres": 0.0435,
        "area_gaj": 210.4,
        "perimeter_m": 61.33,
        "vertex_count": 17,
        "confidence": 0.88,
        "verification_status": "Verified"
      }
    },
    {
      "type": "Feature",
      "id": "CAD-0018",
      "geometry": {
        "type": "Polygon",
        "coordinates": [
          [
            [
              912.0,
              772.0
            ],
            [
              978.0,
              753.0
            ],
            [
              978.0,
              778.0
            ],
            [
              962.0,
              781.0
            ],
            [
              1028.0,
              781.0
            ],
            [
              1006.0,
              772.0
            ],
            [
              978.0,
              778.0
            ],
            [
              978.0,
              753.0
            ],
            [
              1072.0,
              709.0
            ],
            [
              1069.0,
              637.0
            ],
            [
              1025.0,
              622.0
            ],
            [
              1009.0,
              584.0
            ],
            [
              975.0,
              584.0
            ],
            [
              853.0,
              647.0
            ],
            [
              853.0,
              697.0
            ],
            [
              875.0,
              709.0
            ],
            [
              912.0,
              772.0
            ]
          ]
        ]
      },
      "properties": {
        "parcel_id": "CAD-0018",
        "feature_type": "Building",
        "land_use": "Residential",
        "category": "Structure",
        "color_hex": "#FF3232",
        "area_px": 27691.0,
        "area_sqm": 177.22,
        "area_hectares": 0.0177,
        "area_acres": 0.0438,
        "area_gaj": 211.96,
        "perimeter_m": 66.91,
        "vertex_count": 17,
        "confidence": 0.88,
        "verification_status": "Verified"
      }
    },
    {
      "type": "Feature",
      "id": "CAD-0019",
      "geometry": {
        "type": "Polygon",
        "coordinates": [
          [
            [
              1575.0,
              806.0
            ],
            [
              1528.0,
              806.0
            ],
            [
              1509.0,
              843.0
            ],
            [
              1469.0,
              875.0
            ],
            [
              1469.0,
              931.0
            ],
            [
              1484.0,
              947.0
            ],
            [
              1522.0,
              1034.0
            ],
            [
              1556.0,
              1028.0
            ],
            [
              1594.0,
              1009.0
            ],
            [
              1637.0,
              968.0
            ],
            [
              1616.0,
              875.0
            ],
            [
              1575.0,
              806.0
            ]
          ]
        ]
      },
      "properties": {
        "parcel_id": "CAD-0019",
        "feature_type": "Building",
        "land_use": "Residential",
        "category": "Structure",
        "color_hex": "#FF3232",
        "area_px": 26201.5,
        "area_sqm": 167.69,
        "area_hectares": 0.0168,
        "area_acres": 0.0414,
        "area_gaj": 200.56,
        "perimeter_m": 49.98,
        "vertex_count": 12,
        "confidence": 0.88,
        "verification_status": "Verified"
      }
    },
    {
      "type": "Feature",
      "id": "CAD-0020",
      "geometry": {
        "type": "Polygon",
        "coordinates": [
          [
            [
              484.0,
              1269.0
            ],
            [
              481.0,
              1453.0
            ],
            [
              534.0,
              1475.0
            ],
            [
              615.0,
              1478.0
            ],
            [
              625.0,
              1459.0
            ],
            [
              622.0,
              1384.0
            ],
            [
              631.0,
              1353.0
            ],
            [
              631.0,
              1303.0
            ],
            [
              572.0,
              1269.0
            ],
            [
              484.0,
              1269.0
            ]
          ]
        ]
      },
      "properties": {
        "parcel_id": "CAD-0020",
        "feature_type": "Building",
        "land_use": "Residential",
        "category": "Structure",
        "color_hex": "#FF3232",
        "area_px": 28582.5,
        "area_sqm": 182.93,
        "area_hectares": 0.0183,
        "area_acres": 0.0452,
        "area_gaj": 218.78,
        "perimeter_m": 52.59,
        "vertex_count": 10,
        "confidence": 0.88,
        "verification_status": "Verified"
      }
    },
    {
      "type": "Feature",
      "id": "CAD-0021",
      "geometry": {
        "type": "Polygon",
        "coordinates": [
          [
            [
              3897.0,
              281.0
            ],
            [
              3779.0,
              390.0
            ],
            [
              3779.0,
              418.0
            ],
            [
              3835.0,
              415.0
            ],
            [
              3869.0,
              446.0
            ],
            [
              3882.0,
              496.0
            ],
            [
              3913.0,
              490.0
            ],
            [
              3935.0,
              509.0
            ],
            [
              3932.0,
              540.0
            ],
            [
              3916.0,
              522.0
            ],
            [
              3882.0,
              543.0
            ],
            [
              3850.0,
              531.0
            ],
            [
              3788.0,
              590.0
            ],
            [
              3894.0,
              725.0
            ],
            [
              3866.0,
              797.0
            ],
            [
              3997.0,
              828.0
            ],
            [
              3997.0,
              356.0
            ],
            [
              3947.0,
              281.0
            ],
            [
              3897.0,
              281.0
            ]
          ]
        ]
      },
      "properties": {
        "parcel_id": "CAD-0021",
        "feature_type": "Building",
        "land_use": "Residential",
        "category": "Structure",
        "color_hex": "#FF3232",
        "area_px": 74567.0,
        "area_sqm": 477.23,
        "area_hectares": 0.0477,
        "area_acres": 0.1179,
        "area_gaj": 570.77,
        "perimeter_m": 129.09,
        "vertex_count": 19,
        "confidence": 0.88,
        "verification_status": "Verified"
      }
    },
    {
      "type": "Feature",
      "id": "CAD-0022",
      "geometry": {
        "type": "Polygon",
        "coordinates": [
          [
            [
              3494.0,
              2660.0
            ],
            [
              3507.0,
              2660.0
            ],
            [
              3504.0,
              2650.0
            ],
            [
              3600.0,
              2522.0
            ],
            [
              3600.0,
              2531.0
            ],
            [
              3569.0,
              2538.0
            ],
            [
              3560.0,
              2516.0
            ],
            [
              3519.0,
              2516.0
            ],
            [
              3494.0,
              2544.0
            ],
            [
              3494.0,
              2569.0
            ],
            [
              3604.0,
              2660.0
            ],
            [
              3657.0,
              2660.0
            ],
            [
              3663.0,
              2635.0
            ],
            [
              3688.0,
              2641.0
            ],
            [
              3688.0,
              2610.0
            ],
            [
              3675.0,
              2591.0
            ],
            [
              3600.0,
              2531.0
            ],
            [
              3610.0,
              2516.0
            ],
            [
              3638.0,
              2516.0
            ],
            [
              3594.0,
              2516.0
            ],
            [
              3600.0,
              2522.0
            ],
            [
              3494.0,
              2660.0
            ]
          ]
        ]
      },
      "properties": {
        "parcel_id": "CAD-0022",
        "feature_type": "Building",
        "land_use": "Residential",
        "category": "Structure",
        "color_hex": "#FF3232",
        "area_px": 16493.5,
        "area_sqm": 105.56,
        "area_hectares": 0.0106,
        "area_acres": 0.0261,
        "area_gaj": 126.25,
        "perimeter_m": 81.7,
        "vertex_count": 22,
        "confidence": 0.88,
        "verification_status": "Verified"
      }
    },
    {
      "type": "Feature",
      "id": "CAD-0023",
      "geometry": {
        "type": "Polygon",
        "coordinates": [
          [
            [
              1616.0,
              887.0
            ],
            [
              1575.0,
              818.0
            ],
            [
              1541.0,
              812.0
            ],
            [
              1472.0,
              884.0
            ],
            [
              1494.0,
              978.0
            ],
            [
              1472.0,
              978.0
            ],
            [
              1428.0,
              881.0
            ],
            [
              1394.0,
              868.0
            ],
            [
              1375.0,
              912.0
            ],
            [
              1322.0,
              943.0
            ],
            [
              1303.0,
              981.0
            ],
            [
              1190.0,
              1009.0
            ],
            [
              1187.0,
              1044.0
            ],
            [
              1265.0,
              1122.0
            ],
            [
              1334.0,
              1119.0
            ],
            [
              1472.0,
              1025.0
            ],
            [
              1478.0,
              984.0
            ],
            [
              1494.0,
              978.0
            ],
            [
              1528.0,
              1031.0
            ],
            [
              1591.0,
              1009.0
            ],
            [
              1631.0,
              975.0
            ],
            [
              1616.0,
              887.0
            ]
          ]
        ]
      },
      "properties": {
        "parcel_id": "CAD-0023",
        "feature_type": "Building",
        "land_use": "Residential",
        "category": "Structure",
        "color_hex": "#FF3232",
        "area_px": 63421.5,
        "area_sqm": 405.9,
        "area_hectares": 0.0406,
        "area_acres": 0.1003,
        "area_gaj": 485.46,
        "perimeter_m": 116.45,
        "vertex_count": 22,
        "confidence": 0.88,
        "verification_status": "Verified"
      }
    },
    {
      "type": "Feature",
      "id": "CAD-0024",
      "geometry": {
        "type": "Polygon",
        "coordinates": [
          [
            [
              3313.0,
              2556.0
            ],
            [
              3313.0,
              2560.0
            ],
            [
              3307.0,
              2569.0
            ],
            [
              3307.0,
              2575.0
            ],
            [
              3303.0,
              2578.0
            ],
            [
              3294.0,
              2578.0
            ],
            [
              3288.0,
              2581.0
            ],
            [
              3288.0,
              2600.0
            ],
            [
              3300.0,
              2610.0
            ],
            [
              3332.0,
              2610.0
            ],
            [
              3347.0,
              2591.0
            ],
            [
              3347.0,
              2581.0
            ],
            [
              3344.0,
              2578.0
            ],
            [
              3344.0,
              2572.0
            ],
            [
              3335.0,
              2560.0
            ],
            [
              3335.0,
              2556.0
            ],
            [
              3313.0,
              2556.0
            ]
          ]
        ]
      },
      "properties": {
        "parcel_id": "CAD-0024",
        "feature_type": "Building",
        "land_use": "Residential",
        "category": "Structure",
        "color_hex": "#FF3232",
        "area_px": 2363.0,
        "area_sqm": 15.12,
        "area_hectares": 0.0015,
        "area_acres": 0.0037,
        "area_gaj": 18.08,
        "perimeter_m": 15.49,
        "vertex_count": 17,
        "confidence": 0.88,
        "verification_status": "Verified"
      }
    },
    {
      "type": "Feature",
      "id": "CAD-0025",
      "geometry": {
        "type": "Polygon",
        "coordinates": [
          [
            [
              534.0,
              2375.0
            ],
            [
              553.0,
              2375.0
            ],
            [
              562.0,
              2384.0
            ],
            [
              556.0,
              2391.0
            ],
            [
              518.0,
              2397.0
            ],
            [
              503.0,
              2422.0
            ],
            [
              503.0,
              2453.0
            ],
            [
              512.0,
              2472.0
            ],
            [
              528.0,
              2481.0
            ],
            [
              531.0,
              2500.0
            ],
            [
              581.0,
              2513.0
            ],
            [
              600.0,
              2510.0
            ],
            [
              609.0,
              2516.0
            ],
            [
              612.0,
              2541.0
            ],
            [
              650.0,
              2541.0
            ],
            [
              650.0,
              2494.0
            ],
            [
              659.0,
              2481.0
            ],
            [
              647.0,
              2375.0
            ],
            [
              534.0,
              2375.0
            ]
          ]
        ]
      },
      "properties": {
        "parcel_id": "CAD-0025",
        "feature_type": "Building",
        "land_use": "Residential",
        "category": "Structure",
        "color_hex": "#FF3232",
        "area_px": 19239.0,
        "area_sqm": 123.13,
        "area_hectares": 0.0123,
        "area_acres": 0.0304,
        "area_gaj": 147.26,
        "perimeter_m": 50.05,
        "vertex_count": 19,
        "confidence": 0.88,
        "verification_status": "Verified"
      }
    },
    {
      "type": "Feature",
      "id": "CAD-0026",
      "geometry": {
        "type": "Polygon",
        "coordinates": [
          [
            [
              1081.0,
              878.0
            ],
            [
              947.0,
              950.0
            ],
            [
              918.0,
              950.0
            ],
            [
              1047.0,
              890.0
            ],
            [
              943.0,
              940.0
            ],
            [
              881.0,
              918.0
            ],
            [
              793.0,
              937.0
            ],
            [
              840.0,
              762.0
            ],
            [
              862.0,
              747.0
            ],
            [
              775.0,
              747.0
            ],
            [
              775.0,
              784.0
            ],
            [
              840.0,
              762.0
            ],
            [
              793.0,
              937.0
            ],
            [
              778.0,
              934.0
            ],
            [
              778.0,
              859.0
            ],
            [
              984.0,
              759.0
            ],
            [
              928.0,
              747.0
            ],
            [
              1015.0,
              747.0
            ],
            [
              1081.0,
              834.0
            ],
            [
              1081.0,
              878.0
            ]
          ]
        ]
      },
      "properties": {
        "parcel_id": "CAD-0026",
        "feature_type": "Building",
        "land_use": "Residential",
        "category": "Structure",
        "color_hex": "#FF3232",
        "area_px": 33882.5,
        "area_sqm": 216.85,
        "area_hectares": 0.0217,
        "area_acres": 0.0536,
        "area_gaj": 259.35,
        "perimeter_m": 143.44,
        "vertex_count": 20,
        "confidence": 0.88,
        "verification_status": "Verified"
      }
    },
    {
      "type": "Feature",
      "id": "CAD-0027",
      "geometry": {
        "type": "Polygon",
        "coordinates": [
          [
            [
              34.0,
              2222.0
            ],
            [
              34.0,
              2384.0
            ],
            [
              43.0,
              2394.0
            ],
            [
              150.0,
              2394.0
            ],
            [
              212.0,
              2356.0
            ],
            [
              193.0,
              2294.0
            ],
            [
              212.0,
              2222.0
            ],
            [
              34.0,
              2222.0
            ]
          ]
        ]
      },
      "properties": {
        "parcel_id": "CAD-0027",
        "feature_type": "Building",
        "land_use": "Residential",
        "category": "Structure",
        "color_hex": "#FF3232",
        "area_px": 28251.0,
        "area_sqm": 180.81,
        "area_hectares": 0.0181,
        "area_acres": 0.0447,
        "area_gaj": 216.25,
        "perimeter_m": 53.8,
        "vertex_count": 8,
        "confidence": 0.88,
        "verification_status": "Verified"
      }
    },
    {
      "type": "Feature",
      "id": "CAD-0028",
      "geometry": {
        "type": "Polygon",
        "coordinates": [
          [
            [
              3.0,
              3.0
            ],
            [
              3.0,
              168.0
            ],
            [
              28.0,
              168.0
            ],
            [
              31.0,
              143.0
            ],
            [
              96.0,
              112.0
            ],
            [
              134.0,
              125.0
            ],
            [
              118.0,
              68.0
            ],
            [
              103.0,
              56.0
            ],
            [
              90.0,
              31.0
            ],
            [
              90.0,
              3.0
            ],
            [
              3.0,
              3.0
            ]
          ]
        ]
      },
      "properties": {
        "parcel_id": "CAD-0028",
        "feature_type": "Building",
        "land_use": "Residential",
        "category": "Structure",
        "color_hex": "#FF3232",
        "area_px": 14257.0,
        "area_sqm": 91.24,
        "area_hectares": 0.0091,
        "area_acres": 0.0225,
        "area_gaj": 109.12,
        "perimeter_m": 43.92,
        "vertex_count": 11,
        "confidence": 0.88,
        "verification_status": "Verified"
      }
    },
    {
      "type": "Feature",
      "id": "CAD-0029",
      "geometry": {
        "type": "Polygon",
        "coordinates": [
          [
            [
              2428.0,
              2169.0
            ],
            [
              2475.0,
              2169.0
            ],
            [
              2478.0,
              2213.0
            ],
            [
              2491.0,
              2166.0
            ],
            [
              2450.0,
              2166.0
            ],
            [
              2819.0,
              2006.0
            ],
            [
              2788.0,
              2078.0
            ],
            [
              2703.0,
              2019.0
            ],
            [
              2797.0,
              2084.0
            ],
            [
              2725.0,
              2084.0
            ],
            [
              2519.0,
              1903.0
            ],
            [
              2394.0,
              2034.0
            ],
            [
              2516.0,
              2081.0
            ],
            [
              2594.0,
              2153.0
            ],
            [
              2581.0,
              2191.0
            ],
            [
              2616.0,
              2175.0
            ],
            [
              2791.0,
              2278.0
            ],
            [
              2944.0,
              2094.0
            ],
            [
              2944.0,
              1956.0
            ],
            [
              2797.0,
              2084.0
            ],
            [
              2700.0,
              2016.0
            ],
            [
              2703.0,
              1903.0
            ],
            [
              2791.0,
              1966.0
            ],
            [
              2800.0,
              2066.0
            ],
            [
              2819.0,
              2006.0
            ],
            [
              2428.0,
              2169.0
            ]
          ]
        ]
      },
      "properties": {
        "parcel_id": "CAD-0029",
        "feature_type": "Building",
        "land_use": "Residential",
        "category": "Structure",
        "color_hex": "#FF3232",
        "area_px": 73796.0,
        "area_sqm": 472.29,
        "area_hectares": 0.0472,
        "area_acres": 0.1167,
        "area_gaj": 564.86,
        "perimeter_m": 273.92,
        "vertex_count": 26,
        "confidence": 0.88,
        "verification_status": "Verified"
      }
    },
    {
      "type": "Feature",
      "id": "CAD-0030",
      "geometry": {
        "type": "Polygon",
        "coordinates": [
          [
            [
              2910.0,
              2644.0
            ],
            [
              2910.0,
              2660.0
            ],
            [
              3072.0,
              2660.0
            ],
            [
              3072.0,
              2650.0
            ],
            [
              3085.0,
              2641.0
            ],
            [
              3085.0,
              2631.0
            ],
            [
              3038.0,
              2585.0
            ],
            [
              3013.0,
              2550.0
            ],
            [
              2966.0,
              2550.0
            ],
            [
              2931.0,
              2622.0
            ],
            [
              2910.0,
              2644.0
            ]
          ]
        ]
      },
      "properties": {
        "parcel_id": "CAD-0030",
        "feature_type": "Building",
        "land_use": "Residential",
        "category": "Structure",
        "color_hex": "#FF3232",
        "area_px": 12916.5,
        "area_sqm": 82.67,
        "area_hectares": 0.0083,
        "area_acres": 0.0204,
        "area_gaj": 98.87,
        "perimeter_m": 38.4,
        "vertex_count": 11,
        "confidence": 0.88,
        "verification_status": "Verified"
      }
    },
    {
      "type": "Feature",
      "id": "CAD-0031",
      "geometry": {
        "type": "Polygon",
        "coordinates": [
          [
            [
              3432.0,
              1334.0
            ],
            [
              3378.0,
              1334.0
            ],
            [
              3372.0,
              1356.0
            ],
            [
              3360.0,
              1365.0
            ],
            [
              3360.0,
              1403.0
            ],
            [
              3375.0,
              1409.0
            ],
            [
              3382.0,
              1415.0
            ],
            [
              3382.0,
              1419.0
            ],
            [
              3400.0,
              1422.0
            ],
            [
              3428.0,
              1390.0
            ],
            [
              3432.0,
              1390.0
            ],
            [
              3453.0,
              1369.0
            ],
            [
              3447.0,
              1350.0
            ],
            [
              3444.0,
              1350.0
            ],
            [
              3432.0,
              1334.0
            ]
          ]
        ]
      },
      "properties": {
        "parcel_id": "CAD-0031",
        "feature_type": "Building",
        "land_use": "Residential",
        "category": "Structure",
        "color_hex": "#FF3232",
        "area_px": 5657.5,
        "area_sqm": 36.21,
        "area_hectares": 0.0036,
        "area_acres": 0.0089,
        "area_gaj": 43.31,
        "perimeter_m": 23.73,
        "vertex_count": 15,
        "confidence": 0.88,
        "verification_status": "Verified"
      }
    },
    {
      "type": "Feature",
      "id": "CAD-0032",
      "geometry": {
        "type": "Polygon",
        "coordinates": [
          [
            [
              1097.0,
              2119.0
            ],
            [
              1097.0,
              2194.0
            ],
            [
              1106.0,
              2200.0
            ],
            [
              1140.0,
              2200.0
            ],
            [
              1147.0,
              2194.0
            ],
            [
              1184.0,
              2188.0
            ],
            [
              1194.0,
              2178.0
            ],
            [
              1194.0,
              2153.0
            ],
            [
              1178.0,
              2134.0
            ],
            [
              1165.0,
              2131.0
            ],
            [
              1159.0,
              2125.0
            ],
            [
              1159.0,
              2119.0
            ],
            [
              1097.0,
              2119.0
            ]
          ]
        ]
      },
      "properties": {
        "parcel_id": "CAD-0032",
        "feature_type": "Building",
        "land_use": "Residential",
        "category": "Structure",
        "color_hex": "#FF3232",
        "area_px": 6676.5,
        "area_sqm": 42.73,
        "area_hectares": 0.0043,
        "area_acres": 0.0106,
        "area_gaj": 51.11,
        "perimeter_m": 25.63,
        "vertex_count": 13,
        "confidence": 0.88,
        "verification_status": "Verified"
      }
    },
    {
      "type": "Feature",
      "id": "CAD-0033",
      "geometry": {
        "type": "Polygon",
        "coordinates": [
          [
            [
              1090.0,
              2166.0
            ],
            [
              1087.0,
              2238.0
            ],
            [
              1144.0,
              2366.0
            ],
            [
              1219.0,
              2372.0
            ],
            [
              1222.0,
              2419.0
            ],
            [
              1272.0,
              2428.0
            ],
            [
              1222.0,
              2419.0
            ],
            [
              1222.0,
              2375.0
            ],
            [
              1334.0,
              2366.0
            ],
            [
              1319.0,
              2459.0
            ],
            [
              1365.0,
              2653.0
            ],
            [
              1591.0,
              2635.0
            ],
            [
              1691.0,
              2581.0
            ],
            [
              1725.0,
              2616.0
            ],
            [
              1844.0,
              2588.0
            ],
            [
              1775.0,
              2219.0
            ],
            [
              1666.0,
              2272.0
            ],
            [
              1556.0,
              2263.0
            ],
            [
              1522.0,
              2300.0
            ],
            [
              1490.0,
              2169.0
            ],
            [
              1397.0,
              2234.0
            ],
            [
              1362.0,
              2188.0
            ],
            [
              1262.0,
              2206.0
            ],
            [
              1225.0,
              2166.0
            ],
            [
              1090.0,
              2166.0
            ]
          ]
        ]
      },
      "properties": {
        "parcel_id": "CAD-0033",
        "feature_type": "Building",
        "land_use": "Residential",
        "category": "Structure",
        "color_hex": "#FF3232",
        "area_px": 232976.0,
        "area_sqm": 1491.05,
        "area_hectares": 0.1491,
        "area_acres": 0.3684,
        "area_gaj": 1783.3,
        "perimeter_m": 212.15,
        "vertex_count": 25,
        "confidence": 0.88,
        "verification_status": "Verified"
      }
    },
    {
      "type": "Feature",
      "id": "CAD-0034",
      "geometry": {
        "type": "Polygon",
        "coordinates": [
          [
            [
              390.0,
              690.0
            ],
            [
              390.0,
              775.0
            ],
            [
              412.0,
              797.0
            ],
            [
              428.0,
              800.0
            ],
            [
              456.0,
              790.0
            ],
            [
              540.0,
              781.0
            ],
            [
              559.0,
              772.0
            ],
            [
              553.0,
              737.0
            ],
            [
              537.0,
              697.0
            ],
            [
              543.0,
              662.0
            ],
            [
              450.0,
              662.0
            ],
            [
              437.0,
              672.0
            ],
            [
              412.0,
              678.0
            ],
            [
              400.0,
              690.0
            ],
            [
              390.0,
              690.0
            ]
          ]
        ]
      },
      "properties": {
        "parcel_id": "CAD-0034",
        "feature_type": "Building",
        "land_use": "Residential",
        "category": "Structure",
        "color_hex": "#FF3232",
        "area_px": 18910.5,
        "area_sqm": 121.03,
        "area_hectares": 0.0121,
        "area_acres": 0.0299,
        "area_gaj": 144.75,
        "perimeter_m": 43.5,
        "vertex_count": 15,
        "confidence": 0.88,
        "verification_status": "Verified"
      }
    },
    {
      "type": "Feature",
      "id": "CAD-0035",
      "geometry": {
        "type": "Polygon",
        "coordinates": [
          [
            [
              2525.0,
              2359.0
            ],
            [
              2494.0,
              2416.0
            ],
            [
              2444.0,
              2469.0
            ],
            [
              2431.0,
              2466.0
            ],
            [
              2431.0,
              2409.0
            ],
            [
              2431.0,
              2506.0
            ],
            [
              2469.0,
              2560.0
            ],
            [
              2444.0,
              2575.0
            ],
            [
              2475.0,
              2597.0
            ],
            [
              2475.0,
              2572.0
            ],
            [
              2488.0,
              2566.0
            ],
            [
              2544.0,
              2578.0
            ],
            [
              2600.0,
              2644.0
            ],
            [
              2616.0,
              2631.0
            ],
            [
              2628.0,
              2591.0
            ],
            [
              2613.0,
              2572.0
            ],
            [
              2578.0,
              2563.0
            ],
            [
              2569.0,
              2541.0
            ],
            [
              2638.0,
              2450.0
            ],
            [
              2638.0,
              2434.0
            ],
            [
              2578.0,
              2388.0
            ],
            [
              2560.0,
              2359.0
            ],
            [
              2525.0,
              2359.0
            ]
          ]
        ]
      },
      "properties": {
        "parcel_id": "CAD-0035",
        "feature_type": "Building",
        "land_use": "Residential",
        "category": "Structure",
        "color_hex": "#FF3232",
        "area_px": 31235.0,
        "area_sqm": 199.9,
        "area_hectares": 0.02,
        "area_acres": 0.0494,
        "area_gaj": 239.08,
        "perimeter_m": 83.43,
        "vertex_count": 23,
        "confidence": 0.88,
        "verification_status": "Verified"
      }
    },
    {
      "type": "Feature",
      "id": "CAD-0036",
      "geometry": {
        "type": "Polygon",
        "coordinates": [
          [
            [
              2425.0,
              1872.0
            ],
            [
              2391.0,
              1872.0
            ],
            [
              2369.0,
              1912.0
            ],
            [
              2359.0,
              1919.0
            ],
            [
              2359.0,
              1956.0
            ],
            [
              2363.0,
              1959.0
            ],
            [
              2369.0,
              1959.0
            ],
            [
              2375.0,
              1966.0
            ],
            [
              2384.0,
              1966.0
            ],
            [
              2400.0,
              1953.0
            ],
            [
              2406.0,
              1941.0
            ],
            [
              2431.0,
              1916.0
            ],
            [
              2434.0,
              1891.0
            ],
            [
              2425.0,
              1872.0
            ]
          ]
        ]
      },
      "properties": {
        "parcel_id": "CAD-0036",
        "feature_type": "Building",
        "land_use": "Residential",
        "category": "Structure",
        "color_hex": "#FF3232",
        "area_px": 4663.0,
        "area_sqm": 29.84,
        "area_hectares": 0.003,
        "area_acres": 0.0074,
        "area_gaj": 35.69,
        "perimeter_m": 21.89,
        "vertex_count": 14,
        "confidence": 0.88,
        "verification_status": "Verified"
      }
    },
    {
      "type": "Feature",
      "id": "CAD-0037",
      "geometry": {
        "type": "Polygon",
        "coordinates": [
          [
            [
              959.0,
              1734.0
            ],
            [
              959.0,
              1822.0
            ],
            [
              972.0,
              1844.0
            ],
            [
              1012.0,
              1875.0
            ],
            [
              1028.0,
              1906.0
            ],
            [
              1087.0,
              1900.0
            ],
            [
              1100.0,
              1875.0
            ],
            [
              1115.0,
              1881.0
            ],
            [
              1137.0,
              1862.0
            ],
            [
              1178.0,
              1856.0
            ],
            [
              1203.0,
              1837.0
            ],
            [
              1200.0,
              1725.0
            ],
            [
              1190.0,
              1706.0
            ],
            [
              1115.0,
              1712.0
            ],
            [
              1109.0,
              1703.0
            ],
            [
              1025.0,
              1703.0
            ],
            [
              1015.0,
              1716.0
            ],
            [
              959.0,
              1734.0
            ]
          ]
        ]
      },
      "properties": {
        "parcel_id": "CAD-0037",
        "feature_type": "Building",
        "land_use": "Residential",
        "category": "Structure",
        "color_hex": "#FF3232",
        "area_px": 39638.0,
        "area_sqm": 253.68,
        "area_hectares": 0.0254,
        "area_acres": 0.0627,
        "area_gaj": 303.4,
        "perimeter_m": 62.67,
        "vertex_count": 18,
        "confidence": 0.88,
        "verification_status": "Verified"
      }
    },
    {
      "type": "Feature",
      "id": "CAD-0038",
      "geometry": {
        "type": "Polygon",
        "coordinates": [
          [
            [
              312.0,
              390.0
            ],
            [
              284.0,
              431.0
            ],
            [
              284.0,
              509.0
            ],
            [
              334.0,
              518.0
            ],
            [
              393.0,
              547.0
            ],
            [
              434.0,
              547.0
            ],
            [
              446.0,
              475.0
            ],
            [
              471.0,
              443.0
            ],
            [
              471.0,
              428.0
            ],
            [
              425.0,
              406.0
            ],
            [
              393.0,
              403.0
            ],
            [
              378.0,
              390.0
            ],
            [
              312.0,
              390.0
            ]
          ]
        ]
      },
      "properties": {
        "parcel_id": "CAD-0038",
        "feature_type": "Building",
        "land_use": "Residential",
        "category": "Structure",
        "color_hex": "#FF3232",
        "area_px": 21838.0,
        "area_sqm": 139.76,
        "area_hectares": 0.014,
        "area_acres": 0.0345,
        "area_gaj": 167.15,
        "perimeter_m": 46.62,
        "vertex_count": 13,
        "confidence": 0.88,
        "verification_status": "Verified"
      }
    },
    {
      "type": "Feature",
      "id": "CAD-0039",
      "geometry": {
        "type": "Polygon",
        "coordinates": [
          [
            [
              1015.0,
              2069.0
            ],
            [
              1015.0,
              2200.0
            ],
            [
              1059.0,
              2200.0
            ],
            [
              1059.0,
              2078.0
            ],
            [
              1056.0,
              2075.0
            ],
            [
              1059.0,
              2069.0
            ],
            [
              1015.0,
              2069.0
            ]
          ]
        ]
      },
      "properties": {
        "parcel_id": "CAD-0039",
        "feature_type": "Building",
        "land_use": "Residential",
        "category": "Structure",
        "color_hex": "#FF3232",
        "area_px": 5755.0,
        "area_sqm": 36.83,
        "area_hectares": 0.0037,
        "area_acres": 0.0091,
        "area_gaj": 44.05,
        "perimeter_m": 28.16,
        "vertex_count": 7,
        "confidence": 0.88,
        "verification_status": "Verified"
      }
    },
    {
      "type": "Feature",
      "id": "CAD-0040",
      "geometry": {
        "type": "Polygon",
        "coordinates": [
          [
            [
              1506.0,
              540.0
            ],
            [
              1453.0,
              543.0
            ],
            [
              1422.0,
              578.0
            ],
            [
              1359.0,
              618.0
            ],
            [
              1359.0,
              697.0
            ],
            [
              1369.0,
              706.0
            ],
            [
              1419.0,
              725.0
            ],
            [
              1422.0,
              709.0
            ],
            [
              1406.0,
              684.0
            ],
            [
              1412.0,
              653.0
            ],
            [
              1422.0,
              684.0
            ],
            [
              1453.0,
              706.0
            ],
            [
              1559.0,
              662.0
            ],
            [
              1566.0,
              643.0
            ],
            [
              1534.0,
              575.0
            ],
            [
              1506.0,
              540.0
            ]
          ]
        ]
      },
      "properties": {
        "parcel_id": "CAD-0040",
        "feature_type": "Building",
        "land_use": "Residential",
        "category": "Structure",
        "color_hex": "#FF3232",
        "area_px": 24056.0,
        "area_sqm": 153.96,
        "area_hectares": 0.0154,
        "area_acres": 0.038,
        "area_gaj": 184.14,
        "perimeter_m": 57.88,
        "vertex_count": 16,
        "confidence": 0.88,
        "verification_status": "Verified"
      }
    },
    {
      "type": "Feature",
      "id": "CAD-0041",
      "geometry": {
        "type": "Polygon",
        "coordinates": [
          [
            [
              809.0,
              418.0
            ],
            [
              856.0,
              406.0
            ],
            [
              862.0,
              418.0
            ],
            [
              915.0,
              418.0
            ],
            [
              912.0,
              412.0
            ],
            [
              928.0,
              390.0
            ],
            [
              968.0,
              384.0
            ],
            [
              990.0,
              368.0
            ],
            [
              981.0,
              331.0
            ],
            [
              934.0,
              250.0
            ],
            [
              884.0,
              250.0
            ],
            [
              881.0,
              259.0
            ],
            [
              859.0,
              265.0
            ],
            [
              809.0,
              300.0
            ],
            [
              809.0,
              325.0
            ],
            [
              856.0,
              406.0
            ],
            [
              815.0,
              418.0
            ],
            [
              809.0,
              412.0
            ],
            [
              809.0,
              418.0
            ]
          ]
        ]
      },
      "properties": {
        "parcel_id": "CAD-0041",
        "feature_type": "Building",
        "land_use": "Residential",
        "category": "Structure",
        "color_hex": "#FF3232",
        "area_px": 20352.0,
        "area_sqm": 130.25,
        "area_hectares": 0.013,
        "area_acres": 0.0322,
        "area_gaj": 155.78,
        "perimeter_m": 53.39,
        "vertex_count": 19,
        "confidence": 0.88,
        "verification_status": "Verified"
      }
    },
    {
      "type": "Feature",
      "id": "CAD-0042",
      "geometry": {
        "type": "Polygon",
        "coordinates": [
          [
            [
              1719.0,
              1797.0
            ],
            [
              1606.0,
              1797.0
            ],
            [
              1584.0,
              1809.0
            ],
            [
              1572.0,
              1828.0
            ],
            [
              1572.0,
              1869.0
            ],
            [
              1516.0,
              1884.0
            ],
            [
              1516.0,
              1959.0
            ],
            [
              1528.0,
              1978.0
            ],
            [
              1634.0,
              1969.0
            ],
            [
              1662.0,
              1975.0
            ],
            [
              1691.0,
              1959.0
            ],
            [
              1703.0,
              1959.0
            ],
            [
              1709.0,
              1978.0
            ],
            [
              1694.0,
              1872.0
            ],
            [
              1719.0,
              1856.0
            ],
            [
              1719.0,
              1797.0
            ]
          ]
        ]
      },
      "properties": {
        "parcel_id": "CAD-0042",
        "feature_type": "Building",
        "land_use": "Residential",
        "category": "Structure",
        "color_hex": "#FF3232",
        "area_px": 28653.5,
        "area_sqm": 183.38,
        "area_hectares": 0.0183,
        "area_acres": 0.0453,
        "area_gaj": 219.32,
        "perimeter_m": 60.22,
        "vertex_count": 16,
        "confidence": 0.88,
        "verification_status": "Verified"
      }
    },
    {
      "type": "Feature",
      "id": "CAD-0043",
      "geometry": {
        "type": "Polygon",
        "coordinates": [
          [
            [
              2869.0,
              1284.0
            ],
            [
              2810.0,
              1284.0
            ],
            [
              2803.0,
              1294.0
            ],
            [
              2791.0,
              1294.0
            ],
            [
              2791.0,
              1319.0
            ],
            [
              2810.0,
              1328.0
            ],
            [
              2835.0,
              1350.0
            ],
            [
              2853.0,
              1334.0
            ],
            [
              2856.0,
              1325.0
            ],
            [
              2875.0,
              1309.0
            ],
            [
              2875.0,
              1300.0
            ],
            [
              2869.0,
              1290.0
            ],
            [
              2869.0,
              1284.0
            ]
          ]
        ]
      },
      "properties": {
        "parcel_id": "CAD-0043",
        "feature_type": "Building",
        "land_use": "Residential",
        "category": "Structure",
        "color_hex": "#FF3232",
        "area_px": 3715.0,
        "area_sqm": 23.78,
        "area_hectares": 0.0024,
        "area_acres": 0.0059,
        "area_gaj": 28.44,
        "perimeter_m": 19.81,
        "vertex_count": 13,
        "confidence": 0.88,
        "verification_status": "Verified"
      }
    },
    {
      "type": "Feature",
      "id": "CAD-0044",
      "geometry": {
        "type": "Polygon",
        "coordinates": [
          [
            [
              146.0,
              412.0
            ],
            [
              106.0,
              412.0
            ],
            [
              50.0,
              450.0
            ],
            [
              0.0,
              468.0
            ],
            [
              0.0,
              643.0
            ],
            [
              65.0,
              634.0
            ],
            [
              87.0,
              615.0
            ],
            [
              81.0,
              587.0
            ],
            [
              93.0,
              575.0
            ],
            [
              131.0,
              562.0
            ],
            [
              187.0,
              528.0
            ],
            [
              187.0,
              506.0
            ],
            [
              159.0,
              475.0
            ],
            [
              146.0,
              412.0
            ]
          ]
        ]
      },
      "properties": {
        "parcel_id": "CAD-0044",
        "feature_type": "Building",
        "land_use": "Residential",
        "category": "Structure",
        "color_hex": "#FF3232",
        "area_px": 27733.0,
        "area_sqm": 177.49,
        "area_hectares": 0.0177,
        "area_acres": 0.0439,
        "area_gaj": 212.28,
        "perimeter_m": 56.79,
        "vertex_count": 14,
        "confidence": 0.88,
        "verification_status": "Verified"
      }
    },
    {
      "type": "Feature",
      "id": "CAD-0045",
      "geometry": {
        "type": "Polygon",
        "coordinates": [
          [
            [
              143.0,
              0.0
            ],
            [
              143.0,
              9.0
            ],
            [
              175.0,
              59.0
            ],
            [
              190.0,
              75.0
            ],
            [
              209.0,
              84.0
            ],
            [
              225.0,
              84.0
            ],
            [
              215.0,
              68.0
            ],
            [
              303.0,
              18.0
            ],
            [
              343.0,
              6.0
            ],
            [
              343.0,
              0.0
            ],
            [
              143.0,
              0.0
            ]
          ]
        ]
      },
      "properties": {
        "parcel_id": "CAD-0045",
        "feature_type": "Building",
        "land_use": "Residential",
        "category": "Structure",
        "color_hex": "#FF3232",
        "area_px": 8372.5,
        "area_sqm": 53.58,
        "area_hectares": 0.0054,
        "area_acres": 0.0132,
        "area_gaj": 64.08,
        "perimeter_m": 39.61,
        "vertex_count": 11,
        "confidence": 0.88,
        "verification_status": "Verified"
      }
    },
    {
      "type": "Feature",
      "id": "CAD-0046",
      "geometry": {
        "type": "Polygon",
        "coordinates": [
          [
            [
              159.0,
              887.0
            ],
            [
              159.0,
              918.0
            ],
            [
              168.0,
              925.0
            ],
            [
              168.0,
              931.0
            ],
            [
              181.0,
              947.0
            ],
            [
              196.0,
              953.0
            ],
            [
              209.0,
              947.0
            ],
            [
              218.0,
              937.0
            ],
            [
              234.0,
              928.0
            ],
            [
              237.0,
              912.0
            ],
            [
              231.0,
              906.0
            ],
            [
              231.0,
              900.0
            ],
            [
              218.0,
              875.0
            ],
            [
              171.0,
              875.0
            ],
            [
              168.0,
              881.0
            ],
            [
              159.0,
              887.0
            ]
          ]
        ]
      },
      "properties": {
        "parcel_id": "CAD-0046",
        "feature_type": "Building",
        "land_use": "Residential",
        "category": "Structure",
        "color_hex": "#FF3232",
        "area_px": 4519.0,
        "area_sqm": 28.92,
        "area_hectares": 0.0029,
        "area_acres": 0.0071,
        "area_gaj": 34.59,
        "perimeter_m": 20.38,
        "vertex_count": 16,
        "confidence": 0.88,
        "verification_status": "Verified"
      }
    },
    {
      "type": "Feature",
      "id": "CAD-0047",
      "geometry": {
        "type": "Polygon",
        "coordinates": [
          [
            [
              3291.0,
              1209.0
            ],
            [
              3272.0,
              1200.0
            ],
            [
              3232.0,
              1200.0
            ],
            [
              3169.0,
              1278.0
            ],
            [
              3147.0,
              1281.0
            ],
            [
              3147.0,
              1297.0
            ],
            [
              3185.0,
              1325.0
            ],
            [
              3194.0,
              1337.0
            ],
            [
              3213.0,
              1347.0
            ],
            [
              3294.0,
              1244.0
            ],
            [
              3300.0,
              1228.0
            ],
            [
              3291.0,
              1209.0
            ]
          ]
        ]
      },
      "properties": {
        "parcel_id": "CAD-0047",
        "feature_type": "Building",
        "land_use": "Residential",
        "category": "Structure",
        "color_hex": "#FF3232",
        "area_px": 11454.5,
        "area_sqm": 73.31,
        "area_hectares": 0.0073,
        "area_acres": 0.0181,
        "area_gaj": 87.68,
        "perimeter_m": 36.18,
        "vertex_count": 12,
        "confidence": 0.88,
        "verification_status": "Verified"
      }
    },
    {
      "type": "Feature",
      "id": "CAD-0048",
      "geometry": {
        "type": "Polygon",
        "coordinates": [
          [
            [
              1119.0,
              1053.0
            ],
            [
              1119.0,
              1075.0
            ],
            [
              1137.0,
              1075.0
            ],
            [
              1137.0,
              1072.0
            ],
            [
              1140.0,
              1069.0
            ],
            [
              1140.0,
              1059.0
            ],
            [
              1144.0,
              1056.0
            ],
            [
              1140.0,
              1053.0
            ],
            [
              1119.0,
              1053.0
            ]
          ]
        ]
      },
      "properties": {
        "parcel_id": "CAD-0048",
        "feature_type": "Building",
        "land_use": "Residential",
        "category": "Structure",
        "color_hex": "#FF3232",
        "area_px": 460.5,
        "area_sqm": 2.95,
        "area_hectares": 0.0003,
        "area_acres": 0.0007,
        "area_gaj": 3.53,
        "perimeter_m": 7.06,
        "vertex_count": 9,
        "confidence": 0.88,
        "verification_status": "Verified"
      }
    },
    {
      "type": "Feature",
      "id": "CAD-0049",
      "geometry": {
        "type": "Polygon",
        "coordinates": [
          [
            [
              540.0,
              818.0
            ],
            [
              462.0,
              818.0
            ],
            [
              412.0,
              856.0
            ],
            [
              387.0,
              850.0
            ],
            [
              387.0,
              962.0
            ],
            [
              393.0,
              972.0
            ],
            [
              412.0,
              968.0
            ],
            [
              428.0,
              947.0
            ],
            [
              475.0,
              947.0
            ],
            [
              496.0,
              937.0
            ],
            [
              550.0,
              928.0
            ],
            [
              562.0,
              915.0
            ],
            [
              562.0,
              900.0
            ],
            [
              543.0,
              856.0
            ],
            [
              540.0,
              818.0
            ]
          ]
        ]
      },
      "properties": {
        "parcel_id": "CAD-0049",
        "feature_type": "Building",
        "land_use": "Residential",
        "category": "Structure",
        "color_hex": "#FF3232",
        "area_px": 19111.0,
        "area_sqm": 122.31,
        "area_hectares": 0.0122,
        "area_acres": 0.0302,
        "area_gaj": 146.28,
        "perimeter_m": 46.38,
        "vertex_count": 15,
        "confidence": 0.88,
        "verification_status": "Verified"
      }
    },
    {
      "type": "Feature",
      "id": "CAD-0050",
      "geometry": {
        "type": "Polygon",
        "coordinates": [
          [
            [
              3804.0,
              2547.0
            ],
            [
              3819.0,
              2541.0
            ],
            [
              3800.0,
              2506.0
            ],
            [
              3929.0,
              2344.0
            ],
            [
              3916.0,
              2394.0
            ],
            [
              3897.0,
              2409.0
            ],
            [
              3841.0,
              2319.0
            ],
            [
              3810.0,
              2319.0
            ],
            [
              3794.0,
              2359.0
            ],
            [
              3741.0,
              2400.0
            ],
            [
              3744.0,
              2428.0
            ],
            [
              3894.0,
              2547.0
            ],
            [
              3919.0,
              2547.0
            ],
            [
              3954.0,
              2528.0
            ],
            [
              3979.0,
              2488.0
            ],
            [
              3979.0,
              2450.0
            ],
            [
              3916.0,
              2394.0
            ],
            [
              3929.0,
              2334.0
            ],
            [
              3800.0,
              2506.0
            ],
            [
              3769.0,
              2513.0
            ],
            [
              3804.0,
              2547.0
            ]
          ]
        ]
      },
      "properties": {
        "parcel_id": "CAD-0050",
        "feature_type": "Building",
        "land_use": "Residential",
        "category": "Structure",
        "color_hex": "#FF3232",
        "area_px": 30033.5,
        "area_sqm": 192.21,
        "area_hectares": 0.0192,
        "area_acres": 0.0475,
        "area_gaj": 229.88,
        "perimeter_m": 111.75,
        "vertex_count": 21,
        "confidence": 0.88,
        "verification_status": "Verified"
      }
    },
    {
      "type": "Feature",
      "id": "CAD-0051",
      "geometry": {
        "type": "Polygon",
        "coordinates": [
          [
            [
              1359.0,
              171.0
            ],
            [
              1359.0,
              162.0
            ],
            [
              1344.0,
              171.0
            ],
            [
              1262.0,
              140.0
            ],
            [
              1353.0,
              53.0
            ],
            [
              1356.0,
              31.0
            ],
            [
              1344.0,
              0.0
            ],
            [
              1125.0,
              0.0
            ],
            [
              1156.0,
              34.0
            ],
            [
              1165.0,
              68.0
            ],
            [
              1212.0,
              121.0
            ],
            [
              1215.0,
              137.0
            ],
            [
              1197.0,
              146.0
            ],
            [
              1206.0,
              171.0
            ],
            [
              1240.0,
              171.0
            ],
            [
              1262.0,
              140.0
            ],
            [
              1359.0,
              171.0
            ]
          ]
        ]
      },
      "properties": {
        "parcel_id": "CAD-0051",
        "feature_type": "Building",
        "land_use": "Residential",
        "category": "Structure",
        "color_hex": "#FF3232",
        "area_px": 22369.5,
        "area_sqm": 143.16,
        "area_hectares": 0.0143,
        "area_acres": 0.0354,
        "area_gaj": 171.22,
        "perimeter_m": 72.27,
        "vertex_count": 17,
        "confidence": 0.88,
        "verification_status": "Verified"
      }
    },
    {
      "type": "Feature",
      "id": "CAD-0052",
      "geometry": {
        "type": "Polygon",
        "coordinates": [
          [
            [
              21.0,
              706.0
            ],
            [
              0.0,
              706.0
            ],
            [
              0.0,
              762.0
            ],
            [
              15.0,
              759.0
            ],
            [
              28.0,
              750.0
            ],
            [
              37.0,
              747.0
            ],
            [
              40.0,
              743.0
            ],
            [
              37.0,
              728.0
            ],
            [
              25.0,
              715.0
            ],
            [
              25.0,
              709.0
            ],
            [
              21.0,
              706.0
            ]
          ]
        ]
      },
      "properties": {
        "parcel_id": "CAD-0052",
        "feature_type": "Building",
        "land_use": "Residential",
        "category": "Structure",
        "color_hex": "#FF3232",
        "area_px": 1670.0,
        "area_sqm": 10.69,
        "area_hectares": 0.0011,
        "area_acres": 0.0026,
        "area_gaj": 12.79,
        "perimeter_m": 13.33,
        "vertex_count": 11,
        "confidence": 0.88,
        "verification_status": "Verified"
      }
    },
    {
      "type": "Feature",
      "id": "CAD-0053",
      "geometry": {
        "type": "Polygon",
        "coordinates": [
          [
            [
              3950.0,
              1850.0
            ],
            [
              3935.0,
              1872.0
            ],
            [
              3919.0,
              1881.0
            ],
            [
              3919.0,
              1916.0
            ],
            [
              3950.0,
              1931.0
            ],
            [
              3969.0,
              1950.0
            ],
            [
              3997.0,
              1962.0
            ],
            [
              3997.0,
              1875.0
            ],
            [
              3988.0,
              1872.0
            ],
            [
              3988.0,
              1856.0
            ],
            [
              3997.0,
              1853.0
            ],
            [
              3997.0,
              1850.0
            ],
            [
              3950.0,
              1850.0
            ]
          ]
        ]
      },
      "properties": {
        "parcel_id": "CAD-0053",
        "feature_type": "Building",
        "land_use": "Residential",
        "category": "Structure",
        "color_hex": "#FF3232",
        "area_px": 6183.5,
        "area_sqm": 39.57,
        "area_hectares": 0.004,
        "area_acres": 0.0098,
        "area_gaj": 47.33,
        "perimeter_m": 27.5,
        "vertex_count": 13,
        "confidence": 0.88,
        "verification_status": "Verified"
      }
    },
    {
      "type": "Feature",
      "id": "CAD-0054",
      "geometry": {
        "type": "Polygon",
        "coordinates": [
          [
            [
              1303.0,
              615.0
            ],
            [
              1390.0,
              568.0
            ],
            [
              1415.0,
              606.0
            ],
            [
              1406.0,
              618.0
            ],
            [
              1525.0,
              618.0
            ],
            [
              1522.0,
              572.0
            ],
            [
              1415.0,
              606.0
            ],
            [
              1390.0,
              568.0
            ],
            [
              1465.0,
              528.0
            ],
            [
              1475.0,
              506.0
            ],
            [
              1509.0,
              512.0
            ],
            [
              1522.0,
              490.0
            ],
            [
              1522.0,
              409.0
            ],
            [
              1475.0,
              406.0
            ],
            [
              1465.0,
              387.0
            ],
            [
              1503.0,
              365.0
            ],
            [
              1506.0,
              340.0
            ],
            [
              1453.0,
              259.0
            ],
            [
              1381.0,
              259.0
            ],
            [
              1309.0,
              300.0
            ],
            [
              1334.0,
              378.0
            ],
            [
              1375.0,
              396.0
            ],
            [
              1353.0,
              440.0
            ],
            [
              1272.0,
              475.0
            ],
            [
              1272.0,
              568.0
            ],
            [
              1303.0,
              615.0
            ]
          ]
        ]
      },
      "properties": {
        "parcel_id": "CAD-0054",
        "feature_type": "Building",
        "land_use": "Residential",
        "category": "Structure",
        "color_hex": "#FF3232",
        "area_px": 59924.5,
        "area_sqm": 383.52,
        "area_hectares": 0.0384,
        "area_acres": 0.0948,
        "area_gaj": 458.69,
        "perimeter_m": 122.82,
        "vertex_count": 26,
        "confidence": 0.88,
        "verification_status": "Verified"
      }
    },
    {
      "type": "Feature",
      "id": "CAD-0055",
      "geometry": {
        "type": "Polygon",
        "coordinates": [
          [
            [
              559.0,
              1112.0
            ],
            [
              487.0,
              1112.0
            ],
            [
              453.0,
              1125.0
            ],
            [
              409.0,
              1131.0
            ],
            [
              409.0,
              1203.0
            ],
            [
              428.0,
              1256.0
            ],
            [
              496.0,
              1244.0
            ],
            [
              587.0,
              1212.0
            ],
            [
              578.0,
              1147.0
            ],
            [
              559.0,
              1112.0
            ]
          ]
        ]
      },
      "properties": {
        "parcel_id": "CAD-0055",
        "feature_type": "Building",
        "land_use": "Residential",
        "category": "Structure",
        "color_hex": "#FF3232",
        "area_px": 20482.0,
        "area_sqm": 131.08,
        "area_hectares": 0.0131,
        "area_acres": 0.0324,
        "area_gaj": 156.77,
        "perimeter_m": 44.17,
        "vertex_count": 10,
        "confidence": 0.88,
        "verification_status": "Verified"
      }
    },
    {
      "type": "Feature",
      "id": "CAD-0056",
      "geometry": {
        "type": "Polygon",
        "coordinates": [
          [
            [
              487.0,
              2266.0
            ],
            [
              487.0,
              2322.0
            ],
            [
              503.0,
              2338.0
            ],
            [
              522.0,
              2375.0
            ],
            [
              543.0,
              2384.0
            ],
            [
              634.0,
              2384.0
            ],
            [
              618.0,
              2375.0
            ],
            [
              637.0,
              2322.0
            ],
            [
              628.0,
              2247.0
            ],
            [
              622.0,
              2238.0
            ],
            [
              568.0,
              2238.0
            ],
            [
              562.0,
              2250.0
            ],
            [
              487.0,
              2266.0
            ]
          ]
        ]
      },
      "properties": {
        "parcel_id": "CAD-0056",
        "feature_type": "Building",
        "land_use": "Residential",
        "category": "Structure",
        "color_hex": "#FF3232",
        "area_px": 17834.0,
        "area_sqm": 114.14,
        "area_hectares": 0.0114,
        "area_acres": 0.0282,
        "area_gaj": 136.51,
        "perimeter_m": 43.13,
        "vertex_count": 13,
        "confidence": 0.88,
        "verification_status": "Verified"
      }
    },
    {
      "type": "Feature",
      "id": "CAD-0057",
      "geometry": {
        "type": "Polygon",
        "coordinates": [
          [
            [
              3247.0,
              1969.0
            ],
            [
              3213.0,
              1969.0
            ],
            [
              3207.0,
              1981.0
            ],
            [
              3200.0,
              1987.0
            ],
            [
              3200.0,
              1991.0
            ],
            [
              3178.0,
              2016.0
            ],
            [
              3178.0,
              2038.0
            ],
            [
              3188.0,
              2044.0
            ],
            [
              3213.0,
              2044.0
            ],
            [
              3219.0,
              2038.0
            ],
            [
              3219.0,
              2034.0
            ],
            [
              3232.0,
              2022.0
            ],
            [
              3244.0,
              2003.0
            ],
            [
              3244.0,
              1997.0
            ],
            [
              3247.0,
              1994.0
            ],
            [
              3247.0,
              1969.0
            ]
          ]
        ]
      },
      "properties": {
        "parcel_id": "CAD-0057",
        "feature_type": "Building",
        "land_use": "Residential",
        "category": "Structure",
        "color_hex": "#FF3232",
        "area_px": 3511.5,
        "area_sqm": 22.47,
        "area_hectares": 0.0022,
        "area_acres": 0.0056,
        "area_gaj": 26.87,
        "perimeter_m": 19.24,
        "vertex_count": 16,
        "confidence": 0.88,
        "verification_status": "Verified"
      }
    },
    {
      "type": "Feature",
      "id": "CAD-0058",
      "geometry": {
        "type": "Polygon",
        "coordinates": [
          [
            [
              3997.0,
              550.0
            ],
            [
              3960.0,
              550.0
            ],
            [
              3944.0,
              562.0
            ],
            [
              3888.0,
              647.0
            ],
            [
              3869.0,
              659.0
            ],
            [
              3872.0,
              687.0
            ],
            [
              3904.0,
              725.0
            ],
            [
              3900.0,
              743.0
            ],
            [
              3869.0,
              768.0
            ],
            [
              3869.0,
              793.0
            ],
            [
              3916.0,
              815.0
            ],
            [
              3985.0,
              809.0
            ],
            [
              3997.0,
              793.0
            ],
            [
              3997.0,
              550.0
            ]
          ]
        ]
      },
      "properties": {
        "parcel_id": "CAD-0058",
        "feature_type": "Building",
        "land_use": "Residential",
        "category": "Structure",
        "color_hex": "#FF3232",
        "area_px": 26124.0,
        "area_sqm": 167.19,
        "area_hectares": 0.0167,
        "area_acres": 0.0413,
        "area_gaj": 199.96,
        "perimeter_m": 58.12,
        "vertex_count": 14,
        "confidence": 0.88,
        "verification_status": "Verified"
      }
    },
    {
      "type": "Feature",
      "id": "CAD-0059",
      "geometry": {
        "type": "Polygon",
        "coordinates": [
          [
            [
              2456.0,
              2550.0
            ],
            [
              2444.0,
              2566.0
            ],
            [
              2444.0,
              2585.0
            ],
            [
              2453.0,
              2594.0
            ],
            [
              2456.0,
              2594.0
            ],
            [
              2459.0,
              2597.0
            ],
            [
              2466.0,
              2597.0
            ],
            [
              2472.0,
              2603.0
            ],
            [
              2478.0,
              2603.0
            ],
            [
              2481.0,
              2600.0
            ],
            [
              2481.0,
              2597.0
            ],
            [
              2494.0,
              2585.0
            ],
            [
              2494.0,
              2581.0
            ],
            [
              2500.0,
              2575.0
            ],
            [
              2478.0,
              2550.0
            ],
            [
              2456.0,
              2550.0
            ]
          ]
        ]
      },
      "properties": {
        "parcel_id": "CAD-0059",
        "feature_type": "Building",
        "land_use": "Residential",
        "category": "Structure",
        "color_hex": "#FF3232",
        "area_px": 2052.5,
        "area_sqm": 13.14,
        "area_hectares": 0.0013,
        "area_acres": 0.0032,
        "area_gaj": 15.72,
        "perimeter_m": 13.85,
        "vertex_count": 16,
        "confidence": 0.88,
        "verification_status": "Verified"
      }
    },
    {
      "type": "Feature",
      "id": "CAD-0060",
      "geometry": {
        "type": "Polygon",
        "coordinates": [
          [
            [
              3847.0,
              1269.0
            ],
            [
              3847.0,
              1294.0
            ],
            [
              3919.0,
              1294.0
            ],
            [
              3922.0,
              1290.0
            ],
            [
              3922.0,
              1269.0
            ],
            [
              3847.0,
              1269.0
            ]
          ]
        ]
      },
      "properties": {
        "parcel_id": "CAD-0060",
        "feature_type": "Building",
        "land_use": "Residential",
        "category": "Structure",
        "color_hex": "#FF3232",
        "area_px": 1869.0,
        "area_sqm": 11.96,
        "area_hectares": 0.0012,
        "area_acres": 0.003,
        "area_gaj": 14.3,
        "perimeter_m": 15.84,
        "vertex_count": 6,
        "confidence": 0.88,
        "verification_status": "Verified"
      }
    },
    {
      "type": "Feature",
      "id": "CAD-0061",
      "geometry": {
        "type": "Polygon",
        "coordinates": [
          [
            [
              3644.0,
              528.0
            ],
            [
              3644.0,
              562.0
            ],
            [
              3654.0,
              562.0
            ],
            [
              3663.0,
              568.0
            ],
            [
              3672.0,
              562.0
            ],
            [
              3682.0,
              559.0
            ],
            [
              3682.0,
              556.0
            ],
            [
              3685.0,
              553.0
            ],
            [
              3685.0,
              547.0
            ],
            [
              3688.0,
              543.0
            ],
            [
              3688.0,
              534.0
            ],
            [
              3682.0,
              528.0
            ],
            [
              3682.0,
              525.0
            ],
            [
              3650.0,
              525.0
            ],
            [
              3647.0,
              528.0
            ],
            [
              3644.0,
              528.0
            ]
          ]
        ]
      },
      "properties": {
        "parcel_id": "CAD-0061",
        "feature_type": "Building",
        "land_use": "Residential",
        "category": "Structure",
        "color_hex": "#FF3232",
        "area_px": 1544.0,
        "area_sqm": 9.88,
        "area_hectares": 0.001,
        "area_acres": 0.0024,
        "area_gaj": 11.82,
        "perimeter_m": 12.32,
        "vertex_count": 16,
        "confidence": 0.88,
        "verification_status": "Verified"
      }
    },
    {
      "type": "Feature",
      "id": "CAD-0062",
      "geometry": {
        "type": "Polygon",
        "coordinates": [
          [
            [
              1403.0,
              115.0
            ],
            [
              1347.0,
              115.0
            ],
            [
              1284.0,
              165.0
            ],
            [
              1275.0,
              184.0
            ],
            [
              1275.0,
              218.0
            ],
            [
              1290.0,
              221.0
            ],
            [
              1303.0,
              253.0
            ],
            [
              1312.0,
              262.0
            ],
            [
              1337.0,
              265.0
            ],
            [
              1350.0,
              256.0
            ],
            [
              1365.0,
              256.0
            ],
            [
              1428.0,
              221.0
            ],
            [
              1431.0,
              193.0
            ],
            [
              1406.0,
              143.0
            ],
            [
              1403.0,
              115.0
            ]
          ]
        ]
      },
      "properties": {
        "parcel_id": "CAD-0062",
        "feature_type": "Building",
        "land_use": "Residential",
        "category": "Structure",
        "color_hex": "#FF3232",
        "area_px": 16796.0,
        "area_sqm": 107.49,
        "area_hectares": 0.0107,
        "area_acres": 0.0266,
        "area_gaj": 128.56,
        "perimeter_m": 39.54,
        "vertex_count": 15,
        "confidence": 0.88,
        "verification_status": "Verified"
      }
    },
    {
      "type": "Feature",
      "id": "CAD-0063",
      "geometry": {
        "type": "Polygon",
        "coordinates": [
          [
            [
              3425.0,
              2269.0
            ],
            [
              3425.0,
              2313.0
            ],
            [
              3428.0,
              2313.0
            ],
            [
              3444.0,
              2328.0
            ],
            [
              3460.0,
              2328.0
            ],
            [
              3463.0,
              2325.0
            ],
            [
              3463.0,
              2322.0
            ],
            [
              3472.0,
              2313.0
            ],
            [
              3475.0,
              2313.0
            ],
            [
              3478.0,
              2306.0
            ],
            [
              3475.0,
              2306.0
            ],
            [
              3469.0,
              2300.0
            ],
            [
              3466.0,
              2291.0
            ],
            [
              3460.0,
              2284.0
            ],
            [
              3450.0,
              2281.0
            ],
            [
              3438.0,
              2272.0
            ],
            [
              3428.0,
              2272.0
            ],
            [
              3425.0,
              2269.0
            ]
          ]
        ]
      },
      "properties": {
        "parcel_id": "CAD-0063",
        "feature_type": "Building",
        "land_use": "Residential",
        "category": "Structure",
        "color_hex": "#FF3232",
        "area_px": 2006.5,
        "area_sqm": 12.84,
        "area_hectares": 0.0013,
        "area_acres": 0.0032,
        "area_gaj": 15.36,
        "perimeter_m": 14.83,
        "vertex_count": 18,
        "confidence": 0.88,
        "verification_status": "Verified"
      }
    },
    {
      "type": "Feature",
      "id": "CAD-0064",
      "geometry": {
        "type": "Polygon",
        "coordinates": [
          [
            [
              3575.0,
              1572.0
            ],
            [
              3575.0,
              1587.0
            ],
            [
              3613.0,
              1612.0
            ],
            [
              3625.0,
              1641.0
            ],
            [
              3654.0,
              1666.0
            ],
            [
              3685.0,
              1678.0
            ],
            [
              3694.0,
              1687.0
            ],
            [
              3707.0,
              1687.0
            ],
            [
              3722.0,
              1678.0
            ],
            [
              3725.0,
              1662.0
            ],
            [
              3663.0,
              1600.0
            ],
            [
              3635.0,
              1597.0
            ],
            [
              3619.0,
              1581.0
            ],
            [
              3616.0,
              1572.0
            ],
            [
              3575.0,
              1572.0
            ]
          ]
        ]
      },
      "properties": {
        "parcel_id": "CAD-0064",
        "feature_type": "Building",
        "land_use": "Residential",
        "category": "Structure",
        "color_hex": "#FF3232",
        "area_px": 6805.5,
        "area_sqm": 43.56,
        "area_hectares": 0.0044,
        "area_acres": 0.0108,
        "area_gaj": 52.1,
        "perimeter_m": 32.95,
        "vertex_count": 15,
        "confidence": 0.88,
        "verification_status": "Verified"
      }
    },
    {
      "type": "Feature",
      "id": "CAD-0065",
      "geometry": {
        "type": "Polygon",
        "coordinates": [
          [
            [
              2553.0,
              1722.0
            ],
            [
              2560.0,
              1722.0
            ],
            [
              2553.0,
              1712.0
            ],
            [
              2578.0,
              1684.0
            ],
            [
              2613.0,
              1709.0
            ],
            [
              2616.0,
              1719.0
            ],
            [
              2631.0,
              1719.0
            ],
            [
              2669.0,
              1669.0
            ],
            [
              2678.0,
              1634.0
            ],
            [
              2653.0,
              1616.0
            ],
            [
              2619.0,
              1575.0
            ],
            [
              2581.0,
              1575.0
            ],
            [
              2578.0,
              1591.0
            ],
            [
              2553.0,
              1619.0
            ],
            [
              2553.0,
              1659.0
            ],
            [
              2578.0,
              1684.0
            ],
            [
              2553.0,
              1712.0
            ],
            [
              2553.0,
              1722.0
            ]
          ]
        ]
      },
      "properties": {
        "parcel_id": "CAD-0065",
        "feature_type": "Building",
        "land_use": "Residential",
        "category": "Structure",
        "color_hex": "#FF3232",
        "area_px": 11544.0,
        "area_sqm": 73.88,
        "area_hectares": 0.0074,
        "area_acres": 0.0183,
        "area_gaj": 88.36,
        "perimeter_m": 41.83,
        "vertex_count": 18,
        "confidence": 0.88,
        "verification_status": "Verified"
      }
    },
    {
      "type": "Feature",
      "id": "CAD-0066",
      "geometry": {
        "type": "Polygon",
        "coordinates": [
          [
            [
              2875.0,
              1697.0
            ],
            [
              2847.0,
              1697.0
            ],
            [
              2838.0,
              1722.0
            ],
            [
              2819.0,
              1741.0
            ],
            [
              2810.0,
              1744.0
            ],
            [
              2810.0,
              1781.0
            ],
            [
              2813.0,
              1784.0
            ],
            [
              2838.0,
              1784.0
            ],
            [
              2844.0,
              1781.0
            ],
            [
              2885.0,
              1737.0
            ],
            [
              2891.0,
              1728.0
            ],
            [
              2891.0,
              1712.0
            ],
            [
              2875.0,
              1697.0
            ]
          ]
        ]
      },
      "properties": {
        "parcel_id": "CAD-0066",
        "feature_type": "Building",
        "land_use": "Residential",
        "category": "Structure",
        "color_hex": "#FF3232",
        "area_px": 4426.0,
        "area_sqm": 28.33,
        "area_hectares": 0.0028,
        "area_acres": 0.007,
        "area_gaj": 33.88,
        "perimeter_m": 21.82,
        "vertex_count": 13,
        "confidence": 0.88,
        "verification_status": "Verified"
      }
    },
    {
      "type": "Feature",
      "id": "CAD-0067",
      "geometry": {
        "type": "Polygon",
        "coordinates": [
          [
            [
              3519.0,
              2519.0
            ],
            [
              3510.0,
              2535.0
            ],
            [
              3494.0,
              2541.0
            ],
            [
              3494.0,
              2569.0
            ],
            [
              3497.0,
              2572.0
            ],
            [
              3507.0,
              2572.0
            ],
            [
              3525.0,
              2591.0
            ],
            [
              3529.0,
              2591.0
            ],
            [
              3535.0,
              2597.0
            ],
            [
              3554.0,
              2597.0
            ],
            [
              3560.0,
              2591.0
            ],
            [
              3560.0,
              2585.0
            ],
            [
              3566.0,
              2575.0
            ],
            [
              3566.0,
              2566.0
            ],
            [
              3569.0,
              2563.0
            ],
            [
              3566.0,
              2544.0
            ],
            [
              3557.0,
              2535.0
            ],
            [
              3554.0,
              2519.0
            ],
            [
              3519.0,
              2519.0
            ]
          ]
        ]
      },
      "properties": {
        "parcel_id": "CAD-0067",
        "feature_type": "Building",
        "land_use": "Residential",
        "category": "Structure",
        "color_hex": "#FF3232",
        "area_px": 4283.5,
        "area_sqm": 27.41,
        "area_hectares": 0.0027,
        "area_acres": 0.0068,
        "area_gaj": 32.78,
        "perimeter_m": 20.64,
        "vertex_count": 19,
        "confidence": 0.88,
        "verification_status": "Verified"
      }
    },
    {
      "type": "Feature",
      "id": "CAD-0068",
      "geometry": {
        "type": "Polygon",
        "coordinates": [
          [
            [
              3691.0,
              1072.0
            ],
            [
              3691.0,
              1147.0
            ],
            [
              3719.0,
              1175.0
            ],
            [
              3725.0,
              1178.0
            ],
            [
              3741.0,
              1172.0
            ],
            [
              3744.0,
              1165.0
            ],
            [
              3775.0,
              1137.0
            ],
            [
              3775.0,
              1125.0
            ],
            [
              3769.0,
              1115.0
            ],
            [
              3747.0,
              1097.0
            ],
            [
              3744.0,
              1087.0
            ],
            [
              3732.0,
              1081.0
            ],
            [
              3725.0,
              1072.0
            ],
            [
              3691.0,
              1072.0
            ]
          ]
        ]
      },
      "properties": {
        "parcel_id": "CAD-0068",
        "feature_type": "Building",
        "land_use": "Residential",
        "category": "Structure",
        "color_hex": "#FF3232",
        "area_px": 6167.0,
        "area_sqm": 39.47,
        "area_hectares": 0.0039,
        "area_acres": 0.0098,
        "area_gaj": 47.21,
        "perimeter_m": 24.73,
        "vertex_count": 14,
        "confidence": 0.88,
        "verification_status": "Verified"
      }
    },
    {
      "type": "Feature",
      "id": "CAD-0069",
      "geometry": {
        "type": "Polygon",
        "coordinates": [
          [
            [
              246.0,
              862.0
            ],
            [
              246.0,
              887.0
            ],
            [
              256.0,
              897.0
            ],
            [
              259.0,
              893.0
            ],
            [
              262.0,
              893.0
            ],
            [
              265.0,
              890.0
            ],
            [
              268.0,
              890.0
            ],
            [
              278.0,
              881.0
            ],
            [
              278.0,
              872.0
            ],
            [
              281.0,
              868.0
            ],
            [
              275.0,
              862.0
            ],
            [
              246.0,
              862.0
            ]
          ]
        ]
      },
      "properties": {
        "parcel_id": "CAD-0069",
        "feature_type": "Building",
        "land_use": "Residential",
        "category": "Structure",
        "color_hex": "#FF3232",
        "area_px": 905.5,
        "area_sqm": 5.8,
        "area_hectares": 0.0006,
        "area_acres": 0.0014,
        "area_gaj": 6.94,
        "perimeter_m": 9.55,
        "vertex_count": 12,
        "confidence": 0.88,
        "verification_status": "Verified"
      }
    },
    {
      "type": "Feature",
      "id": "CAD-0070",
      "geometry": {
        "type": "Polygon",
        "coordinates": [
          [
            [
              31.0,
              822.0
            ],
            [
              0.0,
              822.0
            ],
            [
              0.0,
              887.0
            ],
            [
              9.0,
              887.0
            ],
            [
              18.0,
              878.0
            ],
            [
              28.0,
              875.0
            ],
            [
              37.0,
              868.0
            ],
            [
              40.0,
              868.0
            ],
            [
              40.0,
              862.0
            ],
            [
              43.0,
              859.0
            ],
            [
              43.0,
              843.0
            ],
            [
              40.0,
              840.0
            ],
            [
              40.0,
              834.0
            ],
            [
              37.0,
              828.0
            ],
            [
              31.0,
              822.0
            ]
          ]
        ]
      },
      "properties": {
        "parcel_id": "CAD-0070",
        "feature_type": "Building",
        "land_use": "Residential",
        "category": "Structure",
        "color_hex": "#FF3232",
        "area_px": 2268.5,
        "area_sqm": 14.52,
        "area_hectares": 0.0015,
        "area_acres": 0.0036,
        "area_gaj": 17.37,
        "perimeter_m": 15.54,
        "vertex_count": 15,
        "confidence": 0.88,
        "verification_status": "Verified"
      }
    },
    {
      "type": "Feature",
      "id": "CAD-0071",
      "geometry": {
        "type": "Polygon",
        "coordinates": [
          [
            [
              84.0,
              850.0
            ],
            [
              100.0,
              843.0
            ],
            [
              106.0,
              850.0
            ],
            [
              131.0,
              847.0
            ],
            [
              156.0,
              828.0
            ],
            [
              153.0,
              787.0
            ],
            [
              143.0,
              775.0
            ],
            [
              112.0,
              709.0
            ],
            [
              75.0,
              709.0
            ],
            [
              56.0,
              725.0
            ],
            [
              56.0,
              778.0
            ],
            [
              68.0,
              797.0
            ],
            [
              81.0,
              806.0
            ],
            [
              100.0,
              837.0
            ],
            [
              100.0,
              843.0
            ],
            [
              84.0,
              850.0
            ]
          ]
        ]
      },
      "properties": {
        "parcel_id": "CAD-0071",
        "feature_type": "Building",
        "land_use": "Residential",
        "category": "Structure",
        "color_hex": "#FF3232",
        "area_px": 9782.5,
        "area_sqm": 62.61,
        "area_hectares": 0.0063,
        "area_acres": 0.0155,
        "area_gaj": 74.88,
        "perimeter_m": 34.07,
        "vertex_count": 16,
        "confidence": 0.88,
        "verification_status": "Verified"
      }
    },
    {
      "type": "Feature",
      "id": "CAD-0072",
      "geometry": {
        "type": "Polygon",
        "coordinates": [
          [
            [
              2950.0,
              1934.0
            ],
            [
              2913.0,
              1991.0
            ],
            [
              2869.0,
              2022.0
            ],
            [
              2869.0,
              2056.0
            ],
            [
              2900.0,
              2066.0
            ],
            [
              2941.0,
              2103.0
            ],
            [
              2966.0,
              2109.0
            ],
            [
              3013.0,
              2072.0
            ],
            [
              3022.0,
              2034.0
            ],
            [
              3041.0,
              2016.0
            ],
            [
              3041.0,
              1997.0
            ],
            [
              2981.0,
              1934.0
            ],
            [
              2950.0,
              1934.0
            ]
          ]
        ]
      },
      "properties": {
        "parcel_id": "CAD-0072",
        "feature_type": "Building",
        "land_use": "Residential",
        "category": "Structure",
        "color_hex": "#FF3232",
        "area_px": 18466.5,
        "area_sqm": 118.19,
        "area_hectares": 0.0118,
        "area_acres": 0.0292,
        "area_gaj": 141.36,
        "perimeter_m": 42.51,
        "vertex_count": 13,
        "confidence": 0.88,
        "verification_status": "Verified"
      }
    },
    {
      "type": "Feature",
      "id": "CAD-0073",
      "geometry": {
        "type": "Polygon",
        "coordinates": [
          [
            [
              2535.0,
              1700.0
            ],
            [
              2528.0,
              1709.0
            ],
            [
              2528.0,
              1716.0
            ],
            [
              2513.0,
              1731.0
            ],
            [
              2513.0,
              1762.0
            ],
            [
              2516.0,
              1766.0
            ],
            [
              2528.0,
              1766.0
            ],
            [
              2538.0,
              1750.0
            ],
            [
              2541.0,
              1756.0
            ],
            [
              2553.0,
              1756.0
            ],
            [
              2556.0,
              1759.0
            ],
            [
              2556.0,
              1769.0
            ],
            [
              2550.0,
              1775.0
            ],
            [
              2550.0,
              1778.0
            ],
            [
              2553.0,
              1778.0
            ],
            [
              2556.0,
              1769.0
            ],
            [
              2569.0,
              1769.0
            ],
            [
              2581.0,
              1756.0
            ],
            [
              2585.0,
              1756.0
            ],
            [
              2594.0,
              1744.0
            ],
            [
              2585.0,
              1731.0
            ],
            [
              2578.0,
              1728.0
            ],
            [
              2553.0,
              1700.0
            ],
            [
              2535.0,
              1700.0
            ]
          ]
        ]
      },
      "properties": {
        "parcel_id": "CAD-0073",
        "feature_type": "Building",
        "land_use": "Residential",
        "category": "Structure",
        "color_hex": "#FF3232",
        "area_px": 3619.5,
        "area_sqm": 23.16,
        "area_hectares": 0.0023,
        "area_acres": 0.0057,
        "area_gaj": 27.7,
        "perimeter_m": 23.36,
        "vertex_count": 24,
        "confidence": 0.88,
        "verification_status": "Verified"
      }
    },
    {
      "type": "Feature",
      "id": "CAD-0074",
      "geometry": {
        "type": "Polygon",
        "coordinates": [
          [
            [
              1331.0,
              281.0
            ],
            [
              1334.0,
              381.0
            ],
            [
              1350.0,
              384.0
            ],
            [
              1350.0,
              396.0
            ],
            [
              1350.0,
              381.0
            ],
            [
              1365.0,
              368.0
            ],
            [
              1384.0,
              390.0
            ],
            [
              1384.0,
              406.0
            ],
            [
              1437.0,
              406.0
            ],
            [
              1428.0,
              400.0
            ],
            [
              1431.0,
              393.0
            ],
            [
              1506.0,
              356.0
            ],
            [
              1503.0,
              334.0
            ],
            [
              1475.0,
              306.0
            ],
            [
              1459.0,
              268.0
            ],
            [
              1406.0,
              268.0
            ],
            [
              1369.0,
              287.0
            ],
            [
              1331.0,
              281.0
            ]
          ]
        ]
      },
      "properties": {
        "parcel_id": "CAD-0074",
        "feature_type": "Building",
        "land_use": "Residential",
        "category": "Structure",
        "color_hex": "#FF3232",
        "area_px": 17365.5,
        "area_sqm": 111.14,
        "area_hectares": 0.0111,
        "area_acres": 0.0275,
        "area_gaj": 132.92,
        "perimeter_m": 47.95,
        "vertex_count": 18,
        "confidence": 0.88,
        "verification_status": "Verified"
      }
    },
    {
      "type": "Feature",
      "id": "CAD-0075",
      "geometry": {
        "type": "Polygon",
        "coordinates": [
          [
            [
              3022.0,
              2384.0
            ],
            [
              2941.0,
              2384.0
            ],
            [
              2935.0,
              2403.0
            ],
            [
              2881.0,
              2459.0
            ],
            [
              2881.0,
              2478.0
            ],
            [
              2903.0,
              2491.0
            ],
            [
              2925.0,
              2513.0
            ],
            [
              2928.0,
              2525.0
            ],
            [
              2944.0,
              2535.0
            ],
            [
              2966.0,
              2525.0
            ],
            [
              2991.0,
              2525.0
            ],
            [
              3013.0,
              2497.0
            ],
            [
              3028.0,
              2444.0
            ],
            [
              3022.0,
              2428.0
            ],
            [
              3000.0,
              2403.0
            ],
            [
              3025.0,
              2388.0
            ],
            [
              3022.0,
              2384.0
            ]
          ]
        ]
      },
      "properties": {
        "parcel_id": "CAD-0075",
        "feature_type": "Building",
        "land_use": "Residential",
        "category": "Structure",
        "color_hex": "#FF3232",
        "area_px": 14914.5,
        "area_sqm": 95.45,
        "area_hectares": 0.0095,
        "area_acres": 0.0236,
        "area_gaj": 114.16,
        "perimeter_m": 40.8,
        "vertex_count": 17,
        "confidence": 0.88,
        "verification_status": "Verified"
      }
    },
    {
      "type": "Feature",
      "id": "CAD-0076",
      "geometry": {
        "type": "Polygon",
        "coordinates": [
          [
            [
              3704.0,
              2306.0
            ],
            [
              3679.0,
              2334.0
            ],
            [
              3675.0,
              2334.0
            ],
            [
              3675.0,
              2366.0
            ],
            [
              3679.0,
              2363.0
            ],
            [
              3694.0,
              2369.0
            ],
            [
              3722.0,
              2397.0
            ],
            [
              3741.0,
              2397.0
            ],
            [
              3757.0,
              2381.0
            ],
            [
              3775.0,
              2372.0
            ],
            [
              3782.0,
              2363.0
            ],
            [
              3782.0,
              2353.0
            ],
            [
              3772.0,
              2350.0
            ],
            [
              3744.0,
              2325.0
            ],
            [
              3741.0,
              2319.0
            ],
            [
              3744.0,
              2306.0
            ],
            [
              3704.0,
              2306.0
            ]
          ]
        ]
      },
      "properties": {
        "parcel_id": "CAD-0076",
        "feature_type": "Building",
        "land_use": "Residential",
        "category": "Structure",
        "color_hex": "#FF3232",
        "area_px": 6206.5,
        "area_sqm": 39.72,
        "area_hectares": 0.004,
        "area_acres": 0.0098,
        "area_gaj": 47.51,
        "perimeter_m": 26.04,
        "vertex_count": 17,
        "confidence": 0.88,
        "verification_status": "Verified"
      }
    },
    {
      "type": "Feature",
      "id": "CAD-0077",
      "geometry": {
        "type": "Polygon",
        "coordinates": [
          [
            [
              3982.0,
              2513.0
            ],
            [
              3904.0,
              2388.0
            ],
            [
              3932.0,
              2331.0
            ],
            [
              3879.0,
              2366.0
            ],
            [
              3785.0,
              2247.0
            ],
            [
              3800.0,
              2191.0
            ],
            [
              3882.0,
              2328.0
            ],
            [
              3847.0,
              2309.0
            ],
            [
              3888.0,
              2275.0
            ],
            [
              3466.0,
              2306.0
            ],
            [
              3650.0,
              2528.0
            ],
            [
              3491.0,
              2553.0
            ],
            [
              3650.0,
              2513.0
            ],
            [
              3469.0,
              2309.0
            ],
            [
              3904.0,
              2294.0
            ],
            [
              3810.0,
              2250.0
            ],
            [
              3788.0,
              2294.0
            ],
            [
              3569.0,
              2063.0
            ],
            [
              3466.0,
              2116.0
            ],
            [
              3504.0,
              2244.0
            ],
            [
              3644.0,
              2291.0
            ],
            [
              3572.0,
              2388.0
            ],
            [
              3600.0,
              2422.0
            ],
            [
              3716.0,
              2397.0
            ],
            [
              3807.0,
              2478.0
            ],
            [
              3804.0,
              2547.0
            ],
            [
              3982.0,
              2513.0
            ]
          ]
        ]
      },
      "properties": {
        "parcel_id": "CAD-0077",
        "feature_type": "Building",
        "land_use": "Residential",
        "category": "Structure",
        "color_hex": "#FF3232",
        "area_px": 93458.0,
        "area_sqm": 598.13,
        "area_hectares": 0.0598,
        "area_acres": 0.1478,
        "area_gaj": 715.36,
        "perimeter_m": 320.4,
        "vertex_count": 27,
        "confidence": 0.88,
        "verification_status": "Verified"
      }
    },
    {
      "type": "Feature",
      "id": "CAD-0078",
      "geometry": {
        "type": "Polygon",
        "coordinates": [
          [
            [
              893.0,
              409.0
            ],
            [
              893.0,
              446.0
            ],
            [
              897.0,
              446.0
            ],
            [
              903.0,
              453.0
            ],
            [
              906.0,
              453.0
            ],
            [
              912.0,
              459.0
            ],
            [
              915.0,
              456.0
            ],
            [
              922.0,
              456.0
            ],
            [
              925.0,
              453.0
            ],
            [
              934.0,
              450.0
            ],
            [
              947.0,
              434.0
            ],
            [
              947.0,
              425.0
            ],
            [
              940.0,
              415.0
            ],
            [
              940.0,
              409.0
            ],
            [
              893.0,
              409.0
            ]
          ]
        ]
      },
      "properties": {
        "parcel_id": "CAD-0078",
        "feature_type": "Building",
        "land_use": "Residential",
        "category": "Structure",
        "color_hex": "#FF3232",
        "area_px": 2150.0,
        "area_sqm": 13.76,
        "area_hectares": 0.0014,
        "area_acres": 0.0034,
        "area_gaj": 16.46,
        "perimeter_m": 14.52,
        "vertex_count": 15,
        "confidence": 0.88,
        "verification_status": "Verified"
      }
    },
    {
      "type": "Feature",
      "id": "CAD-0079",
      "geometry": {
        "type": "Polygon",
        "coordinates": [
          [
            [
              3172.0,
              1597.0
            ],
            [
              3119.0,
              1597.0
            ],
            [
              3119.0,
              1603.0
            ],
            [
              3113.0,
              1609.0
            ],
            [
              3110.0,
              1619.0
            ],
            [
              3091.0,
              1637.0
            ],
            [
              3091.0,
              1641.0
            ],
            [
              3082.0,
              1647.0
            ],
            [
              3082.0,
              1672.0
            ],
            [
              3100.0,
              1672.0
            ],
            [
              3116.0,
              1681.0
            ],
            [
              3132.0,
              1675.0
            ],
            [
              3153.0,
              1653.0
            ],
            [
              3178.0,
              1619.0
            ],
            [
              3178.0,
              1609.0
            ],
            [
              3172.0,
              1597.0
            ]
          ]
        ]
      },
      "properties": {
        "parcel_id": "CAD-0079",
        "feature_type": "Building",
        "land_use": "Residential",
        "category": "Structure",
        "color_hex": "#FF3232",
        "area_px": 5117.0,
        "area_sqm": 32.75,
        "area_hectares": 0.0033,
        "area_acres": 0.0081,
        "area_gaj": 39.17,
        "perimeter_m": 23.47,
        "vertex_count": 16,
        "confidence": 0.88,
        "verification_status": "Verified"
      }
    },
    {
      "type": "Feature",
      "id": "CAD-0080",
      "geometry": {
        "type": "Polygon",
        "coordinates": [
          [
            [
              1340.0,
              2434.0
            ],
            [
              1340.0,
              2522.0
            ],
            [
              1353.0,
              2541.0
            ],
            [
              1375.0,
              2660.0
            ],
            [
              1494.0,
              2660.0
            ],
            [
              1525.0,
              2631.0
            ],
            [
              1581.0,
              2625.0
            ],
            [
              1606.0,
              2606.0
            ],
            [
              1597.0,
              2556.0
            ],
            [
              1584.0,
              2544.0
            ],
            [
              1553.0,
              2535.0
            ],
            [
              1484.0,
              2538.0
            ],
            [
              1453.0,
              2516.0
            ],
            [
              1453.0,
              2403.0
            ],
            [
              1375.0,
              2409.0
            ],
            [
              1340.0,
              2434.0
            ]
          ]
        ]
      },
      "properties": {
        "parcel_id": "CAD-0080",
        "feature_type": "Building",
        "land_use": "Residential",
        "category": "Structure",
        "color_hex": "#FF3232",
        "area_px": 39988.5,
        "area_sqm": 255.93,
        "area_hectares": 0.0256,
        "area_acres": 0.0632,
        "area_gaj": 306.09,
        "perimeter_m": 73.86,
        "vertex_count": 16,
        "confidence": 0.88,
        "verification_status": "Verified"
      }
    },
    {
      "type": "Feature",
      "id": "CAD-0081",
      "geometry": {
        "type": "Polygon",
        "coordinates": [
          [
            [
              2831.0,
              2528.0
            ],
            [
              2822.0,
              2544.0
            ],
            [
              2806.0,
              2560.0
            ],
            [
              2806.0,
              2588.0
            ],
            [
              2819.0,
              2597.0
            ],
            [
              2825.0,
              2597.0
            ],
            [
              2835.0,
              2606.0
            ],
            [
              2850.0,
              2606.0
            ],
            [
              2850.0,
              2597.0
            ],
            [
              2853.0,
              2594.0
            ],
            [
              2866.0,
              2594.0
            ],
            [
              2878.0,
              2578.0
            ],
            [
              2885.0,
              2575.0
            ],
            [
              2885.0,
              2572.0
            ],
            [
              2866.0,
              2550.0
            ],
            [
              2860.0,
              2535.0
            ],
            [
              2853.0,
              2528.0
            ],
            [
              2831.0,
              2528.0
            ]
          ]
        ]
      },
      "properties": {
        "parcel_id": "CAD-0081",
        "feature_type": "Building",
        "land_use": "Residential",
        "category": "Structure",
        "color_hex": "#FF3232",
        "area_px": 4063.0,
        "area_sqm": 26.0,
        "area_hectares": 0.0026,
        "area_acres": 0.0064,
        "area_gaj": 31.1,
        "perimeter_m": 20.26,
        "vertex_count": 18,
        "confidence": 0.88,
        "verification_status": "Verified"
      }
    },
    {
      "type": "Feature",
      "id": "CAD-0082",
      "geometry": {
        "type": "Polygon",
        "coordinates": [
          [
            [
              409.0,
              1000.0
            ],
            [
              409.0,
              1081.0
            ],
            [
              415.0,
              1081.0
            ],
            [
              425.0,
              1100.0
            ],
            [
              522.0,
              1084.0
            ],
            [
              553.0,
              1072.0
            ],
            [
              537.0,
              978.0
            ],
            [
              459.0,
              978.0
            ],
            [
              409.0,
              1000.0
            ]
          ]
        ]
      },
      "properties": {
        "parcel_id": "CAD-0082",
        "feature_type": "Building",
        "land_use": "Residential",
        "category": "Structure",
        "color_hex": "#FF3232",
        "area_px": 14549.5,
        "area_sqm": 93.12,
        "area_hectares": 0.0093,
        "area_acres": 0.023,
        "area_gaj": 111.37,
        "perimeter_m": 37.44,
        "vertex_count": 9,
        "confidence": 0.88,
        "verification_status": "Verified"
      }
    },
    {
      "type": "Feature",
      "id": "CAD-0083",
      "geometry": {
        "type": "Polygon",
        "coordinates": [
          [
            [
              3269.0,
              2209.0
            ],
            [
              3241.0,
              2241.0
            ],
            [
              3219.0,
              2244.0
            ],
            [
              3219.0,
              2275.0
            ],
            [
              3260.0,
              2306.0
            ],
            [
              3269.0,
              2319.0
            ],
            [
              3278.0,
              2322.0
            ],
            [
              3285.0,
              2331.0
            ],
            [
              3291.0,
              2331.0
            ],
            [
              3291.0,
              2325.0
            ],
            [
              3338.0,
              2272.0
            ],
            [
              3341.0,
              2259.0
            ],
            [
              3319.0,
              2234.0
            ],
            [
              3288.0,
              2209.0
            ],
            [
              3269.0,
              2209.0
            ]
          ]
        ]
      },
      "properties": {
        "parcel_id": "CAD-0083",
        "feature_type": "Building",
        "land_use": "Residential",
        "category": "Structure",
        "color_hex": "#FF3232",
        "area_px": 8820.5,
        "area_sqm": 56.45,
        "area_hectares": 0.0056,
        "area_acres": 0.0139,
        "area_gaj": 67.51,
        "perimeter_m": 29.77,
        "vertex_count": 15,
        "confidence": 0.88,
        "verification_status": "Verified"
      }
    },
    {
      "type": "Feature",
      "id": "CAD-0084",
      "geometry": {
        "type": "Polygon",
        "coordinates": [
          [
            [
              3478.0,
              2647.0
            ],
            [
              3478.0,
              2660.0
            ],
            [
              3541.0,
              2660.0
            ],
            [
              3541.0,
              2650.0
            ],
            [
              3550.0,
              2638.0
            ],
            [
              3538.0,
              2625.0
            ],
            [
              3504.0,
              2625.0
            ],
            [
              3482.0,
              2647.0
            ],
            [
              3478.0,
              2647.0
            ]
          ]
        ]
      },
      "properties": {
        "parcel_id": "CAD-0084",
        "feature_type": "Building",
        "land_use": "Residential",
        "category": "Structure",
        "color_hex": "#FF3232",
        "area_px": 1963.5,
        "area_sqm": 12.57,
        "area_hectares": 0.0013,
        "area_acres": 0.0031,
        "area_gaj": 15.03,
        "perimeter_m": 15.02,
        "vertex_count": 9,
        "confidence": 0.88,
        "verification_status": "Verified"
      }
    },
    {
      "type": "Feature",
      "id": "CAD-0085",
      "geometry": {
        "type": "Polygon",
        "coordinates": [
          [
            [
              303.0,
              2550.0
            ],
            [
              221.0,
              2550.0
            ],
            [
              203.0,
              2563.0
            ],
            [
              175.0,
              2566.0
            ],
            [
              162.0,
              2581.0
            ],
            [
              150.0,
              2581.0
            ],
            [
              131.0,
              2550.0
            ],
            [
              146.0,
              2585.0
            ],
            [
              0.0,
              2578.0
            ],
            [
              0.0,
              2660.0
            ],
            [
              278.0,
              2660.0
            ],
            [
              278.0,
              2622.0
            ],
            [
              303.0,
              2603.0
            ],
            [
              303.0,
              2550.0
            ]
          ]
        ]
      },
      "properties": {
        "parcel_id": "CAD-0085",
        "feature_type": "Building",
        "land_use": "Residential",
        "category": "Structure",
        "color_hex": "#FF3232",
        "area_px": 25817.5,
        "area_sqm": 165.23,
        "area_hectares": 0.0165,
        "area_acres": 0.0408,
        "area_gaj": 197.62,
        "perimeter_m": 69.38,
        "vertex_count": 14,
        "confidence": 0.88,
        "verification_status": "Verified"
      }
    },
    {
      "type": "Feature",
      "id": "CAD-0086",
      "geometry": {
        "type": "Polygon",
        "coordinates": [
          [
            [
              556.0,
              831.0
            ],
            [
              575.0,
              831.0
            ],
            [
              578.0,
              828.0
            ],
            [
              593.0,
              828.0
            ],
            [
              597.0,
              825.0
            ],
            [
              603.0,
              825.0
            ],
            [
              606.0,
              815.0
            ],
            [
              609.0,
              812.0
            ],
            [
              609.0,
              797.0
            ],
            [
              556.0,
              797.0
            ],
            [
              556.0,
              831.0
            ]
          ]
        ]
      },
      "properties": {
        "parcel_id": "CAD-0086",
        "feature_type": "Building",
        "land_use": "Residential",
        "category": "Structure",
        "color_hex": "#FF3232",
        "area_px": 1613.0,
        "area_sqm": 10.32,
        "area_hectares": 0.001,
        "area_acres": 0.0026,
        "area_gaj": 12.34,
        "perimeter_m": 13.27,
        "vertex_count": 11,
        "confidence": 0.88,
        "verification_status": "Verified"
      }
    },
    {
      "type": "Feature",
      "id": "CAD-0087",
      "geometry": {
        "type": "Polygon",
        "coordinates": [
          [
            [
              3572.0,
              1553.0
            ],
            [
              3572.0,
              1556.0
            ],
            [
              3569.0,
              1559.0
            ],
            [
              3569.0,
              1581.0
            ],
            [
              3575.0,
              1587.0
            ],
            [
              3579.0,
              1587.0
            ],
            [
              3585.0,
              1594.0
            ],
            [
              3594.0,
              1597.0
            ],
            [
              3600.0,
              1603.0
            ],
            [
              3600.0,
              1606.0
            ],
            [
              3616.0,
              1606.0
            ],
            [
              3629.0,
              1597.0
            ],
            [
              3629.0,
              1587.0
            ],
            [
              3616.0,
              1575.0
            ],
            [
              3616.0,
              1572.0
            ],
            [
              3600.0,
              1556.0
            ],
            [
              3600.0,
              1553.0
            ],
            [
              3572.0,
              1553.0
            ]
          ]
        ]
      },
      "properties": {
        "parcel_id": "CAD-0087",
        "feature_type": "Building",
        "land_use": "Residential",
        "category": "Structure",
        "color_hex": "#FF3232",
        "area_px": 2139.5,
        "area_sqm": 13.69,
        "area_hectares": 0.0014,
        "area_acres": 0.0034,
        "area_gaj": 16.37,
        "perimeter_m": 15.04,
        "vertex_count": 18,
        "confidence": 0.88,
        "verification_status": "Verified"
      }
    },
    {
      "type": "Feature",
      "id": "CAD-0088",
      "geometry": {
        "type": "Polygon",
        "coordinates": [
          [
            [
              550.0,
              809.0
            ],
            [
              465.0,
              809.0
            ],
            [
              409.0,
              853.0
            ],
            [
              378.0,
              853.0
            ],
            [
              378.0,
              940.0
            ],
            [
              396.0,
              984.0
            ],
            [
              428.0,
              962.0
            ],
            [
              446.0,
              968.0
            ],
            [
              431.0,
              987.0
            ],
            [
              378.0,
              1000.0
            ],
            [
              396.0,
              1094.0
            ],
            [
              431.0,
              1119.0
            ],
            [
              406.0,
              1131.0
            ],
            [
              400.0,
              1172.0
            ],
            [
              434.0,
              1256.0
            ],
            [
              581.0,
              1215.0
            ],
            [
              581.0,
              1137.0
            ],
            [
              556.0,
              1087.0
            ],
            [
              568.0,
              1072.0
            ],
            [
              556.0,
              1025.0
            ],
            [
              581.0,
              1012.0
            ],
            [
              581.0,
              962.0
            ],
            [
              568.0,
              978.0
            ],
            [
              512.0,
              947.0
            ],
            [
              562.0,
              915.0
            ],
            [
              550.0,
              809.0
            ]
          ]
        ]
      },
      "properties": {
        "parcel_id": "CAD-0088",
        "feature_type": "Building",
        "land_use": "Residential",
        "category": "Structure",
        "color_hex": "#FF3232",
        "area_px": 71558.5,
        "area_sqm": 457.97,
        "area_hectares": 0.0458,
        "area_acres": 0.1132,
        "area_gaj": 547.73,
        "perimeter_m": 115.19,
        "vertex_count": 26,
        "confidence": 0.88,
        "verification_status": "Verified"
      }
    },
    {
      "type": "Feature",
      "id": "CAD-0089",
      "geometry": {
        "type": "Polygon",
        "coordinates": [
          [
            [
              3103.0,
              2572.0
            ],
            [
              3103.0,
              2597.0
            ],
            [
              3110.0,
              2603.0
            ],
            [
              3119.0,
              2606.0
            ],
            [
              3125.0,
              2613.0
            ],
            [
              3135.0,
              2616.0
            ],
            [
              3144.0,
              2622.0
            ],
            [
              3150.0,
              2622.0
            ],
            [
              3160.0,
              2606.0
            ],
            [
              3157.0,
              2603.0
            ],
            [
              3157.0,
              2600.0
            ],
            [
              3150.0,
              2594.0
            ],
            [
              3147.0,
              2585.0
            ],
            [
              3135.0,
              2572.0
            ],
            [
              3103.0,
              2572.0
            ]
          ]
        ]
      },
      "properties": {
        "parcel_id": "CAD-0089",
        "feature_type": "Building",
        "land_use": "Residential",
        "category": "Structure",
        "color_hex": "#FF3232",
        "area_px": 1882.0,
        "area_sqm": 12.04,
        "area_hectares": 0.0012,
        "area_acres": 0.003,
        "area_gaj": 14.4,
        "perimeter_m": 13.98,
        "vertex_count": 15,
        "confidence": 0.88,
        "verification_status": "Verified"
      }
    },
    {
      "type": "Feature",
      "id": "CAD-0090",
      "geometry": {
        "type": "Polygon",
        "coordinates": [
          [
            [
              3963.0,
              2594.0
            ],
            [
              3960.0,
              2597.0
            ],
            [
              3960.0,
              2622.0
            ],
            [
              3969.0,
              2631.0
            ],
            [
              3972.0,
              2631.0
            ],
            [
              3975.0,
              2635.0
            ],
            [
              3979.0,
              2635.0
            ],
            [
              3985.0,
              2641.0
            ],
            [
              3985.0,
              2644.0
            ],
            [
              3988.0,
              2647.0
            ],
            [
              3997.0,
              2647.0
            ],
            [
              3997.0,
              2591.0
            ],
            [
              3969.0,
              2591.0
            ],
            [
              3966.0,
              2594.0
            ],
            [
              3963.0,
              2594.0
            ]
          ]
        ]
      },
      "properties": {
        "parcel_id": "CAD-0090",
        "feature_type": "Building",
        "land_use": "Residential",
        "category": "Structure",
        "color_hex": "#FF3232",
        "area_px": 1664.0,
        "area_sqm": 10.65,
        "area_hectares": 0.0011,
        "area_acres": 0.0026,
        "area_gaj": 12.74,
        "perimeter_m": 13.6,
        "vertex_count": 15,
        "confidence": 0.88,
        "verification_status": "Verified"
      }
    },
    {
      "type": "Feature",
      "id": "CAD-0091",
      "geometry": {
        "type": "Polygon",
        "coordinates": [
          [
            [
              3875.0,
              828.0
            ],
            [
              3875.0,
              865.0
            ],
            [
              3882.0,
              868.0
            ],
            [
              3888.0,
              875.0
            ],
            [
              3891.0,
              875.0
            ],
            [
              3900.0,
              881.0
            ],
            [
              3913.0,
              881.0
            ],
            [
              3919.0,
              872.0
            ],
            [
              3919.0,
              859.0
            ],
            [
              3913.0,
              853.0
            ],
            [
              3913.0,
              850.0
            ],
            [
              3907.0,
              843.0
            ],
            [
              3907.0,
              840.0
            ],
            [
              3904.0,
              837.0
            ],
            [
              3904.0,
              834.0
            ],
            [
              3900.0,
              831.0
            ],
            [
              3900.0,
              828.0
            ],
            [
              3875.0,
              828.0
            ]
          ]
        ]
      },
      "properties": {
        "parcel_id": "CAD-0091",
        "feature_type": "Building",
        "land_use": "Residential",
        "category": "Structure",
        "color_hex": "#FF3232",
        "area_px": 1777.5,
        "area_sqm": 11.38,
        "area_hectares": 0.0011,
        "area_acres": 0.0028,
        "area_gaj": 13.61,
        "perimeter_m": 13.47,
        "vertex_count": 18,
        "confidence": 0.88,
        "verification_status": "Verified"
      }
    },
    {
      "type": "Feature",
      "id": "CAD-0092",
      "geometry": {
        "type": "Polygon",
        "coordinates": [
          [
            [
              1759.0,
              1841.0
            ],
            [
              1741.0,
              1794.0
            ],
            [
              1678.0,
              1781.0
            ],
            [
              1506.0,
              1887.0
            ],
            [
              1475.0,
              1684.0
            ],
            [
              1444.0,
              1697.0
            ],
            [
              1453.0,
              1775.0
            ],
            [
              1372.0,
              1812.0
            ],
            [
              1350.0,
              1684.0
            ],
            [
              1272.0,
              1684.0
            ],
            [
              1297.0,
              1728.0
            ],
            [
              1206.0,
              1762.0
            ],
            [
              1231.0,
              1684.0
            ],
            [
              1415.0,
              1706.0
            ],
            [
              1437.0,
              1762.0
            ],
            [
              1684.0,
              1766.0
            ],
            [
              1425.0,
              1766.0
            ],
            [
              1397.0,
              1712.0
            ],
            [
              1069.0,
              1684.0
            ],
            [
              956.0,
              1744.0
            ],
            [
              968.0,
              1837.0
            ],
            [
              1031.0,
              1906.0
            ],
            [
              1162.0,
              1869.0
            ],
            [
              1428.0,
              1934.0
            ],
            [
              1706.0,
              1937.0
            ],
            [
              1700.0,
              1872.0
            ],
            [
              1759.0,
              1841.0
            ]
          ]
        ]
      },
      "properties": {
        "parcel_id": "CAD-0092",
        "feature_type": "Building",
        "land_use": "Residential",
        "category": "Structure",
        "color_hex": "#FF3232",
        "area_px": 117755.0,
        "area_sqm": 753.63,
        "area_hectares": 0.0754,
        "area_acres": 0.1862,
        "area_gaj": 901.34,
        "perimeter_m": 274.99,
        "vertex_count": 27,
        "confidence": 0.88,
        "verification_status": "Verified"
      }
    },
    {
      "type": "Feature",
      "id": "CAD-0093",
      "geometry": {
        "type": "Polygon",
        "coordinates": [
          [
            [
              1490.0,
              1731.0
            ],
            [
              1453.0,
              1741.0
            ],
            [
              1409.0,
              1731.0
            ],
            [
              1428.0,
              1750.0
            ],
            [
              1453.0,
              1741.0
            ],
            [
              1462.0,
              1759.0
            ],
            [
              1365.0,
              1825.0
            ],
            [
              1347.0,
              1806.0
            ],
            [
              1334.0,
              1731.0
            ],
            [
              1281.0,
              1737.0
            ],
            [
              1209.0,
              1797.0
            ],
            [
              1200.0,
              1731.0
            ],
            [
              1178.0,
              1731.0
            ],
            [
              1178.0,
              1891.0
            ],
            [
              1225.0,
              1878.0
            ],
            [
              1340.0,
              1916.0
            ],
            [
              1494.0,
              1922.0
            ],
            [
              1494.0,
              1797.0
            ],
            [
              1478.0,
              1775.0
            ],
            [
              1490.0,
              1731.0
            ]
          ]
        ]
      },
      "properties": {
        "parcel_id": "CAD-0093",
        "feature_type": "Building",
        "land_use": "Residential",
        "category": "Structure",
        "color_hex": "#FF3232",
        "area_px": 44676.5,
        "area_sqm": 285.93,
        "area_hectares": 0.0286,
        "area_acres": 0.0707,
        "area_gaj": 341.97,
        "perimeter_m": 103.53,
        "vertex_count": 20,
        "confidence": 0.88,
        "verification_status": "Verified"
      }
    },
    {
      "type": "Feature",
      "id": "CAD-0094",
      "geometry": {
        "type": "Polygon",
        "coordinates": [
          [
            [
              3.0,
              465.0
            ],
            [
              3.0,
              643.0
            ],
            [
              68.0,
              634.0
            ],
            [
              178.0,
              537.0
            ],
            [
              178.0,
              597.0
            ],
            [
              268.0,
              597.0
            ],
            [
              262.0,
              531.0
            ],
            [
              287.0,
              506.0
            ],
            [
              390.0,
              543.0
            ],
            [
              421.0,
              590.0
            ],
            [
              459.0,
              600.0
            ],
            [
              481.0,
              537.0
            ],
            [
              446.0,
              522.0
            ],
            [
              471.0,
              421.0
            ],
            [
              331.0,
              390.0
            ],
            [
              271.0,
              481.0
            ],
            [
              193.0,
              334.0
            ],
            [
              125.0,
              337.0
            ],
            [
              112.0,
              353.0
            ],
            [
              134.0,
              406.0
            ],
            [
              3.0,
              465.0
            ]
          ]
        ]
      },
      "properties": {
        "parcel_id": "CAD-0094",
        "feature_type": "Building",
        "land_use": "Residential",
        "category": "Structure",
        "color_hex": "#FF3232",
        "area_px": 80247.0,
        "area_sqm": 513.58,
        "area_hectares": 0.0514,
        "area_acres": 0.1269,
        "area_gaj": 614.24,
        "perimeter_m": 141.15,
        "vertex_count": 21,
        "confidence": 0.88,
        "verification_status": "Verified"
      }
    },
    {
      "type": "Feature",
      "id": "CAD-0095",
      "geometry": {
        "type": "Polygon",
        "coordinates": [
          [
            [
              3310.0,
              2191.0
            ],
            [
              3310.0,
              2216.0
            ],
            [
              3319.0,
              2225.0
            ],
            [
              3322.0,
              2225.0
            ],
            [
              3332.0,
              2234.0
            ],
            [
              3338.0,
              2234.0
            ],
            [
              3357.0,
              2216.0
            ],
            [
              3357.0,
              2213.0
            ],
            [
              3353.0,
              2209.0
            ],
            [
              3353.0,
              2203.0
            ],
            [
              3341.0,
              2191.0
            ],
            [
              3310.0,
              2191.0
            ]
          ]
        ]
      },
      "properties": {
        "parcel_id": "CAD-0095",
        "feature_type": "Building",
        "land_use": "Residential",
        "category": "Structure",
        "color_hex": "#FF3232",
        "area_px": 1504.5,
        "area_sqm": 9.63,
        "area_hectares": 0.001,
        "area_acres": 0.0024,
        "area_gaj": 11.52,
        "perimeter_m": 11.92,
        "vertex_count": 12,
        "confidence": 0.88,
        "verification_status": "Verified"
      }
    },
    {
      "type": "Feature",
      "id": "CAD-0096",
      "geometry": {
        "type": "Polygon",
        "coordinates": [
          [
            [
              3233.0,
              2664.0
            ],
            [
              3194.0,
              2664.0
            ],
            [
              3167.0,
              2652.0
            ],
            [
              3167.0,
              2649.0
            ],
            [
              3222.0,
              2639.0
            ],
            [
              3228.0,
              2646.0
            ],
            [
              3233.0,
              2664.0
            ]
          ]
        ]
      },
      "properties": {
        "parcel_id": "CAD-0096",
        "feature_type": "Tree / Forest",
        "land_use": "Vacant",
        "category": "Vegetation",
        "color_hex": "#00B400",
        "area_px": 859.5,
        "area_sqm": 5.5,
        "area_hectares": 0.0006,
        "area_acres": 0.0014,
        "area_gaj": 6.58,
        "perimeter_m": 12.43,
        "vertex_count": 7,
        "confidence": 0.85,
        "verification_status": "Pending Review"
      }
    },
    {
      "type": "Feature",
      "id": "CAD-0097",
      "geometry": {
        "type": "Polygon",
        "coordinates": [
          [
            [
              3192.0,
              2598.0
            ],
            [
              3196.0,
              2601.0
            ],
            [
              3198.0,
              2605.0
            ],
            [
              3198.0,
              2611.0
            ],
            [
              3191.0,
              2621.0
            ],
            [
              3187.0,
              2623.0
            ],
            [
              3181.0,
              2623.0
            ],
            [
              3177.0,
              2620.0
            ],
            [
              3171.0,
              2608.0
            ],
            [
              3173.0,
              2601.0
            ],
            [
              3176.0,
              2599.0
            ],
            [
              3180.0,
              2598.0
            ],
            [
              3192.0,
              2598.0
            ]
          ]
        ]
      },
      "properties": {
        "parcel_id": "CAD-0097",
        "feature_type": "Tree / Forest",
        "land_use": "Vacant",
        "category": "Vegetation",
        "color_hex": "#00B400",
        "area_px": 504.5,
        "area_sqm": 3.23,
        "area_hectares": 0.0003,
        "area_acres": 0.0008,
        "area_gaj": 3.86,
        "perimeter_m": 6.69,
        "vertex_count": 13,
        "confidence": 0.85,
        "verification_status": "Pending Review"
      }
    },
    {
      "type": "Feature",
      "id": "CAD-0098",
      "geometry": {
        "type": "Polygon",
        "coordinates": [
          [
            [
              1905.0,
              2587.0
            ],
            [
              1904.0,
              2592.0
            ],
            [
              1870.0,
              2613.0
            ],
            [
              1847.0,
              2608.0
            ],
            [
              1839.0,
              2604.0
            ],
            [
              1844.0,
              2592.0
            ],
            [
              1858.0,
              2582.0
            ],
            [
              1900.0,
              2582.0
            ],
            [
              1905.0,
              2587.0
            ]
          ]
        ]
      },
      "properties": {
        "parcel_id": "CAD-0098",
        "feature_type": "Tree / Forest",
        "land_use": "Vacant",
        "category": "Vegetation",
        "color_hex": "#00B400",
        "area_px": 1125.0,
        "area_sqm": 7.2,
        "area_hectares": 0.0007,
        "area_acres": 0.0018,
        "area_gaj": 8.61,
        "perimeter_m": 12.55,
        "vertex_count": 9,
        "confidence": 0.85,
        "verification_status": "Pending Review"
      }
    },
    {
      "type": "Feature",
      "id": "CAD-0099",
      "geometry": {
        "type": "Polygon",
        "coordinates": [
          [
            [
              3354.0,
              2581.0
            ],
            [
              3356.0,
              2602.0
            ],
            [
              3348.0,
              2622.0
            ],
            [
              3295.0,
              2664.0
            ],
            [
              3275.0,
              2664.0
            ],
            [
              3255.0,
              2658.0
            ],
            [
              3253.0,
              2633.0
            ],
            [
              3345.0,
              2576.0
            ],
            [
              3354.0,
              2581.0
            ]
          ]
        ]
      },
      "properties": {
        "parcel_id": "CAD-0099",
        "feature_type": "Tree / Forest",
        "land_use": "Vacant",
        "category": "Vegetation",
        "color_hex": "#00B400",
        "area_px": 2673.0,
        "area_sqm": 17.11,
        "area_hectares": 0.0017,
        "area_acres": 0.0042,
        "area_gaj": 20.46,
        "perimeter_m": 23.58,
        "vertex_count": 9,
        "confidence": 0.85,
        "verification_status": "Pending Review"
      }
    },
    {
      "type": "Feature",
      "id": "CAD-0100",
      "geometry": {
        "type": "Polygon",
        "coordinates": [
          [
            [
              3863.0,
              2545.0
            ],
            [
              3863.0,
              2562.0
            ],
            [
              3853.0,
              2601.0
            ],
            [
              3833.0,
              2604.0
            ],
            [
              3792.0,
              2604.0
            ],
            [
              3788.0,
              2593.0
            ],
            [
              3799.0,
              2581.0
            ],
            [
              3815.0,
              2568.0
            ],
            [
              3863.0,
              2545.0
            ]
          ]
        ]
      },
      "properties": {
        "parcel_id": "CAD-0100",
        "feature_type": "Tree / Forest",
        "land_use": "Vacant",
        "category": "Vegetation",
        "color_hex": "#00B400",
        "area_px": 2272.5,
        "area_sqm": 14.54,
        "area_hectares": 0.0015,
        "area_acres": 0.0036,
        "area_gaj": 17.39,
        "perimeter_m": 17.62,
        "vertex_count": 9,
        "confidence": 0.85,
        "verification_status": "Pending Review"
      }
    },
    {
      "type": "Feature",
      "id": "CAD-0101",
      "geometry": {
        "type": "Polygon",
        "coordinates": [
          [
            [
              1167.0,
              2511.0
            ],
            [
              1166.0,
              2515.0
            ],
            [
              1143.0,
              2527.0
            ],
            [
              1098.0,
              2533.0
            ],
            [
              1093.0,
              2531.0
            ],
            [
              1083.0,
              2518.0
            ],
            [
              1083.0,
              2512.0
            ],
            [
              1117.0,
              2496.0
            ],
            [
              1131.0,
              2496.0
            ],
            [
              1161.0,
              2505.0
            ],
            [
              1167.0,
              2511.0
            ]
          ]
        ]
      },
      "properties": {
        "parcel_id": "CAD-0101",
        "feature_type": "Tree / Forest",
        "land_use": "Vacant",
        "category": "Vegetation",
        "color_hex": "#00B400",
        "area_px": 1513.0,
        "area_sqm": 9.68,
        "area_hectares": 0.001,
        "area_acres": 0.0024,
        "area_gaj": 11.58,
        "perimeter_m": 15.57,
        "vertex_count": 11,
        "confidence": 0.85,
        "verification_status": "Pending Review"
      }
    },
    {
      "type": "Feature",
      "id": "CAD-0102",
      "geometry": {
        "type": "Polygon",
        "coordinates": [
          [
            [
              2365.0,
              2396.0
            ],
            [
              2369.0,
              2396.0
            ],
            [
              2402.0,
              2424.0
            ],
            [
              2396.0,
              2438.0
            ],
            [
              2393.0,
              2441.0
            ],
            [
              2389.0,
              2441.0
            ],
            [
              2365.0,
              2417.0
            ],
            [
              2363.0,
              2402.0
            ],
            [
              2365.0,
              2396.0
            ]
          ]
        ]
      },
      "properties": {
        "parcel_id": "CAD-0102",
        "feature_type": "Tree / Forest",
        "land_use": "Vacant",
        "category": "Vegetation",
        "color_hex": "#00B400",
        "area_px": 488.5,
        "area_sqm": 3.13,
        "area_hectares": 0.0003,
        "area_acres": 0.0008,
        "area_gaj": 3.74,
        "perimeter_m": 10.09,
        "vertex_count": 9,
        "confidence": 0.85,
        "verification_status": "Pending Review"
      }
    },
    {
      "type": "Feature",
      "id": "CAD-0103",
      "geometry": {
        "type": "Polygon",
        "coordinates": [
          [
            [
              3403.0,
              2361.0
            ],
            [
              3406.0,
              2359.0
            ],
            [
              3416.0,
              2361.0
            ],
            [
              3430.0,
              2374.0
            ],
            [
              3430.0,
              2376.0
            ],
            [
              3426.0,
              2379.0
            ],
            [
              3410.0,
              2382.0
            ],
            [
              3400.0,
              2374.0
            ],
            [
              3400.0,
              2369.0
            ],
            [
              3403.0,
              2361.0
            ]
          ]
        ]
      },
      "properties": {
        "parcel_id": "CAD-0103",
        "feature_type": "Tree / Forest",
        "land_use": "Vacant",
        "category": "Vegetation",
        "color_hex": "#00B400",
        "area_px": 405.0,
        "area_sqm": 2.59,
        "area_hectares": 0.0003,
        "area_acres": 0.0006,
        "area_gaj": 3.1,
        "perimeter_m": 6.6,
        "vertex_count": 10,
        "confidence": 0.85,
        "verification_status": "Pending Review"
      }
    },
    {
      "type": "Feature",
      "id": "CAD-0104",
      "geometry": {
        "type": "Polygon",
        "coordinates": [
          [
            [
              3350.0,
              2356.0
            ],
            [
              3359.0,
              2367.0
            ],
            [
              3359.0,
              2370.0
            ],
            [
              3344.0,
              2399.0
            ],
            [
              3335.0,
              2400.0
            ],
            [
              3317.0,
              2379.0
            ],
            [
              3319.0,
              2365.0
            ],
            [
              3350.0,
              2356.0
            ]
          ]
        ]
      },
      "properties": {
        "parcel_id": "CAD-0104",
        "feature_type": "Tree / Forest",
        "land_use": "Vacant",
        "category": "Vegetation",
        "color_hex": "#00B400",
        "area_px": 887.0,
        "area_sqm": 5.68,
        "area_hectares": 0.0006,
        "area_acres": 0.0014,
        "area_gaj": 6.79,
        "perimeter_m": 10.64,
        "vertex_count": 8,
        "confidence": 0.85,
        "verification_status": "Pending Review"
      }
    },
    {
      "type": "Feature",
      "id": "CAD-0105",
      "geometry": {
        "type": "Polygon",
        "coordinates": [
          [
            [
              2249.0,
              2323.0
            ],
            [
              2249.0,
              2327.0
            ],
            [
              2211.0,
              2343.0
            ],
            [
              2209.0,
              2342.0
            ],
            [
              2207.0,
              2334.0
            ],
            [
              2215.0,
              2321.0
            ],
            [
              2222.0,
              2318.0
            ],
            [
              2240.0,
              2317.0
            ],
            [
              2249.0,
              2323.0
            ]
          ]
        ]
      },
      "properties": {
        "parcel_id": "CAD-0105",
        "feature_type": "Tree / Forest",
        "land_use": "Vacant",
        "category": "Vegetation",
        "color_hex": "#00B400",
        "area_px": 415.0,
        "area_sqm": 2.66,
        "area_hectares": 0.0003,
        "area_acres": 0.0007,
        "area_gaj": 3.18,
        "perimeter_m": 8.6,
        "vertex_count": 9,
        "confidence": 0.85,
        "verification_status": "Pending Review"
      }
    },
    {
      "type": "Feature",
      "id": "CAD-0106",
      "geometry": {
        "type": "Polygon",
        "coordinates": [
          [
            [
              2352.0,
              2212.0
            ],
            [
              2358.0,
              2203.0
            ],
            [
              2365.0,
              2199.0
            ],
            [
              2383.0,
              2210.0
            ],
            [
              2403.0,
              2227.0
            ],
            [
              2404.0,
              2233.0
            ],
            [
              2401.0,
              2236.0
            ],
            [
              2352.0,
              2216.0
            ],
            [
              2352.0,
              2212.0
            ]
          ]
        ]
      },
      "properties": {
        "parcel_id": "CAD-0106",
        "feature_type": "Tree / Forest",
        "land_use": "Vacant",
        "category": "Vegetation",
        "color_hex": "#00B400",
        "area_px": 531.0,
        "area_sqm": 3.4,
        "area_hectares": 0.0003,
        "area_acres": 0.0008,
        "area_gaj": 4.07,
        "perimeter_m": 10.68,
        "vertex_count": 9,
        "confidence": 0.85,
        "verification_status": "Pending Review"
      }
    },
    {
      "type": "Feature",
      "id": "CAD-0107",
      "geometry": {
        "type": "Polygon",
        "coordinates": [
          [
            [
              1444.0,
              2169.0
            ],
            [
              1447.0,
              2171.0
            ],
            [
              1455.0,
              2183.0
            ],
            [
              1455.0,
              2192.0
            ],
            [
              1447.0,
              2198.0
            ],
            [
              1436.0,
              2198.0
            ],
            [
              1434.0,
              2197.0
            ],
            [
              1430.0,
              2186.0
            ],
            [
              1430.0,
              2181.0
            ],
            [
              1441.0,
              2170.0
            ],
            [
              1444.0,
              2169.0
            ]
          ]
        ]
      },
      "properties": {
        "parcel_id": "CAD-0107",
        "feature_type": "Tree / Forest",
        "land_use": "Vacant",
        "category": "Vegetation",
        "color_hex": "#00B400",
        "area_px": 457.5,
        "area_sqm": 2.93,
        "area_hectares": 0.0003,
        "area_acres": 0.0007,
        "area_gaj": 3.5,
        "perimeter_m": 6.85,
        "vertex_count": 11,
        "confidence": 0.85,
        "verification_status": "Pending Review"
      }
    },
    {
      "type": "Feature",
      "id": "CAD-0108",
      "geometry": {
        "type": "Polygon",
        "coordinates": [
          [
            [
              40.0,
              2167.0
            ],
            [
              42.0,
              2166.0
            ],
            [
              48.0,
              2167.0
            ],
            [
              81.0,
              2183.0
            ],
            [
              81.0,
              2186.0
            ],
            [
              78.0,
              2188.0
            ],
            [
              44.0,
              2187.0
            ],
            [
              40.0,
              2185.0
            ],
            [
              39.0,
              2177.0
            ],
            [
              40.0,
              2167.0
            ]
          ]
        ]
      },
      "properties": {
        "parcel_id": "CAD-0108",
        "feature_type": "Tree / Forest",
        "land_use": "Vacant",
        "category": "Vegetation",
        "color_hex": "#00B400",
        "area_px": 437.0,
        "area_sqm": 2.8,
        "area_hectares": 0.0003,
        "area_acres": 0.0007,
        "area_gaj": 3.35,
        "perimeter_m": 8.66,
        "vertex_count": 10,
        "confidence": 0.85,
        "verification_status": "Pending Review"
      }
    },
    {
      "type": "Feature",
      "id": "CAD-0109",
      "geometry": {
        "type": "Polygon",
        "coordinates": [
          [
            [
              3737.0,
              2158.0
            ],
            [
              3757.0,
              2165.0
            ],
            [
              3761.0,
              2172.0
            ],
            [
              3755.0,
              2202.0
            ],
            [
              3743.0,
              2207.0
            ],
            [
              3740.0,
              2206.0
            ],
            [
              3732.0,
              2197.0
            ],
            [
              3727.0,
              2169.0
            ],
            [
              3737.0,
              2158.0
            ]
          ]
        ]
      },
      "properties": {
        "parcel_id": "CAD-0109",
        "feature_type": "Tree / Forest",
        "land_use": "Vacant",
        "category": "Vegetation",
        "color_hex": "#00B400",
        "area_px": 817.5,
        "area_sqm": 5.23,
        "area_hectares": 0.0005,
        "area_acres": 0.0013,
        "area_gaj": 6.26,
        "perimeter_m": 10.51,
        "vertex_count": 9,
        "confidence": 0.85,
        "verification_status": "Pending Review"
      }
    },
    {
      "type": "Feature",
      "id": "CAD-0110",
      "geometry": {
        "type": "Polygon",
        "coordinates": [
          [
            [
              3718.0,
              2081.0
            ],
            [
              3714.0,
              2089.0
            ],
            [
              3660.0,
              2136.0
            ],
            [
              3636.0,
              2115.0
            ],
            [
              3635.0,
              2109.0
            ],
            [
              3647.0,
              2073.0
            ],
            [
              3694.0,
              2067.0
            ],
            [
              3706.0,
              2070.0
            ],
            [
              3718.0,
              2081.0
            ]
          ]
        ]
      },
      "properties": {
        "parcel_id": "CAD-0110",
        "feature_type": "Tree / Forest",
        "land_use": "Vacant",
        "category": "Vegetation",
        "color_hex": "#00B400",
        "area_px": 1292.0,
        "area_sqm": 8.27,
        "area_hectares": 0.0008,
        "area_acres": 0.002,
        "area_gaj": 9.89,
        "perimeter_m": 18.6,
        "vertex_count": 9,
        "confidence": 0.85,
        "verification_status": "Pending Review"
      }
    },
    {
      "type": "Feature",
      "id": "CAD-0111",
      "geometry": {
        "type": "Polygon",
        "coordinates": [
          [
            [
              3607.0,
              2023.0
            ],
            [
              3622.0,
              2028.0
            ],
            [
              3649.0,
              2057.0
            ],
            [
              3642.0,
              2072.0
            ],
            [
              3617.0,
              2093.0
            ],
            [
              3610.0,
              2088.0
            ],
            [
              3600.0,
              2057.0
            ],
            [
              3603.0,
              2027.0
            ],
            [
              3607.0,
              2023.0
            ]
          ]
        ]
      },
      "properties": {
        "parcel_id": "CAD-0111",
        "feature_type": "Tree / Forest",
        "land_use": "Vacant",
        "category": "Vegetation",
        "color_hex": "#00B400",
        "area_px": 1562.5,
        "area_sqm": 10.0,
        "area_hectares": 0.001,
        "area_acres": 0.0025,
        "area_gaj": 11.96,
        "perimeter_m": 14.53,
        "vertex_count": 9,
        "confidence": 0.85,
        "verification_status": "Pending Review"
      }
    },
    {
      "type": "Feature",
      "id": "CAD-0112",
      "geometry": {
        "type": "Polygon",
        "coordinates": [
          [
            [
              3858.0,
              1731.0
            ],
            [
              3825.0,
              1791.0
            ],
            [
              3812.0,
              1791.0
            ],
            [
              3789.0,
              1778.0
            ],
            [
              3798.0,
              1763.0
            ],
            [
              3841.0,
              1729.0
            ],
            [
              3858.0,
              1731.0
            ]
          ]
        ]
      },
      "properties": {
        "parcel_id": "CAD-0112",
        "feature_type": "Tree / Forest",
        "land_use": "Vacant",
        "category": "Vegetation",
        "color_hex": "#00B400",
        "area_px": 1375.5,
        "area_sqm": 8.8,
        "area_hectares": 0.0009,
        "area_acres": 0.0022,
        "area_gaj": 10.52,
        "perimeter_m": 15.79,
        "vertex_count": 7,
        "confidence": 0.85,
        "verification_status": "Pending Review"
      }
    },
    {
      "type": "Feature",
      "id": "CAD-0113",
      "geometry": {
        "type": "Polygon",
        "coordinates": [
          [
            [
              3028.0,
              1526.0
            ],
            [
              3024.0,
              1538.0
            ],
            [
              3017.0,
              1540.0
            ],
            [
              2997.0,
              1535.0
            ],
            [
              2998.0,
              1530.0
            ],
            [
              3004.0,
              1522.0
            ],
            [
              3015.0,
              1514.0
            ],
            [
              3028.0,
              1526.0
            ]
          ]
        ]
      },
      "properties": {
        "parcel_id": "CAD-0113",
        "feature_type": "Tree / Forest",
        "land_use": "Vacant",
        "category": "Vegetation",
        "color_hex": "#00B400",
        "area_px": 418.0,
        "area_sqm": 2.68,
        "area_hectares": 0.0003,
        "area_acres": 0.0007,
        "area_gaj": 3.21,
        "perimeter_m": 6.95,
        "vertex_count": 8,
        "confidence": 0.85,
        "verification_status": "Pending Review"
      }
    },
    {
      "type": "Feature",
      "id": "CAD-0114",
      "geometry": {
        "type": "Polygon",
        "coordinates": [
          [
            [
              340.0,
              1404.0
            ],
            [
              347.0,
              1403.0
            ],
            [
              363.0,
              1415.0
            ],
            [
              388.0,
              1443.0
            ],
            [
              386.0,
              1450.0
            ],
            [
              381.0,
              1450.0
            ],
            [
              351.0,
              1421.0
            ],
            [
              340.0,
              1408.0
            ],
            [
              340.0,
              1404.0
            ]
          ]
        ]
      },
      "properties": {
        "parcel_id": "CAD-0114",
        "feature_type": "Tree / Forest",
        "land_use": "Vacant",
        "category": "Vegetation",
        "color_hex": "#00B400",
        "area_px": 598.0,
        "area_sqm": 3.83,
        "area_hectares": 0.0004,
        "area_acres": 0.0009,
        "area_gaj": 4.58,
        "perimeter_m": 11.17,
        "vertex_count": 9,
        "confidence": 0.85,
        "verification_status": "Pending Review"
      }
    },
    {
      "type": "Feature",
      "id": "CAD-0115",
      "geometry": {
        "type": "Polygon",
        "coordinates": [
          [
            [
              3018.0,
              1312.0
            ],
            [
              3016.0,
              1334.0
            ],
            [
              3008.0,
              1338.0
            ],
            [
              2967.0,
              1323.0
            ],
            [
              2967.0,
              1320.0
            ],
            [
              2975.0,
              1314.0
            ],
            [
              3007.0,
              1310.0
            ],
            [
              3018.0,
              1312.0
            ]
          ]
        ]
      },
      "properties": {
        "parcel_id": "CAD-0115",
        "feature_type": "Tree / Forest",
        "land_use": "Vacant",
        "category": "Vegetation",
        "color_hex": "#00B400",
        "area_px": 593.0,
        "area_sqm": 3.8,
        "area_hectares": 0.0004,
        "area_acres": 0.0009,
        "area_gaj": 4.54,
        "perimeter_m": 10.49,
        "vertex_count": 8,
        "confidence": 0.85,
        "verification_status": "Pending Review"
      }
    },
    {
      "type": "Feature",
      "id": "CAD-0116",
      "geometry": {
        "type": "Polygon",
        "coordinates": [
          [
            [
              2888.0,
              1068.0
            ],
            [
              2893.0,
              1071.0
            ],
            [
              2893.0,
              1080.0
            ],
            [
              2890.0,
              1096.0
            ],
            [
              2888.0,
              1097.0
            ],
            [
              2882.0,
              1097.0
            ],
            [
              2868.0,
              1086.0
            ],
            [
              2868.0,
              1083.0
            ],
            [
              2881.0,
              1072.0
            ],
            [
              2888.0,
              1068.0
            ]
          ]
        ]
      },
      "properties": {
        "parcel_id": "CAD-0116",
        "feature_type": "Tree / Forest",
        "land_use": "Vacant",
        "category": "Vegetation",
        "color_hex": "#00B400",
        "area_px": 406.0,
        "area_sqm": 2.6,
        "area_hectares": 0.0003,
        "area_acres": 0.0006,
        "area_gaj": 3.11,
        "perimeter_m": 6.82,
        "vertex_count": 10,
        "confidence": 0.85,
        "verification_status": "Pending Review"
      }
    },
    {
      "type": "Feature",
      "id": "CAD-0117",
      "geometry": {
        "type": "Polygon",
        "coordinates": [
          [
            [
              3022.0,
              968.0
            ],
            [
              3019.0,
              974.0
            ],
            [
              2984.0,
              1005.0
            ],
            [
              2946.0,
              1018.0
            ],
            [
              2936.0,
              1012.0
            ],
            [
              2952.0,
              980.0
            ],
            [
              3017.0,
              966.0
            ],
            [
              3022.0,
              968.0
            ]
          ]
        ]
      },
      "properties": {
        "parcel_id": "CAD-0117",
        "feature_type": "Tree / Forest",
        "land_use": "Vacant",
        "category": "Vegetation",
        "color_hex": "#00B400",
        "area_px": 1325.5,
        "area_sqm": 8.48,
        "area_hectares": 0.0008,
        "area_acres": 0.0021,
        "area_gaj": 10.14,
        "perimeter_m": 17.04,
        "vertex_count": 8,
        "confidence": 0.85,
        "verification_status": "Pending Review"
      }
    },
    {
      "type": "Feature",
      "id": "CAD-0118",
      "geometry": {
        "type": "Polygon",
        "coordinates": [
          [
            [
              2892.0,
              717.0
            ],
            [
              2892.0,
              719.0
            ],
            [
              2885.0,
              725.0
            ],
            [
              2852.0,
              748.0
            ],
            [
              2849.0,
              749.0
            ],
            [
              2843.0,
              745.0
            ],
            [
              2843.0,
              741.0
            ],
            [
              2876.0,
              717.0
            ],
            [
              2885.0,
              714.0
            ],
            [
              2892.0,
              717.0
            ]
          ]
        ]
      },
      "properties": {
        "parcel_id": "CAD-0118",
        "feature_type": "Tree / Forest",
        "land_use": "Vacant",
        "category": "Vegetation",
        "color_hex": "#00B400",
        "area_px": 466.0,
        "area_sqm": 2.98,
        "area_hectares": 0.0003,
        "area_acres": 0.0007,
        "area_gaj": 3.56,
        "perimeter_m": 9.9,
        "vertex_count": 10,
        "confidence": 0.85,
        "verification_status": "Pending Review"
      }
    },
    {
      "type": "Feature",
      "id": "CAD-0119",
      "geometry": {
        "type": "Polygon",
        "coordinates": [
          [
            [
              3784.0,
              684.0
            ],
            [
              3783.0,
              697.0
            ],
            [
              3781.0,
              702.0
            ],
            [
              3772.0,
              712.0
            ],
            [
              3770.0,
              713.0
            ],
            [
              3761.0,
              707.0
            ],
            [
              3760.0,
              704.0
            ],
            [
              3760.0,
              692.0
            ],
            [
              3765.0,
              688.0
            ],
            [
              3782.0,
              683.0
            ],
            [
              3784.0,
              684.0
            ]
          ]
        ]
      },
      "properties": {
        "parcel_id": "CAD-0119",
        "feature_type": "Tree / Forest",
        "land_use": "Vacant",
        "category": "Vegetation",
        "color_hex": "#00B400",
        "area_px": 444.0,
        "area_sqm": 2.84,
        "area_hectares": 0.0003,
        "area_acres": 0.0007,
        "area_gaj": 3.4,
        "perimeter_m": 6.92,
        "vertex_count": 11,
        "confidence": 0.85,
        "verification_status": "Pending Review"
      }
    },
    {
      "type": "Feature",
      "id": "CAD-0120",
      "geometry": {
        "type": "Polygon",
        "coordinates": [
          [
            [
              2684.0,
              510.0
            ],
            [
              2692.0,
              513.0
            ],
            [
              2695.0,
              570.0
            ],
            [
              2693.0,
              571.0
            ],
            [
              2678.0,
              565.0
            ],
            [
              2672.0,
              556.0
            ],
            [
              2669.0,
              545.0
            ],
            [
              2669.0,
              523.0
            ],
            [
              2684.0,
              510.0
            ]
          ]
        ]
      },
      "properties": {
        "parcel_id": "CAD-0120",
        "feature_type": "Tree / Forest",
        "land_use": "Vacant",
        "category": "Vegetation",
        "color_hex": "#00B400",
        "area_px": 803.5,
        "area_sqm": 5.14,
        "area_hectares": 0.0005,
        "area_acres": 0.0013,
        "area_gaj": 6.15,
        "perimeter_m": 11.85,
        "vertex_count": 9,
        "confidence": 0.85,
        "verification_status": "Pending Review"
      }
    },
    {
      "type": "Feature",
      "id": "CAD-0121",
      "geometry": {
        "type": "Polygon",
        "coordinates": [
          [
            [
              3591.0,
              483.0
            ],
            [
              3591.0,
              488.0
            ],
            [
              3562.0,
              511.0
            ],
            [
              3557.0,
              510.0
            ],
            [
              3556.0,
              507.0
            ],
            [
              3556.0,
              486.0
            ],
            [
              3569.0,
              481.0
            ],
            [
              3591.0,
              483.0
            ]
          ]
        ]
      },
      "properties": {
        "parcel_id": "CAD-0121",
        "feature_type": "Tree / Forest",
        "land_use": "Vacant",
        "category": "Vegetation",
        "color_hex": "#00B400",
        "area_px": 448.5,
        "area_sqm": 2.87,
        "area_hectares": 0.0003,
        "area_acres": 0.0007,
        "area_gaj": 3.43,
        "perimeter_m": 8.58,
        "vertex_count": 8,
        "confidence": 0.85,
        "verification_status": "Pending Review"
      }
    },
    {
      "type": "Feature",
      "id": "CAD-0122",
      "geometry": {
        "type": "Polygon",
        "coordinates": [
          [
            [
              2802.0,
              426.0
            ],
            [
              2803.0,
              464.0
            ],
            [
              2799.0,
              466.0
            ],
            [
              2775.0,
              462.0
            ],
            [
              2770.0,
              459.0
            ],
            [
              2770.0,
              457.0
            ],
            [
              2789.0,
              433.0
            ],
            [
              2800.0,
              425.0
            ],
            [
              2802.0,
              426.0
            ]
          ]
        ]
      },
      "properties": {
        "parcel_id": "CAD-0122",
        "feature_type": "Tree / Forest",
        "land_use": "Vacant",
        "category": "Vegetation",
        "color_hex": "#00B400",
        "area_px": 436.5,
        "area_sqm": 2.79,
        "area_hectares": 0.0003,
        "area_acres": 0.0007,
        "area_gaj": 3.34,
        "perimeter_m": 9.69,
        "vertex_count": 9,
        "confidence": 0.85,
        "verification_status": "Pending Review"
      }
    },
    {
      "type": "Feature",
      "id": "CAD-0123",
      "geometry": {
        "type": "Polygon",
        "coordinates": [
          [
            [
              3063.0,
              358.0
            ],
            [
              3063.0,
              363.0
            ],
            [
              3058.0,
              389.0
            ],
            [
              3054.0,
              391.0
            ],
            [
              3040.0,
              388.0
            ],
            [
              3037.0,
              385.0
            ],
            [
              3037.0,
              377.0
            ],
            [
              3041.0,
              369.0
            ],
            [
              3054.0,
              356.0
            ],
            [
              3057.0,
              355.0
            ],
            [
              3063.0,
              358.0
            ]
          ]
        ]
      },
      "properties": {
        "parcel_id": "CAD-0123",
        "feature_type": "Tree / Forest",
        "land_use": "Vacant",
        "category": "Vegetation",
        "color_hex": "#00B400",
        "area_px": 462.5,
        "area_sqm": 2.96,
        "area_hectares": 0.0003,
        "area_acres": 0.0007,
        "area_gaj": 3.54,
        "perimeter_m": 7.98,
        "vertex_count": 11,
        "confidence": 0.85,
        "verification_status": "Pending Review"
      }
    },
    {
      "type": "Feature",
      "id": "CAD-0124",
      "geometry": {
        "type": "Polygon",
        "coordinates": [
          [
            [
              2370.0,
              423.0
            ],
            [
              2365.0,
              426.0
            ],
            [
              2324.0,
              408.0
            ],
            [
              2285.0,
              367.0
            ],
            [
              2285.0,
              363.0
            ],
            [
              2301.0,
              351.0
            ],
            [
              2383.0,
              372.0
            ],
            [
              2370.0,
              423.0
            ]
          ]
        ]
      },
      "properties": {
        "parcel_id": "CAD-0124",
        "feature_type": "Tree / Forest",
        "land_use": "Vacant",
        "category": "Vegetation",
        "color_hex": "#00B400",
        "area_px": 1869.5,
        "area_sqm": 11.96,
        "area_hectares": 0.0012,
        "area_acres": 0.003,
        "area_gaj": 14.3,
        "perimeter_m": 21.48,
        "vertex_count": 8,
        "confidence": 0.85,
        "verification_status": "Pending Review"
      }
    },
    {
      "type": "Feature",
      "id": "CAD-0125",
      "geometry": {
        "type": "Polygon",
        "coordinates": [
          [
            [
              2732.0,
              330.0
            ],
            [
              2740.0,
              330.0
            ],
            [
              2744.0,
              333.0
            ],
            [
              2749.0,
              351.0
            ],
            [
              2750.0,
              391.0
            ],
            [
              2744.0,
              410.0
            ],
            [
              2736.0,
              413.0
            ],
            [
              2710.0,
              401.0
            ],
            [
              2729.0,
              332.0
            ],
            [
              2732.0,
              330.0
            ]
          ]
        ]
      },
      "properties": {
        "parcel_id": "CAD-0125",
        "feature_type": "Tree / Forest",
        "land_use": "Vacant",
        "category": "Vegetation",
        "color_hex": "#00B400",
        "area_px": 1302.5,
        "area_sqm": 8.34,
        "area_hectares": 0.0008,
        "area_acres": 0.0021,
        "area_gaj": 9.97,
        "perimeter_m": 16.32,
        "vertex_count": 10,
        "confidence": 0.85,
        "verification_status": "Pending Review"
      }
    },
    {
      "type": "Feature",
      "id": "CAD-0126",
      "geometry": {
        "type": "Polygon",
        "coordinates": [
          [
            [
              2303.0,
              332.0
            ],
            [
              2299.0,
              340.0
            ],
            [
              2257.0,
              367.0
            ],
            [
              2240.0,
              358.0
            ],
            [
              2242.0,
              349.0
            ],
            [
              2260.0,
              323.0
            ],
            [
              2265.0,
              320.0
            ],
            [
              2303.0,
              332.0
            ]
          ]
        ]
      },
      "properties": {
        "parcel_id": "CAD-0126",
        "feature_type": "Tree / Forest",
        "land_use": "Vacant",
        "category": "Vegetation",
        "color_hex": "#00B400",
        "area_px": 968.0,
        "area_sqm": 6.2,
        "area_hectares": 0.0006,
        "area_acres": 0.0015,
        "area_gaj": 7.42,
        "perimeter_m": 13.17,
        "vertex_count": 8,
        "confidence": 0.85,
        "verification_status": "Pending Review"
      }
    },
    {
      "type": "Feature",
      "id": "CAD-0127",
      "geometry": {
        "type": "Polygon",
        "coordinates": [
          [
            [
              2486.0,
              310.0
            ],
            [
              2499.0,
              315.0
            ],
            [
              2503.0,
              328.0
            ],
            [
              2503.0,
              331.0
            ],
            [
              2498.0,
              338.0
            ],
            [
              2487.0,
              345.0
            ],
            [
              2477.0,
              340.0
            ],
            [
              2471.0,
              326.0
            ],
            [
              2471.0,
              322.0
            ],
            [
              2486.0,
              310.0
            ]
          ]
        ]
      },
      "properties": {
        "parcel_id": "CAD-0127",
        "feature_type": "Tree / Forest",
        "land_use": "Vacant",
        "category": "Vegetation",
        "color_hex": "#00B400",
        "area_px": 653.5,
        "area_sqm": 4.18,
        "area_hectares": 0.0004,
        "area_acres": 0.001,
        "area_gaj": 5.0,
        "perimeter_m": 8.14,
        "vertex_count": 10,
        "confidence": 0.85,
        "verification_status": "Pending Review"
      }
    },
    {
      "type": "Feature",
      "id": "CAD-0128",
      "geometry": {
        "type": "Polygon",
        "coordinates": [
          [
            [
              2911.0,
              276.0
            ],
            [
              2948.0,
              279.0
            ],
            [
              3019.0,
              396.0
            ],
            [
              3017.0,
              404.0
            ],
            [
              2974.0,
              414.0
            ],
            [
              2963.0,
              409.0
            ],
            [
              2897.0,
              323.0
            ],
            [
              2911.0,
              276.0
            ]
          ]
        ]
      },
      "properties": {
        "parcel_id": "CAD-0128",
        "feature_type": "Tree / Forest",
        "land_use": "Vacant",
        "category": "Vegetation",
        "color_hex": "#00B400",
        "area_px": 3623.5,
        "area_sqm": 23.19,
        "area_hectares": 0.0023,
        "area_acres": 0.0057,
        "area_gaj": 27.74,
        "perimeter_m": 31.67,
        "vertex_count": 8,
        "confidence": 0.85,
        "verification_status": "Pending Review"
      }
    },
    {
      "type": "Feature",
      "id": "CAD-0129",
      "geometry": {
        "type": "Polygon",
        "coordinates": [
          [
            [
              3028.0,
              219.0
            ],
            [
              3033.0,
              215.0
            ],
            [
              3039.0,
              214.0
            ],
            [
              3063.0,
              227.0
            ],
            [
              3071.0,
              237.0
            ],
            [
              3071.0,
              243.0
            ],
            [
              3069.0,
              244.0
            ],
            [
              3063.0,
              243.0
            ],
            [
              3037.0,
              230.0
            ],
            [
              3028.0,
              221.0
            ],
            [
              3028.0,
              219.0
            ]
          ]
        ]
      },
      "properties": {
        "parcel_id": "CAD-0129",
        "feature_type": "Tree / Forest",
        "land_use": "Vacant",
        "category": "Vegetation",
        "color_hex": "#00B400",
        "area_px": 482.5,
        "area_sqm": 3.09,
        "area_hectares": 0.0003,
        "area_acres": 0.0008,
        "area_gaj": 3.7,
        "perimeter_m": 8.86,
        "vertex_count": 11,
        "confidence": 0.85,
        "verification_status": "Pending Review"
      }
    },
    {
      "type": "Feature",
      "id": "CAD-0130",
      "geometry": {
        "type": "Polygon",
        "coordinates": [
          [
            [
              560.0,
              202.0
            ],
            [
              574.0,
              199.0
            ],
            [
              589.0,
              202.0
            ],
            [
              597.0,
              209.0
            ],
            [
              593.0,
              226.0
            ],
            [
              590.0,
              229.0
            ],
            [
              579.0,
              233.0
            ],
            [
              566.0,
              230.0
            ],
            [
              560.0,
              213.0
            ],
            [
              560.0,
              202.0
            ]
          ]
        ]
      },
      "properties": {
        "parcel_id": "CAD-0130",
        "feature_type": "Tree / Forest",
        "land_use": "Vacant",
        "category": "Vegetation",
        "color_hex": "#00B400",
        "area_px": 915.0,
        "area_sqm": 5.86,
        "area_hectares": 0.0006,
        "area_acres": 0.0014,
        "area_gaj": 7.01,
        "perimeter_m": 9.28,
        "vertex_count": 10,
        "confidence": 0.85,
        "verification_status": "Pending Review"
      }
    },
    {
      "type": "Feature",
      "id": "CAD-0131",
      "geometry": {
        "type": "Polygon",
        "coordinates": [
          [
            [
              3237.0,
              168.0
            ],
            [
              3238.0,
              180.0
            ],
            [
              3230.0,
              188.0
            ],
            [
              3202.0,
              198.0
            ],
            [
              3192.0,
              194.0
            ],
            [
              3183.0,
              183.0
            ],
            [
              3183.0,
              166.0
            ],
            [
              3185.0,
              165.0
            ],
            [
              3230.0,
              164.0
            ],
            [
              3237.0,
              168.0
            ]
          ]
        ]
      },
      "properties": {
        "parcel_id": "CAD-0131",
        "feature_type": "Tree / Forest",
        "land_use": "Vacant",
        "category": "Vegetation",
        "color_hex": "#00B400",
        "area_px": 761.0,
        "area_sqm": 4.87,
        "area_hectares": 0.0005,
        "area_acres": 0.0012,
        "area_gaj": 5.82,
        "perimeter_m": 12.03,
        "vertex_count": 10,
        "confidence": 0.85,
        "verification_status": "Pending Review"
      }
    },
    {
      "type": "Feature",
      "id": "CAD-0132",
      "geometry": {
        "type": "Polygon",
        "coordinates": [
          [
            [
              3451.0,
              138.0
            ],
            [
              3449.0,
              144.0
            ],
            [
              3425.0,
              179.0
            ],
            [
              3422.0,
              181.0
            ],
            [
              3415.0,
              177.0
            ],
            [
              3413.0,
              159.0
            ],
            [
              3421.0,
              138.0
            ],
            [
              3451.0,
              138.0
            ]
          ]
        ]
      },
      "properties": {
        "parcel_id": "CAD-0132",
        "feature_type": "Tree / Forest",
        "land_use": "Vacant",
        "category": "Vegetation",
        "color_hex": "#00B400",
        "area_px": 586.0,
        "area_sqm": 3.75,
        "area_hectares": 0.0004,
        "area_acres": 0.0009,
        "area_gaj": 4.48,
        "perimeter_m": 10.48,
        "vertex_count": 8,
        "confidence": 0.85,
        "verification_status": "Pending Review"
      }
    },
    {
      "type": "Feature",
      "id": "CAD-0133",
      "geometry": {
        "type": "Polygon",
        "coordinates": [
          [
            [
              2336.0,
              147.0
            ],
            [
              2341.0,
              141.0
            ],
            [
              2357.0,
              137.0
            ],
            [
              2387.0,
              141.0
            ],
            [
              2408.0,
              162.0
            ],
            [
              2399.0,
              174.0
            ],
            [
              2382.0,
              179.0
            ],
            [
              2347.0,
              184.0
            ],
            [
              2337.0,
              180.0
            ],
            [
              2334.0,
              158.0
            ],
            [
              2336.0,
              147.0
            ]
          ]
        ]
      },
      "properties": {
        "parcel_id": "CAD-0133",
        "feature_type": "Tree / Forest",
        "land_use": "Vacant",
        "category": "Vegetation",
        "color_hex": "#00B400",
        "area_px": 1573.5,
        "area_sqm": 10.07,
        "area_hectares": 0.001,
        "area_acres": 0.0025,
        "area_gaj": 12.04,
        "perimeter_m": 15.72,
        "vertex_count": 11,
        "confidence": 0.85,
        "verification_status": "Pending Review"
      }
    },
    {
      "type": "Feature",
      "id": "CAD-0134",
      "geometry": {
        "type": "Polygon",
        "coordinates": [
          [
            [
              3098.0,
              133.0
            ],
            [
              3105.0,
              136.0
            ],
            [
              3114.0,
              166.0
            ],
            [
              3118.0,
              194.0
            ],
            [
              3099.0,
              208.0
            ],
            [
              3061.0,
              176.0
            ],
            [
              3061.0,
              169.0
            ],
            [
              3098.0,
              133.0
            ]
          ]
        ]
      },
      "properties": {
        "parcel_id": "CAD-0134",
        "feature_type": "Tree / Forest",
        "land_use": "Vacant",
        "category": "Vegetation",
        "color_hex": "#00B400",
        "area_px": 1136.0,
        "area_sqm": 7.27,
        "area_hectares": 0.0007,
        "area_acres": 0.0018,
        "area_gaj": 8.69,
        "perimeter_m": 15.93,
        "vertex_count": 8,
        "confidence": 0.85,
        "verification_status": "Pending Review"
      }
    },
    {
      "type": "Feature",
      "id": "CAD-0135",
      "geometry": {
        "type": "Polygon",
        "coordinates": [
          [
            [
              2493.0,
              136.0
            ],
            [
              2494.0,
              149.0
            ],
            [
              2471.0,
              162.0
            ],
            [
              2438.0,
              171.0
            ],
            [
              2413.0,
              155.0
            ],
            [
              2412.0,
              146.0
            ],
            [
              2420.0,
              137.0
            ],
            [
              2488.0,
              133.0
            ],
            [
              2493.0,
              136.0
            ]
          ]
        ]
      },
      "properties": {
        "parcel_id": "CAD-0135",
        "feature_type": "Tree / Forest",
        "land_use": "Vacant",
        "category": "Vegetation",
        "color_hex": "#00B400",
        "area_px": 1274.5,
        "area_sqm": 8.16,
        "area_hectares": 0.0008,
        "area_acres": 0.002,
        "area_gaj": 9.76,
        "perimeter_m": 15.87,
        "vertex_count": 9,
        "confidence": 0.85,
        "verification_status": "Pending Review"
      }
    },
    {
      "type": "Feature",
      "id": "CAD-0136",
      "geometry": {
        "type": "Polygon",
        "coordinates": [
          [
            [
              3218.0,
              110.0
            ],
            [
              3218.0,
              112.0
            ],
            [
              3178.0,
              130.0
            ],
            [
              3158.0,
              127.0
            ],
            [
              3159.0,
              113.0
            ],
            [
              3162.0,
              111.0
            ],
            [
              3207.0,
              100.0
            ],
            [
              3211.0,
              102.0
            ],
            [
              3218.0,
              110.0
            ]
          ]
        ]
      },
      "properties": {
        "parcel_id": "CAD-0136",
        "feature_type": "Tree / Forest",
        "land_use": "Vacant",
        "category": "Vegetation",
        "color_hex": "#00B400",
        "area_px": 681.0,
        "area_sqm": 4.36,
        "area_hectares": 0.0004,
        "area_acres": 0.0011,
        "area_gaj": 5.21,
        "perimeter_m": 11.61,
        "vertex_count": 9,
        "confidence": 0.85,
        "verification_status": "Pending Review"
      }
    },
    {
      "type": "Feature",
      "id": "CAD-0137",
      "geometry": {
        "type": "Polygon",
        "coordinates": [
          [
            [
              3294.0,
              57.0
            ],
            [
              3299.0,
              56.0
            ],
            [
              3308.0,
              58.0
            ],
            [
              3325.0,
              64.0
            ],
            [
              3329.0,
              68.0
            ],
            [
              3330.0,
              73.0
            ],
            [
              3320.0,
              76.0
            ],
            [
              3301.0,
              77.0
            ],
            [
              3297.0,
              75.0
            ],
            [
              3294.0,
              63.0
            ],
            [
              3294.0,
              57.0
            ]
          ]
        ]
      },
      "properties": {
        "parcel_id": "CAD-0137",
        "feature_type": "Tree / Forest",
        "land_use": "Vacant",
        "category": "Vegetation",
        "color_hex": "#00B400",
        "area_px": 431.0,
        "area_sqm": 2.76,
        "area_hectares": 0.0003,
        "area_acres": 0.0007,
        "area_gaj": 3.3,
        "perimeter_m": 7.63,
        "vertex_count": 11,
        "confidence": 0.85,
        "verification_status": "Pending Review"
      }
    },
    {
      "type": "Feature",
      "id": "CAD-0138",
      "geometry": {
        "type": "Polygon",
        "coordinates": [
          [
            [
              2334.0,
              59.0
            ],
            [
              2338.0,
              78.0
            ],
            [
              2331.0,
              96.0
            ],
            [
              2306.0,
              110.0
            ],
            [
              2301.0,
              108.0
            ],
            [
              2302.0,
              99.0
            ],
            [
              2320.0,
              63.0
            ],
            [
              2327.0,
              56.0
            ],
            [
              2334.0,
              59.0
            ]
          ]
        ]
      },
      "properties": {
        "parcel_id": "CAD-0138",
        "feature_type": "Tree / Forest",
        "land_use": "Vacant",
        "category": "Vegetation",
        "color_hex": "#00B400",
        "area_px": 624.0,
        "area_sqm": 3.99,
        "area_hectares": 0.0004,
        "area_acres": 0.001,
        "area_gaj": 4.77,
        "perimeter_m": 11.17,
        "vertex_count": 9,
        "confidence": 0.85,
        "verification_status": "Pending Review"
      }
    },
    {
      "type": "Feature",
      "id": "CAD-0139",
      "geometry": {
        "type": "Polygon",
        "coordinates": [
          [
            [
              3001.0,
              119.0
            ],
            [
              2900.0,
              254.0
            ],
            [
              2713.0,
              339.0
            ],
            [
              2573.0,
              249.0
            ],
            [
              2511.0,
              176.0
            ],
            [
              2514.0,
              98.0
            ],
            [
              2535.0,
              79.0
            ],
            [
              2857.0,
              54.0
            ],
            [
              2974.0,
              84.0
            ],
            [
              3001.0,
              119.0
            ]
          ]
        ]
      },
      "properties": {
        "parcel_id": "CAD-0139",
        "feature_type": "Tree / Forest",
        "land_use": "Vacant",
        "category": "Vegetation",
        "color_hex": "#00B400",
        "area_px": 36395.5,
        "area_sqm": 232.93,
        "area_hectares": 0.0233,
        "area_acres": 0.0576,
        "area_gaj": 278.58,
        "perimeter_m": 98.44,
        "vertex_count": 10,
        "confidence": 0.85,
        "verification_status": "Pending Review"
      }
    },
    {
      "type": "Feature",
      "id": "CAD-0140",
      "geometry": {
        "type": "Polygon",
        "coordinates": [
          [
            [
              2550.0,
              27.0
            ],
            [
              2545.0,
              46.0
            ],
            [
              2536.0,
              62.0
            ],
            [
              2516.0,
              87.0
            ],
            [
              2449.0,
              60.0
            ],
            [
              2446.0,
              56.0
            ],
            [
              2447.0,
              25.0
            ],
            [
              2456.0,
              20.0
            ],
            [
              2518.0,
              22.0
            ],
            [
              2550.0,
              27.0
            ]
          ]
        ]
      },
      "properties": {
        "parcel_id": "CAD-0140",
        "feature_type": "Tree / Forest",
        "land_use": "Vacant",
        "category": "Vegetation",
        "color_hex": "#00B400",
        "area_px": 3112.5,
        "area_sqm": 19.92,
        "area_hectares": 0.002,
        "area_acres": 0.0049,
        "area_gaj": 23.82,
        "perimeter_m": 22.64,
        "vertex_count": 10,
        "confidence": 0.85,
        "verification_status": "Pending Review"
      }
    },
    {
      "type": "Feature",
      "id": "CAD-0141",
      "geometry": {
        "type": "Polygon",
        "coordinates": [
          [
            [
              2993.0,
              16.0
            ],
            [
              2986.0,
              37.0
            ],
            [
              2974.0,
              43.0
            ],
            [
              2962.0,
              44.0
            ],
            [
              2960.0,
              43.0
            ],
            [
              2953.0,
              32.0
            ],
            [
              2956.0,
              19.0
            ],
            [
              2958.0,
              18.0
            ],
            [
              2988.0,
              14.0
            ],
            [
              2993.0,
              16.0
            ]
          ]
        ]
      },
      "properties": {
        "parcel_id": "CAD-0141",
        "feature_type": "Tree / Forest",
        "land_use": "Vacant",
        "category": "Vegetation",
        "color_hex": "#00B400",
        "area_px": 581.5,
        "area_sqm": 3.72,
        "area_hectares": 0.0004,
        "area_acres": 0.0009,
        "area_gaj": 4.45,
        "perimeter_m": 9.13,
        "vertex_count": 10,
        "confidence": 0.85,
        "verification_status": "Pending Review"
      }
    },
    {
      "type": "Feature",
      "id": "CAD-0142",
      "geometry": {
        "type": "Polygon",
        "coordinates": [
          [
            [
              2948.0,
              36.0
            ],
            [
              2945.0,
              38.0
            ],
            [
              2893.0,
              41.0
            ],
            [
              2872.0,
              31.0
            ],
            [
              2871.0,
              20.0
            ],
            [
              2907.0,
              10.0
            ],
            [
              2919.0,
              10.0
            ],
            [
              2933.0,
              17.0
            ],
            [
              2948.0,
              36.0
            ]
          ]
        ]
      },
      "properties": {
        "parcel_id": "CAD-0142",
        "feature_type": "Tree / Forest",
        "land_use": "Vacant",
        "category": "Vegetation",
        "color_hex": "#00B400",
        "area_px": 1091.0,
        "area_sqm": 6.98,
        "area_hectares": 0.0007,
        "area_acres": 0.0017,
        "area_gaj": 8.35,
        "perimeter_m": 14.34,
        "vertex_count": 9,
        "confidence": 0.85,
        "verification_status": "Pending Review"
      }
    },
    {
      "type": "Feature",
      "id": "CAD-0143",
      "geometry": {
        "type": "Polygon",
        "coordinates": [
          [
            [
              3382.0,
              0.0
            ],
            [
              3422.0,
              0.0
            ],
            [
              3417.0,
              40.0
            ],
            [
              3406.0,
              55.0
            ],
            [
              3384.0,
              33.0
            ],
            [
              3381.0,
              8.0
            ],
            [
              3382.0,
              0.0
            ]
          ]
        ]
      },
      "properties": {
        "parcel_id": "CAD-0143",
        "feature_type": "Tree / Forest",
        "land_use": "Vacant",
        "category": "Vegetation",
        "color_hex": "#00B400",
        "area_px": 977.0,
        "area_sqm": 6.25,
        "area_hectares": 0.0006,
        "area_acres": 0.0015,
        "area_gaj": 7.47,
        "perimeter_m": 13.06,
        "vertex_count": 7,
        "confidence": 0.85,
        "verification_status": "Pending Review"
      }
    },
    {
      "type": "Feature",
      "id": "CAD-0144",
      "geometry": {
        "type": "Polygon",
        "coordinates": [
          [
            [
              3344.0,
              37.0
            ],
            [
              3336.0,
              41.0
            ],
            [
              3296.0,
              24.0
            ],
            [
              3289.0,
              17.0
            ],
            [
              3286.0,
              0.0
            ],
            [
              3340.0,
              0.0
            ],
            [
              3343.0,
              12.0
            ],
            [
              3344.0,
              37.0
            ]
          ]
        ]
      },
      "properties": {
        "parcel_id": "CAD-0144",
        "feature_type": "Tree / Forest",
        "land_use": "Vacant",
        "category": "Vegetation",
        "color_hex": "#00B400",
        "area_px": 1508.5,
        "area_sqm": 9.65,
        "area_hectares": 0.001,
        "area_acres": 0.0024,
        "area_gaj": 11.54,
        "perimeter_m": 13.68,
        "vertex_count": 8,
        "confidence": 0.85,
        "verification_status": "Pending Review"
      }
    },
    {
      "type": "Feature",
      "id": "CAD-0145",
      "geometry": {
        "type": "Polygon",
        "coordinates": [
          [
            [
              2419.0,
              18.0
            ],
            [
              2417.0,
              21.0
            ],
            [
              2363.0,
              41.0
            ],
            [
              2355.0,
              41.0
            ],
            [
              2351.0,
              38.0
            ],
            [
              2350.0,
              30.0
            ],
            [
              2368.0,
              0.0
            ],
            [
              2388.0,
              0.0
            ],
            [
              2415.0,
              12.0
            ],
            [
              2419.0,
              18.0
            ]
          ]
        ]
      },
      "properties": {
        "parcel_id": "CAD-0145",
        "feature_type": "Tree / Forest",
        "land_use": "Vacant",
        "category": "Vegetation",
        "color_hex": "#00B400",
        "area_px": 1114.5,
        "area_sqm": 7.13,
        "area_hectares": 0.0007,
        "area_acres": 0.0018,
        "area_gaj": 8.53,
        "perimeter_m": 13.92,
        "vertex_count": 10,
        "confidence": 0.85,
        "verification_status": "Pending Review"
      }
    },
    {
      "type": "Feature",
      "id": "CAD-0146",
      "geometry": {
        "type": "Polygon",
        "coordinates": [
          [
            [
              2230.0,
              2387.0
            ],
            [
              2236.0,
              2383.0
            ],
            [
              2264.0,
              2377.0
            ],
            [
              2328.0,
              2418.0
            ],
            [
              2352.0,
              2439.0
            ],
            [
              2352.0,
              2443.0
            ],
            [
              2319.0,
              2469.0
            ],
            [
              2310.0,
              2470.0
            ],
            [
              2244.0,
              2437.0
            ],
            [
              2238.0,
              2431.0
            ],
            [
              2230.0,
              2387.0
            ]
          ]
        ]
      },
      "properties": {
        "parcel_id": "CAD-0146",
        "feature_type": "Playground / Open Turf",
        "land_use": "Mixed Use",
        "category": "Land",
        "color_hex": "#32CD32",
        "area_px": 4377.0,
        "area_sqm": 28.01,
        "area_hectares": 0.0028,
        "area_acres": 0.0069,
        "area_gaj": 33.5,
        "perimeter_m": 26.06,
        "vertex_count": 11,
        "confidence": 0.82,
        "verification_status": "Pending Review"
      }
    },
    {
      "type": "Feature",
      "id": "CAD-0147",
      "geometry": {
        "type": "Polygon",
        "coordinates": [
          [
            [
              2893.0,
              1239.0
            ],
            [
              2884.0,
              1244.0
            ],
            [
              2789.0,
              1266.0
            ],
            [
              2763.0,
              1263.0
            ],
            [
              2725.0,
              1221.0
            ],
            [
              2725.0,
              1212.0
            ],
            [
              2750.0,
              1181.0
            ],
            [
              2868.0,
              1191.0
            ],
            [
              2874.0,
              1195.0
            ],
            [
              2893.0,
              1239.0
            ]
          ]
        ]
      },
      "properties": {
        "parcel_id": "CAD-0147",
        "feature_type": "Playground / Open Turf",
        "land_use": "Mixed Use",
        "category": "Land",
        "color_hex": "#32CD32",
        "area_px": 7119.5,
        "area_sqm": 45.56,
        "area_hectares": 0.0046,
        "area_acres": 0.0113,
        "area_gaj": 54.49,
        "perimeter_m": 33.04,
        "vertex_count": 10,
        "confidence": 0.82,
        "verification_status": "Pending Review"
      }
    },
    {
      "type": "Feature",
      "id": "CAD-0148",
      "geometry": {
        "type": "Polygon",
        "coordinates": [
          [
            [
              2287.0,
              733.0
            ],
            [
              2291.0,
              737.0
            ],
            [
              2281.0,
              811.0
            ],
            [
              2273.0,
              821.0
            ],
            [
              2268.0,
              823.0
            ],
            [
              2227.0,
              824.0
            ],
            [
              2211.0,
              808.0
            ],
            [
              2210.0,
              799.0
            ],
            [
              2260.0,
              738.0
            ],
            [
              2277.0,
              730.0
            ],
            [
              2287.0,
              733.0
            ]
          ]
        ]
      },
      "properties": {
        "parcel_id": "CAD-0148",
        "feature_type": "Playground / Open Turf",
        "land_use": "Mixed Use",
        "category": "Land",
        "color_hex": "#32CD32",
        "area_px": 4113.0,
        "area_sqm": 26.32,
        "area_hectares": 0.0026,
        "area_acres": 0.0065,
        "area_gaj": 31.48,
        "perimeter_m": 22.35,
        "vertex_count": 11,
        "confidence": 0.82,
        "verification_status": "Pending Review"
      }
    },
    {
      "type": "Feature",
      "id": "CAD-0149",
      "geometry": {
        "type": "Polygon",
        "coordinates": [
          [
            [
              3041.0,
              630.0
            ],
            [
              3046.0,
              646.0
            ],
            [
              3020.0,
              742.0
            ],
            [
              2985.0,
              773.0
            ],
            [
              2977.0,
              775.0
            ],
            [
              2939.0,
              764.0
            ],
            [
              2899.0,
              733.0
            ],
            [
              2901.0,
              720.0
            ],
            [
              2953.0,
              650.0
            ],
            [
              2975.0,
              640.0
            ],
            [
              3035.0,
              626.0
            ],
            [
              3041.0,
              630.0
            ]
          ]
        ]
      },
      "properties": {
        "parcel_id": "CAD-0149",
        "feature_type": "Playground / Open Turf",
        "land_use": "Mixed Use",
        "category": "Land",
        "color_hex": "#32CD32",
        "area_px": 8331.5,
        "area_sqm": 53.32,
        "area_hectares": 0.0053,
        "area_acres": 0.0132,
        "area_gaj": 63.77,
        "perimeter_m": 36.38,
        "vertex_count": 12,
        "confidence": 0.82,
        "verification_status": "Pending Review"
      }
    },
    {
      "type": "Feature",
      "id": "CAD-0150",
      "geometry": {
        "type": "Polygon",
        "coordinates": [
          [
            [
              2580.0,
              644.0
            ],
            [
              2632.0,
              619.0
            ],
            [
              2656.0,
              624.0
            ],
            [
              2708.0,
              700.0
            ],
            [
              2708.0,
              704.0
            ],
            [
              2676.0,
              722.0
            ],
            [
              2629.0,
              718.0
            ],
            [
              2606.0,
              704.0
            ],
            [
              2586.0,
              682.0
            ],
            [
              2580.0,
              644.0
            ]
          ]
        ]
      },
      "properties": {
        "parcel_id": "CAD-0150",
        "feature_type": "Playground / Open Turf",
        "land_use": "Mixed Use",
        "category": "Land",
        "color_hex": "#32CD32",
        "area_px": 7803.0,
        "area_sqm": 49.94,
        "area_hectares": 0.005,
        "area_acres": 0.0123,
        "area_gaj": 59.73,
        "perimeter_m": 28.59,
        "vertex_count": 10,
        "confidence": 0.82,
        "verification_status": "Pending Review"
      }
    },
    {
      "type": "Feature",
      "id": "CAD-0151",
      "geometry": {
        "type": "Polygon",
        "coordinates": [
          [
            [
              2967.0,
              447.0
            ],
            [
              2992.0,
              445.0
            ],
            [
              3027.0,
              461.0
            ],
            [
              3066.0,
              521.0
            ],
            [
              3062.0,
              547.0
            ],
            [
              3045.0,
              577.0
            ],
            [
              3023.0,
              582.0
            ],
            [
              2967.0,
              575.0
            ],
            [
              2928.0,
              558.0
            ],
            [
              2934.0,
              521.0
            ],
            [
              2947.0,
              481.0
            ],
            [
              2967.0,
              447.0
            ]
          ]
        ]
      },
      "properties": {
        "parcel_id": "CAD-0151",
        "feature_type": "Playground / Open Turf",
        "land_use": "Mixed Use",
        "category": "Land",
        "color_hex": "#32CD32",
        "area_px": 9593.5,
        "area_sqm": 61.4,
        "area_hectares": 0.0061,
        "area_acres": 0.0152,
        "area_gaj": 73.43,
        "perimeter_m": 34.92,
        "vertex_count": 12,
        "confidence": 0.82,
        "verification_status": "Pending Review"
      }
    },
    {
      "type": "Feature",
      "id": "CAD-0152",
      "geometry": {
        "type": "Polygon",
        "coordinates": [
          [
            [
              2693.0,
              408.0
            ],
            [
              2707.0,
              496.0
            ],
            [
              2704.0,
              504.0
            ],
            [
              2645.0,
              519.0
            ],
            [
              2586.0,
              494.0
            ],
            [
              2565.0,
              480.0
            ],
            [
              2571.0,
              432.0
            ],
            [
              2607.0,
              397.0
            ],
            [
              2664.0,
              381.0
            ],
            [
              2693.0,
              408.0
            ]
          ]
        ]
      },
      "properties": {
        "parcel_id": "CAD-0152",
        "feature_type": "Playground / Open Turf",
        "land_use": "Mixed Use",
        "category": "Land",
        "color_hex": "#32CD32",
        "area_px": 9594.5,
        "area_sqm": 61.4,
        "area_hectares": 0.0061,
        "area_acres": 0.0152,
        "area_gaj": 73.43,
        "perimeter_m": 35.62,
        "vertex_count": 10,
        "confidence": 0.82,
        "verification_status": "Pending Review"
      }
    },
    {
      "type": "Feature",
      "id": "CAD-0153",
      "geometry": {
        "type": "Polygon",
        "coordinates": [
          [
            [
              2272.0,
              310.0
            ],
            [
              2364.0,
              188.0
            ],
            [
              2414.0,
              161.0
            ],
            [
              2497.0,
              193.0
            ],
            [
              2657.0,
              315.0
            ],
            [
              2572.0,
              399.0
            ],
            [
              2536.0,
              413.0
            ],
            [
              2303.0,
              348.0
            ],
            [
              2272.0,
              310.0
            ]
          ]
        ]
      },
      "properties": {
        "parcel_id": "CAD-0153",
        "feature_type": "Playground / Open Turf",
        "land_use": "Mixed Use",
        "category": "Land",
        "color_hex": "#32CD32",
        "area_px": 29324.5,
        "area_sqm": 187.68,
        "area_hectares": 0.0188,
        "area_acres": 0.0464,
        "area_gaj": 224.47,
        "perimeter_m": 75.91,
        "vertex_count": 9,
        "confidence": 0.82,
        "verification_status": "Pending Review"
      }
    },
    {
      "type": "Feature",
      "id": "CAD-0154",
      "geometry": {
        "type": "Polygon",
        "coordinates": [
          [
            [
              2433.0,
              127.0
            ],
            [
              2430.0,
              134.0
            ],
            [
              2410.0,
              148.0
            ],
            [
              2296.0,
              174.0
            ],
            [
              2287.0,
              170.0
            ],
            [
              2267.0,
              141.0
            ],
            [
              2270.0,
              118.0
            ],
            [
              2368.0,
              49.0
            ],
            [
              2380.0,
              57.0
            ],
            [
              2433.0,
              127.0
            ]
          ]
        ]
      },
      "properties": {
        "parcel_id": "CAD-0154",
        "feature_type": "Playground / Open Turf",
        "land_use": "Mixed Use",
        "category": "Land",
        "color_hex": "#32CD32",
        "area_px": 7425.5,
        "area_sqm": 47.52,
        "area_hectares": 0.0048,
        "area_acres": 0.0117,
        "area_gaj": 56.83,
        "perimeter_m": 35.14,
        "vertex_count": 10,
        "confidence": 0.82,
        "verification_status": "Pending Review"
      }
    },
    {
      "type": "Feature",
      "id": "CAD-0155",
      "geometry": {
        "type": "Polygon",
        "coordinates": [
          [
            [
              3899.0,
              2629.0
            ],
            [
              3927.0,
              2611.0
            ],
            [
              3952.0,
              2613.0
            ],
            [
              4000.0,
              2651.0
            ],
            [
              4000.0,
              2664.0
            ],
            [
              3950.0,
              2664.0
            ],
            [
              3899.0,
              2634.0
            ],
            [
              3899.0,
              2629.0
            ]
          ]
        ]
      },
      "properties": {
        "parcel_id": "CAD-0155",
        "feature_type": "Agricultural Land",
        "land_use": "Agriculture",
        "category": "Land",
        "color_hex": "#FFA500",
        "area_px": 2773.5,
        "area_sqm": 17.75,
        "area_hectares": 0.0018,
        "area_acres": 0.0044,
        "area_gaj": 21.23,
        "perimeter_m": 19.74,
        "vertex_count": 8,
        "confidence": 0.8,
        "verification_status": "Pending Review"
      }
    },
    {
      "type": "Feature",
      "id": "CAD-0156",
      "geometry": {
        "type": "Polygon",
        "coordinates": [
          [
            [
              2961.0,
              2544.0
            ],
            [
              2918.0,
              2624.0
            ],
            [
              2860.0,
              2664.0
            ],
            [
              2781.0,
              2664.0
            ],
            [
              2736.0,
              2623.0
            ],
            [
              2737.0,
              2615.0
            ],
            [
              2831.0,
              2487.0
            ],
            [
              2861.0,
              2475.0
            ],
            [
              2879.0,
              2473.0
            ],
            [
              2961.0,
              2544.0
            ]
          ]
        ]
      },
      "properties": {
        "parcel_id": "CAD-0156",
        "feature_type": "Agricultural Land",
        "land_use": "Agriculture",
        "category": "Land",
        "color_hex": "#FFA500",
        "area_px": 18238.0,
        "area_sqm": 116.72,
        "area_hectares": 0.0117,
        "area_acres": 0.0288,
        "area_gaj": 139.6,
        "perimeter_m": 50.15,
        "vertex_count": 10,
        "confidence": 0.8,
        "verification_status": "Pending Review"
      }
    },
    {
      "type": "Feature",
      "id": "CAD-0157",
      "geometry": {
        "type": "Polygon",
        "coordinates": [
          [
            [
              3557.0,
              2407.0
            ],
            [
              3572.0,
              2398.0
            ],
            [
              3708.0,
              2402.0
            ],
            [
              3795.0,
              2470.0
            ],
            [
              3818.0,
              2564.0
            ],
            [
              3762.0,
              2664.0
            ],
            [
              3648.0,
              2664.0
            ],
            [
              3557.0,
              2407.0
            ]
          ]
        ]
      },
      "properties": {
        "parcel_id": "CAD-0157",
        "feature_type": "Agricultural Land",
        "land_use": "Agriculture",
        "category": "Land",
        "color_hex": "#FFA500",
        "area_px": 28663.5,
        "area_sqm": 183.45,
        "area_hectares": 0.0183,
        "area_acres": 0.0453,
        "area_gaj": 219.41,
        "perimeter_m": 68.96,
        "vertex_count": 8,
        "confidence": 0.8,
        "verification_status": "Pending Review"
      }
    },
    {
      "type": "Feature",
      "id": "CAD-0158",
      "geometry": {
        "type": "Polygon",
        "coordinates": [
          [
            [
              309.0,
              2390.0
            ],
            [
              316.0,
              2429.0
            ],
            [
              307.0,
              2522.0
            ],
            [
              218.0,
              2547.0
            ],
            [
              0.0,
              2572.0
            ],
            [
              0.0,
              2431.0
            ],
            [
              132.0,
              2399.0
            ],
            [
              300.0,
              2383.0
            ],
            [
              309.0,
              2390.0
            ]
          ]
        ]
      },
      "properties": {
        "parcel_id": "CAD-0158",
        "feature_type": "Agricultural Land",
        "land_use": "Agriculture",
        "category": "Land",
        "color_hex": "#FFA500",
        "area_px": 29266.0,
        "area_sqm": 187.3,
        "area_hectares": 0.0187,
        "area_acres": 0.0463,
        "area_gaj": 224.01,
        "perimeter_m": 72.15,
        "vertex_count": 9,
        "confidence": 0.8,
        "verification_status": "Pending Review"
      }
    },
    {
      "type": "Feature",
      "id": "CAD-0159",
      "geometry": {
        "type": "Polygon",
        "coordinates": [
          [
            [
              540.0,
              2385.0
            ],
            [
              540.0,
              2389.0
            ],
            [
              500.0,
              2429.0
            ],
            [
              471.0,
              2436.0
            ],
            [
              445.0,
              2437.0
            ],
            [
              439.0,
              2433.0
            ],
            [
              436.0,
              2424.0
            ],
            [
              433.0,
              2387.0
            ],
            [
              436.0,
              2378.0
            ],
            [
              512.0,
              2365.0
            ],
            [
              540.0,
              2385.0
            ]
          ]
        ]
      },
      "properties": {
        "parcel_id": "CAD-0159",
        "feature_type": "Agricultural Land",
        "land_use": "Agriculture",
        "category": "Land",
        "color_hex": "#FFA500",
        "area_px": 4978.5,
        "area_sqm": 31.86,
        "area_hectares": 0.0032,
        "area_acres": 0.0079,
        "area_gaj": 38.1,
        "perimeter_m": 23.3,
        "vertex_count": 11,
        "confidence": 0.8,
        "verification_status": "Pending Review"
      }
    },
    {
      "type": "Feature",
      "id": "CAD-0160",
      "geometry": {
        "type": "Polygon",
        "coordinates": [
          [
            [
              3630.0,
              2304.0
            ],
            [
              3626.0,
              2314.0
            ],
            [
              3601.0,
              2348.0
            ],
            [
              3570.0,
              2378.0
            ],
            [
              3540.0,
              2387.0
            ],
            [
              3505.0,
              2349.0
            ],
            [
              3482.0,
              2310.0
            ],
            [
              3630.0,
              2304.0
            ]
          ]
        ]
      },
      "properties": {
        "parcel_id": "CAD-0160",
        "feature_type": "Agricultural Land",
        "land_use": "Agriculture",
        "category": "Land",
        "color_hex": "#FFA500",
        "area_px": 6475.5,
        "area_sqm": 41.44,
        "area_hectares": 0.0041,
        "area_acres": 0.0102,
        "area_gaj": 49.56,
        "perimeter_m": 29.8,
        "vertex_count": 8,
        "confidence": 0.8,
        "verification_status": "Pending Review"
      }
    },
    {
      "type": "Feature",
      "id": "CAD-0161",
      "geometry": {
        "type": "Polygon",
        "coordinates": [
          [
            [
              0.0,
              2303.0
            ],
            [
              27.0,
              2303.0
            ],
            [
              32.0,
              2306.0
            ],
            [
              33.0,
              2375.0
            ],
            [
              25.0,
              2393.0
            ],
            [
              17.0,
              2399.0
            ],
            [
              0.0,
              2393.0
            ],
            [
              0.0,
              2303.0
            ]
          ]
        ]
      },
      "properties": {
        "parcel_id": "CAD-0161",
        "feature_type": "Agricultural Land",
        "land_use": "Agriculture",
        "category": "Land",
        "color_hex": "#FFA500",
        "area_px": 2867.0,
        "area_sqm": 18.35,
        "area_hectares": 0.0018,
        "area_acres": 0.0045,
        "area_gaj": 21.95,
        "perimeter_m": 19.17,
        "vertex_count": 8,
        "confidence": 0.8,
        "verification_status": "Pending Review"
      }
    },
    {
      "type": "Feature",
      "id": "CAD-0162",
      "geometry": {
        "type": "Polygon",
        "coordinates": [
          [
            [
              300.0,
              2221.0
            ],
            [
              313.0,
              2236.0
            ],
            [
              320.0,
              2256.0
            ],
            [
              304.0,
              2357.0
            ],
            [
              299.0,
              2360.0
            ],
            [
              226.0,
              2358.0
            ],
            [
              202.0,
              2310.0
            ],
            [
              199.0,
              2289.0
            ],
            [
              203.0,
              2268.0
            ],
            [
              223.0,
              2226.0
            ],
            [
              229.0,
              2222.0
            ],
            [
              246.0,
              2220.0
            ],
            [
              300.0,
              2221.0
            ]
          ]
        ]
      },
      "properties": {
        "parcel_id": "CAD-0162",
        "feature_type": "Agricultural Land",
        "land_use": "Agriculture",
        "category": "Land",
        "color_hex": "#FFA500",
        "area_px": 13218.0,
        "area_sqm": 84.6,
        "area_hectares": 0.0085,
        "area_acres": 0.0209,
        "area_gaj": 101.18,
        "perimeter_m": 35.46,
        "vertex_count": 13,
        "confidence": 0.8,
        "verification_status": "Pending Review"
      }
    },
    {
      "type": "Feature",
      "id": "CAD-0163",
      "geometry": {
        "type": "Polygon",
        "coordinates": [
          [
            [
              3099.0,
              2167.0
            ],
            [
              3197.0,
              2253.0
            ],
            [
              3200.0,
              2262.0
            ],
            [
              3168.0,
              2331.0
            ],
            [
              3072.0,
              2441.0
            ],
            [
              3030.0,
              2405.0
            ],
            [
              3025.0,
              2313.0
            ],
            [
              3031.0,
              2268.0
            ],
            [
              3048.0,
              2220.0
            ],
            [
              3065.0,
              2197.0
            ],
            [
              3099.0,
              2167.0
            ]
          ]
        ]
      },
      "properties": {
        "parcel_id": "CAD-0163",
        "feature_type": "Agricultural Land",
        "land_use": "Agriculture",
        "category": "Land",
        "color_hex": "#FFA500",
        "area_px": 15262.5,
        "area_sqm": 97.68,
        "area_hectares": 0.0098,
        "area_acres": 0.0241,
        "area_gaj": 116.83,
        "perimeter_m": 54.37,
        "vertex_count": 11,
        "confidence": 0.8,
        "verification_status": "Pending Review"
      }
    },
    {
      "type": "Feature",
      "id": "CAD-0164",
      "geometry": {
        "type": "Polygon",
        "coordinates": [
          [
            [
              2942.0,
              2104.0
            ],
            [
              2966.0,
              2114.0
            ],
            [
              2976.0,
              2141.0
            ],
            [
              2976.0,
              2146.0
            ],
            [
              2959.0,
              2192.0
            ],
            [
              2935.0,
              2204.0
            ],
            [
              2925.0,
              2201.0
            ],
            [
              2889.0,
              2170.0
            ],
            [
              2889.0,
              2161.0
            ],
            [
              2936.0,
              2105.0
            ],
            [
              2942.0,
              2104.0
            ]
          ]
        ]
      },
      "properties": {
        "parcel_id": "CAD-0164",
        "feature_type": "Agricultural Land",
        "land_use": "Agriculture",
        "category": "Land",
        "color_hex": "#FFA500",
        "area_px": 5491.0,
        "area_sqm": 35.14,
        "area_hectares": 0.0035,
        "area_acres": 0.0087,
        "area_gaj": 42.03,
        "perimeter_m": 22.54,
        "vertex_count": 11,
        "confidence": 0.8,
        "verification_status": "Pending Review"
      }
    },
    {
      "type": "Feature",
      "id": "CAD-0165",
      "geometry": {
        "type": "Polygon",
        "coordinates": [
          [
            [
              3711.0,
              2094.0
            ],
            [
              3731.0,
              2103.0
            ],
            [
              3734.0,
              2106.0
            ],
            [
              3742.0,
              2154.0
            ],
            [
              3724.0,
              2171.0
            ],
            [
              3715.0,
              2173.0
            ],
            [
              3708.0,
              2172.0
            ],
            [
              3666.0,
              2137.0
            ],
            [
              3666.0,
              2132.0
            ],
            [
              3711.0,
              2094.0
            ]
          ]
        ]
      },
      "properties": {
        "parcel_id": "CAD-0165",
        "feature_type": "Agricultural Land",
        "land_use": "Agriculture",
        "category": "Land",
        "color_hex": "#FFA500",
        "area_px": 3211.5,
        "area_sqm": 20.55,
        "area_hectares": 0.0021,
        "area_acres": 0.0051,
        "area_gaj": 24.58,
        "perimeter_m": 18.76,
        "vertex_count": 10,
        "confidence": 0.8,
        "verification_status": "Pending Review"
      }
    },
    {
      "type": "Feature",
      "id": "CAD-0166",
      "geometry": {
        "type": "Polygon",
        "coordinates": [
          [
            [
              339.0,
              2006.0
            ],
            [
              342.0,
              2025.0
            ],
            [
              307.0,
              2174.0
            ],
            [
              299.0,
              2181.0
            ],
            [
              65.0,
              2190.0
            ],
            [
              0.0,
              2121.0
            ],
            [
              0.0,
              2049.0
            ],
            [
              332.0,
              1998.0
            ],
            [
              339.0,
              2006.0
            ]
          ]
        ]
      },
      "properties": {
        "parcel_id": "CAD-0166",
        "feature_type": "Agricultural Land",
        "land_use": "Agriculture",
        "category": "Land",
        "color_hex": "#FFA500",
        "area_px": 29334.5,
        "area_sqm": 187.74,
        "area_hectares": 0.0188,
        "area_acres": 0.0464,
        "area_gaj": 224.54,
        "perimeter_m": 74.43,
        "vertex_count": 9,
        "confidence": 0.8,
        "verification_status": "Pending Review"
      }
    },
    {
      "type": "Feature",
      "id": "CAD-0167",
      "geometry": {
        "type": "Polygon",
        "coordinates": [
          [
            [
              3419.0,
              2035.0
            ],
            [
              3642.0,
              2291.0
            ],
            [
              3595.0,
              2524.0
            ],
            [
              3476.0,
              2664.0
            ],
            [
              3061.0,
              2664.0
            ],
            [
              3060.0,
              2521.0
            ],
            [
              3137.0,
              2091.0
            ],
            [
              3280.0,
              1986.0
            ],
            [
              3419.0,
              2035.0
            ]
          ]
        ]
      },
      "properties": {
        "parcel_id": "CAD-0167",
        "feature_type": "Agricultural Land",
        "land_use": "Agriculture",
        "category": "Land",
        "color_hex": "#FFA500",
        "area_px": 155990.5,
        "area_sqm": 998.34,
        "area_hectares": 0.0998,
        "area_acres": 0.2467,
        "area_gaj": 1194.01,
        "perimeter_m": 166.45,
        "vertex_count": 9,
        "confidence": 0.8,
        "verification_status": "Pending Review"
      }
    },
    {
      "type": "Feature",
      "id": "CAD-0168",
      "geometry": {
        "type": "Polygon",
        "coordinates": [
          [
            [
              3145.0,
              1974.0
            ],
            [
              3144.0,
              1987.0
            ],
            [
              3118.0,
              2019.0
            ],
            [
              3091.0,
              2037.0
            ],
            [
              3071.0,
              2043.0
            ],
            [
              3049.0,
              2043.0
            ],
            [
              3044.0,
              2040.0
            ],
            [
              3036.0,
              1984.0
            ],
            [
              3069.0,
              1941.0
            ],
            [
              3084.0,
              1934.0
            ],
            [
              3088.0,
              1935.0
            ],
            [
              3145.0,
              1974.0
            ]
          ]
        ]
      },
      "properties": {
        "parcel_id": "CAD-0168",
        "feature_type": "Agricultural Land",
        "land_use": "Agriculture",
        "category": "Land",
        "color_hex": "#FFA500",
        "area_px": 7490.5,
        "area_sqm": 47.94,
        "area_hectares": 0.0048,
        "area_acres": 0.0118,
        "area_gaj": 57.34,
        "perimeter_m": 26.88,
        "vertex_count": 12,
        "confidence": 0.8,
        "verification_status": "Pending Review"
      }
    },
    {
      "type": "Feature",
      "id": "CAD-0169",
      "geometry": {
        "type": "Polygon",
        "coordinates": [
          [
            [
              298.0,
              1876.0
            ],
            [
              269.0,
              1945.0
            ],
            [
              253.0,
              1957.0
            ],
            [
              100.0,
              1922.0
            ],
            [
              104.0,
              1910.0
            ],
            [
              156.0,
              1851.0
            ],
            [
              266.0,
              1851.0
            ],
            [
              289.0,
              1859.0
            ],
            [
              298.0,
              1876.0
            ]
          ]
        ]
      },
      "properties": {
        "parcel_id": "CAD-0169",
        "feature_type": "Agricultural Land",
        "land_use": "Agriculture",
        "category": "Land",
        "color_hex": "#FFA500",
        "area_px": 13018.0,
        "area_sqm": 83.32,
        "area_hectares": 0.0083,
        "area_acres": 0.0206,
        "area_gaj": 99.65,
        "perimeter_m": 39.73,
        "vertex_count": 9,
        "confidence": 0.8,
        "verification_status": "Pending Review"
      }
    },
    {
      "type": "Feature",
      "id": "CAD-0170",
      "geometry": {
        "type": "Polygon",
        "coordinates": [
          [
            [
              3516.0,
              1933.0
            ],
            [
              3515.0,
              1942.0
            ],
            [
              3504.0,
              1951.0
            ],
            [
              3300.0,
              1972.0
            ],
            [
              3295.0,
              1969.0
            ],
            [
              3299.0,
              1946.0
            ],
            [
              3335.0,
              1855.0
            ],
            [
              3387.0,
              1814.0
            ],
            [
              3492.0,
              1897.0
            ],
            [
              3508.0,
              1914.0
            ],
            [
              3516.0,
              1933.0
            ]
          ]
        ]
      },
      "properties": {
        "parcel_id": "CAD-0170",
        "feature_type": "Agricultural Land",
        "land_use": "Agriculture",
        "category": "Land",
        "color_hex": "#FFA500",
        "area_px": 9446.5,
        "area_sqm": 60.46,
        "area_hectares": 0.006,
        "area_acres": 0.0149,
        "area_gaj": 72.31,
        "perimeter_m": 47.95,
        "vertex_count": 11,
        "confidence": 0.8,
        "verification_status": "Pending Review"
      }
    },
    {
      "type": "Feature",
      "id": "CAD-0171",
      "geometry": {
        "type": "Polygon",
        "coordinates": [
          [
            [
              2892.0,
              1696.0
            ],
            [
              2900.0,
              1697.0
            ],
            [
              2946.0,
              1734.0
            ],
            [
              2988.0,
              1777.0
            ],
            [
              3024.0,
              1836.0
            ],
            [
              3024.0,
              1841.0
            ],
            [
              3010.0,
              1854.0
            ],
            [
              3003.0,
              1854.0
            ],
            [
              2946.0,
              1825.0
            ],
            [
              2868.0,
              1767.0
            ],
            [
              2892.0,
              1696.0
            ]
          ]
        ]
      },
      "properties": {
        "parcel_id": "CAD-0171",
        "feature_type": "Agricultural Land",
        "land_use": "Agriculture",
        "category": "Land",
        "color_hex": "#FFA500",
        "area_px": 9379.0,
        "area_sqm": 60.03,
        "area_hectares": 0.006,
        "area_acres": 0.0148,
        "area_gaj": 71.8,
        "perimeter_m": 37.08,
        "vertex_count": 11,
        "confidence": 0.8,
        "verification_status": "Pending Review"
      }
    },
    {
      "type": "Feature",
      "id": "CAD-0172",
      "geometry": {
        "type": "Polygon",
        "coordinates": [
          [
            [
              217.0,
              1718.0
            ],
            [
              208.0,
              1757.0
            ],
            [
              183.0,
              1785.0
            ],
            [
              169.0,
              1790.0
            ],
            [
              72.0,
              1757.0
            ],
            [
              53.0,
              1742.0
            ],
            [
              70.0,
              1689.0
            ],
            [
              179.0,
              1662.0
            ],
            [
              205.0,
              1687.0
            ],
            [
              217.0,
              1718.0
            ]
          ]
        ]
      },
      "properties": {
        "parcel_id": "CAD-0172",
        "feature_type": "Agricultural Land",
        "land_use": "Agriculture",
        "category": "Land",
        "color_hex": "#FFA500",
        "area_px": 12983.5,
        "area_sqm": 83.09,
        "area_hectares": 0.0083,
        "area_acres": 0.0205,
        "area_gaj": 99.38,
        "perimeter_m": 36.51,
        "vertex_count": 10,
        "confidence": 0.8,
        "verification_status": "Pending Review"
      }
    },
    {
      "type": "Feature",
      "id": "CAD-0173",
      "geometry": {
        "type": "Polygon",
        "coordinates": [
          [
            [
              1957.0,
              1604.0
            ],
            [
              2017.0,
              1623.0
            ],
            [
              2021.0,
              1627.0
            ],
            [
              2021.0,
              1679.0
            ],
            [
              2018.0,
              1698.0
            ],
            [
              2006.0,
              1732.0
            ],
            [
              1996.0,
              1742.0
            ],
            [
              1986.0,
              1736.0
            ],
            [
              1951.0,
              1622.0
            ],
            [
              1952.0,
              1607.0
            ],
            [
              1957.0,
              1604.0
            ]
          ]
        ]
      },
      "properties": {
        "parcel_id": "CAD-0173",
        "feature_type": "Agricultural Land",
        "land_use": "Agriculture",
        "category": "Land",
        "color_hex": "#FFA500",
        "area_px": 5398.0,
        "area_sqm": 34.55,
        "area_hectares": 0.0035,
        "area_acres": 0.0085,
        "area_gaj": 41.32,
        "perimeter_m": 27.34,
        "vertex_count": 11,
        "confidence": 0.8,
        "verification_status": "Pending Review"
      }
    },
    {
      "type": "Feature",
      "id": "CAD-0174",
      "geometry": {
        "type": "Polygon",
        "coordinates": [
          [
            [
              844.0,
              1533.0
            ],
            [
              850.0,
              1560.0
            ],
            [
              839.0,
              1584.0
            ],
            [
              820.0,
              1597.0
            ],
            [
              692.0,
              1644.0
            ],
            [
              677.0,
              1636.0
            ],
            [
              677.0,
              1628.0
            ],
            [
              685.0,
              1614.0
            ],
            [
              724.0,
              1567.0
            ],
            [
              780.0,
              1514.0
            ],
            [
              811.0,
              1505.0
            ],
            [
              822.0,
              1509.0
            ],
            [
              844.0,
              1533.0
            ]
          ]
        ]
      },
      "properties": {
        "parcel_id": "CAD-0174",
        "feature_type": "Agricultural Land",
        "land_use": "Agriculture",
        "category": "Land",
        "color_hex": "#FFA500",
        "area_px": 12207.0,
        "area_sqm": 78.12,
        "area_hectares": 0.0078,
        "area_acres": 0.0193,
        "area_gaj": 93.43,
        "perimeter_m": 37.54,
        "vertex_count": 13,
        "confidence": 0.8,
        "verification_status": "Pending Review"
      }
    },
    {
      "type": "Feature",
      "id": "CAD-0175",
      "geometry": {
        "type": "Polygon",
        "coordinates": [
          [
            [
              4000.0,
              1591.0
            ],
            [
              3962.0,
              1570.0
            ],
            [
              3941.0,
              1549.0
            ],
            [
              3941.0,
              1545.0
            ],
            [
              3974.0,
              1491.0
            ],
            [
              4000.0,
              1476.0
            ],
            [
              4000.0,
              1591.0
            ]
          ]
        ]
      },
      "properties": {
        "parcel_id": "CAD-0175",
        "feature_type": "Agricultural Land",
        "land_use": "Agriculture",
        "category": "Land",
        "color_hex": "#FFA500",
        "area_px": 3820.0,
        "area_sqm": 24.45,
        "area_hectares": 0.0024,
        "area_acres": 0.006,
        "area_gaj": 29.24,
        "perimeter_m": 22.83,
        "vertex_count": 7,
        "confidence": 0.8,
        "verification_status": "Pending Review"
      }
    },
    {
      "type": "Feature",
      "id": "CAD-0176",
      "geometry": {
        "type": "Polygon",
        "coordinates": [
          [
            [
              1716.0,
              1473.0
            ],
            [
              1826.0,
              1600.0
            ],
            [
              1919.0,
              1808.0
            ],
            [
              1986.0,
              2664.0
            ],
            [
              500.0,
              2664.0
            ],
            [
              427.0,
              2531.0
            ],
            [
              429.0,
              2160.0
            ],
            [
              518.0,
              1915.0
            ],
            [
              644.0,
              1756.0
            ],
            [
              1008.0,
              1518.0
            ],
            [
              1398.0,
              1440.0
            ],
            [
              1716.0,
              1473.0
            ]
          ]
        ]
      },
      "properties": {
        "parcel_id": "CAD-0176",
        "feature_type": "Agricultural Land",
        "land_use": "Agriculture",
        "category": "Land",
        "color_hex": "#FFA500",
        "area_px": 979357.0,
        "area_sqm": 6267.88,
        "area_hectares": 0.6268,
        "area_acres": 1.5488,
        "area_gaj": 7496.38,
        "perimeter_m": 390.33,
        "vertex_count": 12,
        "confidence": 0.8,
        "verification_status": "Pending Review"
      }
    },
    {
      "type": "Feature",
      "id": "CAD-0177",
      "geometry": {
        "type": "Polygon",
        "coordinates": [
          [
            [
              23.0,
              1352.0
            ],
            [
              47.0,
              1345.0
            ],
            [
              67.0,
              1375.0
            ],
            [
              189.0,
              1626.0
            ],
            [
              184.0,
              1645.0
            ],
            [
              98.0,
              1583.0
            ],
            [
              0.0,
              1425.0
            ],
            [
              0.0,
              1366.0
            ],
            [
              23.0,
              1352.0
            ]
          ]
        ]
      },
      "properties": {
        "parcel_id": "CAD-0177",
        "feature_type": "Agricultural Land",
        "land_use": "Agriculture",
        "category": "Land",
        "color_hex": "#FFA500",
        "area_px": 12639.5,
        "area_sqm": 80.89,
        "area_hectares": 0.0081,
        "area_acres": 0.02,
        "area_gaj": 96.74,
        "perimeter_m": 59.01,
        "vertex_count": 9,
        "confidence": 0.8,
        "verification_status": "Pending Review"
      }
    },
    {
      "type": "Feature",
      "id": "CAD-0178",
      "geometry": {
        "type": "Polygon",
        "coordinates": [
          [
            [
              1700.0,
              1319.0
            ],
            [
              1711.0,
              1327.0
            ],
            [
              1721.0,
              1399.0
            ],
            [
              1719.0,
              1425.0
            ],
            [
              1715.0,
              1439.0
            ],
            [
              1707.0,
              1447.0
            ],
            [
              1615.0,
              1381.0
            ],
            [
              1619.0,
              1364.0
            ],
            [
              1688.0,
              1322.0
            ],
            [
              1700.0,
              1319.0
            ]
          ]
        ]
      },
      "properties": {
        "parcel_id": "CAD-0178",
        "feature_type": "Agricultural Land",
        "land_use": "Agriculture",
        "category": "Land",
        "color_hex": "#FFA500",
        "area_px": 6474.5,
        "area_sqm": 41.44,
        "area_hectares": 0.0041,
        "area_acres": 0.0102,
        "area_gaj": 49.56,
        "perimeter_m": 28.97,
        "vertex_count": 10,
        "confidence": 0.8,
        "verification_status": "Pending Review"
      }
    },
    {
      "type": "Feature",
      "id": "CAD-0179",
      "geometry": {
        "type": "Polygon",
        "coordinates": [
          [
            [
              2342.0,
              1227.0
            ],
            [
              2338.0,
              1242.0
            ],
            [
              2331.0,
              1254.0
            ],
            [
              2271.0,
              1301.0
            ],
            [
              2249.0,
              1307.0
            ],
            [
              2242.0,
              1303.0
            ],
            [
              2226.0,
              1252.0
            ],
            [
              2232.0,
              1241.0
            ],
            [
              2248.0,
              1226.0
            ],
            [
              2257.0,
              1223.0
            ],
            [
              2314.0,
              1220.0
            ],
            [
              2337.0,
              1224.0
            ],
            [
              2342.0,
              1227.0
            ]
          ]
        ]
      },
      "properties": {
        "parcel_id": "CAD-0179",
        "feature_type": "Agricultural Land",
        "land_use": "Agriculture",
        "category": "Land",
        "color_hex": "#FFA500",
        "area_px": 6005.0,
        "area_sqm": 38.43,
        "area_hectares": 0.0038,
        "area_acres": 0.0095,
        "area_gaj": 45.96,
        "perimeter_m": 25.61,
        "vertex_count": 13,
        "confidence": 0.8,
        "verification_status": "Pending Review"
      }
    },
    {
      "type": "Feature",
      "id": "CAD-0180",
      "geometry": {
        "type": "Polygon",
        "coordinates": [
          [
            [
              1991.0,
              1158.0
            ],
            [
              2037.0,
              1169.0
            ],
            [
              2073.0,
              1188.0
            ],
            [
              2115.0,
              1229.0
            ],
            [
              2141.0,
              1282.0
            ],
            [
              2144.0,
              1380.0
            ],
            [
              2105.0,
              1448.0
            ],
            [
              2062.0,
              1482.0
            ],
            [
              2004.0,
              1503.0
            ],
            [
              1939.0,
              1503.0
            ],
            [
              1864.0,
              1466.0
            ],
            [
              1829.0,
              1429.0
            ],
            [
              1804.0,
              1367.0
            ],
            [
              1804.0,
              1301.0
            ],
            [
              1831.0,
              1238.0
            ],
            [
              1867.0,
              1199.0
            ],
            [
              1915.0,
              1173.0
            ],
            [
              1991.0,
              1158.0
            ]
          ]
        ]
      },
      "properties": {
        "parcel_id": "CAD-0180",
        "feature_type": "Agricultural Land",
        "land_use": "Agriculture",
        "category": "Land",
        "color_hex": "#FFA500",
        "area_px": 93351.5,
        "area_sqm": 597.45,
        "area_hectares": 0.0597,
        "area_acres": 0.1476,
        "area_gaj": 714.55,
        "perimeter_m": 86.78,
        "vertex_count": 18,
        "confidence": 0.8,
        "verification_status": "Pending Review"
      }
    },
    {
      "type": "Feature",
      "id": "CAD-0181",
      "geometry": {
        "type": "Polygon",
        "coordinates": [
          [
            [
              662.0,
              1153.0
            ],
            [
              699.0,
              1241.0
            ],
            [
              702.0,
              1280.0
            ],
            [
              697.0,
              1283.0
            ],
            [
              673.0,
              1283.0
            ],
            [
              589.0,
              1272.0
            ],
            [
              561.0,
              1224.0
            ],
            [
              601.0,
              1168.0
            ],
            [
              645.0,
              1154.0
            ],
            [
              662.0,
              1153.0
            ]
          ]
        ]
      },
      "properties": {
        "parcel_id": "CAD-0181",
        "feature_type": "Agricultural Land",
        "land_use": "Agriculture",
        "category": "Land",
        "color_hex": "#FFA500",
        "area_px": 10139.0,
        "area_sqm": 64.89,
        "area_hectares": 0.0065,
        "area_acres": 0.016,
        "area_gaj": 77.61,
        "perimeter_m": 34.94,
        "vertex_count": 10,
        "confidence": 0.8,
        "verification_status": "Pending Review"
      }
    },
    {
      "type": "Feature",
      "id": "CAD-0182",
      "geometry": {
        "type": "Polygon",
        "coordinates": [
          [
            [
              636.0,
              977.0
            ],
            [
              673.0,
              1000.0
            ],
            [
              650.0,
              1103.0
            ],
            [
              642.0,
              1113.0
            ],
            [
              609.0,
              1123.0
            ],
            [
              584.0,
              1123.0
            ],
            [
              570.0,
              1080.0
            ],
            [
              583.0,
              1025.0
            ],
            [
              604.0,
              987.0
            ],
            [
              636.0,
              977.0
            ]
          ]
        ]
      },
      "properties": {
        "parcel_id": "CAD-0182",
        "feature_type": "Agricultural Land",
        "land_use": "Agriculture",
        "category": "Land",
        "color_hex": "#FFA500",
        "area_px": 9585.5,
        "area_sqm": 61.35,
        "area_hectares": 0.0061,
        "area_acres": 0.0152,
        "area_gaj": 73.37,
        "perimeter_m": 32.01,
        "vertex_count": 10,
        "confidence": 0.8,
        "verification_status": "Pending Review"
      }
    },
    {
      "type": "Feature",
      "id": "CAD-0183",
      "geometry": {
        "type": "Polygon",
        "coordinates": [
          [
            [
              1950.0,
              926.0
            ],
            [
              1966.0,
              958.0
            ],
            [
              1996.0,
              1047.0
            ],
            [
              1998.0,
              1062.0
            ],
            [
              1903.0,
              1102.0
            ],
            [
              1864.0,
              1098.0
            ],
            [
              1861.0,
              1095.0
            ],
            [
              1862.0,
              1085.0
            ],
            [
              1942.0,
              928.0
            ],
            [
              1950.0,
              926.0
            ]
          ]
        ]
      },
      "properties": {
        "parcel_id": "CAD-0183",
        "feature_type": "Agricultural Land",
        "land_use": "Agriculture",
        "category": "Land",
        "color_hex": "#FFA500",
        "area_px": 9553.0,
        "area_sqm": 61.14,
        "area_hectares": 0.0061,
        "area_acres": 0.0151,
        "area_gaj": 73.12,
        "perimeter_m": 38.87,
        "vertex_count": 10,
        "confidence": 0.8,
        "verification_status": "Pending Review"
      }
    },
    {
      "type": "Feature",
      "id": "CAD-0184",
      "geometry": {
        "type": "Polygon",
        "coordinates": [
          [
            [
              935.0,
              770.0
            ],
            [
              920.0,
              940.0
            ],
            [
              867.0,
              1000.0
            ],
            [
              790.0,
              1035.0
            ],
            [
              760.0,
              1029.0
            ],
            [
              742.0,
              965.0
            ],
            [
              744.0,
              867.0
            ],
            [
              757.0,
              800.0
            ],
            [
              783.0,
              785.0
            ],
            [
              841.0,
              767.0
            ],
            [
              935.0,
              770.0
            ]
          ]
        ]
      },
      "properties": {
        "parcel_id": "CAD-0184",
        "feature_type": "Agricultural Land",
        "land_use": "Agriculture",
        "category": "Land",
        "color_hex": "#FFA500",
        "area_px": 23487.5,
        "area_sqm": 150.32,
        "area_hectares": 0.015,
        "area_acres": 0.0371,
        "area_gaj": 179.78,
        "perimeter_m": 62.68,
        "vertex_count": 11,
        "confidence": 0.8,
        "verification_status": "Pending Review"
      }
    },
    {
      "type": "Feature",
      "id": "CAD-0185",
      "geometry": {
        "type": "Polygon",
        "coordinates": [
          [
            [
              551.0,
              465.0
            ],
            [
              633.0,
              630.0
            ],
            [
              751.0,
              1421.0
            ],
            [
              403.0,
              1884.0
            ],
            [
              299.0,
              1787.0
            ],
            [
              0.0,
              1187.0
            ],
            [
              0.0,
              644.0
            ],
            [
              276.0,
              520.0
            ],
            [
              551.0,
              465.0
            ]
          ]
        ]
      },
      "properties": {
        "parcel_id": "CAD-0185",
        "feature_type": "Agricultural Land",
        "land_use": "Agriculture",
        "category": "Land",
        "color_hex": "#FFA500",
        "area_px": 383676.5,
        "area_sqm": 2455.53,
        "area_hectares": 0.2456,
        "area_acres": 0.6068,
        "area_gaj": 2936.81,
        "perimeter_m": 280.15,
        "vertex_count": 9,
        "confidence": 0.8,
        "verification_status": "Pending Review"
      }
    },
    {
      "type": "Feature",
      "id": "CAD-0186",
      "geometry": {
        "type": "Polygon",
        "coordinates": [
          [
            [
              117.0,
              367.0
            ],
            [
              131.0,
              400.0
            ],
            [
              131.0,
              405.0
            ],
            [
              128.0,
              408.0
            ],
            [
              30.0,
              451.0
            ],
            [
              23.0,
              446.0
            ],
            [
              8.0,
              422.0
            ],
            [
              10.0,
              415.0
            ],
            [
              40.0,
              396.0
            ],
            [
              108.0,
              364.0
            ],
            [
              117.0,
              367.0
            ]
          ]
        ]
      },
      "properties": {
        "parcel_id": "CAD-0186",
        "feature_type": "Agricultural Land",
        "land_use": "Agriculture",
        "category": "Land",
        "color_hex": "#FFA500",
        "area_px": 5279.0,
        "area_sqm": 33.79,
        "area_hectares": 0.0034,
        "area_acres": 0.0083,
        "area_gaj": 40.41,
        "perimeter_m": 25.32,
        "vertex_count": 11,
        "confidence": 0.8,
        "verification_status": "Pending Review"
      }
    },
    {
      "type": "Feature",
      "id": "CAD-0187",
      "geometry": {
        "type": "Polygon",
        "coordinates": [
          [
            [
              183.0,
              313.0
            ],
            [
              220.0,
              298.0
            ],
            [
              331.0,
              293.0
            ],
            [
              407.0,
              321.0
            ],
            [
              437.0,
              340.0
            ],
            [
              508.0,
              411.0
            ],
            [
              515.0,
              429.0
            ],
            [
              472.0,
              526.0
            ],
            [
              267.0,
              469.0
            ],
            [
              187.0,
              331.0
            ],
            [
              183.0,
              313.0
            ]
          ]
        ]
      },
      "properties": {
        "parcel_id": "CAD-0187",
        "feature_type": "Agricultural Land",
        "land_use": "Agriculture",
        "category": "Land",
        "color_hex": "#FFA500",
        "area_px": 28688.0,
        "area_sqm": 183.6,
        "area_hectares": 0.0184,
        "area_acres": 0.0454,
        "area_gaj": 219.59,
        "perimeter_m": 70.73,
        "vertex_count": 11,
        "confidence": 0.8,
        "verification_status": "Pending Review"
      }
    },
    {
      "type": "Feature",
      "id": "CAD-0188",
      "geometry": {
        "type": "Polygon",
        "coordinates": [
          [
            [
              849.0,
              179.0
            ],
            [
              870.0,
              229.0
            ],
            [
              871.0,
              256.0
            ],
            [
              833.0,
              374.0
            ],
            [
              724.0,
              425.0
            ],
            [
              708.0,
              420.0
            ],
            [
              673.0,
              393.0
            ],
            [
              664.0,
              371.0
            ],
            [
              661.0,
              322.0
            ],
            [
              809.0,
              188.0
            ],
            [
              849.0,
              179.0
            ]
          ]
        ]
      },
      "properties": {
        "parcel_id": "CAD-0188",
        "feature_type": "Agricultural Land",
        "land_use": "Agriculture",
        "category": "Land",
        "color_hex": "#FFA500",
        "area_px": 21189.0,
        "area_sqm": 135.61,
        "area_hectares": 0.0136,
        "area_acres": 0.0335,
        "area_gaj": 162.19,
        "perimeter_m": 56.0,
        "vertex_count": 11,
        "confidence": 0.8,
        "verification_status": "Pending Review"
      }
    },
    {
      "type": "Feature",
      "id": "CAD-0189",
      "geometry": {
        "type": "Polygon",
        "coordinates": [
          [
            [
              151.0,
              137.0
            ],
            [
              179.0,
              182.0
            ],
            [
              183.0,
              204.0
            ],
            [
              179.0,
              213.0
            ],
            [
              54.0,
              274.0
            ],
            [
              0.0,
              272.0
            ],
            [
              0.0,
              177.0
            ],
            [
              34.0,
              145.0
            ],
            [
              78.0,
              123.0
            ],
            [
              108.0,
              122.0
            ],
            [
              143.0,
              130.0
            ],
            [
              151.0,
              137.0
            ]
          ]
        ]
      },
      "properties": {
        "parcel_id": "CAD-0189",
        "feature_type": "Agricultural Land",
        "land_use": "Agriculture",
        "category": "Land",
        "color_hex": "#FFA500",
        "area_px": 18422.5,
        "area_sqm": 117.9,
        "area_hectares": 0.0118,
        "area_acres": 0.0291,
        "area_gaj": 141.01,
        "perimeter_m": 43.66,
        "vertex_count": 12,
        "confidence": 0.8,
        "verification_status": "Pending Review"
      }
    },
    {
      "type": "Feature",
      "id": "CAD-0190",
      "geometry": {
        "type": "Polygon",
        "coordinates": [
          [
            [
              955.0,
              71.0
            ],
            [
              960.0,
              76.0
            ],
            [
              970.0,
              98.0
            ],
            [
              972.0,
              144.0
            ],
            [
              912.0,
              201.0
            ],
            [
              907.0,
              198.0
            ],
            [
              891.0,
              165.0
            ],
            [
              899.0,
              90.0
            ],
            [
              907.0,
              77.0
            ],
            [
              919.0,
              68.0
            ],
            [
              929.0,
              65.0
            ],
            [
              955.0,
              71.0
            ]
          ]
        ]
      },
      "properties": {
        "parcel_id": "CAD-0190",
        "feature_type": "Agricultural Land",
        "land_use": "Agriculture",
        "category": "Land",
        "color_hex": "#FFA500",
        "area_px": 6925.5,
        "area_sqm": 44.32,
        "area_hectares": 0.0044,
        "area_acres": 0.011,
        "area_gaj": 53.01,
        "perimeter_m": 27.63,
        "vertex_count": 12,
        "confidence": 0.8,
        "verification_status": "Pending Review"
      }
    },
    {
      "type": "Feature",
      "id": "CAD-0191",
      "geometry": {
        "type": "Polygon",
        "coordinates": [
          [
            [
              3999.0,
              31.0
            ],
            [
              4000.0,
              2294.0
            ],
            [
              2609.0,
              2664.0
            ],
            [
              2097.0,
              2664.0
            ],
            [
              2075.0,
              1836.0
            ],
            [
              2265.0,
              1367.0
            ],
            [
              3905.0,
              42.0
            ],
            [
              3999.0,
              31.0
            ]
          ]
        ]
      },
      "properties": {
        "parcel_id": "CAD-0191",
        "feature_type": "Agricultural Land",
        "land_use": "Agriculture",
        "category": "Land",
        "color_hex": "#FFA500",
        "area_px": 1604265.0,
        "area_sqm": 10267.3,
        "area_hectares": 1.0267,
        "area_acres": 2.5371,
        "area_gaj": 12279.69,
        "perimeter_m": 620.14,
        "vertex_count": 8,
        "confidence": 0.8,
        "verification_status": "Pending Review"
      }
    },
    {
      "type": "Feature",
      "id": "CAD-0192",
      "geometry": {
        "type": "Polygon",
        "coordinates": [
          [
            [
              3798.0,
              0.0
            ],
            [
              3256.0,
              646.0
            ],
            [
              3000.0,
              872.0
            ],
            [
              2520.0,
              1125.0
            ],
            [
              2357.0,
              1142.0
            ],
            [
              2183.0,
              1098.0
            ],
            [
              2065.0,
              979.0
            ],
            [
              2007.0,
              825.0
            ],
            [
              1920.0,
              199.0
            ],
            [
              2062.0,
              0.0
            ],
            [
              3798.0,
              0.0
            ]
          ]
        ]
      },
      "properties": {
        "parcel_id": "CAD-0192",
        "feature_type": "Agricultural Land",
        "land_use": "Agriculture",
        "category": "Land",
        "color_hex": "#FFA500",
        "area_px": 1207495.0,
        "area_sqm": 7727.97,
        "area_hectares": 0.7728,
        "area_acres": 1.9096,
        "area_gaj": 9242.65,
        "perimeter_m": 401.23,
        "vertex_count": 11,
        "confidence": 0.8,
        "verification_status": "Pending Review"
      }
    },
    {
      "type": "Feature",
      "id": "CAD-0193",
      "geometry": {
        "type": "Polygon",
        "coordinates": [
          [
            [
              1441.0,
              0.0
            ],
            [
              1542.0,
              185.0
            ],
            [
              1543.0,
              197.0
            ],
            [
              1508.0,
              227.0
            ],
            [
              1424.0,
              257.0
            ],
            [
              1382.0,
              258.0
            ],
            [
              1377.0,
              255.0
            ],
            [
              1327.0,
              79.0
            ],
            [
              1351.0,
              0.0
            ],
            [
              1441.0,
              0.0
            ]
          ]
        ]
      },
      "properties": {
        "parcel_id": "CAD-0193",
        "feature_type": "Agricultural Land",
        "land_use": "Agriculture",
        "category": "Land",
        "color_hex": "#FFA500",
        "area_px": 22007.5,
        "area_sqm": 140.85,
        "area_hectares": 0.0141,
        "area_acres": 0.0348,
        "area_gaj": 168.46,
        "perimeter_m": 60.92,
        "vertex_count": 10,
        "confidence": 0.8,
        "verification_status": "Pending Review"
      }
    },
    {
      "type": "Feature",
      "id": "CAD-0194",
      "geometry": {
        "type": "Polygon",
        "coordinates": [
          [
            [
              1768.0,
              0.0
            ],
            [
              1833.0,
              290.0
            ],
            [
              1875.0,
              770.0
            ],
            [
              1763.0,
              1216.0
            ],
            [
              1410.0,
              1343.0
            ],
            [
              1011.0,
              1409.0
            ],
            [
              897.0,
              1394.0
            ],
            [
              802.0,
              1237.0
            ],
            [
              675.0,
              580.0
            ],
            [
              987.0,
              0.0
            ],
            [
              1768.0,
              0.0
            ]
          ]
        ]
      },
      "properties": {
        "parcel_id": "CAD-0194",
        "feature_type": "Agricultural Land",
        "land_use": "Agriculture",
        "category": "Land",
        "color_hex": "#FFA500",
        "area_px": 935277.5,
        "area_sqm": 5985.78,
        "area_hectares": 0.5986,
        "area_acres": 1.4791,
        "area_gaj": 7158.99,
        "perimeter_m": 354.06,
        "vertex_count": 11,
        "confidence": 0.8,
        "verification_status": "Pending Review"
      }
    },
    {
      "type": "Feature",
      "id": "CAD-0195",
      "geometry": {
        "type": "Polygon",
        "coordinates": [
          [
            [
              886.0,
              0.0
            ],
            [
              894.0,
              35.0
            ],
            [
              887.0,
              50.0
            ],
            [
              844.0,
              85.0
            ],
            [
              828.0,
              86.0
            ],
            [
              814.0,
              73.0
            ],
            [
              797.0,
              36.0
            ],
            [
              784.0,
              0.0
            ],
            [
              886.0,
              0.0
            ]
          ]
        ]
      },
      "properties": {
        "parcel_id": "CAD-0195",
        "feature_type": "Agricultural Land",
        "land_use": "Agriculture",
        "category": "Land",
        "color_hex": "#FFA500",
        "area_px": 6066.5,
        "area_sqm": 38.83,
        "area_hectares": 0.0039,
        "area_acres": 0.0096,
        "area_gaj": 46.44,
        "perimeter_m": 25.92,
        "vertex_count": 9,
        "confidence": 0.8,
        "verification_status": "Pending Review"
      }
    },
    {
      "type": "Feature",
      "id": "CAD-0196",
      "geometry": {
        "type": "Polygon",
        "coordinates": [
          [
            [
              723.0,
              0.0
            ],
            [
              777.0,
              69.0
            ],
            [
              794.0,
              115.0
            ],
            [
              789.0,
              147.0
            ],
            [
              772.0,
              167.0
            ],
            [
              702.0,
              214.0
            ],
            [
              614.0,
              264.0
            ],
            [
              575.0,
              269.0
            ],
            [
              529.0,
              241.0
            ],
            [
              527.0,
              234.0
            ],
            [
              667.0,
              0.0
            ],
            [
              723.0,
              0.0
            ]
          ]
        ]
      },
      "properties": {
        "parcel_id": "CAD-0196",
        "feature_type": "Agricultural Land",
        "land_use": "Agriculture",
        "category": "Land",
        "color_hex": "#FFA500",
        "area_px": 22406.5,
        "area_sqm": 143.4,
        "area_hectares": 0.0143,
        "area_acres": 0.0354,
        "area_gaj": 171.51,
        "perimeter_m": 64.8,
        "vertex_count": 12,
        "confidence": 0.8,
        "verification_status": "Pending Review"
      }
    },
    {
      "type": "Feature",
      "id": "CAD-0197",
      "geometry": {
        "type": "Polygon",
        "coordinates": [
          [
            [
              441.0,
              0.0
            ],
            [
              427.0,
              191.0
            ],
            [
              247.0,
              170.0
            ],
            [
              233.0,
              158.0
            ],
            [
              208.0,
              102.0
            ],
            [
              250.0,
              49.0
            ],
            [
              303.0,
              19.0
            ],
            [
              353.0,
              0.0
            ],
            [
              441.0,
              0.0
            ]
          ]
        ]
      },
      "properties": {
        "parcel_id": "CAD-0197",
        "feature_type": "Agricultural Land",
        "land_use": "Agriculture",
        "category": "Land",
        "color_hex": "#FFA500",
        "area_px": 25946.5,
        "area_sqm": 166.06,
        "area_hectares": 0.0166,
        "area_acres": 0.041,
        "area_gaj": 198.61,
        "perimeter_m": 57.8,
        "vertex_count": 9,
        "confidence": 0.8,
        "verification_status": "Pending Review"
      }
    },
    {
      "type": "Feature",
      "id": "CAD-0198",
      "geometry": {
        "type": "Polygon",
        "coordinates": [
          [
            [
              2779.0,
              2663.0
            ],
            [
              2625.0,
              2664.0
            ],
            [
              2630.0,
              2659.0
            ],
            [
              2739.0,
              2630.0
            ],
            [
              2779.0,
              2663.0
            ]
          ]
        ]
      },
      "properties": {
        "parcel_id": "CAD-0198",
        "feature_type": "Road / Pathway",
        "land_use": "Commercial",
        "category": "Infrastructure",
        "color_hex": "#FFFF00",
        "area_px": 2784.5,
        "area_sqm": 17.82,
        "area_hectares": 0.0018,
        "area_acres": 0.0044,
        "area_gaj": 21.31,
        "perimeter_m": 26.06,
        "vertex_count": 5,
        "confidence": 0.78,
        "verification_status": "Pending Review"
      }
    },
    {
      "type": "Feature",
      "id": "CAD-0199",
      "geometry": {
        "type": "Polygon",
        "coordinates": [
          [
            [
              209.0,
              2555.0
            ],
            [
              205.0,
              2560.0
            ],
            [
              162.0,
              2578.0
            ],
            [
              122.0,
              2582.0
            ],
            [
              96.0,
              2581.0
            ],
            [
              98.0,
              2562.0
            ],
            [
              175.0,
              2553.0
            ],
            [
              209.0,
              2555.0
            ]
          ]
        ]
      },
      "properties": {
        "parcel_id": "CAD-0199",
        "feature_type": "Road / Pathway",
        "land_use": "Commercial",
        "category": "Infrastructure",
        "color_hex": "#FFFF00",
        "area_px": 1530.5,
        "area_sqm": 9.8,
        "area_hectares": 0.001,
        "area_acres": 0.0024,
        "area_gaj": 11.72,
        "perimeter_m": 19.99,
        "vertex_count": 8,
        "confidence": 0.78,
        "verification_status": "Pending Review"
      }
    },
    {
      "type": "Feature",
      "id": "CAD-0200",
      "geometry": {
        "type": "Polygon",
        "coordinates": [
          [
            [
              3815.0,
              2547.0
            ],
            [
              3874.0,
              2535.0
            ],
            [
              4000.0,
              2559.0
            ],
            [
              4000.0,
              2605.0
            ],
            [
              3870.0,
              2655.0
            ],
            [
              3846.0,
              2630.0
            ],
            [
              3815.0,
              2547.0
            ]
          ]
        ]
      },
      "properties": {
        "parcel_id": "CAD-0200",
        "feature_type": "Road / Pathway",
        "land_use": "Commercial",
        "category": "Infrastructure",
        "color_hex": "#FFFF00",
        "area_px": 8708.5,
        "area_sqm": 55.73,
        "area_hectares": 0.0056,
        "area_acres": 0.0138,
        "area_gaj": 66.65,
        "perimeter_m": 39.76,
        "vertex_count": 7,
        "confidence": 0.78,
        "verification_status": "Pending Review"
      }
    },
    {
      "type": "Feature",
      "id": "CAD-0201",
      "geometry": {
        "type": "Polygon",
        "coordinates": [
          [
            [
              4000.0,
              2296.0
            ],
            [
              4000.0,
              2407.0
            ],
            [
              3910.0,
              2396.0
            ],
            [
              3906.0,
              2386.0
            ],
            [
              3935.0,
              2313.0
            ],
            [
              4000.0,
              2296.0
            ]
          ]
        ]
      },
      "properties": {
        "parcel_id": "CAD-0201",
        "feature_type": "Road / Pathway",
        "land_use": "Commercial",
        "category": "Infrastructure",
        "color_hex": "#FFFF00",
        "area_px": 5039.5,
        "area_sqm": 32.25,
        "area_hectares": 0.0032,
        "area_acres": 0.008,
        "area_gaj": 38.57,
        "perimeter_m": 28.65,
        "vertex_count": 6,
        "confidence": 0.78,
        "verification_status": "Pending Review"
      }
    },
    {
      "type": "Feature",
      "id": "CAD-0202",
      "geometry": {
        "type": "Polygon",
        "coordinates": [
          [
            [
              426.0,
              2189.0
            ],
            [
              428.0,
              2190.0
            ],
            [
              426.0,
              2293.0
            ],
            [
              410.0,
              2294.0
            ],
            [
              407.0,
              2291.0
            ],
            [
              406.0,
              2252.0
            ],
            [
              426.0,
              2189.0
            ]
          ]
        ]
      },
      "properties": {
        "parcel_id": "CAD-0202",
        "feature_type": "Road / Pathway",
        "land_use": "Commercial",
        "category": "Infrastructure",
        "color_hex": "#FFFF00",
        "area_px": 1269.5,
        "area_sqm": 8.12,
        "area_hectares": 0.0008,
        "area_acres": 0.002,
        "area_gaj": 9.71,
        "perimeter_m": 18.45,
        "vertex_count": 7,
        "confidence": 0.78,
        "verification_status": "Pending Review"
      }
    },
    {
      "type": "Feature",
      "id": "CAD-0203",
      "geometry": {
        "type": "Polygon",
        "coordinates": [
          [
            [
              1956.0,
              2022.0
            ],
            [
              2035.0,
              2014.0
            ],
            [
              2089.0,
              2664.0
            ],
            [
              1986.0,
              2664.0
            ],
            [
              1950.0,
              2192.0
            ],
            [
              1956.0,
              2022.0
            ]
          ]
        ]
      },
      "properties": {
        "parcel_id": "CAD-0203",
        "feature_type": "Road / Pathway",
        "land_use": "Commercial",
        "category": "Infrastructure",
        "color_hex": "#FFFF00",
        "area_px": 56216.5,
        "area_sqm": 359.79,
        "area_hectares": 0.036,
        "area_acres": 0.0889,
        "area_gaj": 430.31,
        "perimeter_m": 118.25,
        "vertex_count": 6,
        "confidence": 0.78,
        "verification_status": "Pending Review"
      }
    },
    {
      "type": "Feature",
      "id": "CAD-0204",
      "geometry": {
        "type": "Polygon",
        "coordinates": [
          [
            [
              1967.0,
              1914.0
            ],
            [
              1970.0,
              1915.0
            ],
            [
              1977.0,
              1952.0
            ],
            [
              1978.0,
              2005.0
            ],
            [
              1956.0,
              2004.0
            ],
            [
              1949.0,
              1969.0
            ],
            [
              1947.0,
              1929.0
            ],
            [
              1967.0,
              1914.0
            ]
          ]
        ]
      },
      "properties": {
        "parcel_id": "CAD-0204",
        "feature_type": "Road / Pathway",
        "land_use": "Commercial",
        "category": "Infrastructure",
        "color_hex": "#FFFF00",
        "area_px": 2015.5,
        "area_sqm": 12.9,
        "area_hectares": 0.0013,
        "area_acres": 0.0032,
        "area_gaj": 15.43,
        "perimeter_m": 17.33,
        "vertex_count": 8,
        "confidence": 0.78,
        "verification_status": "Pending Review"
      }
    },
    {
      "type": "Feature",
      "id": "CAD-0205",
      "geometry": {
        "type": "Polygon",
        "coordinates": [
          [
            [
              0.0,
              1713.0
            ],
            [
              191.0,
              1793.0
            ],
            [
              232.0,
              1820.0
            ],
            [
              248.0,
              1843.0
            ],
            [
              105.0,
              1888.0
            ],
            [
              71.0,
              1875.0
            ],
            [
              49.0,
              1855.0
            ],
            [
              0.0,
              1713.0
            ]
          ]
        ]
      },
      "properties": {
        "parcel_id": "CAD-0205",
        "feature_type": "Road / Pathway",
        "land_use": "Commercial",
        "category": "Infrastructure",
        "color_hex": "#FFFF00",
        "area_px": 13365.5,
        "area_sqm": 85.54,
        "area_hectares": 0.0086,
        "area_acres": 0.0211,
        "area_gaj": 102.31,
        "perimeter_m": 52.04,
        "vertex_count": 8,
        "confidence": 0.78,
        "verification_status": "Pending Review"
      }
    },
    {
      "type": "Feature",
      "id": "CAD-0206",
      "geometry": {
        "type": "Polygon",
        "coordinates": [
          [
            [
              0.0,
              1430.0
            ],
            [
              213.0,
              1663.0
            ],
            [
              213.0,
              1678.0
            ],
            [
              46.0,
              1727.0
            ],
            [
              0.0,
              1626.0
            ],
            [
              0.0,
              1430.0
            ]
          ]
        ]
      },
      "properties": {
        "parcel_id": "CAD-0206",
        "feature_type": "Road / Pathway",
        "land_use": "Commercial",
        "category": "Infrastructure",
        "color_hex": "#FFFF00",
        "area_px": 19926.0,
        "area_sqm": 127.53,
        "area_hectares": 0.0128,
        "area_acres": 0.0315,
        "area_gaj": 152.53,
        "perimeter_m": 64.94,
        "vertex_count": 6,
        "confidence": 0.78,
        "verification_status": "Pending Review"
      }
    },
    {
      "type": "Feature",
      "id": "CAD-0207",
      "geometry": {
        "type": "Polygon",
        "coordinates": [
          [
            [
              80.0,
              1398.0
            ],
            [
              105.0,
              1399.0
            ],
            [
              209.0,
              1613.0
            ],
            [
              187.0,
              1621.0
            ],
            [
              80.0,
              1398.0
            ]
          ]
        ]
      },
      "properties": {
        "parcel_id": "CAD-0207",
        "feature_type": "Road / Pathway",
        "land_use": "Commercial",
        "category": "Infrastructure",
        "color_hex": "#FFFF00",
        "area_px": 5559.5,
        "area_sqm": 35.58,
        "area_hectares": 0.0036,
        "area_acres": 0.0088,
        "area_gaj": 42.55,
        "perimeter_m": 42.7,
        "vertex_count": 5,
        "confidence": 0.78,
        "verification_status": "Pending Review"
      }
    },
    {
      "type": "Feature",
      "id": "CAD-0208",
      "geometry": {
        "type": "Polygon",
        "coordinates": [
          [
            [
              3955.0,
              0.0
            ],
            [
              3930.0,
              37.0
            ],
            [
              3618.0,
              272.0
            ],
            [
              3598.0,
              263.0
            ],
            [
              3795.0,
              0.0
            ],
            [
              3955.0,
              0.0
            ]
          ]
        ]
      },
      "properties": {
        "parcel_id": "CAD-0208",
        "feature_type": "Road / Pathway",
        "land_use": "Commercial",
        "category": "Infrastructure",
        "color_hex": "#FFFF00",
        "area_px": 20257.5,
        "area_sqm": 129.65,
        "area_hectares": 0.013,
        "area_acres": 0.032,
        "area_gaj": 155.06,
        "perimeter_m": 75.66,
        "vertex_count": 6,
        "confidence": 0.78,
        "verification_status": "Pending Review"
      }
    },
    {
      "type": "Feature",
      "id": "CAD-0209",
      "geometry": {
        "type": "Polygon",
        "coordinates": [
          [
            [
              2060.0,
              0.0
            ],
            [
              2593.0,
              1101.0
            ],
            [
              2074.0,
              1840.0
            ],
            [
              351.0,
              2664.0
            ],
            [
              208.0,
              2370.0
            ],
            [
              0.0,
              304.0
            ],
            [
              178.0,
              92.0
            ],
            [
              727.0,
              0.0
            ],
            [
              2060.0,
              0.0
            ]
          ]
        ]
      },
      "properties": {
        "parcel_id": "CAD-0209",
        "feature_type": "Road / Pathway",
        "land_use": "Commercial",
        "category": "Infrastructure",
        "color_hex": "#FFFF00",
        "area_px": 853501.5,
        "area_sqm": 5462.41,
        "area_hectares": 0.5462,
        "area_acres": 1.3498,
        "area_gaj": 6533.04,
        "perimeter_m": 688.48,
        "vertex_count": 9,
        "confidence": 0.78,
        "verification_status": "Pending Review"
      }
    },
    {
      "type": "Feature",
      "id": "CAD-0210",
      "geometry": {
        "type": "Polygon",
        "coordinates": [
          [
            [
              3949.0,
              2404.0
            ],
            [
              4000.0,
              2408.0
            ],
            [
              4000.0,
              2556.0
            ],
            [
              3951.0,
              2549.0
            ],
            [
              3949.0,
              2404.0
            ]
          ]
        ]
      },
      "properties": {
        "parcel_id": "CAD-0210",
        "feature_type": "Vacant / Open Land",
        "land_use": "Vacant",
        "category": "Land",
        "color_hex": "#D2B48C",
        "area_px": 4896.0,
        "area_sqm": 31.33,
        "area_hectares": 0.0031,
        "area_acres": 0.0077,
        "area_gaj": 37.47,
        "perimeter_m": 31.49,
        "vertex_count": 5,
        "confidence": 0.75,
        "verification_status": "Pending Review"
      }
    },
    {
      "type": "Feature",
      "id": "CAD-0211",
      "geometry": {
        "type": "Polygon",
        "coordinates": [
          [
            [
              0.0,
              2132.0
            ],
            [
              189.0,
              2187.0
            ],
            [
              190.0,
              2221.0
            ],
            [
              33.0,
              2302.0
            ],
            [
              0.0,
              2302.0
            ],
            [
              0.0,
              2132.0
            ]
          ]
        ]
      },
      "properties": {
        "parcel_id": "CAD-0211",
        "feature_type": "Vacant / Open Land",
        "land_use": "Vacant",
        "category": "Land",
        "color_hex": "#D2B48C",
        "area_px": 10550.0,
        "area_sqm": 67.52,
        "area_hectares": 0.0068,
        "area_acres": 0.0167,
        "area_gaj": 80.75,
        "perimeter_m": 48.84,
        "vertex_count": 6,
        "confidence": 0.75,
        "verification_status": "Pending Review"
      }
    },
    {
      "type": "Feature",
      "id": "CAD-0212",
      "geometry": {
        "type": "Polygon",
        "coordinates": [
          [
            [
              2055.0,
              1850.0
            ],
            [
              2075.0,
              1855.0
            ],
            [
              2090.0,
              2453.0
            ],
            [
              2072.0,
              2453.0
            ],
            [
              1961.0,
              1895.0
            ],
            [
              2055.0,
              1850.0
            ]
          ]
        ]
      },
      "properties": {
        "parcel_id": "CAD-0212",
        "feature_type": "Vacant / Open Land",
        "land_use": "Vacant",
        "category": "Land",
        "color_hex": "#D2B48C",
        "area_px": 28629.0,
        "area_sqm": 183.23,
        "area_hectares": 0.0183,
        "area_acres": 0.0453,
        "area_gaj": 219.14,
        "perimeter_m": 104.8,
        "vertex_count": 6,
        "confidence": 0.75,
        "verification_status": "Pending Review"
      }
    },
    {
      "type": "Feature",
      "id": "CAD-0213",
      "geometry": {
        "type": "Polygon",
        "coordinates": [
          [
            [
              9.0,
              1741.0
            ],
            [
              106.0,
              1889.0
            ],
            [
              106.0,
              1907.0
            ],
            [
              99.0,
              1930.0
            ],
            [
              0.0,
              1963.0
            ],
            [
              0.0,
              1741.0
            ],
            [
              9.0,
              1741.0
            ]
          ]
        ]
      },
      "properties": {
        "parcel_id": "CAD-0213",
        "feature_type": "Vacant / Open Land",
        "land_use": "Vacant",
        "category": "Land",
        "color_hex": "#D2B48C",
        "area_px": 10688.0,
        "area_sqm": 68.4,
        "area_hectares": 0.0068,
        "area_acres": 0.0169,
        "area_gaj": 81.81,
        "perimeter_m": 44.35,
        "vertex_count": 7,
        "confidence": 0.75,
        "verification_status": "Pending Review"
      }
    },
    {
      "type": "Feature",
      "id": "CAD-0214",
      "geometry": {
        "type": "Polygon",
        "coordinates": [
          [
            [
              91.0,
              0.0
            ],
            [
              142.0,
              0.0
            ],
            [
              186.0,
              72.0
            ],
            [
              186.0,
              90.0
            ],
            [
              152.0,
              122.0
            ],
            [
              134.0,
              122.0
            ],
            [
              91.0,
              31.0
            ],
            [
              91.0,
              0.0
            ]
          ]
        ]
      },
      "properties": {
        "parcel_id": "CAD-0214",
        "feature_type": "Vacant / Open Land",
        "land_use": "Vacant",
        "category": "Land",
        "color_hex": "#D2B48C",
        "area_px": 6721.5,
        "area_sqm": 43.02,
        "area_hectares": 0.0043,
        "area_acres": 0.0106,
        "area_gaj": 51.45,
        "perimeter_m": 27.98,
        "vertex_count": 8,
        "confidence": 0.75,
        "verification_status": "Pending Review"
      }
    }
  ]
}