{
  "type": "FeatureCollection",
  "name": "Cadastral_Features_Paridhi",
  "crs": {
    "type": "name",
    "properties": {
      "name": "urn:ogc:def:crs:OGC:1.3:CRS84"
    }
  },
  "features": [
    {
      "type": "Feature",
      "id": "P-0009",
      "geometry": {
        "type": "Polygon",
        "coordinates": [
          [
            [
              77.209001,
              28.613866
            ],
            [
              77.209001,
              28.613771
            ],
            [
              77.209007,
              28.613774
            ],
            [
              77.209006,
              28.613783
            ],
            [
              77.209009,
              28.613786
            ],
            [
              77.209021,
              28.613786
            ],
            [
              77.209023,
              28.61379
            ],
            [
              77.20902,
              28.613794
            ],
            [
              77.20902,
              28.613799
            ],
            [
              77.209025,
              28.613804
            ],
            [
              77.20902,
              28.613821
            ],
            [
              77.209014,
              28.613825
            ],
            [
              77.209014,
              28.61383
            ],
            [
              77.209016,
              28.613835
            ],
            [
              77.209031,
              28.613845
            ],
            [
              77.209024,
              28.613848
            ],
            [
              77.209024,
              28.613855
            ],
            [
              77.209027,
              28.613859
            ],
            [
              77.209009,
              28.61386
            ],
            [
              77.209001,
              28.613866
            ]
          ]
        ]
      },
      "properties": {
        "parcel_id": "P-0009",
        "numeric_id": 9,
        "area_sqm": 17.51,
        "area_hectares": 0.0018,
        "area_acres": 0.0043,
        "area_gaj": 20.94,
        "perimeter_m": 26.8,
        "compactness": 0.306,
        "builtup_area_sqm": 0.0,
        "builtup_pct": 0.0,
        "building_count": 0,
        "land_use": "Vacant / Open Plot",
        "confidence": 0.81,
        "verification_status": "Pending Review",
        "centroid_px": [
          13.4,
          108.2
        ],
        "centroid_geo": [
          77.209011,
          28.613822
        ],
        "feature_type": "parcel"
      }
    },
    {
      "type": "Feature",
      "id": "P-0015",
      "geometry": {
        "type": "Polygon",
        "coordinates": [
          [
            [
              77.209413,
              28.613812
            ],
            [
              77.209366,
              28.613812
            ],
            [
              77.209365,
              28.613801
            ],
            [
              77.209411,
              28.613801
            ],
            [
              77.209413,
              28.613812
            ]
          ]
        ]
      },
      "properties": {
        "parcel_id": "P-0015",
        "numeric_id": 15,
        "area_sqm": 5.42,
        "area_hectares": 0.0005,
        "area_acres": 0.0013,
        "area_gaj": 6.49,
        "perimeter_m": 11.45,
        "compactness": 0.52,
        "builtup_area_sqm": 0.0,
        "builtup_pct": 0.0,
        "building_count": 0,
        "land_use": "Vacant / Open Plot",
        "confidence": 0.85,
        "verification_status": "Pending Review",
        "centroid_px": [
          474.8,
          130.5
        ],
        "centroid_geo": [
          77.209389,
          28.613806
        ],
        "feature_type": "parcel"
      }
    },
    {
      "type": "Feature",
      "id": "P-0003",
      "geometry": {
        "type": "Polygon",
        "coordinates": [
          [
            [
              77.209373,
              28.613899
            ],
            [
              77.209372,
              28.61387
            ],
            [
              77.209368,
              28.613863
            ],
            [
              77.209375,
              28.613863
            ],
            [
              77.209381,
              28.613874
            ],
            [
              77.209377,
              28.613876
            ],
            [
              77.209377,
              28.613882
            ],
            [
              77.209382,
              28.613886
            ],
            [
              77.209382,
              28.613894
            ],
            [
              77.209389,
              28.613898
            ],
            [
              77.209373,
              28.613899
            ]
          ]
        ]
      },
      "properties": {
        "parcel_id": "P-0003",
        "numeric_id": 3,
        "area_sqm": 3.06,
        "area_hectares": 0.0003,
        "area_acres": 0.0008,
        "area_gaj": 3.66,
        "perimeter_m": 11.04,
        "compactness": 0.316,
        "builtup_area_sqm": 0.0,
        "builtup_pct": 0.0,
        "building_count": 0,
        "land_use": "Vacant / Open Plot",
        "confidence": 0.81,
        "verification_status": "Pending Review",
        "centroid_px": [
          460.0,
          23.1
        ],
        "centroid_geo": [
          77.209377,
          28.613883
        ],
        "feature_type": "parcel"
      }
    },
    {
      "type": "Feature",
      "id": "P-0024",
      "geometry": {
        "type": "Polygon",
        "coordinates": [
          [
            [
              77.209364,
              28.613626
            ],
            [
              77.209362,
              28.613619
            ],
            [
              77.209367,
              28.613617
            ],
            [
              77.209368,
              28.613609
            ],
            [
              77.209377,
              28.613609
            ],
            [
              77.209378,
              28.613625
            ],
            [
              77.209364,
              28.613626
            ]
          ]
        ]
      },
      "properties": {
        "parcel_id": "P-0024",
        "numeric_id": 24,
        "area_sqm": 2.18,
        "area_hectares": 0.0002,
        "area_acres": 0.0005,
        "area_gaj": 2.6,
        "perimeter_m": 6.2,
        "compactness": 0.711,
        "builtup_area_sqm": 0.0,
        "builtup_pct": 0.0,
        "building_count": 0,
        "land_use": "Vacant / Open Plot",
        "confidence": 0.89,
        "verification_status": "Pending Review",
        "centroid_px": [
          453.3,
          392.1
        ],
        "centroid_geo": [
          77.209371,
          28.613618
        ],
        "feature_type": "parcel"
      }
    },
    {
      "type": "Feature",
      "id": "P-0022",
      "geometry": {
        "type": "Polygon",
        "coordinates": [
          [
            [
              77.209418,
              28.613641
            ],
            [
              77.209404,
              28.613639
            ],
            [
              77.209402,
              28.613626
            ],
            [
              77.209418,
              28.613626
            ],
            [
              77.209418,
              28.613641
            ]
          ]
        ]
      },
      "properties": {
        "parcel_id": "P-0022",
        "numeric_id": 22,
        "area_sqm": 2.18,
        "area_hectares": 0.0002,
        "area_acres": 0.0005,
        "area_gaj": 2.61,
        "perimeter_m": 5.94,
        "compactness": 0.778,
        "builtup_area_sqm": 0.0,
        "builtup_pct": 0.0,
        "building_count": 0,
        "land_use": "Vacant / Open Plot",
        "confidence": 0.91,
        "verification_status": "Pending Review",
        "centroid_px": [
          501.2,
          371.7
        ],
        "centroid_geo": [
          77.20941,
          28.613633
        ],
        "feature_type": "parcel"
      }
    },
    {
      "type": "Feature",
      "id": "P-0023",
      "geometry": {
        "type": "Polygon",
        "coordinates": [
          [
            [
              77.209041,
              28.613629
            ],
            [
              77.209037,
              28.613625
            ],
            [
              77.209036,
              28.613615
            ],
            [
              77.209043,
              28.613608
            ],
            [
              77.209046,
              28.61361
            ],
            [
              77.209047,
              28.613616
            ],
            [
              77.209051,
              28.613618
            ],
            [
              77.209045,
              28.613621
            ],
            [
              77.209045,
              28.613628
            ],
            [
              77.209041,
              28.613629
            ]
          ]
        ]
      },
      "properties": {
        "parcel_id": "P-0023",
        "numeric_id": 23,
        "area_sqm": 1.9,
        "area_hectares": 0.0002,
        "area_acres": 0.0005,
        "area_gaj": 2.28,
        "perimeter_m": 6.22,
        "compactness": 0.619,
        "builtup_area_sqm": 0.0,
        "builtup_pct": 0.0,
        "building_count": 0,
        "land_use": "Vacant / Open Plot",
        "confidence": 0.87,
        "verification_status": "Pending Review",
        "centroid_px": [
          51.2,
          391.7
        ],
        "centroid_geo": [
          77.209042,
          28.613618
        ],
        "feature_type": "parcel"
      }
    },
    {
      "type": "Feature",
      "id": "P-0017",
      "geometry": {
        "type": "Polygon",
        "coordinates": [
          [
            [
              77.209321,
              28.613738
            ],
            [
              77.2093,
              28.613736
            ],
            [
              77.2093,
              28.613731
            ],
            [
              77.20932,
              28.613731
            ],
            [
              77.209321,
              28.613738
            ]
          ]
        ]
      },
      "properties": {
        "parcel_id": "P-0017",
        "numeric_id": 17,
        "area_sqm": 1.25,
        "area_hectares": 0.0001,
        "area_acres": 0.0003,
        "area_gaj": 1.5,
        "perimeter_m": 5.21,
        "compactness": 0.579,
        "builtup_area_sqm": 0.0,
        "builtup_pct": 0.0,
        "building_count": 0,
        "land_use": "Vacant / Open Plot",
        "confidence": 0.87,
        "verification_status": "Pending Review",
        "centroid_px": [
          379.8,
          231.0
        ],
        "centroid_geo": [
          77.209311,
          28.613734
        ],
        "feature_type": "parcel"
      }
    },
    {
      "type": "Feature",
      "id": "P-0001",
      "geometry": {
        "type": "Polygon",
        "coordinates": [
          [
            [
              77.209056,
              28.613899
            ],
            [
              77.209056,
              28.613893
            ],
            [
              77.209061,
              28.613891
            ],
            [
              77.209061,
              28.613888
            ],
            [
              77.209069,
              28.613888
            ],
            [
              77.209068,
              28.613899
            ],
            [
              77.209056,
              28.613899
            ]
          ]
        ]
      },
      "properties": {
        "parcel_id": "P-0001",
        "numeric_id": 1,
        "area_sqm": 1.34,
        "area_hectares": 0.0001,
        "area_acres": 0.0003,
        "area_gaj": 1.6,
        "perimeter_m": 4.79,
        "compactness": 0.732,
        "builtup_area_sqm": 0.0,
        "builtup_pct": 0.0,
        "building_count": 0,
        "land_use": "Vacant / Open Plot",
        "confidence": 0.9,
        "verification_status": "Pending Review",
        "centroid_px": [
          76.7,
          8.3
        ],
        "centroid_geo": [
          77.209063,
          28.613894
        ],
        "feature_type": "parcel"
      }
    },
    {
      "type": "Feature",
      "id": "P-0026",
      "geometry": {
        "type": "Polygon",
        "coordinates": [
          [
            [
              77.209054,
              28.613588
            ],
            [
              77.209054,
              28.613586
            ],
            [
              77.209048,
              28.613583
            ],
            [
              77.209046,
              28.613571
            ],
            [
              77.209052,
              28.613572
            ],
            [
              77.209052,
              28.61358
            ],
            [
              77.209057,
              28.613582
            ],
            [
              77.209057,
              28.613587
            ],
            [
              77.20906,
              28.61359
            ],
            [
              77.209054,
              28.613588
            ]
          ]
        ]
      },
      "properties": {
        "parcel_id": "P-0026",
        "numeric_id": 26,
        "area_sqm": 1.04,
        "area_hectares": 0.0001,
        "area_acres": 0.0003,
        "area_gaj": 1.24,
        "perimeter_m": 5.81,
        "compactness": 0.387,
        "builtup_area_sqm": 0.0,
        "builtup_pct": 0.0,
        "building_count": 0,
        "land_use": "Vacant / Open Plot",
        "confidence": 0.83,
        "verification_status": "Pending Review",
        "centroid_px": [
          62.9,
          445.5
        ],
        "centroid_geo": [
          77.209052,
          28.61358
        ],
        "feature_type": "parcel"
      }
    },
    {
      "type": "Feature",
      "id": "P-0014",
      "geometry": {
        "type": "Polygon",
        "coordinates": [
          [
            [
              77.209256,
              28.613817
            ],
            [
              77.209256,
              28.613805
            ],
            [
              77.209264,
              28.613805
            ],
            [
              77.209264,
              28.613817
            ],
            [
              77.209256,
              28.613817
            ]
          ]
        ]
      },
      "properties": {
        "parcel_id": "P-0014",
        "numeric_id": 14,
        "area_sqm": 1.0,
        "area_hectares": 0.0001,
        "area_acres": 0.0002,
        "area_gaj": 1.2,
        "perimeter_m": 4.17,
        "compactness": 0.727,
        "builtup_area_sqm": 0.0,
        "builtup_pct": 0.0,
        "building_count": 0,
        "land_use": "Vacant / Open Plot",
        "confidence": 0.9,
        "verification_status": "Pending Review",
        "centroid_px": [
          317.7,
          123.6
        ],
        "centroid_geo": [
          77.20926,
          28.613811
        ],
        "feature_type": "parcel"
      }
    },
    {
      "type": "Feature",
      "id": "P-0028",
      "geometry": {
        "type": "Polygon",
        "coordinates": [
          [
            [
              77.209047,
              28.613539
            ],
            [
              77.209029,
              28.613537
            ],
            [
              77.209028,
              28.613533
            ],
            [
              77.209048,
              28.613533
            ],
            [
              77.209047,
              28.613539
            ]
          ]
        ]
      },
      "properties": {
        "parcel_id": "P-0028",
        "numeric_id": 28,
        "area_sqm": 0.9,
        "area_hectares": 0.0001,
        "area_acres": 0.0002,
        "area_gaj": 1.08,
        "perimeter_m": 4.76,
        "compactness": 0.498,
        "builtup_area_sqm": 0.0,
        "builtup_pct": 0.0,
        "building_count": 0,
        "land_use": "Vacant / Open Plot",
        "confidence": 0.85,
        "verification_status": "Pending Review",
        "centroid_px": [
          47.4,
          507.0
        ],
        "centroid_geo": [
          77.209039,
          28.613536
        ],
        "feature_type": "parcel"
      }
    },
    {
      "type": "Feature",
      "id": "P-0018",
      "geometry": {
        "type": "Polygon",
        "coordinates": [
          [
            [
              77.209014,
              28.613734
            ],
            [
              77.209009,
              28.613728
            ],
            [
              77.209001,
              28.61373
            ],
            [
              77.209001,
              28.613723
            ],
            [
              77.209007,
              28.613722
            ],
            [
              77.20901,
              28.613727
            ],
            [
              77.209017,
              28.613725
            ],
            [
              77.209017,
              28.613733
            ],
            [
              77.209014,
              28.613734
            ]
          ]
        ]
      },
      "properties": {
        "parcel_id": "P-0018",
        "numeric_id": 18,
        "area_sqm": 1.08,
        "area_hectares": 0.0001,
        "area_acres": 0.0003,
        "area_gaj": 1.29,
        "perimeter_m": 5.51,
        "compactness": 0.447,
        "builtup_area_sqm": 0.0,
        "builtup_pct": 0.0,
        "building_count": 0,
        "land_use": "Vacant / Open Plot",
        "confidence": 0.84,
        "verification_status": "Pending Review",
        "centroid_px": [
          11.1,
          239.8
        ],
        "centroid_geo": [
          77.209009,
          28.613728
        ],
        "feature_type": "parcel"
      }
    },
    {
      "type": "Feature",
      "id": "P-0016",
      "geometry": {
        "type": "Polygon",
        "coordinates": [
          [
            [
              77.209151,
              28.613737
            ],
            [
              77.209145,
              28.613735
            ],
            [
              77.209143,
              28.613733
            ],
            [
              77.209154,
              28.613728
            ],
            [
              77.209156,
              28.613733
            ],
            [
              77.209151,
              28.613737
            ]
          ]
        ]
      },
      "properties": {
        "parcel_id": "P-0016",
        "numeric_id": 16,
        "area_sqm": 0.71,
        "area_hectares": 0.0001,
        "area_acres": 0.0002,
        "area_gaj": 0.85,
        "perimeter_m": 3.41,
        "compactness": 0.773,
        "builtup_area_sqm": 0.0,
        "builtup_pct": 0.0,
        "building_count": 0,
        "land_use": "Vacant / Open Plot",
        "confidence": 0.9,
        "verification_status": "Pending Review",
        "centroid_px": [
          183.2,
          232.9
        ],
        "centroid_geo": [
          77.20915,
          28.613733
        ],
        "feature_type": "parcel"
      }
    },
    {
      "type": "Feature",
      "id": "P-0010",
      "geometry": {
        "type": "Polygon",
        "coordinates": [
          [
            [
              77.20924,
              28.61383
            ],
            [
              77.209237,
              28.613821
            ],
            [
              77.209244,
              28.613821
            ],
            [
              77.209247,
              28.613825
            ],
            [
              77.209247,
              28.61383
            ],
            [
              77.20924,
              28.61383
            ]
          ]
        ]
      },
      "properties": {
        "parcel_id": "P-0010",
        "numeric_id": 10,
        "area_sqm": 0.78,
        "area_hectares": 0.0001,
        "area_acres": 0.0002,
        "area_gaj": 0.93,
        "perimeter_m": 3.5,
        "compactness": 0.799,
        "builtup_area_sqm": 0.0,
        "builtup_pct": 0.0,
        "building_count": 0,
        "land_use": "Vacant / Open Plot",
        "confidence": 0.91,
        "verification_status": "Pending Review",
        "centroid_px": [
          296.3,
          103.7
        ],
        "centroid_geo": [
          77.209243,
          28.613825
        ],
        "feature_type": "parcel"
      }
    },
    {
      "type": "Feature",
      "id": "P-0020",
      "geometry": {
        "type": "Polygon",
        "coordinates": [
          [
            [
              77.209382,
              28.613717
            ],
            [
              77.209384,
              28.613712
            ],
            [
              77.20939,
              28.613712
            ],
            [
              77.209393,
              28.613708
            ],
            [
              77.209396,
              28.613708
            ],
            [
              77.209399,
              28.613715
            ],
            [
              77.209382,
              28.613717
            ]
          ]
        ]
      },
      "properties": {
        "parcel_id": "P-0020",
        "numeric_id": 20,
        "area_sqm": 0.84,
        "area_hectares": 0.0001,
        "area_acres": 0.0002,
        "area_gaj": 1.0,
        "perimeter_m": 4.47,
        "compactness": 0.525,
        "builtup_area_sqm": 0.0,
        "builtup_pct": 0.0,
        "building_count": 0,
        "land_use": "Vacant / Open Plot",
        "confidence": 0.86,
        "verification_status": "Pending Review",
        "centroid_px": [
          477.8,
          259.9
        ],
        "centroid_geo": [
          77.209391,
          28.613713
        ],
        "feature_type": "parcel"
      }
    },
    {
      "type": "Feature",
      "id": "P-0013",
      "geometry": {
        "type": "Polygon",
        "coordinates": [
          [
            [
              77.209108,
              28.61382
            ],
            [
              77.209101,
              28.613818
            ],
            [
              77.209105,
              28.61381
            ],
            [
              77.209105,
              28.613804
            ],
            [
              77.209109,
              28.613814
            ],
            [
              77.209108,
              28.61382
            ]
          ]
        ]
      },
      "properties": {
        "parcel_id": "P-0013",
        "numeric_id": 13,
        "area_sqm": 0.62,
        "area_hectares": 0.0001,
        "area_acres": 0.0002,
        "area_gaj": 0.74,
        "perimeter_m": 4.1,
        "compactness": 0.463,
        "builtup_area_sqm": 0.0,
        "builtup_pct": 0.0,
        "building_count": 0,
        "land_use": "Vacant / Open Plot",
        "confidence": 0.84,
        "verification_status": "Pending Review",
        "centroid_px": [
          128.9,
          119.3
        ],
        "centroid_geo": [
          77.209105,
          28.613814
        ],
        "feature_type": "parcel"
      }
    },
    {
      "type": "Feature",
      "id": "P-0005",
      "geometry": {
        "type": "Polygon",
        "coordinates": [
          [
            [
              77.209092,
              28.613891
            ],
            [
              77.209092,
              28.613881
            ],
            [
              77.209093,
              28.613872
            ],
            [
              77.209097,
              28.613876
            ],
            [
              77.209094,
              28.613884
            ],
            [
              77.209098,
              28.613889
            ],
            [
              77.209097,
              28.613891
            ],
            [
              77.209092,
              28.613891
            ]
          ]
        ]
      },
      "properties": {
        "parcel_id": "P-0005",
        "numeric_id": 5,
        "area_sqm": 0.79,
        "area_hectares": 0.0001,
        "area_acres": 0.0002,
        "area_gaj": 0.94,
        "perimeter_m": 5.14,
        "compactness": 0.375,
        "builtup_area_sqm": 0.0,
        "builtup_pct": 0.0,
        "building_count": 0,
        "land_use": "Vacant / Open Plot",
        "confidence": 0.82,
        "verification_status": "Pending Review",
        "centroid_px": [
          114.9,
          23.2
        ],
        "centroid_geo": [
          77.209094,
          28.613883
        ],
        "feature_type": "parcel"
      }
    },
    {
      "type": "Feature",
      "id": "P-0006",
      "geometry": {
        "type": "Polygon",
        "coordinates": [
          [
            [
              77.209269,
              28.613886
            ],
            [
              77.20926,
              28.613883
            ],
            [
              77.209258,
              28.613878
            ],
            [
              77.209268,
              28.613878
            ],
            [
              77.209269,
              28.613886
            ]
          ]
        ]
      },
      "properties": {
        "parcel_id": "P-0006",
        "numeric_id": 6,
        "area_sqm": 0.57,
        "area_hectares": 0.0001,
        "area_acres": 0.0001,
        "area_gaj": 0.68,
        "perimeter_m": 3.27,
        "compactness": 0.664,
        "builtup_area_sqm": 0.0,
        "builtup_pct": 0.0,
        "building_count": 0,
        "land_use": "Vacant / Open Plot",
        "confidence": 0.88,
        "verification_status": "Pending Review",
        "centroid_px": [
          322.6,
          25.8
        ],
        "centroid_geo": [
          77.209264,
          28.613881
        ],
        "feature_type": "parcel"
      }
    },
    {
      "type": "Feature",
      "id": "P-0008",
      "geometry": {
        "type": "Polygon",
        "coordinates": [
          [
            [
              77.209408,
              28.613866
            ],
            [
              77.209408,
              28.61386
            ],
            [
              77.209418,
              28.61386
            ],
            [
              77.209418,
              28.613866
            ],
            [
              77.209408,
              28.613866
            ]
          ]
        ]
      },
      "properties": {
        "parcel_id": "P-0008",
        "numeric_id": 8,
        "area_sqm": 0.66,
        "area_hectares": 0.0001,
        "area_acres": 0.0002,
        "area_gaj": 0.79,
        "perimeter_m": 3.28,
        "compactness": 0.772,
        "builtup_area_sqm": 0.0,
        "builtup_pct": 0.0,
        "building_count": 0,
        "land_use": "Vacant / Open Plot",
        "confidence": 0.9,
        "verification_status": "Pending Review",
        "centroid_px": [
          504.2,
          51.6
        ],
        "centroid_geo": [
          77.209413,
          28.613863
        ],
        "feature_type": "parcel"
      }
    },
    {
      "type": "Feature",
      "id": "P-0027",
      "geometry": {
        "type": "Polygon",
        "coordinates": [
          [
            [
              77.209238,
              28.613583
            ],
            [
              77.209238,
              28.613576
            ],
            [
              77.209246,
              28.613576
            ],
            [
              77.209246,
              28.613582
            ],
            [
              77.209238,
              28.613583
            ]
          ]
        ]
      },
      "properties": {
        "parcel_id": "P-0027",
        "numeric_id": 27,
        "area_sqm": 0.58,
        "area_hectares": 0.0001,
        "area_acres": 0.0001,
        "area_gaj": 0.69,
        "perimeter_m": 3.05,
        "compactness": 0.779,
        "builtup_area_sqm": 0.0,
        "builtup_pct": 0.0,
        "building_count": 0,
        "land_use": "Vacant / Open Plot",
        "confidence": 0.91,
        "verification_status": "Pending Review",
        "centroid_px": [
          295.7,
          446.3
        ],
        "centroid_geo": [
          77.209242,
          28.613579
        ],
        "feature_type": "parcel"
      }
    },
    {
      "type": "Feature",
      "id": "R-0001",
      "geometry": {
        "type": "LineString",
        "coordinates": [
          [
            77.209323,
            28.613559
          ],
          [
            77.209321,
            28.613558
          ],
          [
            77.20932,
            28.613555
          ],
          [
            77.209319,
            28.613554
          ],
          [
            77.209321,
            28.613554
          ],
          [
            77.209323,
            28.613553
          ],
          [
            77.209321,
            28.613555
          ],
          [
            77.209323,
            28.613556
          ]
        ]
      },
      "properties": {
        "road_id": "R-0001",
        "length_m": 1.61,
        "feature_type": "road"
      }
    },
    {
      "type": "Feature",
      "id": "R-0002",
      "geometry": {
        "type": "LineString",
        "coordinates": [
          [
            77.209065,
            28.613575
          ],
          [
            77.209065,
            28.613573
          ],
          [
            77.209065,
            28.613572
          ],
          [
            77.209064,
            28.61357
          ],
          [
            77.209065,
            28.613572
          ],
          [
            77.209065,
            28.613572
          ],
          [
            77.209067,
            28.613572
          ],
          [
            77.209065,
            28.613574
          ],
          [
            77.209068,
            28.613575
          ]
        ]
      },
      "properties": {
        "road_id": "R-0002",
        "length_m": 1.65,
        "feature_type": "road"
      }
    },
    {
      "type": "Feature",
      "id": "R-0003",
      "geometry": {
        "type": "LineString",
        "coordinates": [
          [
            77.209033,
            28.613579
          ],
          [
            77.209033,
            28.613578
          ],
          [
            77.209034,
            28.613576
          ],
          [
            77.209032,
            28.613576
          ],
          [
            77.209032,
            28.613574
          ],
          [
            77.209032,
            28.613574
          ],
          [
            77.20903,
            28.613573
          ],
          [
            77.209029,
            28.613574
          ],
          [
            77.20903,
            28.613575
          ],
          [
            77.209029,
            28.613573
          ],
          [
            77.209032,
            28.613571
          ],
          [
            77.209031,
            28.613573
          ],
          [
            77.209032,
            28.613573
          ],
          [
            77.209034,
            28.613574
          ],
          [
            77.209032,
            28.613574
          ],
          [
            77.209034,
            28.613577
          ]
        ]
      },
      "properties": {
        "road_id": "R-0003",
        "length_m": 3.12,
        "feature_type": "road"
      }
    },
    {
      "type": "Feature",
      "id": "R-0004",
      "geometry": {
        "type": "LineString",
        "coordinates": [
          [
            77.209415,
            28.613591
          ],
          [
            77.209413,
            28.61359
          ],
          [
            77.209413,
            28.613589
          ],
          [
            77.209414,
            28.61359
          ],
          [
            77.209414,
            28.613588
          ],
          [
            77.209416,
            28.613588
          ],
          [
            77.209418,
            28.613589
          ],
          [
            77.209418,
            28.61359
          ],
          [
            77.209417,
            28.613589
          ],
          [
            77.209415,
            28.61359
          ],
          [
            77.209417,
            28.613591
          ]
        ]
      },
      "properties": {
        "road_id": "R-0004",
        "length_m": 1.85,
        "feature_type": "road"
      }
    },
    {
      "type": "Feature",
      "id": "R-0005",
      "geometry": {
        "type": "LineString",
        "coordinates": [
          [
            77.209318,
            28.613594
          ],
          [
            77.20932,
            28.613593
          ],
          [
            77.209319,
            28.613592
          ],
          [
            77.209323,
            28.613591
          ],
          [
            77.209323,
            28.613591
          ],
          [
            77.209325,
            28.61359
          ],
          [
            77.209325,
            28.613588
          ],
          [
            77.209327,
            28.613587
          ],
          [
            77.209328,
            28.613587
          ],
          [
            77.209327,
            28.613588
          ],
          [
            77.209326,
            28.613588
          ],
          [
            77.209325,
            28.613589
          ],
          [
            77.209324,
            28.61359
          ],
          [
            77.209326,
            28.613591
          ],
          [
            77.209323,
            28.613592
          ],
          [
            77.209322,
            28.613594
          ]
        ]
      },
      "properties": {
        "road_id": "R-0005",
        "length_m": 2.83,
        "feature_type": "road"
      }
    },
    {
      "type": "Feature",
      "id": "R-0006",
      "geometry": {
        "type": "LineString",
        "coordinates": [
          [
            77.209283,
            28.613622
          ],
          [
            77.209285,
            28.61362
          ],
          [
            77.209288,
            28.61362
          ],
          [
            77.209284,
            28.613619
          ],
          [
            77.209282,
            28.61362
          ],
          [
            77.20928,
            28.61362
          ],
          [
            77.209281,
            28.613619
          ],
          [
            77.209282,
            28.61362
          ],
          [
            77.209282,
            28.613617
          ],
          [
            77.209285,
            28.613618
          ],
          [
            77.209287,
            28.613617
          ],
          [
            77.209288,
            28.613617
          ],
          [
            77.209288,
            28.613615
          ],
          [
            77.209291,
            28.613615
          ],
          [
            77.209293,
            28.613616
          ],
          [
            77.209294,
            28.613618
          ],
          [
            77.209291,
            28.613618
          ],
          [
            77.209291,
            28.613619
          ],
          [
            77.209289,
            28.61362
          ],
          [
            77.209291,
            28.613621
          ],
          [
            77.209289,
            28.613621
          ],
          [
            77.209288,
            28.613622
          ]
        ]
      },
      "properties": {
        "road_id": "R-0006",
        "length_m": 4.8,
        "feature_type": "road"
      }
    },
    {
      "type": "Feature",
      "id": "R-0007",
      "geometry": {
        "type": "LineString",
        "coordinates": [
          [
            77.209314,
            28.613643
          ],
          [
            77.209314,
            28.613642
          ],
          [
            77.209315,
            28.613641
          ],
          [
            77.209314,
            28.61364
          ],
          [
            77.209311,
            28.613641
          ],
          [
            77.209313,
            28.613641
          ],
          [
            77.209314,
            28.613639
          ],
          [
            77.209315,
            28.613641
          ],
          [
            77.209314,
            28.613642
          ]
        ]
      },
      "properties": {
        "road_id": "R-0007",
        "length_m": 1.71,
        "feature_type": "road"
      }
    },
    {
      "type": "Feature",
      "id": "R-0008",
      "geometry": {
        "type": "LineString",
        "coordinates": [
          [
            77.20901,
            28.613649
          ],
          [
            77.20901,
            28.613648
          ],
          [
            77.20901,
            28.613646
          ],
          [
            77.209012,
            28.613646
          ],
          [
            77.20901,
            28.613644
          ],
          [
            77.209013,
            28.613645
          ],
          [
            77.209015,
            28.613646
          ],
          [
            77.209015,
            28.613645
          ],
          [
            77.209017,
            28.613643
          ],
          [
            77.209014,
            28.613643
          ],
          [
            77.209013,
            28.613642
          ],
          [
            77.209015,
            28.613642
          ],
          [
            77.209015,
            28.613641
          ],
          [
            77.209016,
            28.613642
          ],
          [
            77.209017,
            28.613643
          ],
          [
            77.209017,
            28.613645
          ],
          [
            77.209016,
            28.613646
          ],
          [
            77.209013,
            28.613648
          ],
          [
            77.209015,
            28.613648
          ],
          [
            77.209014,
            28.61365
          ],
          [
            77.209013,
            28.613646
          ],
          [
            77.20901,
            28.613648
          ],
          [
            77.209012,
            28.61365
          ]
        ]
      },
      "properties": {
        "road_id": "R-0008",
        "length_m": 5.38,
        "feature_type": "road"
      }
    },
    {
      "type": "Feature",
      "id": "R-0009",
      "geometry": {
        "type": "LineString",
        "coordinates": [
          [
            77.209015,
            28.613656
          ],
          [
            77.209017,
            28.613655
          ],
          [
            77.209016,
            28.613654
          ],
          [
            77.209015,
            28.613653
          ],
          [
            77.209013,
            28.613654
          ],
          [
            77.209013,
            28.613656
          ],
          [
            77.209011,
            28.613655
          ],
          [
            77.20901,
            28.613654
          ],
          [
            77.209009,
            28.613655
          ],
          [
            77.20901,
            28.613653
          ],
          [
            77.20901,
            28.613651
          ],
          [
            77.209008,
            28.613651
          ],
          [
            77.20901,
            28.613651
          ],
          [
            77.209011,
            28.613653
          ],
          [
            77.209013,
            28.613654
          ],
          [
            77.209014,
            28.613653
          ],
          [
            77.209014,
            28.613651
          ],
          [
            77.209014,
            28.613653
          ],
          [
            77.209016,
            28.613653
          ],
          [
            77.209017,
            28.613654
          ],
          [
            77.209018,
            28.613656
          ],
          [
            77.209016,
            28.613656
          ]
        ]
      },
      "properties": {
        "road_id": "R-0009",
        "length_m": 4.11,
        "feature_type": "road"
      }
    },
    {
      "type": "Feature",
      "id": "R-0010",
      "geometry": {
        "type": "LineString",
        "coordinates": [
          [
            77.2093,
            28.613658
          ],
          [
            77.209301,
            28.613656
          ],
          [
            77.209303,
            28.613655
          ],
          [
            77.2093,
            28.613654
          ],
          [
            77.209303,
            28.613653
          ],
          [
            77.209301,
            28.613652
          ],
          [
            77.209304,
            28.613651
          ],
          [
            77.209303,
            28.613649
          ],
          [
            77.209305,
            28.61365
          ],
          [
            77.209307,
            28.613651
          ],
          [
            77.209308,
            28.613652
          ],
          [
            77.209306,
            28.613654
          ],
          [
            77.209308,
            28.613655
          ],
          [
            77.209306,
            28.613655
          ],
          [
            77.209304,
            28.613655
          ],
          [
            77.209302,
            28.613658
          ]
        ]
      },
      "properties": {
        "road_id": "R-0010",
        "length_m": 3.44,
        "feature_type": "road"
      }
    },
    {
      "type": "Feature",
      "id": "R-0011",
      "geometry": {
        "type": "LineString",
        "coordinates": [
          [
            77.209024,
            28.613659
          ],
          [
            77.209022,
            28.613657
          ],
          [
            77.209021,
            28.613655
          ],
          [
            77.209022,
            28.613654
          ],
          [
            77.209022,
            28.613652
          ],
          [
            77.209021,
            28.613654
          ],
          [
            77.209023,
            28.613655
          ],
          [
            77.209024,
            28.613654
          ],
          [
            77.209025,
            28.613654
          ],
          [
            77.209026,
            28.613656
          ],
          [
            77.209028,
            28.613654
          ],
          [
            77.209025,
            28.613656
          ],
          [
            77.209024,
            28.613655
          ],
          [
            77.209022,
            28.613656
          ],
          [
            77.209024,
            28.613657
          ]
        ]
      },
      "properties": {
        "road_id": "R-0011",
        "length_m": 3.04,
        "feature_type": "road"
      }
    },
    {
      "type": "Feature",
      "id": "R-0012",
      "geometry": {
        "type": "LineString",
        "coordinates": [
          [
            77.209322,
            28.613663
          ],
          [
            77.209321,
            28.613661
          ],
          [
            77.209319,
            28.613662
          ],
          [
            77.209318,
            28.613661
          ],
          [
            77.209319,
            28.613659
          ],
          [
            77.209323,
            28.613659
          ],
          [
            77.209321,
            28.613658
          ],
          [
            77.209322,
            28.613656
          ],
          [
            77.209323,
            28.613656
          ],
          [
            77.209321,
            28.613655
          ],
          [
            77.209319,
            28.613656
          ],
          [
            77.209317,
            28.613656
          ],
          [
            77.209318,
            28.613655
          ],
          [
            77.209315,
            28.613654
          ],
          [
            77.20932,
            28.613653
          ],
          [
            77.20932,
            28.613651
          ],
          [
            77.20932,
            28.613649
          ],
          [
            77.209318,
            28.61365
          ],
          [
            77.20932,
            28.613649
          ],
          [
            77.209318,
            28.613648
          ],
          [
            77.209318,
            28.613647
          ],
          [
            77.209319,
            28.613647
          ],
          [
            77.209321,
            28.613645
          ],
          [
            77.209323,
            28.613646
          ],
          [
            77.209325,
            28.613644
          ],
          [
            77.209323,
            28.613643
          ],
          [
            77.209326,
            28.613643
          ],
          [
            77.209325,
            28.613641
          ],
          [
            77.209326,
            28.613643
          ],
          [
            77.209326,
            28.613646
          ],
          [
            77.209325,
            28.613648
          ],
          [
            77.209322,
            28.613651
          ],
          [
            77.209324,
            28.613652
          ],
          [
            77.209323,
            28.613653
          ],
          [
            77.209321,
            28.613651
          ],
          [
            77.20932,
            28.613653
          ],
          [
            77.209321,
            28.613654
          ],
          [
            77.209323,
            28.613655
          ],
          [
            77.209325,
            28.613654
          ],
          [
            77.209326,
            28.613653
          ],
          [
            77.209327,
            28.613654
          ],
          [
            77.209324,
            28.613655
          ],
          [
            77.209327,
            28.613657
          ],
          [
            77.209325,
            28.613656
          ],
          [
            77.209324,
            28.613659
          ],
          [
            77.209326,
            28.613659
          ],
          [
            77.209327,
            28.61366
          ],
          [
            77.209329,
            28.613659
          ],
          [
            77.209327,
            28.61366
          ],
          [
            77.209327,
            28.613662
          ],
          [
            77.209327,
            28.613661
          ],
          [
            77.209326,
            28.613659
          ],
          [
            77.209324,
            28.613659
          ],
          [
            77.209324,
            28.61366
          ],
          [
            77.209322,
            28.613661
          ],
          [
            77.209323,
            28.613661
          ]
        ]
      },
      "properties": {
        "road_id": "R-0012",
        "length_m": 12.7,
        "feature_type": "road"
      }
    },
    {
      "type": "Feature",
      "id": "R-0013",
      "geometry": {
        "type": "LineString",
        "coordinates": [
          [
            77.209289,
            28.613664
          ],
          [
            77.209288,
            28.613662
          ],
          [
            77.209285,
            28.613659
          ],
          [
            77.209287,
            28.613659
          ],
          [
            77.209286,
            28.613657
          ],
          [
            77.209286,
            28.613655
          ],
          [
            77.209287,
            28.613655
          ],
          [
            77.209287,
            28.613656
          ],
          [
            77.209291,
            28.613657
          ],
          [
            77.209289,
            28.613654
          ],
          [
            77.209291,
            28.613656
          ],
          [
            77.209293,
            28.613654
          ],
          [
            77.209293,
            28.613656
          ],
          [
            77.209295,
            28.613658
          ],
          [
            77.209297,
            28.613658
          ],
          [
            77.209296,
            28.613659
          ],
          [
            77.209296,
            28.613661
          ],
          [
            77.209295,
            28.613663
          ],
          [
            77.209294,
            28.613661
          ],
          [
            77.209293,
            28.613664
          ],
          [
            77.209292,
            28.613662
          ]
        ]
      },
      "properties": {
        "road_id": "R-0013",
        "length_m": 4.88,
        "feature_type": "road"
      }
    },
    {
      "type": "Feature",
      "id": "R-0014",
      "geometry": {
        "type": "LineString",
        "coordinates": [
          [
            77.209325,
            28.613666
          ],
          [
            77.209326,
            28.613664
          ],
          [
            77.209327,
            28.613664
          ],
          [
            77.209329,
            28.613662
          ],
          [
            77.209332,
            28.613661
          ],
          [
            77.209329,
            28.613663
          ],
          [
            77.20933,
            28.613664
          ],
          [
            77.209328,
            28.613666
          ],
          [
            77.209327,
            28.613664
          ],
          [
            77.209326,
            28.613666
          ]
        ]
      },
      "properties": {
        "road_id": "R-0014",
        "length_m": 2.05,
        "feature_type": "road"
      }
    },
    {
      "type": "Feature",
      "id": "R-0015",
      "geometry": {
        "type": "LineString",
        "coordinates": [
          [
            77.209316,
            28.613669
          ],
          [
            77.209312,
            28.613668
          ],
          [
            77.20931,
            28.613667
          ],
          [
            77.209311,
            28.613666
          ],
          [
            77.209311,
            28.613664
          ],
          [
            77.20931,
            28.613663
          ],
          [
            77.209309,
            28.613661
          ],
          [
            77.20931,
            28.613663
          ],
          [
            77.20931,
            28.61366
          ],
          [
            77.209311,
            28.613659
          ],
          [
            77.209313,
            28.61366
          ],
          [
            77.209315,
            28.613659
          ],
          [
            77.209314,
            28.613658
          ],
          [
            77.209312,
            28.613657
          ],
          [
            77.209313,
            28.613656
          ],
          [
            77.209314,
            28.613656
          ],
          [
            77.209315,
            28.613658
          ],
          [
            77.209315,
            28.613659
          ],
          [
            77.209314,
            28.613661
          ],
          [
            77.209315,
            28.613664
          ],
          [
            77.209317,
            28.613663
          ],
          [
            77.209319,
            28.613664
          ],
          [
            77.209318,
            28.613665
          ],
          [
            77.209316,
            28.613664
          ],
          [
            77.209318,
            28.613667
          ]
        ]
      },
      "properties": {
        "road_id": "R-0015",
        "length_m": 5.44,
        "feature_type": "road"
      }
    },
    {
      "type": "Feature",
      "id": "R-0016",
      "geometry": {
        "type": "LineString",
        "coordinates": [
          [
            77.20929,
            28.613674
          ],
          [
            77.209292,
            28.613671
          ],
          [
            77.209291,
            28.613671
          ],
          [
            77.209292,
            28.613669
          ],
          [
            77.209294,
            28.613669
          ],
          [
            77.209295,
            28.613667
          ],
          [
            77.209296,
            28.613666
          ],
          [
            77.209298,
            28.613666
          ],
          [
            77.209297,
            28.613668
          ],
          [
            77.209296,
            28.613669
          ],
          [
            77.209295,
            28.61367
          ],
          [
            77.209293,
            28.613669
          ],
          [
            77.209292,
            28.613672
          ]
        ]
      },
      "properties": {
        "road_id": "R-0016",
        "length_m": 2.87,
        "feature_type": "road"
      }
    },
    {
      "type": "Feature",
      "id": "R-0017",
      "geometry": {
        "type": "LineString",
        "coordinates": [
          [
            77.209324,
            28.613675
          ],
          [
            77.209323,
            28.613674
          ],
          [
            77.209321,
            28.613674
          ],
          [
            77.209321,
            28.613672
          ],
          [
            77.209322,
            28.61367
          ],
          [
            77.209323,
            28.613671
          ],
          [
            77.209323,
            28.613669
          ],
          [
            77.209322,
            28.613668
          ],
          [
            77.209323,
            28.613669
          ],
          [
            77.209326,
            28.61367
          ],
          [
            77.209327,
            28.613669
          ],
          [
            77.209329,
            28.613671
          ],
          [
            77.20933,
            28.613674
          ],
          [
            77.209332,
            28.613673
          ],
          [
            77.209331,
            28.613674
          ],
          [
            77.209327,
            28.613674
          ],
          [
            77.209327,
            28.613675
          ],
          [
            77.209327,
            28.613674
          ],
          [
            77.209324,
            28.613674
          ]
        ]
      },
      "properties": {
        "road_id": "R-0017",
        "length_m": 3.85,
        "feature_type": "road"
      }
    },
    {
      "type": "Feature",
      "id": "R-0018",
      "geometry": {
        "type": "LineString",
        "coordinates": [
          [
            77.209305,
            28.613681
          ],
          [
            77.209303,
            28.61368
          ],
          [
            77.209301,
            28.613679
          ],
          [
            77.209301,
            28.613677
          ],
          [
            77.2093,
            28.613678
          ],
          [
            77.209298,
            28.613677
          ],
          [
            77.209299,
            28.613676
          ],
          [
            77.2093,
            28.613678
          ],
          [
            77.209303,
            28.613676
          ],
          [
            77.209302,
            28.613674
          ],
          [
            77.209304,
            28.613673
          ],
          [
            77.209305,
            28.613672
          ],
          [
            77.209305,
            28.613674
          ],
          [
            77.209307,
            28.613677
          ],
          [
            77.209305,
            28.613677
          ],
          [
            77.209304,
            28.613679
          ]
        ]
      },
      "properties": {
        "road_id": "R-0018",
        "length_m": 3.33,
        "feature_type": "road"
      }
    },
    {
      "type": "Feature",
      "id": "R-0019",
      "geometry": {
        "type": "LineString",
        "coordinates": [
          [
            77.209065,
            28.613682
          ],
          [
            77.209063,
            28.613679
          ],
          [
            77.209065,
            28.613678
          ],
          [
            77.209064,
            28.613676
          ],
          [
            77.209063,
            28.613677
          ],
          [
            77.209059,
            28.613674
          ],
          [
            77.209059,
            28.613673
          ],
          [
            77.20906,
            28.613671
          ],
          [
            77.209058,
            28.613671
          ],
          [
            77.209059,
            28.61367
          ],
          [
            77.209057,
            28.613669
          ],
          [
            77.209059,
            28.613666
          ],
          [
            77.209061,
            28.613666
          ],
          [
            77.209062,
            28.613667
          ],
          [
            77.209065,
            28.613666
          ],
          [
            77.209065,
            28.613667
          ],
          [
            77.209065,
            28.613665
          ],
          [
            77.209064,
            28.613665
          ],
          [
            77.209064,
            28.613663
          ],
          [
            77.209061,
            28.613665
          ],
          [
            77.209061,
            28.613664
          ],
          [
            77.209063,
            28.613664
          ],
          [
            77.209063,
            28.613662
          ],
          [
            77.209065,
            28.613662
          ],
          [
            77.209065,
            28.613659
          ],
          [
            77.209069,
            28.613658
          ],
          [
            77.209071,
            28.613656
          ],
          [
            77.209072,
            28.613656
          ],
          [
            77.209073,
            28.613655
          ],
          [
            77.209074,
            28.613659
          ],
          [
            77.209075,
            28.613658
          ],
          [
            77.209074,
            28.613659
          ],
          [
            77.209073,
            28.613659
          ],
          [
            77.209071,
            28.613661
          ],
          [
            77.209074,
            28.613661
          ],
          [
            77.209075,
            28.613661
          ],
          [
            77.209077,
            28.613661
          ],
          [
            77.209076,
            28.61366
          ],
          [
            77.209077,
            28.613659
          ],
          [
            77.209079,
            28.613659
          ],
          [
            77.20908,
            28.613662
          ],
          [
            77.209081,
            28.613664
          ],
          [
            77.209082,
            28.613666
          ],
          [
            77.209083,
            28.613664
          ],
          [
            77.209084,
            28.613665
          ],
          [
            77.209084,
            28.613666
          ],
          [
            77.209085,
            28.613667
          ],
          [
            77.209083,
            28.613666
          ],
          [
            77.209082,
            28.613668
          ],
          [
            77.209079,
            28.613666
          ],
          [
            77.209082,
            28.613666
          ],
          [
            77.20908,
            28.613664
          ],
          [
            77.209077,
            28.613664
          ],
          [
            77.209077,
            28.613667
          ],
          [
            77.209079,
            28.613669
          ],
          [
            77.209077,
            28.613669
          ],
          [
            77.209075,
            28.613671
          ],
          [
            77.209078,
            28.613672
          ],
          [
            77.209079,
            28.613674
          ],
          [
            77.209081,
            28.613671
          ],
          [
            77.209082,
            28.613671
          ],
          [
            77.209083,
            28.61367
          ],
          [
            77.209085,
            28.613671
          ],
          [
            77.209082,
            28.613671
          ],
          [
            77.209084,
            28.613673
          ],
          [
            77.209083,
            28.613674
          ],
          [
            77.209082,
            28.613675
          ],
          [
            77.209081,
            28.613675
          ],
          [
            77.20908,
            28.613677
          ],
          [
            77.20908,
            28.613676
          ],
          [
            77.209078,
            28.613676
          ],
          [
            77.209078,
            28.613677
          ],
          [
            77.209079,
            28.613679
          ],
          [
            77.209078,
            28.613677
          ],
          [
            77.209077,
            28.613679
          ],
          [
            77.209076,
            28.613677
          ],
          [
            77.209075,
            28.613679
          ],
          [
            77.209076,
            28.613675
          ],
          [
            77.209074,
            28.613675
          ],
          [
            77.20907,
            28.613677
          ],
          [
            77.20907,
            28.613678
          ],
          [
            77.209068,
            28.613677
          ],
          [
            77.209068,
            28.613679
          ],
          [
            77.209066,
            28.613679
          ],
          [
            77.209065,
            28.613681
          ]
        ]
      },
      "properties": {
        "road_id": "R-0019",
        "length_m": 19.1,
        "feature_type": "road"
      }
    },
    {
      "type": "Feature",
      "id": "R-0020",
      "geometry": {
        "type": "LineString",
        "coordinates": [
          [
            77.209083,
            28.613684
          ],
          [
            77.209084,
            28.613681
          ],
          [
            77.209082,
            28.613681
          ],
          [
            77.209082,
            28.613682
          ],
          [
            77.20908,
            28.61368
          ],
          [
            77.209082,
            28.613681
          ],
          [
            77.209084,
            28.613679
          ],
          [
            77.209085,
            28.613681
          ],
          [
            77.209084,
            28.613682
          ]
        ]
      },
      "properties": {
        "road_id": "R-0020",
        "length_m": 1.93,
        "feature_type": "road"
      }
    },
    {
      "type": "Feature",
      "id": "R-0021",
      "geometry": {
        "type": "LineString",
        "coordinates": [
          [
            77.209307,
            28.613688
          ],
          [
            77.209307,
            28.613686
          ],
          [
            77.209303,
            28.613685
          ],
          [
            77.209305,
            28.613683
          ],
          [
            77.209305,
            28.613684
          ],
          [
            77.209307,
            28.613682
          ],
          [
            77.209306,
            28.61368
          ],
          [
            77.209306,
            28.613679
          ],
          [
            77.209306,
            28.61368
          ],
          [
            77.209306,
            28.613682
          ],
          [
            77.209309,
            28.613683
          ],
          [
            77.209309,
            28.613684
          ],
          [
            77.209311,
            28.613684
          ],
          [
            77.209309,
            28.613684
          ],
          [
            77.209307,
            28.613684
          ],
          [
            77.209307,
            28.613686
          ]
        ]
      },
      "properties": {
        "road_id": "R-0021",
        "length_m": 3.32,
        "feature_type": "road"
      }
    },
    {
      "type": "Feature",
      "id": "R-0022",
      "geometry": {
        "type": "LineString",
        "coordinates": [
          [
            77.20916,
            28.613693
          ],
          [
            77.209159,
            28.613692
          ],
          [
            77.20916,
            28.61369
          ],
          [
            77.209162,
            28.613691
          ],
          [
            77.209161,
            28.61369
          ],
          [
            77.209162,
            28.613687
          ],
          [
            77.209165,
            28.613689
          ],
          [
            77.209164,
            28.613688
          ],
          [
            77.209162,
            28.613689
          ],
          [
            77.209165,
            28.61369
          ],
          [
            77.209165,
            28.613692
          ],
          [
            77.209164,
            28.613692
          ],
          [
            77.209163,
            28.613693
          ]
        ]
      },
      "properties": {
        "road_id": "R-0022",
        "length_m": 2.66,
        "feature_type": "road"
      }
    },
    {
      "type": "Feature",
      "id": "R-0023",
      "geometry": {
        "type": "LineString",
        "coordinates": [
          [
            77.209318,
            28.613698
          ],
          [
            77.209315,
            28.613695
          ],
          [
            77.209316,
            28.613694
          ],
          [
            77.209314,
            28.613694
          ],
          [
            77.209314,
            28.613695
          ],
          [
            77.209314,
            28.613692
          ],
          [
            77.209316,
            28.613692
          ],
          [
            77.209316,
            28.613691
          ],
          [
            77.209318,
            28.61369
          ],
          [
            77.209319,
            28.613689
          ],
          [
            77.209321,
            28.613691
          ],
          [
            77.209322,
            28.613689
          ],
          [
            77.209323,
            28.61369
          ],
          [
            77.209321,
            28.613692
          ],
          [
            77.209319,
            28.613692
          ],
          [
            77.209321,
            28.613694
          ],
          [
            77.209323,
            28.613692
          ],
          [
            77.209325,
            28.613694
          ],
          [
            77.209327,
            28.613694
          ],
          [
            77.209325,
            28.613694
          ],
          [
            77.209324,
            28.613693
          ],
          [
            77.209323,
            28.613692
          ],
          [
            77.209323,
            28.613696
          ],
          [
            77.209323,
            28.613694
          ],
          [
            77.209323,
            28.613696
          ],
          [
            77.209322,
            28.613696
          ],
          [
            77.209321,
            28.613697
          ],
          [
            77.209318,
            28.613697
          ]
        ]
      },
      "properties": {
        "road_id": "R-0023",
        "length_m": 5.9,
        "feature_type": "road"
      }
    },
    {
      "type": "Feature",
      "id": "R-0024",
      "geometry": {
        "type": "LineString",
        "coordinates": [
          [
            77.209097,
            28.613721
          ],
          [
            77.209097,
            28.61372
          ],
          [
            77.209098,
            28.613717
          ],
          [
            77.2091,
            28.613717
          ],
          [
            77.2091,
            28.613715
          ],
          [
            77.209102,
            28.613715
          ],
          [
            77.209102,
            28.613716
          ],
          [
            77.2091,
            28.613717
          ],
          [
            77.209101,
            28.613718
          ],
          [
            77.209099,
            28.61372
          ],
          [
            77.209098,
            28.61372
          ]
        ]
      },
      "properties": {
        "road_id": "R-0024",
        "length_m": 1.88,
        "feature_type": "road"
      }
    },
    {
      "type": "Feature",
      "id": "R-0025",
      "geometry": {
        "type": "LineString",
        "coordinates": [
          [
            77.20907,
            28.613733
          ],
          [
            77.20907,
            28.613731
          ],
          [
            77.209071,
            28.613733
          ],
          [
            77.209073,
            28.613731
          ],
          [
            77.209072,
            28.613728
          ],
          [
            77.209072,
            28.613727
          ],
          [
            77.209074,
            28.613727
          ],
          [
            77.209073,
            28.61373
          ],
          [
            77.209074,
            28.613732
          ],
          [
            77.209072,
            28.613732
          ]
        ]
      },
      "properties": {
        "road_id": "R-0025",
        "length_m": 2.06,
        "feature_type": "road"
      }
    },
    {
      "type": "Feature",
      "id": "R-0026",
      "geometry": {
        "type": "LineString",
        "coordinates": [
          [
            77.20937,
            28.61373
          ],
          [
            77.209372,
            28.61373
          ],
          [
            77.209372,
            28.613727
          ],
          [
            77.209374,
            28.613728
          ],
          [
            77.209376,
            28.613727
          ],
          [
            77.209377,
            28.613726
          ],
          [
            77.209379,
            28.613728
          ],
          [
            77.209379,
            28.613732
          ],
          [
            77.209377,
            28.613733
          ],
          [
            77.209372,
            28.613732
          ],
          [
            77.209371,
            28.613733
          ]
        ]
      },
      "properties": {
        "road_id": "R-0026",
        "length_m": 2.7,
        "feature_type": "road"
      }
    },
    {
      "type": "Feature",
      "id": "R-0027",
      "geometry": {
        "type": "LineString",
        "coordinates": [
          [
            77.209418,
            28.613734
          ],
          [
            77.209418,
            28.613731
          ],
          [
            77.209416,
            28.613731
          ],
          [
            77.209416,
            28.613728
          ],
          [
            77.209418,
            28.613728
          ],
          [
            77.209417,
            28.613729
          ],
          [
            77.209417,
            28.61373
          ],
          [
            77.209418,
            28.61373
          ],
          [
            77.209418,
            28.613733
          ]
        ]
      },
      "properties": {
        "road_id": "R-0027",
        "length_m": 1.86,
        "feature_type": "road"
      }
    },
    {
      "type": "Feature",
      "id": "R-0028",
      "geometry": {
        "type": "LineString",
        "coordinates": [
          [
            77.209052,
            28.613738
          ],
          [
            77.209051,
            28.613736
          ],
          [
            77.209049,
            28.613735
          ],
          [
            77.209045,
            28.613735
          ],
          [
            77.209043,
            28.613735
          ],
          [
            77.209044,
            28.613735
          ],
          [
            77.209046,
            28.613734
          ],
          [
            77.209045,
            28.613733
          ],
          [
            77.209047,
            28.613729
          ],
          [
            77.209049,
            28.613728
          ],
          [
            77.209052,
            28.613729
          ],
          [
            77.209053,
            28.61373
          ],
          [
            77.209056,
            28.61373
          ],
          [
            77.209055,
            28.613733
          ],
          [
            77.209056,
            28.613732
          ],
          [
            77.209055,
            28.613733
          ],
          [
            77.209053,
            28.613734
          ],
          [
            77.209053,
            28.613735
          ]
        ]
      },
      "properties": {
        "road_id": "R-0028",
        "length_m": 4.13,
        "feature_type": "road"
      }
    },
    {
      "type": "Feature",
      "id": "R-0029",
      "geometry": {
        "type": "LineString",
        "coordinates": [
          [
            77.2093,
            28.61374
          ],
          [
            77.209299,
            28.613739
          ],
          [
            77.209297,
            28.613739
          ],
          [
            77.209297,
            28.613735
          ],
          [
            77.209296,
            28.613735
          ],
          [
            77.209297,
            28.613728
          ],
          [
            77.2093,
            28.613728
          ],
          [
            77.209301,
            28.613726
          ],
          [
            77.209304,
            28.613728
          ],
          [
            77.209305,
            28.613727
          ],
          [
            77.209309,
            28.613728
          ],
          [
            77.209313,
            28.613726
          ],
          [
            77.209314,
            28.613725
          ],
          [
            77.209316,
            28.613725
          ],
          [
            77.209318,
            28.613725
          ],
          [
            77.20932,
            28.613725
          ],
          [
            77.209322,
            28.613727
          ],
          [
            77.209324,
            28.613726
          ],
          [
            77.209323,
            28.613725
          ],
          [
            77.209324,
            28.613724
          ],
          [
            77.209326,
            28.613724
          ],
          [
            77.209324,
            28.613725
          ],
          [
            77.209323,
            28.613731
          ],
          [
            77.209323,
            28.61374
          ],
          [
            77.209322,
            28.613741
          ],
          [
            77.209323,
            28.613742
          ],
          [
            77.209308,
            28.613742
          ]
        ]
      },
      "properties": {
        "road_id": "R-0029",
        "length_m": 9.08,
        "feature_type": "road"
      }
    },
    {
      "type": "Feature",
      "id": "R-0030",
      "geometry": {
        "type": "LineString",
        "coordinates": [
          [
            77.209074,
            28.613741
          ],
          [
            77.209074,
            28.613739
          ],
          [
            77.209073,
            28.613738
          ],
          [
            77.209074,
            28.613736
          ],
          [
            77.209076,
            28.613735
          ],
          [
            77.209077,
            28.613735
          ],
          [
            77.209078,
            28.613734
          ],
          [
            77.209079,
            28.613733
          ],
          [
            77.209077,
            28.61373
          ],
          [
            77.209077,
            28.613728
          ],
          [
            77.209079,
            28.613728
          ],
          [
            77.209081,
            28.613728
          ],
          [
            77.209083,
            28.613727
          ],
          [
            77.209082,
            28.613723
          ],
          [
            77.209084,
            28.613724
          ],
          [
            77.209084,
            28.613722
          ],
          [
            77.209085,
            28.613722
          ],
          [
            77.209087,
            28.613725
          ],
          [
            77.209088,
            28.613723
          ],
          [
            77.209088,
            28.613725
          ],
          [
            77.209086,
            28.613724
          ],
          [
            77.209084,
            28.613723
          ],
          [
            77.209084,
            28.613725
          ],
          [
            77.209085,
            28.613725
          ],
          [
            77.209085,
            28.613728
          ],
          [
            77.209086,
            28.613728
          ],
          [
            77.209088,
            28.613729
          ],
          [
            77.20909,
            28.613729
          ],
          [
            77.209091,
            28.613728
          ],
          [
            77.209089,
            28.613725
          ],
          [
            77.209091,
            28.613724
          ],
          [
            77.20909,
            28.613725
          ],
          [
            77.209093,
            28.613725
          ],
          [
            77.209093,
            28.613724
          ],
          [
            77.209094,
            28.613722
          ],
          [
            77.209093,
            28.613721
          ],
          [
            77.209094,
            28.613722
          ],
          [
            77.209096,
            28.613722
          ],
          [
            77.209098,
            28.613724
          ],
          [
            77.209099,
            28.613722
          ],
          [
            77.209101,
            28.613721
          ],
          [
            77.209101,
            28.613722
          ],
          [
            77.209102,
            28.613724
          ],
          [
            77.209102,
            28.613722
          ],
          [
            77.209103,
            28.613725
          ],
          [
            77.209106,
            28.613726
          ],
          [
            77.209105,
            28.613728
          ],
          [
            77.209103,
            28.613726
          ],
          [
            77.209102,
            28.613728
          ],
          [
            77.209103,
            28.613729
          ],
          [
            77.209108,
            28.613733
          ],
          [
            77.209106,
            28.613732
          ],
          [
            77.209105,
            28.613733
          ],
          [
            77.209102,
            28.613734
          ],
          [
            77.209102,
            28.613735
          ],
          [
            77.209105,
            28.613736
          ],
          [
            77.209102,
            28.613736
          ],
          [
            77.209099,
            28.613736
          ],
          [
            77.209102,
            28.613736
          ],
          [
            77.209099,
            28.613735
          ],
          [
            77.209101,
            28.613733
          ],
          [
            77.209101,
            28.613733
          ],
          [
            77.209102,
            28.613732
          ],
          [
            77.209102,
            28.613732
          ],
          [
            77.209104,
            28.613732
          ],
          [
            77.209104,
            28.61373
          ],
          [
            77.209102,
            28.61373
          ],
          [
            77.209102,
            28.613728
          ],
          [
            77.209097,
            28.613728
          ],
          [
            77.209097,
            28.61373
          ],
          [
            77.2091,
            28.61373
          ],
          [
            77.209099,
            28.613733
          ],
          [
            77.209097,
            28.613735
          ],
          [
            77.209097,
            28.613736
          ],
          [
            77.209097,
            28.613738
          ],
          [
            77.209095,
            28.613738
          ],
          [
            77.209093,
            28.613738
          ],
          [
            77.209091,
            28.613738
          ],
          [
            77.20909,
            28.613736
          ],
          [
            77.209093,
            28.613735
          ],
          [
            77.209093,
            28.613734
          ],
          [
            77.209096,
            28.613733
          ],
          [
            77.209094,
            28.613733
          ],
          [
            77.209095,
            28.613731
          ],
          [
            77.209093,
            28.61373
          ],
          [
            77.20909,
            28.613731
          ],
          [
            77.209091,
            28.613733
          ],
          [
            77.209088,
            28.613733
          ],
          [
            77.209086,
            28.613731
          ],
          [
            77.209084,
            28.613731
          ],
          [
            77.209083,
            28.613733
          ],
          [
            77.20908,
            28.613732
          ],
          [
            77.20908,
            28.613733
          ],
          [
            77.209078,
            28.613735
          ],
          [
            77.209076,
            28.613735
          ],
          [
            77.209079,
            28.613737
          ],
          [
            77.209075,
            28.613737
          ],
          [
            77.209074,
            28.613738
          ],
          [
            77.209074,
            28.61374
          ]
        ]
      },
      "properties": {
        "road_id": "R-0030",
        "length_m": 21.88,
        "feature_type": "road"
      }
    },
    {
      "type": "Feature",
      "id": "R-0031",
      "geometry": {
        "type": "LineString",
        "coordinates": [
          [
            77.209097,
            28.613751
          ],
          [
            77.209096,
            28.613749
          ],
          [
            77.209093,
            28.613749
          ],
          [
            77.209093,
            28.613748
          ],
          [
            77.209091,
            28.613749
          ],
          [
            77.20909,
            28.613748
          ],
          [
            77.209088,
            28.61375
          ],
          [
            77.209087,
            28.61375
          ],
          [
            77.209088,
            28.613748
          ],
          [
            77.209086,
            28.613746
          ],
          [
            77.209088,
            28.613747
          ],
          [
            77.209089,
            28.613743
          ],
          [
            77.209092,
            28.613743
          ],
          [
            77.209093,
            28.613741
          ],
          [
            77.209094,
            28.613743
          ],
          [
            77.209093,
            28.613744
          ],
          [
            77.209095,
            28.613745
          ],
          [
            77.209097,
            28.613743
          ],
          [
            77.209096,
            28.613745
          ],
          [
            77.209094,
            28.613746
          ],
          [
            77.209096,
            28.613748
          ],
          [
            77.209097,
            28.613748
          ],
          [
            77.209097,
            28.613749
          ]
        ]
      },
      "properties": {
        "road_id": "R-0031",
        "length_m": 4.82,
        "feature_type": "road"
      }
    },
    {
      "type": "Feature",
      "id": "R-0032",
      "geometry": {
        "type": "LineString",
        "coordinates": [
          [
            77.209108,
            28.613751
          ],
          [
            77.209106,
            28.613748
          ],
          [
            77.209109,
            28.613746
          ],
          [
            77.209113,
            28.613744
          ],
          [
            77.209113,
            28.613745
          ],
          [
            77.209113,
            28.613747
          ],
          [
            77.209112,
            28.613745
          ],
          [
            77.209111,
            28.613746
          ],
          [
            77.209111,
            28.613749
          ],
          [
            77.20911,
            28.613751
          ]
        ]
      },
      "properties": {
        "road_id": "R-0032",
        "length_m": 2.42,
        "feature_type": "road"
      }
    },
    {
      "type": "Feature",
      "id": "R-0033",
      "geometry": {
        "type": "LineString",
        "coordinates": [
          [
            77.209116,
            28.613752
          ],
          [
            77.209118,
            28.613751
          ],
          [
            77.209119,
            28.613749
          ],
          [
            77.20912,
            28.613748
          ],
          [
            77.20912,
            28.613747
          ],
          [
            77.209121,
            28.613751
          ],
          [
            77.209118,
            28.613752
          ],
          [
            77.209118,
            28.613753
          ]
        ]
      },
      "properties": {
        "road_id": "R-0033",
        "length_m": 1.7,
        "feature_type": "road"
      }
    },
    {
      "type": "Feature",
      "id": "R-0034",
      "geometry": {
        "type": "LineString",
        "coordinates": [
          [
            77.2093,
            28.613755
          ],
          [
            77.209299,
            28.613754
          ],
          [
            77.209302,
            28.613752
          ],
          [
            77.209302,
            28.613751
          ],
          [
            77.209304,
            28.61375
          ],
          [
            77.209302,
            28.613748
          ],
          [
            77.2093,
            28.613749
          ],
          [
            77.2093,
            28.613748
          ],
          [
            77.209301,
            28.613745
          ],
          [
            77.209305,
            28.613745
          ],
          [
            77.209306,
            28.613744
          ],
          [
            77.209315,
            28.613744
          ],
          [
            77.209306,
            28.613744
          ],
          [
            77.209305,
            28.613745
          ],
          [
            77.209302,
            28.613745
          ],
          [
            77.2093,
            28.613748
          ],
          [
            77.209305,
            28.613748
          ],
          [
            77.20931,
            28.613748
          ],
          [
            77.209312,
            28.613749
          ],
          [
            77.209315,
            28.613748
          ],
          [
            77.209316,
            28.613749
          ],
          [
            77.209318,
            28.613749
          ],
          [
            77.209317,
            28.613753
          ],
          [
            77.209315,
            28.613753
          ],
          [
            77.209313,
            28.613751
          ],
          [
            77.209309,
            28.613751
          ],
          [
            77.209307,
            28.613751
          ],
          [
            77.209306,
            28.613751
          ],
          [
            77.209305,
            28.613751
          ],
          [
            77.209303,
            28.613751
          ]
        ]
      },
      "properties": {
        "road_id": "R-0034",
        "length_m": 8.51,
        "feature_type": "road"
      }
    },
    {
      "type": "Feature",
      "id": "R-0035",
      "geometry": {
        "type": "LineString",
        "coordinates": [
          [
            77.209043,
            28.613756
          ],
          [
            77.209043,
            28.613755
          ],
          [
            77.209044,
            28.613754
          ],
          [
            77.209046,
            28.613753
          ],
          [
            77.209044,
            28.613752
          ],
          [
            77.209043,
            28.613753
          ],
          [
            77.20904,
            28.613754
          ],
          [
            77.209042,
            28.613753
          ],
          [
            77.209042,
            28.613752
          ],
          [
            77.20904,
            28.613751
          ],
          [
            77.20904,
            28.61375
          ],
          [
            77.209042,
            28.613749
          ],
          [
            77.209042,
            28.613746
          ],
          [
            77.209044,
            28.613747
          ],
          [
            77.209043,
            28.613749
          ],
          [
            77.209042,
            28.613749
          ],
          [
            77.209042,
            28.613752
          ],
          [
            77.209043,
            28.613752
          ],
          [
            77.209045,
            28.61375
          ],
          [
            77.209047,
            28.61375
          ],
          [
            77.209044,
            28.613751
          ],
          [
            77.209047,
            28.613752
          ],
          [
            77.209049,
            28.613749
          ],
          [
            77.209048,
            28.613751
          ],
          [
            77.209051,
            28.613752
          ],
          [
            77.209051,
            28.613753
          ],
          [
            77.20905,
            28.613756
          ],
          [
            77.209048,
            28.613755
          ],
          [
            77.209047,
            28.613755
          ],
          [
            77.209046,
            28.613756
          ]
        ]
      },
      "properties": {
        "road_id": "R-0035",
        "length_m": 6.33,
        "feature_type": "road"
      }
    },
    {
      "type": "Feature",
      "id": "R-0036",
      "geometry": {
        "type": "LineString",
        "coordinates": [
          [
            77.209416,
            28.613757
          ],
          [
            77.209418,
            28.613756
          ],
          [
            77.209418,
            28.613754
          ],
          [
            77.209418,
            28.613752
          ],
          [
            77.209418,
            28.613751
          ],
          [
            77.209418,
            28.613748
          ],
          [
            77.209418,
            28.613753
          ],
          [
            77.209418,
            28.613754
          ],
          [
            77.209418,
            28.613756
          ]
        ]
      },
      "properties": {
        "road_id": "R-0036",
        "length_m": 2.1,
        "feature_type": "road"
      }
    },
    {
      "type": "Feature",
      "id": "R-0037",
      "geometry": {
        "type": "LineString",
        "coordinates": [
          [
            77.209056,
            28.613765
          ],
          [
            77.209057,
            28.613763
          ],
          [
            77.209057,
            28.613761
          ],
          [
            77.209056,
            28.61376
          ],
          [
            77.209059,
            28.613759
          ],
          [
            77.209058,
            28.613758
          ],
          [
            77.209059,
            28.613757
          ],
          [
            77.20906,
            28.613757
          ],
          [
            77.209062,
            28.613758
          ],
          [
            77.209064,
            28.613756
          ],
          [
            77.209063,
            28.613755
          ],
          [
            77.209061,
            28.613754
          ],
          [
            77.209063,
            28.613753
          ],
          [
            77.209064,
            28.613752
          ],
          [
            77.209063,
            28.613751
          ],
          [
            77.209065,
            28.613749
          ],
          [
            77.209063,
            28.613747
          ],
          [
            77.209062,
            28.613745
          ],
          [
            77.209064,
            28.613745
          ],
          [
            77.209064,
            28.61374
          ],
          [
            77.209064,
            28.613739
          ],
          [
            77.209065,
            28.61374
          ],
          [
            77.209066,
            28.61374
          ],
          [
            77.209067,
            28.613741
          ],
          [
            77.209064,
            28.613744
          ],
          [
            77.209065,
            28.613745
          ],
          [
            77.209064,
            28.613748
          ],
          [
            77.209066,
            28.613748
          ],
          [
            77.209067,
            28.613745
          ],
          [
            77.209066,
            28.613745
          ],
          [
            77.209068,
            28.613745
          ],
          [
            77.20907,
            28.613745
          ],
          [
            77.209071,
            28.613744
          ],
          [
            77.20907,
            28.613746
          ],
          [
            77.20907,
            28.613749
          ],
          [
            77.209067,
            28.613749
          ],
          [
            77.209067,
            28.613751
          ],
          [
            77.209069,
            28.613752
          ],
          [
            77.20907,
            28.613753
          ],
          [
            77.209068,
            28.613754
          ],
          [
            77.209068,
            28.613756
          ],
          [
            77.209068,
            28.613754
          ],
          [
            77.209065,
            28.613753
          ],
          [
            77.209065,
            28.613754
          ],
          [
            77.209063,
            28.613755
          ],
          [
            77.209064,
            28.613756
          ],
          [
            77.209062,
            28.613758
          ],
          [
            77.209062,
            28.61376
          ],
          [
            77.209065,
            28.613761
          ],
          [
            77.209061,
            28.613761
          ],
          [
            77.209061,
            28.613761
          ],
          [
            77.209058,
            28.61376
          ],
          [
            77.209058,
            28.613761
          ],
          [
            77.209056,
            28.613762
          ],
          [
            77.209058,
            28.613763
          ],
          [
            77.209059,
            28.613764
          ],
          [
            77.209057,
            28.613764
          ]
        ]
      },
      "properties": {
        "road_id": "R-0037",
        "length_m": 12.23,
        "feature_type": "road"
      }
    },
    {
      "type": "Feature",
      "id": "R-0038",
      "geometry": {
        "type": "LineString",
        "coordinates": [
          [
            77.209088,
            28.613766
          ],
          [
            77.20909,
            28.613766
          ],
          [
            77.209084,
            28.613765
          ],
          [
            77.209086,
            28.613762
          ],
          [
            77.209088,
            28.613763
          ],
          [
            77.209088,
            28.613762
          ],
          [
            77.20909,
            28.613763
          ],
          [
            77.209088,
            28.613764
          ],
          [
            77.209093,
            28.613766
          ],
          [
            77.209093,
            28.613765
          ],
          [
            77.209093,
            28.613767
          ],
          [
            77.209092,
            28.613766
          ],
          [
            77.209091,
            28.613768
          ]
        ]
      },
      "properties": {
        "road_id": "R-0038",
        "length_m": 3.09,
        "feature_type": "road"
      }
    },
    {
      "type": "Feature",
      "id": "R-0039",
      "geometry": {
        "type": "LineString",
        "coordinates": [
          [
            77.209046,
            28.613776
          ],
          [
            77.209045,
            28.613775
          ],
          [
            77.209047,
            28.613773
          ],
          [
            77.209045,
            28.613772
          ],
          [
            77.209044,
            28.613771
          ],
          [
            77.209043,
            28.613772
          ],
          [
            77.209044,
            28.613771
          ],
          [
            77.209044,
            28.613769
          ],
          [
            77.209042,
            28.613768
          ],
          [
            77.209043,
            28.613768
          ],
          [
            77.209043,
            28.613766
          ],
          [
            77.20904,
            28.613767
          ],
          [
            77.209041,
            28.613763
          ],
          [
            77.209043,
            28.613764
          ],
          [
            77.209043,
            28.613762
          ],
          [
            77.209046,
            28.61376
          ],
          [
            77.209045,
            28.613759
          ],
          [
            77.209048,
            28.613758
          ],
          [
            77.209048,
            28.613761
          ],
          [
            77.209047,
            28.613761
          ],
          [
            77.209047,
            28.613763
          ],
          [
            77.209049,
            28.613764
          ],
          [
            77.20905,
            28.613767
          ],
          [
            77.209048,
            28.613767
          ],
          [
            77.209049,
            28.613768
          ],
          [
            77.209047,
            28.613768
          ],
          [
            77.209047,
            28.613773
          ],
          [
            77.209049,
            28.613773
          ],
          [
            77.209047,
            28.613773
          ]
        ]
      },
      "properties": {
        "road_id": "R-0039",
        "length_m": 6.72,
        "feature_type": "road"
      }
    },
    {
      "type": "Feature",
      "id": "R-0040",
      "geometry": {
        "type": "LineString",
        "coordinates": [
          [
            77.20908,
            28.613776
          ],
          [
            77.209079,
            28.613776
          ],
          [
            77.209074,
            28.613775
          ],
          [
            77.209074,
            28.613773
          ],
          [
            77.209074,
            28.613771
          ],
          [
            77.209076,
            28.613773
          ],
          [
            77.209078,
            28.613772
          ],
          [
            77.209078,
            28.613774
          ],
          [
            77.209077,
            28.613772
          ],
          [
            77.209075,
            28.613774
          ],
          [
            77.209079,
            28.613776
          ],
          [
            77.209079,
            28.613775
          ],
          [
            77.209083,
            28.613776
          ]
        ]
      },
      "properties": {
        "road_id": "R-0040",
        "length_m": 3.18,
        "feature_type": "road"
      }
    },
    {
      "type": "Feature",
      "id": "R-0041",
      "geometry": {
        "type": "LineString",
        "coordinates": [
          [
            77.209241,
            28.613782
          ],
          [
            77.209241,
            28.613781
          ],
          [
            77.209241,
            28.613779
          ],
          [
            77.209239,
            28.613778
          ],
          [
            77.209241,
            28.613778
          ],
          [
            77.209242,
            28.613776
          ],
          [
            77.209243,
            28.613778
          ],
          [
            77.209245,
            28.613775
          ],
          [
            77.209246,
            28.613774
          ],
          [
            77.209248,
            28.613775
          ],
          [
            77.209247,
            28.613776
          ],
          [
            77.209246,
            28.613776
          ],
          [
            77.209246,
            28.613779
          ],
          [
            77.209245,
            28.61378
          ],
          [
            77.209242,
            28.613779
          ],
          [
            77.209242,
            28.613781
          ]
        ]
      },
      "properties": {
        "road_id": "R-0041",
        "length_m": 3.16,
        "feature_type": "road"
      }
    },
    {
      "type": "Feature",
      "id": "R-0042",
      "geometry": {
        "type": "LineString",
        "coordinates": [
          [
            77.209051,
            28.613782
          ],
          [
            77.20905,
            28.613781
          ],
          [
            77.209052,
            28.613781
          ],
          [
            77.209052,
            28.613779
          ],
          [
            77.20905,
            28.613779
          ],
          [
            77.20905,
            28.613778
          ],
          [
            77.209052,
            28.613776
          ],
          [
            77.209055,
            28.613776
          ],
          [
            77.209053,
            28.613775
          ],
          [
            77.209055,
            28.613776
          ],
          [
            77.209055,
            28.613777
          ],
          [
            77.209058,
            28.613777
          ],
          [
            77.209059,
            28.613776
          ],
          [
            77.209057,
            28.613778
          ],
          [
            77.209057,
            28.613781
          ],
          [
            77.209056,
            28.613781
          ],
          [
            77.209054,
            28.613781
          ],
          [
            77.209053,
            28.613779
          ],
          [
            77.209052,
            28.613781
          ]
        ]
      },
      "properties": {
        "road_id": "R-0042",
        "length_m": 3.85,
        "feature_type": "road"
      }
    },
    {
      "type": "Feature",
      "id": "R-0043",
      "geometry": {
        "type": "LineString",
        "coordinates": [
          [
            77.209062,
            28.613786
          ],
          [
            77.209061,
            28.613784
          ],
          [
            77.20906,
            28.613784
          ],
          [
            77.209061,
            28.613783
          ],
          [
            77.209061,
            28.613779
          ],
          [
            77.20906,
            28.61378
          ],
          [
            77.209059,
            28.613781
          ],
          [
            77.20906,
            28.61378
          ],
          [
            77.209059,
            28.613779
          ],
          [
            77.20906,
            28.613778
          ],
          [
            77.209061,
            28.613776
          ],
          [
            77.209063,
            28.613774
          ],
          [
            77.209064,
            28.613771
          ],
          [
            77.209065,
            28.613771
          ],
          [
            77.209067,
            28.61377
          ],
          [
            77.209066,
            28.613768
          ],
          [
            77.209065,
            28.613768
          ],
          [
            77.209064,
            28.613767
          ],
          [
            77.209065,
            28.613766
          ],
          [
            77.209062,
            28.613764
          ],
          [
            77.209064,
            28.613764
          ],
          [
            77.209066,
            28.613762
          ],
          [
            77.209066,
            28.613761
          ],
          [
            77.209065,
            28.61376
          ],
          [
            77.209065,
            28.613758
          ],
          [
            77.209066,
            28.613759
          ],
          [
            77.209066,
            28.613758
          ],
          [
            77.209069,
            28.613757
          ],
          [
            77.20907,
            28.613758
          ],
          [
            77.209069,
            28.613757
          ],
          [
            77.209069,
            28.613759
          ],
          [
            77.209069,
            28.613761
          ],
          [
            77.20907,
            28.613762
          ],
          [
            77.209069,
            28.613764
          ],
          [
            77.20907,
            28.613763
          ],
          [
            77.209069,
            28.613764
          ],
          [
            77.20907,
            28.613766
          ],
          [
            77.209072,
            28.613766
          ],
          [
            77.209069,
            28.613767
          ],
          [
            77.209068,
            28.613768
          ],
          [
            77.209069,
            28.613766
          ],
          [
            77.209068,
            28.613764
          ],
          [
            77.209065,
            28.613766
          ],
          [
            77.209066,
            28.613765
          ],
          [
            77.209067,
            28.613766
          ],
          [
            77.209067,
            28.61377
          ],
          [
            77.209065,
            28.613771
          ],
          [
            77.209067,
            28.613772
          ],
          [
            77.209065,
            28.613771
          ],
          [
            77.209063,
            28.613774
          ],
          [
            77.209065,
            28.613775
          ],
          [
            77.209064,
            28.613776
          ],
          [
            77.209064,
            28.613777
          ],
          [
            77.209061,
            28.613778
          ],
          [
            77.209062,
            28.613781
          ],
          [
            77.209062,
            28.613781
          ],
          [
            77.209063,
            28.613785
          ]
        ]
      },
      "properties": {
        "road_id": "R-0043",
        "length_m": 12.61,
        "feature_type": "road"
      }
    },
    {
      "type": "Feature",
      "id": "R-0044",
      "geometry": {
        "type": "LineString",
        "coordinates": [
          [
            77.209056,
            28.613794
          ],
          [
            77.209056,
            28.613793
          ],
          [
            77.209054,
            28.613793
          ],
          [
            77.209056,
            28.613791
          ],
          [
            77.209055,
            28.61379
          ],
          [
            77.209054,
            28.613789
          ],
          [
            77.209056,
            28.613789
          ],
          [
            77.209056,
            28.613791
          ],
          [
            77.209059,
            28.613791
          ],
          [
            77.209057,
            28.613791
          ],
          [
            77.209059,
            28.613792
          ]
        ]
      },
      "properties": {
        "road_id": "R-0044",
        "length_m": 2.0,
        "feature_type": "road"
      }
    },
    {
      "type": "Feature",
      "id": "R-0045",
      "geometry": {
        "type": "LineString",
        "coordinates": [
          [
            77.209075,
            28.613796
          ],
          [
            77.209077,
            28.613794
          ],
          [
            77.209074,
            28.613794
          ],
          [
            77.209071,
            28.613794
          ],
          [
            77.209072,
            28.613796
          ],
          [
            77.20907,
            28.613795
          ],
          [
            77.20907,
            28.613794
          ],
          [
            77.209073,
            28.613793
          ],
          [
            77.20907,
            28.613792
          ],
          [
            77.20907,
            28.613791
          ],
          [
            77.209069,
            28.613792
          ],
          [
            77.20907,
            28.613791
          ],
          [
            77.20907,
            28.613789
          ],
          [
            77.20907,
            28.613788
          ],
          [
            77.20907,
            28.613786
          ],
          [
            77.209068,
            28.613786
          ],
          [
            77.209068,
            28.613785
          ],
          [
            77.209066,
            28.613785
          ],
          [
            77.209069,
            28.613786
          ],
          [
            77.20907,
            28.613784
          ],
          [
            77.209068,
            28.613783
          ],
          [
            77.20907,
            28.613781
          ],
          [
            77.209072,
            28.613781
          ],
          [
            77.209074,
            28.613781
          ],
          [
            77.209074,
            28.613784
          ],
          [
            77.209073,
            28.613786
          ],
          [
            77.209075,
            28.613786
          ],
          [
            77.209078,
            28.613786
          ],
          [
            77.209077,
            28.613788
          ],
          [
            77.20908,
            28.613789
          ],
          [
            77.209081,
            28.613791
          ],
          [
            77.209078,
            28.61379
          ],
          [
            77.209079,
            28.613791
          ],
          [
            77.209077,
            28.613796
          ],
          [
            77.209075,
            28.613796
          ],
          [
            77.209076,
            28.613797
          ]
        ]
      },
      "properties": {
        "road_id": "R-0045",
        "length_m": 7.9,
        "feature_type": "road"
      }
    },
    {
      "type": "Feature",
      "id": "R-0046",
      "geometry": {
        "type": "LineString",
        "coordinates": [
          [
            77.209087,
            28.613797
          ],
          [
            77.209088,
            28.613797
          ],
          [
            77.209087,
            28.613796
          ],
          [
            77.209088,
            28.613793
          ],
          [
            77.20909,
            28.613794
          ],
          [
            77.20909,
            28.613792
          ],
          [
            77.209088,
            28.613791
          ],
          [
            77.209088,
            28.613789
          ],
          [
            77.20909,
            28.613789
          ],
          [
            77.209091,
            28.613791
          ],
          [
            77.209093,
            28.613791
          ],
          [
            77.209095,
            28.61379
          ],
          [
            77.209095,
            28.613793
          ],
          [
            77.209093,
            28.613793
          ],
          [
            77.209092,
            28.613794
          ],
          [
            77.209092,
            28.613792
          ],
          [
            77.209089,
            28.613793
          ],
          [
            77.20909,
            28.613794
          ],
          [
            77.209093,
            28.613796
          ],
          [
            77.209095,
            28.613794
          ],
          [
            77.209093,
            28.613795
          ],
          [
            77.209092,
            28.613797
          ],
          [
            77.20909,
            28.613796
          ],
          [
            77.209088,
            28.613798
          ]
        ]
      },
      "properties": {
        "road_id": "R-0046",
        "length_m": 5.04,
        "feature_type": "road"
      }
    },
    {
      "type": "Feature",
      "id": "R-0047",
      "geometry": {
        "type": "LineString",
        "coordinates": [
          [
            77.209061,
            28.6138
          ],
          [
            77.209061,
            28.613799
          ],
          [
            77.209059,
            28.613798
          ],
          [
            77.20906,
            28.613797
          ],
          [
            77.20906,
            28.613796
          ],
          [
            77.209062,
            28.613795
          ],
          [
            77.209061,
            28.613797
          ],
          [
            77.209065,
            28.613797
          ],
          [
            77.209064,
            28.613796
          ],
          [
            77.209065,
            28.613794
          ],
          [
            77.209065,
            28.613797
          ],
          [
            77.209064,
            28.613797
          ],
          [
            77.209065,
            28.613798
          ],
          [
            77.209064,
            28.613799
          ],
          [
            77.209063,
            28.613798
          ],
          [
            77.209061,
            28.613799
          ]
        ]
      },
      "properties": {
        "road_id": "R-0047",
        "length_m": 2.83,
        "feature_type": "road"
      }
    },
    {
      "type": "Feature",
      "id": "R-0048",
      "geometry": {
        "type": "LineString",
        "coordinates": [
          [
            77.209076,
            28.613805
          ],
          [
            77.209074,
            28.613803
          ],
          [
            77.209076,
            28.613802
          ],
          [
            77.209074,
            28.6138
          ],
          [
            77.209075,
            28.613799
          ],
          [
            77.209074,
            28.6138
          ],
          [
            77.209077,
            28.613802
          ],
          [
            77.209078,
            28.613801
          ],
          [
            77.209079,
            28.613802
          ]
        ]
      },
      "properties": {
        "road_id": "R-0048",
        "length_m": 1.91,
        "feature_type": "road"
      }
    },
    {
      "type": "Feature",
      "id": "R-0049",
      "geometry": {
        "type": "LineString",
        "coordinates": [
          [
            77.209256,
            28.613809
          ],
          [
            77.209255,
            28.613807
          ],
          [
            77.209253,
            28.613807
          ],
          [
            77.209253,
            28.613801
          ],
          [
            77.20926,
            28.6138
          ],
          [
            77.209265,
            28.613801
          ],
          [
            77.209265,
            28.613809
          ]
        ]
      },
      "properties": {
        "road_id": "R-0049",
        "length_m": 3.23,
        "feature_type": "road"
      }
    },
    {
      "type": "Feature",
      "id": "R-0050",
      "geometry": {
        "type": "LineString",
        "coordinates": [
          [
            77.209102,
            28.613866
          ],
          [
            77.209101,
            28.613864
          ],
          [
            77.209101,
            28.613861
          ],
          [
            77.209101,
            28.613858
          ],
          [
            77.209102,
            28.613855
          ],
          [
            77.209102,
            28.613858
          ],
          [
            77.209104,
            28.613857
          ],
          [
            77.209105,
            28.613858
          ],
          [
            77.209105,
            28.613862
          ],
          [
            77.209105,
            28.613864
          ],
          [
            77.209103,
            28.613866
          ]
        ]
      },
      "properties": {
        "road_id": "R-0050",
        "length_m": 2.79,
        "feature_type": "road"
      }
    },
    {
      "type": "Feature",
      "id": "R-0051",
      "geometry": {
        "type": "LineString",
        "coordinates": [
          [
            77.209311,
            28.613874
          ],
          [
            77.209312,
            28.613872
          ],
          [
            77.20931,
            28.61387
          ],
          [
            77.209309,
            28.61387
          ],
          [
            77.209311,
            28.613869
          ],
          [
            77.209312,
            28.613871
          ],
          [
            77.209314,
            28.61387
          ],
          [
            77.209312,
            28.613871
          ],
          [
            77.209313,
            28.613873
          ]
        ]
      },
      "properties": {
        "road_id": "R-0051",
        "length_m": 1.72,
        "feature_type": "road"
      }
    },
    {
      "type": "Feature",
      "id": "R-0052",
      "geometry": {
        "type": "LineString",
        "coordinates": [
          [
            77.209309,
            28.613878
          ],
          [
            77.209309,
            28.613877
          ],
          [
            77.209308,
            28.613877
          ],
          [
            77.209307,
            28.613876
          ],
          [
            77.209306,
            28.613873
          ],
          [
            77.209309,
            28.613872
          ],
          [
            77.209309,
            28.613874
          ],
          [
            77.209307,
            28.613876
          ],
          [
            77.20931,
            28.613876
          ]
        ]
      },
      "properties": {
        "road_id": "R-0052",
        "length_m": 1.91,
        "feature_type": "road"
      }
    },
    {
      "type": "Feature",
      "id": "R-0053",
      "geometry": {
        "type": "LineString",
        "coordinates": [
          [
            77.209232,
            28.613896
          ],
          [
            77.209232,
            28.613889
          ],
          [
            77.209232,
            28.613888
          ],
          [
            77.209231,
            28.613886
          ],
          [
            77.209233,
            28.613886
          ],
          [
            77.209232,
            28.613887
          ],
          [
            77.209232,
            28.613891
          ],
          [
            77.209232,
            28.613893
          ],
          [
            77.209232,
            28.613895
          ],
          [
            77.209234,
            28.613896
          ]
        ]
      },
      "properties": {
        "road_id": "R-0053",
        "length_m": 2.63,
        "feature_type": "road"
      }
    },
    {
      "type": "Feature",
      "id": "R-0054",
      "geometry": {
        "type": "LineString",
        "coordinates": [
          [
            77.209052,
            28.6139
          ],
          [
            77.209052,
            28.613898
          ],
          [
            77.20905,
            28.613898
          ],
          [
            77.209051,
            28.613896
          ],
          [
            77.209051,
            28.613895
          ],
          [
            77.209052,
            28.613894
          ],
          [
            77.20905,
            28.613894
          ],
          [
            77.20905,
            28.61389
          ],
          [
            77.209053,
            28.613889
          ],
          [
            77.209054,
            28.613889
          ],
          [
            77.209057,
            28.613889
          ],
          [
            77.209058,
            28.613887
          ],
          [
            77.209064,
            28.613886
          ],
          [
            77.209064,
            28.613884
          ],
          [
            77.209065,
            28.613883
          ],
          [
            77.209068,
            28.613884
          ],
          [
            77.20907,
            28.613883
          ],
          [
            77.209071,
            28.613884
          ],
          [
            77.209072,
            28.613891
          ],
          [
            77.209071,
            28.613893
          ],
          [
            77.209072,
            28.613894
          ],
          [
            77.209072,
            28.613896
          ],
          [
            77.209074,
            28.613896
          ],
          [
            77.20907,
            28.613897
          ],
          [
            77.20907,
            28.613899
          ]
        ]
      },
      "properties": {
        "road_id": "R-0054",
        "length_m": 6.4,
        "feature_type": "road"
      }
    }
  ]
}